participant	age_group	run	onset	duration	partner	missed	response_time_raw	response_selection_time	offer	block
sub-104	younger	01	4.008220	3.515540	outgroup	0	1.297310	0.297310	8	block_outgroup_fair
sub-104	younger	01	8.281520	3.515420	outgroup	0	1.728010	0.728010	7	block_outgroup_fair
sub-104	younger	01	12.555700	3.516360	outgroup	0	1.657320	0.657320	9	block_outgroup_fair
sub-104	younger	01	16.829500	3.515700	outgroup	0	1.637250	0.637250	2	block_outgroup_fair
sub-104	younger	01	21.103300	3.515580	outgroup	0	1.433270	0.433270	7	block_outgroup_fair
sub-104	younger	01	25.376600	3.515030	outgroup	0	1.696890	0.696890	6	block_outgroup_fair
sub-104	younger	01	29.649600	3.516630	outgroup	0	1.410590	0.410590	7	block_outgroup_fair
sub-104	younger	01	33.923300	3.516790	outgroup	0	1.306980	0.306980	7	block_outgroup_fair
sub-104	younger	01	47.446700	3.515740	outgroup	0	1.295190	0.295190	7	block_outgroup_unfair
sub-104	younger	01	51.718500	3.516920	outgroup	0	1.359890	0.359890	3	block_outgroup_unfair
sub-104	younger	01	55.993300	3.515360	outgroup	0	1.322310	0.322310	3	block_outgroup_unfair
sub-104	younger	01	60.265300	3.515410	outgroup	0	1.320220	0.320220	4	block_outgroup_unfair
sub-104	younger	01	64.538100	3.517060	outgroup	0	1.300580	0.300580	1	block_outgroup_unfair
sub-104	younger	01	68.811600	3.516360	outgroup	0	1.397560	0.397560	4	block_outgroup_unfair
sub-104	younger	01	73.085900	3.515360	outgroup	0	1.327210	0.327210	5	block_outgroup_unfair
sub-104	younger	01	77.359700	3.516040	outgroup	0	1.506240	0.506240	4	block_outgroup_unfair
sub-104	younger	01	92.885300	3.517760	ingroup	0	2.676560	1.676560	1	block_ingroup_unfair
sub-104	younger	01	97.161700	3.515960	ingroup	0	1.471150	0.471150	4	block_ingroup_unfair
sub-104	younger	01	101.435000	3.516450	ingroup	0	1.535070	0.535070	7	block_ingroup_unfair
sub-104	younger	01	105.709000	3.517060	ingroup	0	1.314320	0.314320	3	block_ingroup_unfair
sub-104	younger	01	109.984000	3.517550	ingroup	0	1.107700	0.107700	2	block_ingroup_unfair
sub-104	younger	01	114.258000	3.516520	ingroup	0	1.305290	0.305290	4	block_ingroup_unfair
sub-104	younger	01	118.530000	3.516210	ingroup	0	1.286060	0.286060	2	block_ingroup_unfair
sub-104	younger	01	122.804000	3.517130	ingroup	0	1.315720	0.315720	6	block_ingroup_unfair
sub-104	younger	01	138.329000	3.517140	computer	0	1.737190	0.737190	3	block_computer_unfair
sub-104	younger	01	142.604000	3.516430	computer	0	1.266300	0.266300	6	block_computer_unfair
sub-104	younger	01	146.877000	3.515700	computer	0	1.313030	0.313030	7	block_computer_unfair
sub-104	younger	01	151.150000	3.516430	computer	0	1.510590	0.510590	1	block_computer_unfair
sub-104	younger	01	155.424000	3.514680	computer	0	1.473290	0.473290	4	block_computer_unfair
sub-104	younger	01	159.696000	3.516400	computer	0	1.571730	0.571730	4	block_computer_unfair
sub-104	younger	01	163.970000	3.517090	computer	0	1.317470	0.317470	3	block_computer_unfair
sub-104	younger	01	168.244000	3.515280	computer	0	1.313120	0.313120	4	block_computer_unfair
sub-104	younger	01	179.768000	3.517440	ingroup	0	1.031870	0.031870	10	block_ingroup_unfair
sub-104	younger	01	184.044000	3.515810	ingroup	0	1.376820	0.376820	2	block_ingroup_unfair
sub-104	younger	01	188.317000	3.515230	ingroup	0	1.289960	0.289960	3	block_ingroup_unfair
sub-104	younger	01	192.590000	3.515450	ingroup	0	1.471440	0.471440	3	block_ingroup_unfair
sub-104	younger	01	196.861000	3.516050	ingroup	0	1.319510	0.319510	1	block_ingroup_unfair
sub-104	younger	01	201.135000	3.517570	ingroup	0	1.382980	0.382980	6	block_ingroup_unfair
sub-104	younger	01	205.410000	3.517140	ingroup	0	1.361540	0.361540	3	block_ingroup_unfair
sub-104	younger	01	209.685000	3.515420	ingroup	0	1.341220	0.341220	1	block_ingroup_unfair
sub-104	younger	01	221.209000	3.516520	computer	0	1.859910	0.859910	4	block_computer_fair
sub-104	younger	01	225.482000	3.516280	computer	0	1.388980	0.388980	5	block_computer_fair
sub-104	younger	01	229.757000	3.515330	computer	0	1.335000	0.335000	7	block_computer_fair
sub-104	younger	01	234.029000	3.516030	computer	0	1.266710	0.266710	8	block_computer_fair
sub-104	younger	01	238.302000	3.516930	computer	0	1.279580	0.279580	9	block_computer_fair
sub-104	younger	01	242.576000	3.516200	computer	0	1.359310	0.359310	10	block_computer_fair
sub-104	younger	01	246.850000	3.515970	computer	0	1.322300	0.322300	10	block_computer_fair
sub-104	younger	01	251.123000	3.516840	computer	0	1.385870	0.385870	8	block_computer_fair
sub-104	younger	01	264.646000	3.516830	computer	0	1.390900	0.390900	1	block_computer_unfair
sub-104	younger	01	268.920000	3.515580	computer	0	1.270580	0.270580	2	block_computer_unfair
sub-104	younger	01	273.193000	3.517120	computer	0	1.300600	0.300600	8	block_computer_unfair
sub-104	younger	01	277.468000	3.515700	computer	0	1.346250	0.346250	4	block_computer_unfair
sub-104	younger	01	281.740000	3.516700	computer	0	1.326850	0.326850	4	block_computer_unfair
sub-104	younger	01	286.015000	3.516200	computer	0	1.556290	0.556290	1	block_computer_unfair
sub-104	younger	01	290.288000	3.516580	computer	0	1.337380	0.337380	6	block_computer_unfair
sub-104	younger	01	294.561000	3.517300	computer	0	1.366970	0.366970	3	block_computer_unfair
sub-104	younger	01	306.087000	3.516980	ingroup	0	2.184730	1.184730	6	block_ingroup_fair
sub-104	younger	01	310.363000	3.517550	ingroup	0	1.528530	0.528530	9	block_ingroup_fair
sub-104	younger	01	314.637000	3.517970	ingroup	0	1.305510	0.305510	7	block_ingroup_fair
sub-104	younger	01	318.913000	3.516160	ingroup	0	1.017880	0.017880	10	block_ingroup_fair
sub-104	younger	01	323.187000	3.515740	ingroup	0	1.549630	0.549630	7	block_ingroup_fair
sub-104	younger	01	327.460000	3.514260	ingroup	0	1.379220	0.379220	10	block_ingroup_fair
sub-104	younger	01	331.731000	3.515870	ingroup	0	1.377930	0.377930	7	block_ingroup_fair
sub-104	younger	01	336.004000	3.516160	ingroup	0	1.024330	0.024330	2	block_ingroup_fair
sub-104	younger	01	349.528000	3.516280	computer	0	1.361560	0.361560	8	block_computer_fair
sub-104	younger	01	353.802000	3.516250	computer	0	1.341380	0.341380	10	block_computer_fair
sub-104	younger	01	358.076000	3.515130	computer	0	1.387750	0.387750	10	block_computer_fair
sub-104	younger	01	362.348000	3.515880	computer	0	1.352400	0.352400	9	block_computer_fair
sub-104	younger	01	366.622000	3.516570	computer	0	1.382540	0.382540	3	block_computer_fair
sub-104	younger	01	370.895000	3.515410	computer	0	1.396060	0.396060	5	block_computer_fair
sub-104	younger	01	375.168000	3.515480	computer	0	1.393600	0.393600	7	block_computer_fair
sub-104	younger	01	379.440000	3.517730	computer	0	1.440650	0.440650	10	block_computer_fair
sub-104	younger	02	4.007960	3.516510	outgroup	0	1.322420	0.322420	2	block_outgroup_fair
sub-104	younger	02	8.282890	3.516540	outgroup	0	1.267840	0.267840	7	block_outgroup_fair
sub-104	younger	02	12.555800	3.516310	outgroup	0	1.314970	0.314970	10	block_outgroup_fair
sub-104	younger	02	16.829100	3.517110	outgroup	0	1.311250	0.311250	7	block_outgroup_fair
sub-104	younger	02	21.103900	3.517250	outgroup	0	1.273700	0.273700	5	block_outgroup_fair
sub-104	younger	02	25.378500	3.517410	outgroup	0	1.335790	0.335790	8	block_outgroup_fair
sub-104	younger	02	29.652900	3.517150	outgroup	0	1.331550	0.331550	8	block_outgroup_fair
sub-104	younger	02	33.927700	3.516560	outgroup	0	1.244130	0.244130	10	block_outgroup_fair
sub-104	younger	02	47.452800	3.516620	ingroup	0	1.329850	0.329850	10	block_ingroup_fair
sub-104	younger	02	51.726600	3.515780	ingroup	0	1.409940	0.409940	8	block_ingroup_fair
sub-104	younger	02	56.000200	3.516230	ingroup	0	1.422660	0.422660	6	block_ingroup_fair
sub-104	younger	02	60.274100	3.516820	ingroup	0	1.435930	0.435930	7	block_ingroup_fair
sub-104	younger	02	64.548700	3.517030	ingroup	0	1.364670	0.364670	3	block_ingroup_fair
sub-104	younger	02	68.822900	3.516640	ingroup	0	1.544490	0.544490	7	block_ingroup_fair
sub-104	younger	02	73.097300	3.518660	ingroup	0	1.571520	0.571520	8	block_ingroup_fair
sub-104	younger	02	77.373200	3.514680	ingroup	0	1.434360	0.434360	9	block_ingroup_fair
sub-104	younger	02	88.897000	3.518630	outgroup	0	1.518410	0.518410	4	block_outgroup_unfair
sub-104	younger	02	93.173100	3.515900	outgroup	0	1.297390	0.297390	3	block_outgroup_unfair
sub-104	younger	02	97.446900	3.515690	outgroup	0	1.026570	0.026570	6	block_outgroup_unfair
sub-104	younger	02	101.720000	3.516630	outgroup	0	1.340860	0.340860	4	block_outgroup_unfair
sub-104	younger	02	105.994000	3.516610	outgroup	0	1.353850	0.353850	9	block_outgroup_unfair
sub-104	younger	02	110.268000	3.515850	outgroup	0	1.333850	0.333850	4	block_outgroup_unfair
sub-104	younger	02	114.541000	3.515950	outgroup	0	1.364380	0.364380	1	block_outgroup_unfair
sub-104	younger	02	118.815000	3.515770	outgroup	0	1.310450	0.310450	3	block_outgroup_unfair
sub-104	younger	02	130.337000	3.516770	outgroup	0	1.363350	0.363350	7	block_outgroup_fair
sub-104	younger	02	134.611000	3.515650	outgroup	0	1.376590	0.376590	7	block_outgroup_fair
sub-104	younger	02	138.885000	3.517750	outgroup	0	1.405670	0.405670	4	block_outgroup_fair
sub-104	younger	02	143.160000	3.516710	outgroup	0	1.501020	0.501020	10	block_outgroup_fair
sub-104	younger	02	147.435000	3.517280	outgroup	0	1.329990	0.329990	5	block_outgroup_fair
sub-104	younger	02	151.710000	3.515940	outgroup	0	1.308840	0.308840	8	block_outgroup_fair
sub-104	younger	02	155.983000	3.517430	outgroup	0	1.472560	0.472560	8	block_outgroup_fair
sub-104	younger	02	160.258000	3.516240	outgroup	0	1.334200	0.334200	9	block_outgroup_fair
sub-104	younger	02	175.783000	3.517300	ingroup	0	1.370360	0.370360	7	block_ingroup_fair
sub-104	younger	02	180.058000	3.516110	ingroup	0	1.434090	0.434090	9	block_ingroup_fair
sub-104	younger	02	184.330000	3.516760	ingroup	0	1.331880	0.331880	10	block_ingroup_fair
sub-104	younger	02	188.605000	3.516110	ingroup	0	1.527970	0.527970	5	block_ingroup_fair
sub-104	younger	02	192.878000	3.516150	ingroup	0	2.691940	1.691940	3	block_ingroup_fair
sub-104	younger	02	197.152000	3.516380	ingroup	0	2.822030	1.822030	7	block_ingroup_fair
sub-104	younger	02	201.426000	3.517870	ingroup	0	1.865380	0.865380	8	block_ingroup_fair
sub-104	younger	02	205.701000	3.517860	ingroup	0	1.309730	0.309730	9	block_ingroup_fair
sub-104	younger	02	219.227000	3.516330	computer	0	1.480220	0.480220	9	block_computer_fair
sub-104	younger	02	223.501000	3.515130	computer	0	1.593330	0.593330	7	block_computer_fair
sub-104	younger	02	227.774000	3.515430	computer	0	2.158080	1.158080	4	block_computer_fair
sub-104	younger	02	232.046000	3.517320	computer	0	1.321550	0.321550	8	block_computer_fair
sub-104	younger	02	236.321000	3.517100	computer	0	1.283560	0.283560	10	block_computer_fair
sub-104	younger	02	240.595000	3.515870	computer	0	1.429950	0.429950	8	block_computer_fair
sub-104	younger	02	244.868000	3.515980	computer	0	1.310350	0.310350	7	block_computer_fair
sub-104	younger	02	249.141000	3.517300	computer	0	1.456600	0.456600	6	block_computer_fair
sub-104	younger	02	264.666000	3.515330	computer	0	1.395180	0.395180	4	block_computer_unfair
sub-104	younger	02	268.939000	3.516190	computer	0	1.309090	0.309090	3	block_computer_unfair
sub-104	younger	02	273.212000	3.516340	computer	0	1.322590	0.322590	6	block_computer_unfair
sub-104	younger	02	277.486000	3.515500	computer	0	1.386720	0.386720	2	block_computer_unfair
sub-104	younger	02	281.759000	3.515270	computer	0	1.400090	0.400090	2	block_computer_unfair
sub-104	younger	02	286.032000	3.516120	computer	0	1.380320	0.380320	8	block_computer_unfair
sub-104	younger	02	290.304000	3.515750	computer	0	1.344770	0.344770	3	block_computer_unfair
sub-104	younger	02	294.578000	3.516160	computer	0	1.408200	0.408200	2	block_computer_unfair
sub-104	younger	02	306.103000	3.515470	ingroup	0	1.326430	0.326430	10	block_ingroup_unfair
sub-104	younger	02	310.377000	3.517010	ingroup	0	1.405030	0.405030	2	block_ingroup_unfair
sub-104	younger	02	314.651000	3.517200	ingroup	0	1.317860	0.317860	2	block_ingroup_unfair
sub-104	younger	02	318.925000	3.515070	ingroup	0	1.298000	0.298000	4	block_ingroup_unfair
sub-104	younger	02	323.197000	3.518170	ingroup	0	1.277120	0.277120	2	block_ingroup_unfair
sub-104	younger	02	327.472000	3.517140	ingroup	0	1.323370	0.323370	6	block_ingroup_unfair
sub-104	younger	02	331.748000	3.515600	ingroup	0	1.735700	0.735700	2	block_ingroup_unfair
sub-104	younger	02	336.021000	3.516400	ingroup	0	1.266410	0.266410	4	block_ingroup_unfair
sub-104	younger	02	349.547000	3.515560	outgroup	0	1.351170	0.351170	2	block_outgroup_unfair
sub-104	younger	02	353.820000	3.515670	outgroup	0	1.398110	0.398110	6	block_outgroup_unfair
sub-104	younger	02	358.093000	3.515830	outgroup	0	1.362530	0.362530	2	block_outgroup_unfair
sub-104	younger	02	362.366000	3.517980	outgroup	0	1.325850	0.325850	2	block_outgroup_unfair
sub-104	younger	02	366.641000	3.515640	outgroup	0	1.320560	0.320560	2	block_outgroup_unfair
sub-104	younger	02	370.913000	3.515940	outgroup	0	1.319110	0.319110	2	block_outgroup_unfair
sub-104	younger	02	375.187000	3.518050	outgroup	0	1.462870	0.462870	4	block_outgroup_unfair
sub-104	younger	02	379.463000	3.515740	outgroup	0	1.309770	0.309770	10	block_outgroup_unfair
sub-105	younger	01	4.016280	3.507630	outgroup	0	2.625830	1.625830	2	block_outgroup_unfair
sub-105	younger	01	8.282260	3.514870	outgroup	0	2.244740	1.244740	2	block_outgroup_unfair
sub-105	younger	01	12.550600	3.524080	outgroup	0	2.497530	1.497530	2	block_outgroup_unfair
sub-105	younger	01	16.832300	3.523360	outgroup	0	1.618420	0.618420	6	block_outgroup_unfair
sub-105	younger	01	21.123300	3.519300	outgroup	0	1.480540	0.480540	9	block_outgroup_unfair
sub-105	younger	01	25.401700	3.522390	outgroup	0	1.555440	0.555440	4	block_outgroup_unfair
sub-105	younger	01	29.687800	3.527840	outgroup	0	1.473260	0.473260	2	block_outgroup_unfair
sub-105	younger	01	33.983500	3.516720	outgroup	0	1.531660	0.531660	2	block_outgroup_unfair
sub-105	younger	01	45.517100	3.526860	outgroup	0	1.790630	0.790630	9	block_outgroup_fair
sub-105	younger	01	49.807100	3.504450	outgroup	0	1.637090	0.637090	7	block_outgroup_fair
sub-105	younger	01	54.080000	3.517700	outgroup	0	1.801310	0.801310	4	block_outgroup_fair
sub-105	younger	01	58.366300	3.516040	outgroup	0	1.519220	0.519220	7	block_outgroup_fair
sub-105	younger	01	62.631200	3.504890	outgroup	0	1.473830	0.473830	8	block_outgroup_fair
sub-105	younger	01	66.893800	3.516170	outgroup	0	1.464620	0.464620	8	block_outgroup_fair
sub-105	younger	01	71.172200	3.512780	outgroup	0	1.472780	0.472780	9	block_outgroup_fair
sub-105	younger	01	75.454000	3.528550	outgroup	0	1.878180	0.878180	5	block_outgroup_fair
sub-105	younger	01	87.000900	3.529870	ingroup	0	1.674900	0.674900	7	block_ingroup_fair
sub-105	younger	01	91.290000	3.518780	ingroup	0	1.521650	0.521650	9	block_ingroup_fair
sub-105	younger	01	95.561500	3.519170	ingroup	0	1.520150	0.520150	2	block_ingroup_fair
sub-105	younger	01	99.843400	3.506180	ingroup	0	1.459530	0.459530	8	block_ingroup_fair
sub-105	younger	01	104.118000	3.525770	ingroup	0	1.505550	0.505550	9	block_ingroup_fair
sub-105	younger	01	108.401000	3.526430	ingroup	0	1.592050	0.592050	9	block_ingroup_fair
sub-105	younger	01	112.685000	3.517010	ingroup	0	1.611240	0.611240	6	block_ingroup_fair
sub-105	younger	01	116.967000	3.517570	ingroup	0	1.749250	0.749250	8	block_ingroup_fair
sub-105	younger	01	130.485000	3.513580	computer	0	1.926520	0.926520	8	block_computer_fair
sub-105	younger	01	134.766000	3.521060	computer	0	1.748510	0.748510	6	block_computer_fair
sub-105	younger	01	139.044000	3.529280	computer	0	1.523380	0.523380	9	block_computer_fair
sub-105	younger	01	143.320000	3.505300	computer	0	1.449870	0.449870	8	block_computer_fair
sub-105	younger	01	147.586000	3.506160	computer	0	1.555000	0.555000	2	block_computer_fair
sub-105	younger	01	151.856000	3.526400	computer	0	1.488910	0.488910	10	block_computer_fair
sub-105	younger	01	156.140000	3.505680	computer	0	1.542410	0.542410	7	block_computer_fair
sub-105	younger	01	160.406000	3.522400	computer	0	1.578750	0.578750	7	block_computer_fair
sub-105	younger	01	173.936000	3.502490	ingroup	0	1.593140	0.593140	10	block_ingroup_fair
sub-105	younger	01	178.211000	3.514250	ingroup	0	2.256380	1.256380	6	block_ingroup_fair
sub-105	younger	01	182.487000	3.510940	ingroup	0	1.466470	0.466470	9	block_ingroup_fair
sub-105	younger	01	186.756000	3.526840	ingroup	0	1.435220	0.435220	3	block_ingroup_fair
sub-105	younger	01	191.047000	3.528550	ingroup	0	1.497310	0.497310	7	block_ingroup_fair
sub-105	younger	01	195.343000	3.528680	ingroup	0	1.588050	0.588050	9	block_ingroup_fair
sub-105	younger	01	199.625000	3.519310	ingroup	0	1.976270	0.976270	8	block_ingroup_fair
sub-105	younger	01	203.908000	3.505620	ingroup	0	1.596020	0.596020	7	block_ingroup_fair
sub-105	younger	01	219.432000	3.515470	computer	0	1.601240	0.601240	2	block_computer_unfair
sub-105	younger	01	223.707000	3.519350	computer	0	2.648810	1.648810	4	block_computer_unfair
sub-105	younger	01	227.996000	3.521150	computer	0	1.446420	0.446420	10	block_computer_unfair
sub-105	younger	01	232.277000	3.503240	computer	0	1.550660	0.550660	1	block_computer_unfair
sub-105	younger	01	236.543000	3.530540	computer	0	1.421040	0.421040	6	block_computer_unfair
sub-105	younger	01	240.842000	3.515840	computer	0	1.459350	0.459350	1	block_computer_unfair
sub-105	younger	01	245.126000	3.539990	computer	1			4	block_computer_unfair
sub-105	younger	01	249.424000	3.515330	computer	0	1.367150	0.367150	1	block_computer_unfair
sub-105	younger	01	264.948000	3.521500	ingroup	0	2.190170	1.190170	2	block_ingroup_unfair
sub-105	younger	01	269.236000	3.526350	ingroup	0	1.656130	0.656130	2	block_ingroup_unfair
sub-105	younger	01	273.531000	3.511680	ingroup	0	1.715190	0.715190	3	block_ingroup_unfair
sub-105	younger	01	277.802000	3.528080	ingroup	0	1.512970	0.512970	6	block_ingroup_unfair
sub-105	younger	01	282.098000	3.505880	ingroup	0	1.520790	0.520790	3	block_ingroup_unfair
sub-105	younger	01	286.363000	3.524510	ingroup	0	1.476390	0.476390	4	block_ingroup_unfair
sub-105	younger	01	290.636000	3.503280	ingroup	0	1.439650	0.439650	10	block_ingroup_unfair
sub-105	younger	01	294.908000	3.516690	ingroup	0	1.488550	0.488550	4	block_ingroup_unfair
sub-105	younger	01	306.438000	3.500820	outgroup	0	2.034290	1.034290	9	block_outgroup_fair
sub-105	younger	01	310.707000	3.521380	outgroup	0	1.584830	0.584830	4	block_outgroup_fair
sub-105	younger	01	314.988000	3.508590	outgroup	0	1.458230	0.458230	10	block_outgroup_fair
sub-105	younger	01	319.265000	3.528770	outgroup	0	2.118200	1.118200	5	block_outgroup_fair
sub-105	younger	01	323.552000	3.526520	outgroup	0	1.450670	0.450670	9	block_outgroup_fair
sub-105	younger	01	327.830000	3.526240	outgroup	0	1.494160	0.494160	10	block_outgroup_fair
sub-105	younger	01	332.114000	3.507340	outgroup	0	1.496190	0.496190	8	block_outgroup_fair
sub-105	younger	01	336.378000	3.526040	outgroup	0	1.434420	0.434420	9	block_outgroup_fair
sub-105	younger	01	349.920000	3.524970	outgroup	0	1.521870	0.521870	1	block_outgroup_unfair
sub-105	younger	01	354.203000	3.523210	outgroup	0	1.775110	0.775110	5	block_outgroup_unfair
sub-105	younger	01	358.495000	3.506150	outgroup	0	1.419590	0.419590	8	block_outgroup_unfair
sub-105	younger	01	362.765000	3.513520	outgroup	0	1.519490	0.519490	2	block_outgroup_unfair
sub-105	younger	01	367.039000	3.521530	outgroup	0	2.801090	1.801090	4	block_outgroup_unfair
sub-105	younger	01	371.318000	3.525840	outgroup	0	2.992590	1.992590	2	block_outgroup_unfair
sub-105	younger	01	375.609000	3.516630	outgroup	0	1.419960	0.419960	1	block_outgroup_unfair
sub-105	younger	01	379.894000	3.506700	outgroup	0	1.371200	0.371200	2	block_outgroup_unfair
sub-105	younger	02	4.003410	3.513650	ingroup	0	1.550480	0.550480	1	block_ingroup_unfair
sub-105	younger	02	8.273740	3.527130	ingroup	0	1.550320	0.550320	4	block_ingroup_unfair
sub-105	younger	02	12.570000	3.526380	ingroup	0	1.457910	0.457910	1	block_ingroup_unfair
sub-105	younger	02	16.858100	3.520770	ingroup	0	1.489770	0.489770	2	block_ingroup_unfair
sub-105	younger	02	21.141700	3.508460	ingroup	0	1.460710	0.460710	5	block_ingroup_unfair
sub-105	younger	02	25.419600	3.530460	ingroup	0	1.818880	0.818880	8	block_ingroup_unfair
sub-105	younger	02	29.707800	3.528750	ingroup	0	1.450500	0.450500	2	block_ingroup_unfair
sub-105	younger	02	33.996800	3.506230	ingroup	0	1.431720	0.431720	2	block_ingroup_unfair
sub-105	younger	02	45.524500	3.504810	computer	0	1.597050	0.597050	10	block_computer_fair
sub-105	younger	02	49.791800	3.530640	computer	0	1.649740	0.649740	9	block_computer_fair
sub-105	younger	02	54.089900	3.530230	computer	0	1.688600	0.688600	6	block_computer_fair
sub-105	younger	02	58.378100	3.508190	computer	0	1.553900	0.553900	9	block_computer_fair
sub-105	younger	02	62.642100	3.515550	computer	0	1.560000	0.560000	1	block_computer_fair
sub-105	younger	02	66.927800	3.528290	computer	0	1.644700	0.644700	8	block_computer_fair
sub-105	younger	02	71.213300	3.514840	computer	0	1.647120	0.647120	9	block_computer_fair
sub-105	younger	02	75.481100	3.528460	computer	0	1.648670	0.648670	7	block_computer_fair
sub-105	younger	02	87.021100	3.517300	ingroup	0	1.551470	0.551470	8	block_ingroup_fair
sub-105	younger	02	91.288800	3.522350	ingroup	0	1.503940	0.503940	7	block_ingroup_fair
sub-105	younger	02	95.580200	3.517500	ingroup	0	1.415700	0.415700	8	block_ingroup_fair
sub-105	younger	02	99.866300	3.524880	ingroup	0	1.550230	0.550230	7	block_ingroup_fair
sub-105	younger	02	104.153000	3.508370	ingroup	0	1.583730	0.583730	9	block_ingroup_fair
sub-105	younger	02	108.428000	3.512190	ingroup	0	1.945860	0.945860	9	block_ingroup_fair
sub-105	younger	02	112.709000	3.520790	ingroup	0	1.734880	0.734880	3	block_ingroup_fair
sub-105	younger	02	116.998000	3.515280	ingroup	0	1.582070	0.582070	6	block_ingroup_fair
sub-105	younger	02	128.527000	3.506980	computer	0	1.946710	0.946710	3	block_computer_unfair
sub-105	younger	02	132.801000	3.530960	computer	0	2.242430	1.242430	4	block_computer_unfair
sub-105	younger	02	137.094000	3.504640	computer	0	1.385440	0.385440	1	block_computer_unfair
sub-105	younger	02	141.366000	3.524030	computer	0	2.101180	1.101180	2	block_computer_unfair
sub-105	younger	02	145.647000	3.528410	computer	0	1.489940	0.489940	4	block_computer_unfair
sub-105	younger	02	149.940000	3.523280	computer	0	1.450590	0.450590	6	block_computer_unfair
sub-105	younger	02	154.224000	3.518690	computer	0	1.486910	0.486910	7	block_computer_unfair
sub-105	younger	02	158.503000	3.513950	computer	0	1.528170	0.528170	2	block_computer_unfair
sub-105	younger	02	174.037000	3.529150	computer	0	1.673500	0.673500	8	block_computer_fair
sub-105	younger	02	178.335000	3.516810	computer	0	1.446480	0.446480	1	block_computer_fair
sub-105	younger	02	182.619000	3.515940	computer	0	1.432300	0.432300	8	block_computer_fair
sub-105	younger	02	186.906000	3.523440	computer	0	1.499580	0.499580	10	block_computer_fair
sub-105	younger	02	191.187000	3.508400	computer	0	1.654670	0.654670	8	block_computer_fair
sub-105	younger	02	195.460000	3.514050	computer	0	1.434800	0.434800	10	block_computer_fair
sub-105	younger	02	199.732000	3.510870	computer	0	1.416960	0.416960	5	block_computer_fair
sub-105	younger	02	204.010000	3.518860	computer	0	1.458900	0.458900	8	block_computer_fair
sub-105	younger	02	219.536000	3.523760	outgroup	0	1.712100	0.712100	9	block_outgroup_fair
sub-105	younger	02	223.832000	3.510740	outgroup	0	1.936340	0.936340	3	block_outgroup_fair
sub-105	younger	02	228.103000	3.529230	outgroup	0	1.468410	0.468410	10	block_outgroup_fair
sub-105	younger	02	232.397000	3.512680	outgroup	0	1.429010	0.429010	7	block_outgroup_fair
sub-105	younger	02	236.666000	3.503880	outgroup	0	1.462860	0.462860	10	block_outgroup_fair
sub-105	younger	02	240.938000	3.513430	outgroup	0	1.443910	0.443910	9	block_outgroup_fair
sub-105	younger	02	245.205000	3.516610	outgroup	0	1.580910	0.580910	5	block_outgroup_fair
sub-105	younger	02	249.491000	3.516460	outgroup	0	1.448260	0.448260	7	block_outgroup_fair
sub-105	younger	02	263.022000	3.524050	computer	0	1.546090	0.546090	3	block_computer_unfair
sub-105	younger	02	267.307000	3.525190	computer	0	2.481690	1.481690	5	block_computer_unfair
sub-105	younger	02	271.601000	3.515150	computer	0	1.391210	0.391210	3	block_computer_unfair
sub-105	younger	02	275.872000	3.511650	computer	0	1.455630	0.455630	1	block_computer_unfair
sub-105	younger	02	280.148000	3.518780	computer	0	1.450010	0.450010	1	block_computer_unfair
sub-105	younger	02	284.434000	3.527690	computer	0	2.300760	1.300760	2	block_computer_unfair
sub-105	younger	02	288.730000	3.520270	computer	0	2.309320	1.309320	3	block_computer_unfair
sub-105	younger	02	293.009000	3.515580	computer	0	1.433470	0.433470	9	block_computer_unfair
sub-105	younger	02	306.541000	3.503280	outgroup	0	1.728390	0.728390	8	block_outgroup_unfair
sub-105	younger	02	310.814000	3.515460	outgroup	0	1.975570	0.975570	4	block_outgroup_unfair
sub-105	younger	02	315.095000	3.522880	outgroup	0	1.414980	0.414980	1	block_outgroup_unfair
sub-105	younger	02	319.381000	3.501830	outgroup	0	2.233360	1.233360	3	block_outgroup_unfair
sub-105	younger	02	323.636000	3.516200	outgroup	0	1.597770	0.597770	1	block_outgroup_unfair
sub-105	younger	02	327.917000	3.522680	outgroup	0	2.187860	1.187860	4	block_outgroup_unfair
sub-105	younger	02	332.199000	3.522440	outgroup	0	1.960180	0.960180	4	block_outgroup_unfair
sub-105	younger	02	336.489000	3.515480	outgroup	0	1.489380	0.489380	5	block_outgroup_unfair
sub-105	younger	02	352.026000	3.502240	ingroup	0	2.114840	1.114840	4	block_ingroup_unfair
sub-105	younger	02	356.292000	3.509730	ingroup	0	1.568490	0.568490	2	block_ingroup_unfair
sub-105	younger	02	360.560000	3.518220	ingroup	0	1.505100	0.505100	3	block_ingroup_unfair
sub-105	younger	02	364.836000	3.518450	ingroup	0	1.914860	0.914860	1	block_ingroup_unfair
sub-105	younger	02	369.114000	3.515410	ingroup	0	1.473470	0.473470	7	block_ingroup_unfair
sub-105	younger	02	373.382000	3.519820	ingroup	0	1.458720	0.458720	3	block_ingroup_unfair
sub-105	younger	02	377.670000	3.518290	ingroup	0	1.391840	0.391840	4	block_ingroup_unfair
sub-105	younger	02	381.947000	3.528690	ingroup	0	1.451750	0.451750	6	block_ingroup_unfair
sub-106	younger	01	3.998220	3.519120	outgroup	0	2.067450	1.067450	3	block_outgroup_unfair
sub-106	younger	01	8.274280	3.520910	outgroup	0	1.560930	0.560930	2	block_outgroup_unfair
sub-106	younger	01	12.551700	3.515720	outgroup	0	1.420440	0.420440	4	block_outgroup_unfair
sub-106	younger	01	16.831200	3.504030	outgroup	0	1.544130	0.544130	2	block_outgroup_unfair
sub-106	younger	01	21.101600	3.510750	outgroup	0	1.494000	0.494000	4	block_outgroup_unfair
sub-106	younger	01	25.380200	3.513240	outgroup	0	1.785940	0.785940	6	block_outgroup_unfair
sub-106	younger	01	29.661400	3.518370	outgroup	0	1.258120	0.258120	4	block_outgroup_unfair
sub-106	younger	01	33.947700	3.512040	outgroup	0	1.341660	0.341660	10	block_outgroup_unfair
sub-106	younger	01	49.482200	3.506960	computer	0	1.486680	0.486680	7	block_computer_fair
sub-106	younger	01	53.757700	3.525420	computer	0	1.364640	0.364640	8	block_computer_fair
sub-106	younger	01	58.050700	3.508830	computer	0	1.408750	0.408750	9	block_computer_fair
sub-106	younger	01	62.327000	3.525260	computer	0	1.419260	0.419260	8	block_computer_fair
sub-106	younger	01	66.618700	3.502380	computer	0	1.297390	0.297390	9	block_computer_fair
sub-106	younger	01	70.888600	3.523750	computer	0	1.431550	0.431550	5	block_computer_fair
sub-106	younger	01	75.178900	3.519500	computer	0	1.511370	0.511370	4	block_computer_fair
sub-106	younger	01	79.452100	3.519220	computer	0	1.274780	0.274780	7	block_computer_fair
sub-106	younger	01	92.968600	3.505270	outgroup	0	1.536210	0.536210	7	block_outgroup_fair
sub-106	younger	01	97.231000	3.505040	outgroup	0	1.410460	0.410460	5	block_outgroup_fair
sub-106	younger	01	101.491000	3.513570	outgroup	0	1.020330	0.020330	10	block_outgroup_fair
sub-106	younger	01	105.769000	3.516020	outgroup	0	1.379830	0.379830	10	block_outgroup_fair
sub-106	younger	01	110.047000	3.510920	outgroup	0	1.204900	0.204900	8	block_outgroup_fair
sub-106	younger	01	114.319000	3.519320	outgroup	0	1.019450	0.019450	3	block_outgroup_fair
sub-106	younger	01	118.581000	3.508500	outgroup	0	1.027850	0.027850	10	block_outgroup_fair
sub-106	younger	01	122.857000	3.509100	outgroup	0	1.255030	0.255030	10	block_outgroup_fair
sub-106	younger	01	134.379000	3.509020	ingroup	0	1.276220	0.276220	9	block_ingroup_fair
sub-106	younger	01	138.645000	3.526680	ingroup	0	1.363990	0.363990	10	block_ingroup_fair
sub-106	younger	01	142.940000	3.514940	ingroup	0	1.089030	0.089030	2	block_ingroup_fair
sub-106	younger	01	147.214000	3.523830	ingroup	0	1.318230	0.318230	10	block_ingroup_fair
sub-106	younger	01	151.506000	3.513350	ingroup	0	1.380610	0.380610	7	block_ingroup_fair
sub-106	younger	01	155.788000	3.527600	ingroup	0	1.301790	0.301790	8	block_ingroup_fair
sub-106	younger	01	160.068000	3.521580	ingroup	0	1.225310	0.225310	8	block_ingroup_fair
sub-106	younger	01	164.352000	3.528070	ingroup	0	1.412230	0.412230	5	block_ingroup_fair
sub-106	younger	01	179.900000	3.513330	outgroup	0	1.393470	0.393470	8	block_outgroup_fair
sub-106	younger	01	184.181000	3.525720	outgroup	0	1.364930	0.364930	9	block_outgroup_fair
sub-106	younger	01	188.465000	3.523930	outgroup	0	1.985300	0.985300	7	block_outgroup_fair
sub-106	younger	01	192.757000	3.522090	outgroup	0	1.246610	0.246610	8	block_outgroup_fair
sub-106	younger	01	197.045000	3.519880	outgroup	0	1.028500	0.028500	2	block_outgroup_fair
sub-106	younger	01	201.337000	3.517850	outgroup	0	1.056620	0.056620	5	block_outgroup_fair
sub-106	younger	01	205.623000	3.519370	outgroup	0	1.240850	0.240850	9	block_outgroup_fair
sub-106	younger	01	209.910000	3.522030	outgroup	0	1.023540	0.023540	9	block_outgroup_fair
sub-106	younger	01	221.448000	3.518380	computer	0	1.546240	0.546240	2	block_computer_unfair
sub-106	younger	01	225.724000	3.515060	computer	0	1.339950	0.339950	4	block_computer_unfair
sub-106	younger	01	230.007000	3.510560	computer	0	1.026810	0.026810	1	block_computer_unfair
sub-106	younger	01	234.275000	3.525810	computer	0	1.529640	0.529640	8	block_computer_unfair
sub-106	younger	01	238.559000	3.526850	computer	0	1.031770	0.031770	1	block_computer_unfair
sub-106	younger	01	242.856000	3.518790	computer	0	1.472490	0.472490	6	block_computer_unfair
sub-106	younger	01	247.132000	3.512680	computer	0	1.032960	0.032960	2	block_computer_unfair
sub-106	younger	01	251.401000	3.506630	computer	0	1.335190	0.335190	1	block_computer_unfair
sub-106	younger	01	264.912000	3.523500	ingroup	0	1.417900	0.417900	9	block_ingroup_fair
sub-106	younger	01	269.193000	3.514190	ingroup	0	1.322590	0.322590	9	block_ingroup_fair
sub-106	younger	01	273.465000	3.508230	ingroup	0	1.020850	0.020850	9	block_ingroup_fair
sub-106	younger	01	277.742000	3.523850	ingroup	0	1.547580	0.547580	6	block_ingroup_fair
sub-106	younger	01	282.026000	3.510780	ingroup	0	1.416830	0.416830	7	block_ingroup_fair
sub-106	younger	01	286.299000	3.514050	ingroup	0	1.031280	0.031280	10	block_ingroup_fair
sub-106	younger	01	290.570000	3.523620	ingroup	0	1.063820	0.063820	4	block_ingroup_fair
sub-106	younger	01	294.851000	3.523600	ingroup	0	1.320730	0.320730	7	block_ingroup_fair
sub-106	younger	01	308.387000	3.515790	outgroup	0	1.378310	0.378310	3	block_outgroup_unfair
sub-106	younger	01	312.666000	3.513630	outgroup	0	1.386360	0.386360	4	block_outgroup_unfair
sub-106	younger	01	316.947000	3.519820	outgroup	0	1.024720	0.024720	5	block_outgroup_unfair
sub-106	younger	01	321.231000	3.519950	outgroup	0	1.261250	0.261250	9	block_outgroup_unfair
sub-106	younger	01	325.508000	3.513060	outgroup	0	1.288870	0.288870	2	block_outgroup_unfair
sub-106	younger	01	329.790000	3.513030	outgroup	0	1.025380	0.025380	1	block_outgroup_unfair
sub-106	younger	01	334.065000	3.515260	outgroup	0	1.020580	0.020580	1	block_outgroup_unfair
sub-106	younger	01	338.345000	3.514250	outgroup	0	1.028020	0.028020	1	block_outgroup_unfair
sub-106	younger	01	349.862000	3.514450	ingroup	0	1.487700	0.487700	5	block_ingroup_unfair
sub-106	younger	01	354.135000	3.508290	ingroup	0	1.584590	0.584590	3	block_ingroup_unfair
sub-106	younger	01	358.411000	3.513410	ingroup	0	1.261500	0.261500	1	block_ingroup_unfair
sub-106	younger	01	362.683000	3.513120	ingroup	0	1.360310	0.360310	1	block_ingroup_unfair
sub-106	younger	01	366.964000	3.515230	ingroup	0	1.165630	0.165630	2	block_ingroup_unfair
sub-106	younger	01	371.239000	3.514100	ingroup	0	1.510880	0.510880	7	block_ingroup_unfair
sub-106	younger	01	375.514000	3.507330	ingroup	0	1.306870	0.306870	4	block_ingroup_unfair
sub-106	younger	01	379.789000	3.521550	ingroup	0	1.384290	0.384290	1	block_ingroup_unfair
sub-106	younger	02	3.996400	3.522020	outgroup	0	1.727290	0.727290	10	block_outgroup_fair
sub-106	younger	02	8.276870	3.505200	outgroup	0	1.383260	0.383260	7	block_outgroup_fair
sub-106	younger	02	12.541900	3.521890	outgroup	0	1.021210	0.021210	9	block_outgroup_fair
sub-106	younger	02	16.820700	3.503010	outgroup	0	1.263000	0.263000	9	block_outgroup_fair
sub-106	younger	02	21.083000	3.514640	outgroup	0	1.238280	0.238280	3	block_outgroup_fair
sub-106	younger	02	25.355100	3.510900	outgroup	0	1.019030	0.019030	8	block_outgroup_fair
sub-106	younger	02	29.633500	3.513400	outgroup	0	1.361700	0.361700	5	block_outgroup_fair
sub-106	younger	02	33.902900	3.509830	outgroup	0	1.094820	0.094820	7	block_outgroup_fair
sub-106	younger	02	47.428000	3.519350	computer	0	1.297610	0.297610	10	block_computer_fair
sub-106	younger	02	51.714900	3.512380	computer	0	1.230620	0.230620	5	block_computer_fair
sub-106	younger	02	55.983900	3.506930	computer	0	1.465500	0.465500	8	block_computer_fair
sub-106	younger	02	60.254400	3.530620	computer	0	1.031280	0.031280	3	block_computer_fair
sub-106	younger	02	64.536100	3.514960	computer	0	1.120600	0.120600	8	block_computer_fair
sub-106	younger	02	68.818800	3.517000	computer	0	1.491270	0.491270	7	block_computer_fair
sub-106	younger	02	73.101000	3.515830	computer	0	1.496250	0.496250	10	block_computer_fair
sub-106	younger	02	77.375000	3.520620	computer	0	1.308730	0.308730	9	block_computer_fair
sub-106	younger	02	88.902900	3.513660	outgroup	0	1.373650	0.373650	4	block_outgroup_unfair
sub-106	younger	02	93.181200	3.520540	outgroup	0	1.315890	0.315890	1	block_outgroup_unfair
sub-106	younger	02	97.460100	3.514380	outgroup	0	1.306550	0.306550	9	block_outgroup_unfair
sub-106	younger	02	101.733000	3.522760	outgroup	0	1.387570	0.387570	2	block_outgroup_unfair
sub-106	younger	02	106.024000	3.526390	outgroup	0	1.049980	0.049980	1	block_outgroup_unfair
sub-106	younger	02	110.308000	3.524860	outgroup	0	1.752990	0.752990	5	block_outgroup_unfair
sub-106	younger	02	114.597000	3.519490	outgroup	0	1.400820	0.400820	4	block_outgroup_unfair
sub-106	younger	02	118.884000	3.511430	outgroup	0	1.032330	0.032330	3	block_outgroup_unfair
sub-106	younger	02	134.417000	3.525640	computer	0	2.014120	1.014120	7	block_computer_fair
sub-106	younger	02	138.710000	3.511920	computer	0	1.290430	0.290430	9	block_computer_fair
sub-106	younger	02	142.990000	3.517200	computer	0	1.331130	0.331130	5	block_computer_fair
sub-106	younger	02	147.265000	3.509490	computer	0	1.209910	0.209910	7	block_computer_fair
sub-106	younger	02	151.532000	3.514970	computer	0	1.729920	0.729920	9	block_computer_fair
sub-106	younger	02	155.814000	3.503410	computer	0	1.033420	0.033420	10	block_computer_fair
sub-106	younger	02	160.086000	3.504840	computer	0	1.315890	0.315890	1	block_computer_fair
sub-106	younger	02	164.350000	3.530320	computer	0	1.356280	0.356280	8	block_computer_fair
sub-106	younger	02	175.882000	3.513290	ingroup	0	1.483130	0.483130	7	block_ingroup_fair
sub-106	younger	02	180.162000	3.517770	ingroup	0	1.022640	0.022640	7	block_ingroup_fair
sub-106	younger	02	184.448000	3.519240	ingroup	0	2.175700	1.175700	9	block_ingroup_fair
sub-106	younger	02	188.736000	3.514640	ingroup	0	1.072450	0.072450	7	block_ingroup_fair
sub-106	younger	02	193.011000	3.520080	ingroup	0	1.568450	0.568450	9	block_ingroup_fair
sub-106	younger	02	197.298000	3.519820	ingroup	0	1.551380	0.551380	2	block_ingroup_fair
sub-106	younger	02	201.586000	3.520920	ingroup	0	1.449930	0.449930	8	block_ingroup_fair
sub-106	younger	02	205.875000	3.518540	ingroup	0	1.381920	0.381920	6	block_ingroup_fair
sub-106	younger	02	221.411000	3.506240	computer	0	1.541300	0.541300	4	block_computer_unfair
sub-106	younger	02	225.682000	3.527730	computer	0	1.023010	0.023010	2	block_computer_unfair
sub-106	younger	02	229.974000	3.522820	computer	0	2.302300	1.302300	7	block_computer_unfair
sub-106	younger	02	234.265000	3.507790	computer	0	1.265520	0.265520	2	block_computer_unfair
sub-106	younger	02	238.540000	3.513190	computer	0	1.026180	0.026180	3	block_computer_unfair
sub-106	younger	02	242.820000	3.511390	computer	0	1.099340	0.099340	2	block_computer_unfair
sub-106	younger	02	247.091000	3.525570	computer	0	1.281590	0.281590	6	block_computer_unfair
sub-106	younger	02	251.381000	3.515440	computer	0	1.028930	0.028930	2	block_computer_unfair
sub-106	younger	02	262.914000	3.513150	ingroup	0	1.289200	0.289200	4	block_ingroup_unfair
sub-106	younger	02	267.196000	3.520580	ingroup	0	1.026800	0.026800	3	block_ingroup_unfair
sub-106	younger	02	271.484000	3.508960	ingroup	0	1.159100	0.159100	8	block_ingroup_unfair
sub-106	younger	02	275.761000	3.506690	ingroup	0	1.018410	0.018410	2	block_ingroup_unfair
sub-106	younger	02	280.028000	3.508550	ingroup	0	1.021520	0.021520	3	block_ingroup_unfair
sub-106	younger	02	284.305000	3.509520	ingroup	0	1.333340	0.333340	1	block_ingroup_unfair
sub-106	younger	02	288.580000	3.506860	ingroup	0	1.110100	0.110100	5	block_ingroup_unfair
sub-106	younger	02	292.855000	3.509150	ingroup	0	1.272220	0.272220	4	block_ingroup_unfair
sub-106	younger	02	306.374000	3.510600	computer	0	1.165230	0.165230	2	block_computer_unfair
sub-106	younger	02	310.648000	3.513310	computer	0	1.694450	0.694450	10	block_computer_unfair
sub-106	younger	02	314.924000	3.503370	computer	0	1.454780	0.454780	1	block_computer_unfair
sub-106	younger	02	319.190000	3.519360	computer	0	1.325310	0.325310	1	block_computer_unfair
sub-106	younger	02	323.469000	3.506970	computer	0	1.617590	0.617590	1	block_computer_unfair
sub-106	younger	02	327.732000	3.525690	computer	0	1.023620	0.023620	1	block_computer_unfair
sub-106	younger	02	332.007000	3.510490	computer	0	1.752570	0.752570	6	block_computer_unfair
sub-106	younger	02	336.279000	3.517710	computer	0	1.017310	0.017310	4	block_computer_unfair
sub-106	younger	02	351.806000	3.525630	ingroup	0	1.236880	0.236880	4	block_ingroup_unfair
sub-106	younger	02	356.097000	3.526060	ingroup	0	1.031620	0.031620	4	block_ingroup_unfair
sub-106	younger	02	360.381000	3.518410	ingroup	0	1.018480	0.018480	4	block_ingroup_unfair
sub-106	younger	02	364.667000	3.518110	ingroup	0	1.018780	0.018780	1	block_ingroup_unfair
sub-106	younger	02	368.953000	3.515240	ingroup	0	1.686900	0.686900	4	block_ingroup_unfair
sub-106	younger	02	373.237000	3.519630	ingroup	0	1.156630	0.156630	6	block_ingroup_unfair
sub-106	younger	02	377.519000	3.520710	ingroup	0	1.928430	0.928430	8	block_ingroup_unfair
sub-106	younger	02	381.809000	3.525220	ingroup	0	1.025180	0.025180	2	block_ingroup_unfair
sub-107	younger	01	4.006900	3.521760	outgroup	0	2.171500	1.171500	9	block_outgroup_fair
sub-107	younger	01	8.285020	3.522390	outgroup	0	2.081230	1.081230	9	block_outgroup_fair
sub-107	younger	01	12.563100	3.523080	outgroup	0	1.855830	0.855830	10	block_outgroup_fair
sub-107	younger	01	16.844300	3.523950	outgroup	0	1.394800	0.394800	6	block_outgroup_fair
sub-107	younger	01	21.139900	3.507960	outgroup	0	1.552910	0.552910	9	block_outgroup_fair
sub-107	younger	01	25.404900	3.522310	outgroup	0	1.374270	0.374270	3	block_outgroup_fair
sub-107	younger	01	29.684600	3.507890	outgroup	0	1.799240	0.799240	8	block_outgroup_fair
sub-107	younger	01	33.941200	3.516650	outgroup	0	1.794830	0.794830	8	block_outgroup_fair
sub-107	younger	01	45.461400	3.514400	computer	0	2.418620	1.418620	9	block_computer_fair
sub-107	younger	01	49.741200	3.523340	computer	0	1.307560	0.307560	7	block_computer_fair
sub-107	younger	01	54.035200	3.510960	computer	0	2.351900	1.351900	7	block_computer_fair
sub-107	younger	01	58.301000	3.513160	computer	0	2.339240	1.339240	7	block_computer_fair
sub-107	younger	01	62.566300	3.512970	computer	0	1.342930	0.342930	1	block_computer_fair
sub-107	younger	01	66.846000	3.524170	computer	0	1.784800	0.784800	7	block_computer_fair
sub-107	younger	01	71.137200	3.531620	computer	0	1.329710	0.329710	6	block_computer_fair
sub-107	younger	01	75.439300	3.510000	computer	0	1.312250	0.312250	10	block_computer_fair
sub-107	younger	01	90.962900	3.509340	outgroup	0	1.903560	0.903560	4	block_outgroup_unfair
sub-107	younger	01	95.230400	3.519880	outgroup	0	1.473410	0.473410	2	block_outgroup_unfair
sub-107	younger	01	99.508000	3.515200	outgroup	0	2.499110	1.499110	4	block_outgroup_unfair
sub-107	younger	01	103.789000	3.524200	outgroup	0	1.287040	0.287040	2	block_outgroup_unfair
sub-107	younger	01	108.069000	3.508470	outgroup	0	1.278130	0.278130	1	block_outgroup_unfair
sub-107	younger	01	112.333000	3.525390	outgroup	0	1.316850	0.316850	8	block_outgroup_unfair
sub-107	younger	01	116.630000	3.501340	outgroup	0	1.606960	0.606960	4	block_outgroup_unfair
sub-107	younger	01	120.893000	3.502160	outgroup	0	1.380390	0.380390	5	block_outgroup_unfair
sub-107	younger	01	136.403000	3.508370	computer	0	1.316940	0.316940	1	block_computer_unfair
sub-107	younger	01	140.667000	3.526300	computer	0	2.691170	1.691170	4	block_computer_unfair
sub-107	younger	01	144.957000	3.517610	computer	0	1.320200	0.320200	7	block_computer_unfair
sub-107	younger	01	149.244000	3.524540	computer	0	1.335730	0.335730	3	block_computer_unfair
sub-107	younger	01	153.527000	3.506720	computer	0	1.840510	0.840510	4	block_computer_unfair
sub-107	younger	01	157.805000	3.525780	computer	0	2.182800	1.182800	1	block_computer_unfair
sub-107	younger	01	162.085000	3.510630	computer	0	1.255520	0.255520	6	block_computer_unfair
sub-107	younger	01	166.366000	3.509470	computer	0	2.396300	1.396300	3	block_computer_unfair
sub-107	younger	01	181.876000	3.523820	ingroup	0	2.215140	1.215140	3	block_ingroup_unfair
sub-107	younger	01	186.158000	3.522110	ingroup	0	1.452500	0.452500	2	block_ingroup_unfair
sub-107	younger	01	190.450000	3.530240	ingroup	0	1.231010	0.231010	1	block_ingroup_unfair
sub-107	younger	01	194.747000	3.509520	ingroup	0	1.320500	0.320500	4	block_ingroup_unfair
sub-107	younger	01	199.012000	3.524480	ingroup	0	1.242470	0.242470	4	block_ingroup_unfair
sub-107	younger	01	203.300000	3.516640	ingroup	0	1.258160	0.258160	6	block_ingroup_unfair
sub-107	younger	01	207.571000	3.516720	ingroup	0	1.340140	0.340140	7	block_ingroup_unfair
sub-107	younger	01	211.845000	3.504190	ingroup	0	1.236450	0.236450	2	block_ingroup_unfair
sub-107	younger	01	223.362000	3.511900	ingroup	0	1.329330	0.329330	8	block_ingroup_fair
sub-107	younger	01	227.627000	3.525410	ingroup	0	2.018910	1.018910	2	block_ingroup_fair
sub-107	younger	01	231.908000	3.524340	ingroup	0	1.274150	0.274150	7	block_ingroup_fair
sub-107	younger	01	236.188000	3.524310	ingroup	0	1.346870	0.346870	7	block_ingroup_fair
sub-107	younger	01	240.470000	3.509050	ingroup	0	2.186180	1.186180	9	block_ingroup_fair
sub-107	younger	01	244.750000	3.505460	ingroup	0	1.923870	0.923870	8	block_ingroup_fair
sub-107	younger	01	248.999000	3.525120	ingroup	0	2.646900	1.646900	6	block_ingroup_fair
sub-107	younger	01	253.282000	3.506040	ingroup	0	1.333260	0.333260	9	block_ingroup_fair
sub-107	younger	01	266.797000	3.523650	computer	0	1.663340	0.663340	2	block_computer_unfair
sub-107	younger	01	271.077000	3.526270	computer	0	1.804600	0.804600	3	block_computer_unfair
sub-107	younger	01	275.372000	3.516570	computer	0	1.362890	0.362890	3	block_computer_unfair
sub-107	younger	01	279.637000	3.525960	computer	0	2.435050	1.435050	3	block_computer_unfair
sub-107	younger	01	283.920000	3.508090	computer	0	1.387720	0.387720	3	block_computer_unfair
sub-107	younger	01	288.198000	3.526120	computer	0	1.330480	0.330480	5	block_computer_unfair
sub-107	younger	01	292.495000	3.512810	computer	0	1.336900	0.336900	10	block_computer_unfair
sub-107	younger	01	296.776000	3.524700	computer	0	1.559270	0.559270	1	block_computer_unfair
sub-107	younger	01	310.322000	3.526520	computer	0	2.674640	1.674640	8	block_computer_fair
sub-107	younger	01	314.619000	3.522400	computer	0	1.764050	0.764050	3	block_computer_fair
sub-107	younger	01	318.899000	3.510940	computer	0	1.287650	0.287650	8	block_computer_fair
sub-107	younger	01	323.181000	3.525050	computer	0	1.292640	0.292640	9	block_computer_fair
sub-107	younger	01	327.463000	3.530390	computer	0	1.231000	0.231000	7	block_computer_fair
sub-107	younger	01	331.757000	3.508910	computer	0	1.372710	0.372710	7	block_computer_fair
sub-107	younger	01	336.014000	3.517250	computer	0	1.169180	0.169180	8	block_computer_fair
sub-107	younger	01	340.302000	3.516260	computer	0	1.085350	0.085350	5	block_computer_fair
sub-107	younger	01	353.819000	3.525610	ingroup	0	1.379920	0.379920	3	block_ingroup_unfair
sub-107	younger	01	358.101000	3.509410	ingroup	0	1.300380	0.300380	2	block_ingroup_unfair
sub-107	younger	01	362.382000	3.514780	ingroup	0	1.540180	0.540180	1	block_ingroup_unfair
sub-107	younger	01	366.662000	3.508350	ingroup	0	1.746540	0.746540	5	block_ingroup_unfair
sub-107	younger	01	370.935000	3.516940	ingroup	0	1.244440	0.244440	2	block_ingroup_unfair
sub-107	younger	01	375.222000	3.508020	ingroup	0	1.261510	0.261510	2	block_ingroup_unfair
sub-107	younger	01	379.487000	3.514210	ingroup	0	1.299390	0.299390	9	block_ingroup_unfair
sub-107	younger	01	383.768000	3.502860	ingroup	0	2.822640	1.822640	4	block_ingroup_unfair
sub-107	younger	02	4.011300	3.511390	outgroup	0	1.351590	0.351590	2	block_outgroup_unfair
sub-107	younger	02	8.291570	3.526260	outgroup	0	1.308130	0.308130	2	block_outgroup_unfair
sub-107	younger	02	12.571800	3.503600	outgroup	0	1.615760	0.615760	4	block_outgroup_unfair
sub-107	younger	02	16.836800	3.525680	outgroup	0	1.253060	0.253060	9	block_outgroup_unfair
sub-107	younger	02	21.122100	3.520450	outgroup	0	1.439000	0.439000	1	block_outgroup_unfair
sub-107	younger	02	25.398700	3.517310	outgroup	0	2.382800	1.382800	5	block_outgroup_unfair
sub-107	younger	02	29.664600	3.515770	outgroup	0	1.170270	0.170270	2	block_outgroup_unfair
sub-107	younger	02	33.933800	3.521000	outgroup	0	1.305080	0.305080	3	block_outgroup_unfair
sub-107	younger	02	49.467400	3.504630	outgroup	0	1.349700	0.349700	10	block_outgroup_fair
sub-107	younger	02	53.721300	3.519840	outgroup	0	1.982930	0.982930	7	block_outgroup_fair
sub-107	younger	02	58.010300	3.512400	outgroup	0	1.163520	0.163520	10	block_outgroup_fair
sub-107	younger	02	62.291900	3.526700	outgroup	1			4	block_outgroup_fair
sub-107	younger	02	66.571900	3.528630	outgroup	0	1.876620	0.876620	5	block_outgroup_fair
sub-107	younger	02	70.854200	3.525950	outgroup	0	1.613940	0.613940	7	block_outgroup_fair
sub-107	younger	02	75.140200	3.520760	outgroup	0	1.297740	0.297740	9	block_outgroup_fair
sub-107	younger	02	79.430500	3.510770	outgroup	0	1.777800	0.777800	7	block_outgroup_fair
sub-107	younger	02	92.937500	3.503750	ingroup	0	2.532940	1.532940	4	block_ingroup_fair
sub-107	younger	02	97.210400	3.526310	ingroup	0	1.279460	0.279460	8	block_ingroup_fair
sub-107	younger	02	101.492000	3.526410	ingroup	0	1.150930	0.150930	7	block_ingroup_fair
sub-107	younger	02	105.780000	3.519390	ingroup	0	1.283710	0.283710	7	block_ingroup_fair
sub-107	younger	02	110.070000	3.508770	ingroup	0	1.297130	0.297130	10	block_ingroup_fair
sub-107	younger	02	114.334000	3.526990	ingroup	0	1.570100	0.570100	5	block_ingroup_fair
sub-107	younger	02	118.614000	3.511610	ingroup	0	1.309240	0.309240	8	block_ingroup_fair
sub-107	younger	02	122.896000	3.524840	ingroup	0	1.314110	0.314110	9	block_ingroup_fair
sub-107	younger	02	138.436000	3.524820	computer	0	1.371250	0.371250	1	block_computer_fair
sub-107	younger	02	142.730000	3.516510	computer	0	1.330020	0.330020	7	block_computer_fair
sub-107	younger	02	147.011000	3.512090	computer	0	1.269800	0.269800	9	block_computer_fair
sub-107	younger	02	151.292000	3.510660	computer	0	1.391910	0.391910	7	block_computer_fair
sub-107	younger	02	155.556000	3.515620	computer	0	1.899350	0.899350	10	block_computer_fair
sub-107	younger	02	159.821000	3.529090	computer	0	1.253210	0.253210	10	block_computer_fair
sub-107	younger	02	164.110000	3.516530	computer	0	2.685560	1.685560	7	block_computer_fair
sub-107	younger	02	168.383000	3.526750	computer	0	1.231840	0.231840	6	block_computer_fair
sub-107	younger	02	181.915000	3.509910	outgroup	0	1.827330	0.827330	2	block_outgroup_fair
sub-107	younger	02	186.196000	3.515920	outgroup	0	1.099720	0.099720	8	block_outgroup_fair
sub-107	younger	02	190.477000	3.525710	outgroup	0	1.255360	0.255360	5	block_outgroup_fair
sub-107	younger	02	194.771000	3.526940	outgroup	0	1.082050	0.082050	10	block_outgroup_fair
sub-107	younger	02	199.068000	3.512550	outgroup	0	1.288100	0.288100	10	block_outgroup_fair
sub-107	younger	02	203.348000	3.527090	outgroup	0	1.462860	0.462860	8	block_outgroup_fair
sub-107	younger	02	207.645000	3.511660	outgroup	0	1.501440	0.501440	9	block_outgroup_fair
sub-107	younger	02	211.925000	3.527890	outgroup	0	1.292420	0.292420	8	block_outgroup_fair
sub-107	younger	02	223.466000	3.516880	outgroup	0	1.694640	0.694640	6	block_outgroup_unfair
sub-107	younger	02	227.730000	3.510470	outgroup	0	1.032290	0.032290	4	block_outgroup_unfair
sub-107	younger	02	232.011000	3.511240	outgroup	0	1.189060	0.189060	3	block_outgroup_unfair
sub-107	younger	02	236.278000	3.526600	outgroup	0	1.293480	0.293480	9	block_outgroup_unfair
sub-107	younger	02	240.557000	3.514280	outgroup	0	1.033010	0.033010	3	block_outgroup_unfair
sub-107	younger	02	244.828000	3.519270	outgroup	0	1.499980	0.499980	1	block_outgroup_unfair
sub-107	younger	02	249.118000	3.510480	outgroup	0	1.028830	0.028830	1	block_outgroup_unfair
sub-107	younger	02	253.384000	3.526820	outgroup	0	1.317290	0.317290	3	block_outgroup_unfair
sub-107	younger	02	266.918000	3.524220	ingroup	0	1.360670	0.360670	10	block_ingroup_fair
sub-107	younger	02	271.204000	3.517880	ingroup	0	1.578450	0.578450	6	block_ingroup_fair
sub-107	younger	02	275.475000	3.513120	ingroup	0	1.311990	0.311990	8	block_ingroup_fair
sub-107	younger	02	279.757000	3.526540	ingroup	0	1.032080	0.032080	9	block_ingroup_fair
sub-107	younger	02	284.040000	3.522440	ingroup	0	1.269410	0.269410	10	block_ingroup_fair
sub-107	younger	02	288.319000	3.525680	ingroup	0	1.360560	0.360560	10	block_ingroup_fair
sub-107	younger	02	292.615000	3.523970	ingroup	0	1.268080	0.268080	9	block_ingroup_fair
sub-107	younger	02	296.896000	3.525710	ingroup	0	1.808480	0.808480	1	block_ingroup_fair
sub-107	younger	02	308.428000	3.505190	ingroup	1			4	block_ingroup_unfair
sub-107	younger	02	312.701000	3.525290	ingroup	0	1.198200	0.198200	6	block_ingroup_unfair
sub-107	younger	02	316.985000	3.506140	ingroup	0	1.017660	0.017660	1	block_ingroup_unfair
sub-107	younger	02	321.263000	3.508620	ingroup	0	1.477290	0.477290	1	block_ingroup_unfair
sub-107	younger	02	325.543000	3.516390	ingroup	0	1.718510	0.718510	4	block_ingroup_unfair
sub-107	younger	02	329.822000	3.515480	ingroup	0	1.024600	0.024600	1	block_ingroup_unfair
sub-107	younger	02	334.093000	3.521840	ingroup	0	1.791090	0.791090	3	block_ingroup_unfair
sub-107	younger	02	338.383000	3.527300	ingroup	0	1.220750	0.220750	8	block_ingroup_unfair
sub-107	younger	02	353.914000	3.503950	computer	0	2.287030	1.287030	6	block_computer_unfair
sub-107	younger	02	358.189000	3.526330	computer	0	1.248860	0.248860	9	block_computer_unfair
sub-107	younger	02	362.467000	3.527790	computer	0	1.023320	0.023320	1	block_computer_unfair
sub-107	younger	02	366.766000	3.509380	computer	0	1.027710	0.027710	4	block_computer_unfair
sub-107	younger	02	371.031000	3.523940	computer	0	1.967380	0.967380	3	block_computer_unfair
sub-107	younger	02	375.327000	3.525500	computer	0	1.391770	0.391770	1	block_computer_unfair
sub-107	younger	02	379.622000	3.517500	computer	0	1.716450	0.716450	1	block_computer_unfair
sub-107	younger	02	383.904000	3.524280	computer	0	1.338380	0.338380	1	block_computer_unfair
sub-108	younger	01	4.007470	3.524680	computer	0	2.067750	1.067750	4	block_computer_unfair
sub-108	younger	01	8.294700	3.516390	computer	0	1.516570	0.516570	9	block_computer_unfair
sub-108	younger	01	12.570300	3.511720	computer	0	1.511340	0.511340	3	block_computer_unfair
sub-108	younger	01	16.841200	3.511760	computer	0	1.376960	0.376960	3	block_computer_unfair
sub-108	younger	01	21.111700	3.526930	computer	0	1.409840	0.409840	2	block_computer_unfair
sub-108	younger	01	25.393300	3.517830	computer	0	1.398790	0.398790	2	block_computer_unfair
sub-108	younger	01	29.680100	3.518670	computer	0	1.415480	0.415480	3	block_computer_unfair
sub-108	younger	01	33.966900	3.519550	computer	0	1.400140	0.400140	5	block_computer_unfair
sub-108	younger	01	49.509600	3.516970	ingroup	0	1.752400	0.752400	5	block_ingroup_fair
sub-108	younger	01	53.796700	3.516460	ingroup	0	1.685280	0.685280	2	block_ingroup_fair
sub-108	younger	01	58.065800	3.518630	ingroup	0	1.402060	0.402060	7	block_ingroup_fair
sub-108	younger	01	62.352900	3.519600	ingroup	0	1.486050	0.486050	7	block_ingroup_fair
sub-108	younger	01	66.640800	3.518820	ingroup	0	1.452150	0.452150	9	block_ingroup_fair
sub-108	younger	01	70.928400	3.517860	ingroup	0	1.467620	0.467620	10	block_ingroup_fair
sub-108	younger	01	75.215000	3.502560	ingroup	0	1.568050	0.568050	8	block_ingroup_fair
sub-108	younger	01	79.487400	3.517720	ingroup	0	1.432220	0.432220	7	block_ingroup_fair
sub-108	younger	01	93.018600	3.517320	computer	0	1.679090	0.679090	3	block_computer_unfair
sub-108	younger	01	97.304300	3.518330	computer	0	1.530760	0.530760	2	block_computer_unfair
sub-108	younger	01	101.593000	3.517700	computer	0	1.395690	0.395690	1	block_computer_unfair
sub-108	younger	01	105.879000	3.517280	computer	0	1.495430	0.495430	6	block_computer_unfair
sub-108	younger	01	110.166000	3.517490	computer	0	2.563360	1.563360	1	block_computer_unfair
sub-108	younger	01	114.452000	3.518200	computer	0	1.746220	0.746220	4	block_computer_unfair
sub-108	younger	01	118.740000	3.516780	computer	0	1.395200	0.395200	8	block_computer_unfair
sub-108	younger	01	123.026000	3.518040	computer	0	1.362660	0.362660	2	block_computer_unfair
sub-108	younger	01	134.552000	3.523830	outgroup	0	1.496640	0.496640	7	block_outgroup_fair
sub-108	younger	01	138.847000	3.516630	outgroup	0	1.387930	0.387930	10	block_outgroup_fair
sub-108	younger	01	143.132000	3.520150	outgroup	0	1.373600	0.373600	10	block_outgroup_fair
sub-108	younger	01	147.420000	3.526330	outgroup	0	1.405120	0.405120	9	block_outgroup_fair
sub-108	younger	01	151.707000	3.519140	outgroup	0	1.489100	0.489100	6	block_outgroup_fair
sub-108	younger	01	155.994000	3.518800	outgroup	0	1.471250	0.471250	1	block_outgroup_fair
sub-108	younger	01	160.283000	3.517900	outgroup	0	1.370500	0.370500	10	block_outgroup_fair
sub-108	younger	01	164.569000	3.518340	outgroup	0	1.437150	0.437150	10	block_outgroup_fair
sub-108	younger	01	178.103000	3.518440	computer	0	2.231880	1.231880	7	block_computer_fair
sub-108	younger	01	182.389000	3.520170	computer	0	1.348330	0.348330	4	block_computer_fair
sub-108	younger	01	186.678000	3.504190	computer	0	1.830410	0.830410	10	block_computer_fair
sub-108	younger	01	190.950000	3.515820	computer	0	1.377860	0.377860	6	block_computer_fair
sub-108	younger	01	195.236000	3.517390	computer	0	1.027930	0.027930	10	block_computer_fair
sub-108	younger	01	199.523000	3.517770	computer	0	1.395860	0.395860	7	block_computer_fair
sub-108	younger	01	203.811000	3.518220	computer	0	1.544490	0.544490	8	block_computer_fair
sub-108	younger	01	208.098000	3.518880	computer	0	1.026910	0.026910	10	block_computer_fair
sub-108	younger	01	219.634000	3.517020	ingroup	0	1.583940	0.583940	3	block_ingroup_unfair
sub-108	younger	01	223.922000	3.517460	ingroup	0	1.299700	0.299700	3	block_ingroup_unfair
sub-108	younger	01	228.208000	3.519070	ingroup	0	1.284340	0.284340	1	block_ingroup_unfair
sub-108	younger	01	232.494000	3.518760	ingroup	0	1.368070	0.368070	3	block_ingroup_unfair
sub-108	younger	01	236.781000	3.504280	ingroup	0	1.602130	0.602130	3	block_ingroup_unfair
sub-108	younger	01	241.053000	3.517750	ingroup	0	1.249130	0.249130	8	block_ingroup_unfair
sub-108	younger	01	245.326000	3.517770	ingroup	0	1.029400	0.029400	6	block_ingroup_unfair
sub-108	younger	01	249.613000	3.518530	ingroup	0	1.413190	0.413190	1	block_ingroup_unfair
sub-108	younger	01	263.150000	3.527470	computer	0	1.103420	0.103420	8	block_computer_fair
sub-108	younger	01	267.436000	3.521700	computer	0	1.020940	0.020940	9	block_computer_fair
sub-108	younger	01	271.727000	3.518350	computer	0	1.033450	0.033450	9	block_computer_fair
sub-108	younger	01	276.013000	3.517060	computer	0	1.084290	0.084290	6	block_computer_fair
sub-108	younger	01	280.299000	3.519010	computer	0	1.017930	0.017930	8	block_computer_fair
sub-108	younger	01	284.588000	3.517830	computer	0	1.033180	0.033180	8	block_computer_fair
sub-108	younger	01	288.876000	3.501520	computer	0	1.032040	0.032040	3	block_computer_fair
sub-108	younger	01	293.146000	3.516610	computer	0	1.032630	0.032630	9	block_computer_fair
sub-108	younger	01	304.679000	3.530820	ingroup	0	1.025490	0.025490	10	block_ingroup_unfair
sub-108	younger	01	308.982000	3.504590	ingroup	0	1.059840	0.059840	5	block_ingroup_unfair
sub-108	younger	01	313.238000	3.519910	ingroup	0	1.023170	0.023170	4	block_ingroup_unfair
sub-108	younger	01	317.515000	3.520010	ingroup	0	1.033350	0.033350	4	block_ingroup_unfair
sub-108	younger	01	321.796000	3.510280	ingroup	0	1.021800	0.021800	4	block_ingroup_unfair
sub-108	younger	01	326.068000	3.526560	ingroup	0	1.020750	0.020750	2	block_ingroup_unfair
sub-108	younger	01	330.358000	3.516620	ingroup	0	1.017760	0.017760	2	block_ingroup_unfair
sub-108	younger	01	334.644000	3.517370	ingroup	0	1.018090	0.018090	3	block_ingroup_unfair
sub-108	younger	01	350.179000	3.516690	outgroup	0	1.029440	0.029440	3	block_outgroup_unfair
sub-108	younger	01	354.466000	3.518020	outgroup	0	1.029350	0.029350	4	block_outgroup_unfair
sub-108	younger	01	358.752000	3.518220	outgroup	0	1.030110	0.030110	4	block_outgroup_unfair
sub-108	younger	01	363.040000	3.508370	outgroup	0	1.028860	0.028860	6	block_outgroup_unfair
sub-108	younger	01	367.312000	3.508740	outgroup	0	1.027070	0.027070	4	block_outgroup_unfair
sub-108	younger	01	371.584000	3.518410	outgroup	0	1.025800	0.025800	4	block_outgroup_unfair
sub-108	younger	01	375.866000	3.524270	outgroup	0	1.030260	0.030260	9	block_outgroup_unfair
sub-108	younger	01	380.158000	3.517140	outgroup	0	1.025390	0.025390	4	block_outgroup_unfair
sub-108	younger	02	4.011300	3.516160	ingroup	0	1.030040	0.030040	2	block_ingroup_unfair
sub-108	younger	02	8.291910	3.516770	ingroup	0	1.019550	0.019550	3	block_ingroup_unfair
sub-108	younger	02	12.567600	3.519330	ingroup	0	1.030690	0.030690	3	block_ingroup_unfair
sub-108	younger	02	16.850900	3.518000	ingroup	0	1.017350	0.017350	9	block_ingroup_unfair
sub-108	younger	02	21.129400	3.527110	ingroup	0	1.025680	0.025680	2	block_ingroup_unfair
sub-108	younger	02	25.425800	3.518160	ingroup	0	1.033040	0.033040	1	block_ingroup_unfair
sub-108	younger	02	29.712800	3.515080	ingroup	0	1.033060	0.033060	1	block_ingroup_unfair
sub-108	younger	02	33.997700	3.517780	ingroup	0	1.018060	0.018060	6	block_ingroup_unfair
sub-108	younger	02	49.528100	3.508120	outgroup	0	1.017040	0.017040	2	block_outgroup_unfair
sub-108	younger	02	53.806900	3.515270	outgroup	0	1.025150	0.025150	2	block_outgroup_unfair
sub-108	younger	02	58.076700	3.519320	outgroup	0	1.025690	0.025690	1	block_outgroup_unfair
sub-108	younger	02	62.365600	3.518950	outgroup	0	1.023560	0.023560	4	block_outgroup_unfair
sub-108	younger	02	66.653900	3.518360	outgroup	0	1.022260	0.022260	10	block_outgroup_unfair
sub-108	younger	02	70.940800	3.518620	outgroup	0	1.022150	0.022150	6	block_outgroup_unfair
sub-108	younger	02	75.222900	3.513160	outgroup	0	1.027260	0.027260	1	block_outgroup_unfair
sub-108	younger	02	79.500800	3.519020	outgroup	0	1.019100	0.019100	3	block_outgroup_unfair
sub-108	younger	02	91.033500	3.520650	outgroup	0	1.029150	0.029150	8	block_outgroup_fair
sub-108	younger	02	95.320900	3.518210	outgroup	0	1.028580	0.028580	9	block_outgroup_fair
sub-108	younger	02	99.607800	3.516300	outgroup	0	1.028640	0.028640	9	block_outgroup_fair
sub-108	younger	02	103.894000	3.517960	outgroup	0	1.029370	0.029370	10	block_outgroup_fair
sub-108	younger	02	108.170000	3.512170	outgroup	0	1.023100	0.023100	8	block_outgroup_fair
sub-108	younger	02	112.451000	3.518140	outgroup	0	1.028860	0.028860	10	block_outgroup_fair
sub-108	younger	02	116.722000	3.518450	outgroup	0	1.028940	0.028940	4	block_outgroup_fair
sub-108	younger	02	120.995000	3.520460	outgroup	0	1.025260	0.025260	6	block_outgroup_fair
sub-108	younger	02	134.524000	3.516060	ingroup	0	1.024980	0.024980	10	block_ingroup_fair
sub-108	younger	02	138.806000	3.517640	ingroup	0	1.029380	0.029380	10	block_ingroup_fair
sub-108	younger	02	143.080000	3.515450	ingroup	0	1.026050	0.026050	9	block_ingroup_fair
sub-108	younger	02	147.364000	3.517530	ingroup	0	1.028500	0.028500	3	block_ingroup_fair
sub-108	younger	02	151.651000	3.518990	ingroup	0	1.027750	0.027750	10	block_ingroup_fair
sub-108	younger	02	155.940000	3.517550	ingroup	0	1.026310	0.026310	10	block_ingroup_fair
sub-108	younger	02	160.216000	3.514030	ingroup	0	1.020210	0.020210	5	block_ingroup_fair
sub-108	younger	02	164.498000	3.517630	ingroup	0	1.024980	0.024980	8	block_ingroup_fair
sub-108	younger	02	176.014000	3.516530	outgroup	0	1.018320	0.018320	8	block_outgroup_fair
sub-108	younger	02	180.289000	3.525720	outgroup	0	1.030240	0.030240	6	block_outgroup_fair
sub-108	younger	02	184.585000	3.518010	outgroup	0	1.021930	0.021930	7	block_outgroup_fair
sub-108	younger	02	188.855000	3.525020	outgroup	0	1.021400	0.021400	7	block_outgroup_fair
sub-108	younger	02	193.142000	3.517900	outgroup	0	1.021500	0.021500	10	block_outgroup_fair
sub-108	younger	02	197.429000	3.518370	outgroup	0	1.021130	0.021130	7	block_outgroup_fair
sub-108	younger	02	201.717000	3.518930	outgroup	0	1.020140	0.020140	7	block_outgroup_fair
sub-108	younger	02	205.989000	3.518250	outgroup	0	1.018600	0.018600	1	block_outgroup_fair
sub-108	younger	02	219.526000	3.517250	computer	0	1.025510	0.025510	1	block_computer_unfair
sub-108	younger	02	223.813000	3.519570	computer	0	1.025910	0.025910	3	block_computer_unfair
sub-108	younger	02	228.091000	3.512480	computer	0	1.017580	0.017580	4	block_computer_unfair
sub-108	younger	02	232.362000	3.515770	computer	0	1.016940	0.016940	3	block_computer_unfair
sub-108	younger	02	236.645000	3.502860	computer	0	1.020820	0.020820	4	block_computer_unfair
sub-108	younger	02	240.902000	3.525650	computer	0	1.017770	0.017770	3	block_computer_unfair
sub-108	younger	02	245.189000	3.504900	computer	0	1.017620	0.017620	5	block_computer_unfair
sub-108	younger	02	249.462000	3.502770	computer	0	1.031550	0.031550	9	block_computer_unfair
sub-108	younger	02	262.982000	3.519490	computer	0	1.022210	0.022210	10	block_computer_fair
sub-108	younger	02	267.269000	3.520050	computer	0	1.856490	0.856490	8	block_computer_fair
sub-108	younger	02	271.545000	3.516170	computer	0	1.032420	0.032420	10	block_computer_fair
sub-108	younger	02	275.830000	3.518120	computer	0	1.018290	0.018290	8	block_computer_fair
sub-108	younger	02	280.116000	3.517780	computer	0	1.019190	0.019190	9	block_computer_fair
sub-108	younger	02	284.395000	3.528320	computer	0	1.027610	0.027610	1	block_computer_fair
sub-108	younger	02	288.683000	3.512770	computer	0	1.025480	0.025480	9	block_computer_fair
sub-108	younger	02	292.965000	3.518320	computer	0	1.030740	0.030740	5	block_computer_fair
sub-108	younger	02	308.502000	3.510070	outgroup	0	1.022480	0.022480	3	block_outgroup_unfair
sub-108	younger	02	312.773000	3.517990	outgroup	0	1.022350	0.022350	8	block_outgroup_unfair
sub-108	younger	02	317.044000	3.526530	outgroup	0	1.020970	0.020970	4	block_outgroup_unfair
sub-108	younger	02	321.334000	3.515960	outgroup	0	1.018250	0.018250	1	block_outgroup_unfair
sub-108	younger	02	325.614000	3.524210	outgroup	0	1.024860	0.024860	4	block_outgroup_unfair
sub-108	younger	02	329.908000	3.519360	outgroup	0	1.017360	0.017360	4	block_outgroup_unfair
sub-108	younger	02	334.197000	3.518440	outgroup	0	1.032050	0.032050	1	block_outgroup_unfair
sub-108	younger	02	338.484000	3.518660	outgroup	0	1.031670	0.031670	5	block_outgroup_unfair
sub-108	younger	02	350.010000	3.527450	ingroup	0	1.032430	0.032430	8	block_ingroup_fair
sub-108	younger	02	354.308000	3.517650	ingroup	0	1.021910	0.021910	9	block_ingroup_fair
sub-108	younger	02	358.593000	3.518040	ingroup	0	1.022540	0.022540	8	block_ingroup_fair
sub-108	younger	02	362.882000	3.518330	ingroup	0	1.021420	0.021420	9	block_ingroup_fair
sub-108	younger	02	367.170000	3.517000	ingroup	0	1.020130	0.020130	2	block_ingroup_fair
sub-108	younger	02	371.457000	3.517490	ingroup	0	1.019500	0.019500	7	block_ingroup_fair
sub-108	younger	02	375.731000	3.529560	ingroup	0	1.032560	0.032560	6	block_ingroup_fair
sub-108	younger	02	380.030000	3.519090	ingroup	0	1.020040	0.020040	10	block_ingroup_fair
sub-109	younger	01	4.010880	3.507640	ingroup	0	2.444220	1.444220	10	block_ingroup_fair
sub-109	younger	01	8.286990	3.505030	ingroup	0	1.787320	0.787320	7	block_ingroup_fair
sub-109	younger	01	12.560200	3.517590	ingroup	0	1.834420	0.834420	4	block_ingroup_fair
sub-109	younger	01	16.846100	3.512000	ingroup	0	1.451520	0.451520	10	block_ingroup_fair
sub-109	younger	01	21.126300	3.530270	ingroup	0	1.592310	0.592310	7	block_ingroup_fair
sub-109	younger	01	25.424700	3.530840	ingroup	0	1.230000	0.230000	6	block_ingroup_fair
sub-109	younger	01	29.723700	3.508170	ingroup	0	2.335180	1.335180	9	block_ingroup_fair
sub-109	younger	01	33.990600	3.527190	ingroup	0	2.088890	1.088890	7	block_ingroup_fair
sub-109	younger	01	49.537000	3.522970	outgroup	0	2.605340	1.605340	5	block_outgroup_fair
sub-109	younger	01	53.829200	3.515900	outgroup	0	1.383560	0.383560	10	block_outgroup_fair
sub-109	younger	01	58.113000	3.514900	outgroup	0	2.018990	1.018990	8	block_outgroup_fair
sub-109	younger	01	62.385000	3.530570	outgroup	0	1.717020	0.717020	10	block_outgroup_fair
sub-109	younger	01	66.683500	3.510380	outgroup	0	1.605080	0.605080	8	block_outgroup_fair
sub-109	younger	01	70.961700	3.525580	outgroup	0	1.764760	0.764760	10	block_outgroup_fair
sub-109	younger	01	75.255500	3.512030	outgroup	0	2.340710	1.340710	2	block_outgroup_fair
sub-109	younger	01	79.535300	3.515400	outgroup	0	1.880800	0.880800	8	block_outgroup_fair
sub-109	younger	01	93.064400	3.543960	computer	1			3	block_computer_unfair
sub-109	younger	01	97.371500	3.513760	computer	0	2.109400	1.109400	2	block_computer_unfair
sub-109	younger	01	101.653000	3.508260	computer	0	1.414600	0.414600	6	block_computer_unfair
sub-109	younger	01	105.929000	3.509890	computer	0	1.541700	0.541700	2	block_computer_unfair
sub-109	younger	01	110.206000	3.517140	computer	0	1.552040	0.552040	2	block_computer_unfair
sub-109	younger	01	114.491000	3.503290	computer	0	2.270680	1.270680	7	block_computer_unfair
sub-109	younger	01	118.762000	3.530000	computer	0	2.638030	1.638030	4	block_computer_unfair
sub-109	younger	01	123.059000	3.524340	computer	1			4	block_computer_unfair
sub-109	younger	01	136.602000	3.507070	computer	0	2.461400	1.461400	4	block_computer_fair
sub-109	younger	01	140.877000	3.523150	computer	1			7	block_computer_fair
sub-109	younger	01	145.168000	3.509150	computer	0	1.151530	0.151530	9	block_computer_fair
sub-109	younger	01	149.445000	3.523060	computer	0	2.229140	1.229140	7	block_computer_fair
sub-109	younger	01	153.735000	3.515970	computer	0	1.541110	0.541110	8	block_computer_fair
sub-109	younger	01	158.019000	3.507020	computer	0	1.494650	0.494650	9	block_computer_fair
sub-109	younger	01	162.294000	3.518530	computer	0	2.674780	1.674780	9	block_computer_fair
sub-109	younger	01	166.580000	3.509480	computer	0	2.008450	1.008450	6	block_computer_fair
sub-109	younger	01	178.108000	3.524950	outgroup	0	2.040180	1.040180	6	block_outgroup_unfair
sub-109	younger	01	182.402000	3.519670	outgroup	0	2.866380	1.866380	3	block_outgroup_unfair
sub-109	younger	01	186.689000	3.517940	outgroup	0	2.782650	1.782650	1	block_outgroup_unfair
sub-109	younger	01	190.976000	3.530960	outgroup	0	1.998550	0.998550	2	block_outgroup_unfair
sub-109	younger	01	195.268000	3.509620	outgroup	0	1.776170	0.776170	8	block_outgroup_unfair
sub-109	younger	01	199.546000	3.531210	outgroup	1			4	block_outgroup_unfair
sub-109	younger	01	203.845000	3.514450	outgroup	0	1.473030	0.473030	2	block_outgroup_unfair
sub-109	younger	01	208.128000	3.508640	outgroup	0	1.510620	0.510620	3	block_outgroup_unfair
sub-109	younger	01	219.655000	3.530500	ingroup	0	2.060130	1.060130	6	block_ingroup_fair
sub-109	younger	01	223.956000	3.521720	ingroup	0	2.546900	1.546900	8	block_ingroup_fair
sub-109	younger	01	228.245000	3.523980	ingroup	0	1.542800	0.542800	9	block_ingroup_fair
sub-109	younger	01	232.538000	3.512700	ingroup	0	2.020790	1.020790	10	block_ingroup_fair
sub-109	younger	01	236.819000	3.502780	ingroup	0	1.909870	0.909870	7	block_ingroup_fair
sub-109	younger	01	241.090000	3.523380	ingroup	1			9	block_ingroup_fair
sub-109	younger	01	245.382000	3.522110	ingroup	0	1.387090	0.387090	4	block_ingroup_fair
sub-109	younger	01	249.672000	3.517660	ingroup	0	1.350570	0.350570	9	block_ingroup_fair
sub-109	younger	01	265.207000	3.528370	outgroup	0	2.312590	1.312590	2	block_outgroup_fair
sub-109	younger	01	269.503000	3.506220	outgroup	0	2.036260	1.036260	8	block_outgroup_fair
sub-109	younger	01	273.777000	3.517730	outgroup	0	1.765730	0.765730	6	block_outgroup_fair
sub-109	younger	01	278.063000	3.524880	outgroup	0	1.933010	0.933010	10	block_outgroup_fair
sub-109	younger	01	282.356000	3.524810	outgroup	1			8	block_outgroup_fair
sub-109	younger	01	286.649000	3.516490	outgroup	0	1.253970	0.253970	7	block_outgroup_fair
sub-109	younger	01	290.933000	3.514780	outgroup	0	1.406470	0.406470	9	block_outgroup_fair
sub-109	younger	01	295.216000	3.513300	outgroup	0	2.060980	1.060980	10	block_outgroup_fair
sub-109	younger	01	308.743000	3.528250	outgroup	0	2.563510	1.563510	3	block_outgroup_unfair
sub-109	younger	01	313.039000	3.532020	outgroup	0	1.702830	0.702830	4	block_outgroup_unfair
sub-109	younger	01	317.335000	3.516900	outgroup	0	1.343560	0.343560	7	block_outgroup_unfair
sub-109	younger	01	321.610000	3.529260	outgroup	0	2.856330	1.856330	3	block_outgroup_unfair
sub-109	younger	01	325.902000	3.519950	outgroup	0	1.382460	0.382460	2	block_outgroup_unfair
sub-109	younger	01	330.190000	3.516050	outgroup	0	2.515820	1.515820	4	block_outgroup_unfair
sub-109	younger	01	334.474000	3.520060	outgroup	1			6	block_outgroup_unfair
sub-109	younger	01	338.763000	3.523720	outgroup	0	1.366190	0.366190	2	block_outgroup_unfair
sub-109	younger	01	354.295000	3.519940	ingroup	0	2.347220	1.347220	3	block_ingroup_unfair
sub-109	younger	01	358.585000	3.528750	ingroup	0	1.777810	0.777810	10	block_ingroup_unfair
sub-109	younger	01	362.882000	3.529490	ingroup	0	2.185040	1.185040	1	block_ingroup_unfair
sub-109	younger	01	367.179000	3.515720	ingroup	0	1.406460	0.406460	1	block_ingroup_unfair
sub-109	younger	01	371.463000	3.530070	ingroup	0	1.459650	0.459650	2	block_ingroup_unfair
sub-109	younger	01	375.761000	3.521610	ingroup	0	2.182440	1.182440	3	block_ingroup_unfair
sub-109	younger	01	380.042000	3.519620	ingroup	1			6	block_ingroup_unfair
sub-109	younger	01	384.330000	3.524480	ingroup	0	2.171000	1.171000	4	block_ingroup_unfair
sub-109	younger	02	4.015520	3.515020	computer	0	1.703260	0.703260	10	block_computer_fair
sub-109	younger	02	8.299460	3.529420	computer	0	1.839590	0.839590	9	block_computer_fair
sub-109	younger	02	12.596500	3.526970	computer	0	1.596540	0.596540	10	block_computer_fair
sub-109	younger	02	16.891100	3.522940	computer	0	2.088510	1.088510	7	block_computer_fair
sub-109	younger	02	21.181600	3.529830	computer	0	1.117710	0.117710	6	block_computer_fair
sub-109	younger	02	25.479200	3.518640	computer	0	1.490950	0.490950	10	block_computer_fair
sub-109	younger	02	29.765500	3.513550	computer	0	1.407920	0.407920	9	block_computer_fair
sub-109	younger	02	34.046800	3.546660	computer	1			2	block_computer_fair
sub-109	younger	02	45.604900	3.511330	ingroup	0	2.215210	1.215210	6	block_ingroup_unfair
sub-109	younger	02	49.885800	3.533070	ingroup	1			2	block_ingroup_unfair
sub-109	younger	02	54.187300	3.516280	ingroup	0	1.172710	0.172710	1	block_ingroup_unfair
sub-109	younger	02	58.471800	3.505620	ingroup	0	1.708860	0.708860	9	block_ingroup_unfair
sub-109	younger	02	62.745500	3.527680	ingroup	0	1.338100	0.338100	1	block_ingroup_unfair
sub-109	younger	02	67.029700	3.519990	ingroup	0	1.507390	0.507390	2	block_ingroup_unfair
sub-109	younger	02	71.318000	3.522910	ingroup	0	1.824010	0.824010	1	block_ingroup_unfair
sub-109	younger	02	75.609000	3.518410	ingroup	0	2.486280	1.486280	1	block_ingroup_unfair
sub-109	younger	02	89.140300	3.530740	computer	1			2	block_computer_fair
sub-109	younger	02	93.440100	3.519800	computer	0	1.269310	0.269310	10	block_computer_fair
sub-109	younger	02	97.727500	3.526520	computer	0	1.685490	0.685490	8	block_computer_fair
sub-109	younger	02	102.022000	3.525290	computer	0	1.227250	0.227250	10	block_computer_fair
sub-109	younger	02	106.315000	3.520220	computer	1			7	block_computer_fair
sub-109	younger	02	110.603000	3.512680	computer	0	1.669740	0.669740	6	block_computer_fair
sub-109	younger	02	114.883000	3.522700	computer	0	1.025540	0.025540	7	block_computer_fair
sub-109	younger	02	119.174000	3.517140	computer	0	1.907580	0.907580	7	block_computer_fair
sub-109	younger	02	130.710000	3.517120	outgroup	0	2.580410	1.580410	7	block_outgroup_fair
sub-109	younger	02	134.996000	3.523030	outgroup	0	1.397740	0.397740	7	block_outgroup_fair
sub-109	younger	02	139.287000	3.515230	outgroup	0	1.275850	0.275850	1	block_outgroup_fair
sub-109	younger	02	143.573000	3.519990	outgroup	0	1.377220	0.377220	8	block_outgroup_fair
sub-109	younger	02	147.861000	3.513030	outgroup	0	2.810490	1.810490	7	block_outgroup_fair
sub-109	younger	02	152.142000	3.525620	outgroup	0	1.432270	0.432270	10	block_outgroup_fair
sub-109	younger	02	156.435000	3.528250	outgroup	0	1.308620	0.308620	7	block_outgroup_fair
sub-109	younger	02	160.732000	3.504120	outgroup	0	1.065660	0.065660	6	block_outgroup_fair
sub-109	younger	02	176.244000	3.507680	computer	0	2.633440	1.633440	1	block_computer_unfair
sub-109	younger	02	180.520000	3.520230	computer	0	1.460670	0.460670	3	block_computer_unfair
sub-109	younger	02	184.807000	3.501650	computer	0	1.643050	0.643050	6	block_computer_unfair
sub-109	younger	02	189.077000	3.527270	computer	0	1.261810	0.261810	4	block_computer_unfair
sub-109	younger	02	193.372000	3.519990	computer	0	1.018890	0.018890	4	block_computer_unfair
sub-109	younger	02	197.659000	3.502460	computer	0	2.018920	1.018920	9	block_computer_unfair
sub-109	younger	02	201.929000	3.518590	computer	1			3	block_computer_unfair
sub-109	younger	02	206.216000	3.520250	computer	0	1.619320	0.619320	2	block_computer_unfair
sub-109	younger	02	219.752000	3.526530	ingroup	1			4	block_ingroup_unfair
sub-109	younger	02	224.048000	3.530410	ingroup	1			8	block_ingroup_unfair
sub-109	younger	02	228.347000	3.521340	ingroup	0	1.539040	0.539040	4	block_ingroup_unfair
sub-109	younger	02	232.637000	3.525990	ingroup	0	1.337210	0.337210	2	block_ingroup_unfair
sub-109	younger	02	236.921000	3.514490	ingroup	0	1.155300	0.155300	6	block_ingroup_unfair
sub-109	younger	02	241.204000	3.529290	ingroup	0	1.175620	0.175620	4	block_ingroup_unfair
sub-109	younger	02	245.502000	3.529530	ingroup	0	1.031240	0.031240	4	block_ingroup_unfair
sub-109	younger	02	249.799000	3.508320	ingroup	0	2.088360	1.088360	1	block_ingroup_unfair
sub-109	younger	02	263.330000	3.518590	computer	0	2.719700	1.719700	4	block_computer_unfair
sub-109	younger	02	267.617000	3.523310	computer	0	1.819480	0.819480	3	block_computer_unfair
sub-109	younger	02	271.908000	3.516720	computer	0	2.031620	1.031620	2	block_computer_unfair
sub-109	younger	02	276.192000	3.529290	computer	0	1.116610	0.116610	1	block_computer_unfair
sub-109	younger	02	280.489000	3.526550	computer	0	1.557160	0.557160	3	block_computer_unfair
sub-109	younger	02	284.783000	3.504670	computer	0	1.332580	0.332580	5	block_computer_unfair
sub-109	younger	02	289.056000	3.514090	computer	0	2.748220	1.748220	8	block_computer_unfair
sub-109	younger	02	293.337000	3.523670	computer	0	1.402920	0.402920	1	block_computer_unfair
sub-109	younger	02	304.880000	3.526810	ingroup	0	2.187070	1.187070	8	block_ingroup_fair
sub-109	younger	02	309.176000	3.525740	ingroup	0	2.094720	1.094720	9	block_ingroup_fair
sub-109	younger	02	313.460000	3.509260	ingroup	0	1.430190	0.430190	8	block_ingroup_fair
sub-109	younger	02	317.737000	3.529290	ingroup	0	2.574110	1.574110	3	block_ingroup_fair
sub-109	younger	02	322.034000	3.529580	ingroup	0	1.996600	0.996600	10	block_ingroup_fair
sub-109	younger	02	326.332000	3.515670	ingroup	0	1.234580	0.234580	7	block_ingroup_fair
sub-109	younger	02	330.613000	3.538010	ingroup	1			5	block_ingroup_fair
sub-109	younger	02	334.919000	3.513250	ingroup	0	2.639080	1.639080	9	block_ingroup_fair
sub-109	younger	02	350.440000	3.531090	outgroup	0	1.497920	0.497920	2	block_outgroup_unfair
sub-109	younger	02	354.738000	3.513900	outgroup	0	1.035170	0.035170	1	block_outgroup_unfair
sub-109	younger	02	359.020000	3.518740	outgroup	0	1.673930	0.673930	4	block_outgroup_unfair
sub-109	younger	02	363.307000	3.513280	outgroup	0	2.357900	1.357900	3	block_outgroup_unfair
sub-109	younger	02	367.579000	3.519400	outgroup	0	1.288380	0.288380	3	block_outgroup_unfair
sub-109	younger	02	371.864000	3.522340	outgroup	1			6	block_outgroup_unfair
sub-109	younger	02	376.155000	3.532160	outgroup	1			3	block_outgroup_unfair
sub-109	younger	02	380.456000	3.504170	outgroup	0	1.489470	0.489470	9	block_outgroup_unfair
sub-110	younger	01	4.017090	3.510250	outgroup	0	1.186540	0.186540	3	block_outgroup_unfair
sub-110	younger	01	8.295740	3.525620	outgroup	0	1.028120	0.028120	5	block_outgroup_unfair
sub-110	younger	01	12.576700	3.512670	outgroup	0	1.016950	0.016950	9	block_outgroup_unfair
sub-110	younger	01	16.856800	3.526140	outgroup	0	1.023830	0.023830	2	block_outgroup_unfair
sub-110	younger	01	21.152900	3.511200	outgroup	0	1.030950	0.030950	1	block_outgroup_unfair
sub-110	younger	01	25.420100	3.509260	outgroup	0	1.017340	0.017340	2	block_outgroup_unfair
sub-110	younger	01	29.686500	3.523170	outgroup	0	1.021180	0.021180	1	block_outgroup_unfair
sub-110	younger	01	33.980500	3.509390	outgroup	0	1.030610	0.030610	3	block_outgroup_unfair
sub-110	younger	01	49.505800	3.522990	computer	0	1.051740	0.051740	7	block_computer_fair
sub-110	younger	01	53.799400	3.509660	computer	0	1.028180	0.028180	9	block_computer_fair
sub-110	younger	01	58.079900	3.527490	computer	0	1.017770	0.017770	9	block_computer_fair
sub-110	younger	01	62.375200	3.526040	computer	0	1.026280	0.026280	9	block_computer_fair
sub-110	younger	01	66.657100	3.509350	computer	0	1.030680	0.030680	2	block_computer_fair
sub-110	younger	01	70.922200	3.510010	computer	0	1.019600	0.019600	10	block_computer_fair
sub-110	younger	01	75.201700	3.511470	computer	0	1.026890	0.026890	8	block_computer_fair
sub-110	younger	01	79.482600	3.510800	computer	0	1.032560	0.032560	6	block_computer_fair
sub-110	younger	01	91.009300	3.508650	outgroup	0	1.032340	0.032340	10	block_outgroup_fair
sub-110	younger	01	95.289300	3.524760	outgroup	0	1.022350	0.022350	3	block_outgroup_fair
sub-110	younger	01	99.583600	3.510110	outgroup	0	1.031510	0.031510	9	block_outgroup_fair
sub-110	younger	01	103.864000	3.527880	outgroup	0	1.022340	0.022340	9	block_outgroup_fair
sub-110	younger	01	108.162000	3.524230	outgroup	0	1.026860	0.026860	7	block_outgroup_fair
sub-110	younger	01	112.443000	3.507180	outgroup	0	1.032260	0.032260	9	block_outgroup_fair
sub-110	younger	01	116.707000	3.525660	outgroup	0	1.021870	0.021870	6	block_outgroup_fair
sub-110	younger	01	121.004000	3.508480	outgroup	0	1.028890	0.028890	9	block_outgroup_fair
sub-110	younger	01	132.520000	3.518660	ingroup	0	1.022620	0.022620	8	block_ingroup_fair
sub-110	younger	01	136.809000	3.525470	ingroup	0	1.020020	0.020020	9	block_ingroup_fair
sub-110	younger	01	141.090000	3.508960	ingroup	0	1.059270	0.059270	8	block_ingroup_fair
sub-110	younger	01	145.355000	3.508690	ingroup	0	1.031260	0.031260	8	block_ingroup_fair
sub-110	younger	01	149.621000	3.523930	ingroup	0	1.018960	0.018960	3	block_ingroup_fair
sub-110	younger	01	153.900000	3.509840	ingroup	0	1.026710	0.026710	5	block_ingroup_fair
sub-110	younger	01	158.164000	3.503600	ingroup	0	1.032450	0.032450	8	block_ingroup_fair
sub-110	younger	01	162.430000	3.526980	ingroup	0	1.019850	0.019850	7	block_ingroup_fair
sub-110	younger	01	175.964000	3.523500	outgroup	0	1.064620	0.064620	5	block_outgroup_fair
sub-110	younger	01	180.259000	3.523940	outgroup	0	1.022140	0.022140	7	block_outgroup_fair
sub-110	younger	01	184.555000	3.507570	outgroup	0	1.029750	0.029750	9	block_outgroup_fair
sub-110	younger	01	188.820000	3.507830	outgroup	0	1.018350	0.018350	7	block_outgroup_fair
sub-110	younger	01	193.084000	3.524470	outgroup	0	1.024970	0.024970	9	block_outgroup_fair
sub-110	younger	01	197.380000	3.503920	outgroup	0	1.032900	0.032900	10	block_outgroup_fair
sub-110	younger	01	201.645000	3.527470	outgroup	0	1.020870	0.020870	2	block_outgroup_fair
sub-110	younger	01	205.942000	3.509340	outgroup	0	1.027670	0.027670	10	block_outgroup_fair
sub-110	younger	01	221.465000	3.508080	ingroup	0	1.016660	0.016660	5	block_ingroup_fair
sub-110	younger	01	225.730000	3.525440	ingroup	0	1.022520	0.022520	8	block_ingroup_fair
sub-110	younger	01	230.010000	3.510040	ingroup	0	1.029140	0.029140	7	block_ingroup_fair
sub-110	younger	01	234.277000	3.508400	ingroup	0	1.031930	0.031930	7	block_ingroup_fair
sub-110	younger	01	238.541000	3.523240	ingroup	0	1.021790	0.021790	8	block_ingroup_fair
sub-110	younger	01	242.821000	3.508640	ingroup	0	1.028500	0.028500	9	block_ingroup_fair
sub-110	younger	01	247.102000	3.523560	ingroup	0	1.017970	0.017970	2	block_ingroup_fair
sub-110	younger	01	251.382000	3.523410	ingroup	0	1.024470	0.024470	7	block_ingroup_fair
sub-110	younger	01	264.913000	3.526080	ingroup	0	1.021250	0.021250	4	block_ingroup_unfair
sub-110	younger	01	269.209000	3.511120	ingroup	0	1.029780	0.029780	6	block_ingroup_unfair
sub-110	younger	01	273.477000	3.507440	ingroup	0	1.030890	0.030890	1	block_ingroup_unfair
sub-110	younger	01	277.742000	3.522970	ingroup	0	1.020290	0.020290	3	block_ingroup_unfair
sub-110	younger	01	282.036000	3.509160	ingroup	0	1.028670	0.028670	3	block_ingroup_unfair
sub-110	younger	01	286.316000	3.509910	ingroup	0	1.019000	0.019000	8	block_ingroup_unfair
sub-110	younger	01	290.582000	3.523370	ingroup	0	1.023020	0.023020	4	block_ingroup_unfair
sub-110	younger	01	294.878000	3.504590	ingroup	0	1.031280	0.031280	4	block_ingroup_unfair
sub-110	younger	01	306.389000	3.508410	outgroup	0	1.062740	0.062740	6	block_outgroup_unfair
sub-110	younger	01	310.667000	3.525260	outgroup	0	1.021430	0.021430	2	block_outgroup_unfair
sub-110	younger	01	314.964000	3.508920	outgroup	0	1.028130	0.028130	7	block_outgroup_unfair
sub-110	younger	01	319.229000	3.508800	outgroup	0	1.033420	0.033420	1	block_outgroup_unfair
sub-110	younger	01	323.509000	3.512500	outgroup	0	1.023510	0.023510	3	block_outgroup_unfair
sub-110	younger	01	327.790000	3.510440	outgroup	0	1.028920	0.028920	1	block_outgroup_unfair
sub-110	younger	01	332.069000	3.527660	outgroup	0	1.020660	0.020660	4	block_outgroup_unfair
sub-110	younger	01	336.366000	3.525830	outgroup	0	1.027410	0.027410	3	block_outgroup_unfair
sub-110	younger	01	349.901000	3.521030	computer	0	1.020210	0.020210	1	block_computer_unfair
sub-110	younger	01	354.179000	3.508930	computer	0	1.028950	0.028950	4	block_computer_unfair
sub-110	younger	01	358.443000	3.510240	computer	0	1.018410	0.018410	9	block_computer_unfair
sub-110	younger	01	362.710000	3.513160	computer	0	1.021790	0.021790	3	block_computer_unfair
sub-110	younger	01	366.988000	3.507640	computer	0	1.029730	0.029730	1	block_computer_unfair
sub-110	younger	01	371.255000	3.509050	computer	0	1.033120	0.033120	6	block_computer_unfair
sub-110	younger	01	375.520000	3.525860	computer	0	1.022470	0.022470	4	block_computer_unfair
sub-110	younger	01	379.815000	3.525790	computer	0	1.030650	0.030650	4	block_computer_unfair
sub-110	younger	02	4.016120	3.523390	outgroup	0	1.018130	0.018130	3	block_outgroup_fair
sub-110	younger	02	8.311090	3.511400	outgroup	0	1.026550	0.026550	7	block_outgroup_fair
sub-110	younger	02	12.591400	3.510260	outgroup	0	1.032980	0.032980	7	block_outgroup_fair
sub-110	younger	02	16.871300	3.526890	outgroup	0	1.023720	0.023720	7	block_outgroup_fair
sub-110	younger	02	21.167200	3.510230	outgroup	0	1.030830	0.030830	10	block_outgroup_fair
sub-110	younger	02	25.448300	3.509150	outgroup	0	1.020000	0.020000	5	block_outgroup_fair
sub-110	younger	02	29.728100	3.526350	outgroup	0	1.027380	0.027380	8	block_outgroup_fair
sub-110	younger	02	34.011900	3.506580	outgroup	0	1.030210	0.030210	9	block_outgroup_fair
sub-110	younger	02	45.535100	3.509600	computer	0	1.033110	0.033110	3	block_computer_unfair
sub-110	younger	02	49.814400	3.526490	computer	0	1.024260	0.024260	5	block_computer_unfair
sub-110	younger	02	54.110800	3.511470	computer	0	1.031440	0.031440	2	block_computer_unfair
sub-110	younger	02	58.379600	3.506930	computer	0	1.032580	0.032580	2	block_computer_unfair
sub-110	younger	02	62.656800	3.510790	computer	0	1.025610	0.025610	4	block_computer_unfair
sub-110	younger	02	66.938400	3.508940	computer	0	1.030880	0.030880	2	block_computer_unfair
sub-110	younger	02	71.203900	3.522490	computer	0	1.018790	0.018790	8	block_computer_unfair
sub-110	younger	02	75.483500	3.524960	computer	0	1.026070	0.026070	1	block_computer_unfair
sub-110	younger	02	89.030500	3.525990	ingroup	0	1.023780	0.023780	10	block_ingroup_unfair
sub-110	younger	02	93.326100	3.510780	ingroup	0	1.031510	0.031510	5	block_ingroup_unfair
sub-110	younger	02	97.592800	3.508770	ingroup	0	1.018270	0.018270	3	block_ingroup_unfair
sub-110	younger	02	101.860000	3.522200	ingroup	0	1.020750	0.020750	4	block_ingroup_unfair
sub-110	younger	02	106.154000	3.523530	ingroup	0	1.180800	0.180800	3	block_ingroup_unfair
sub-110	younger	02	110.435000	3.524470	ingroup	0	1.020310	0.020310	1	block_ingroup_unfair
sub-110	younger	02	114.730000	3.509700	ingroup	0	1.028140	0.028140	1	block_ingroup_unfair
sub-110	younger	02	119.011000	3.501920	ingroup	0	1.017190	0.017190	4	block_ingroup_unfair
sub-110	younger	02	134.519000	3.524730	computer	0	1.022920	0.022920	3	block_computer_unfair
sub-110	younger	02	138.814000	3.509810	computer	0	1.030940	0.030940	8	block_computer_unfair
sub-110	younger	02	143.094000	3.524980	computer	0	1.020650	0.020650	4	block_computer_unfair
sub-110	younger	02	147.390000	3.511870	computer	0	1.029080	0.029080	5	block_computer_unfair
sub-110	younger	02	151.657000	3.508220	computer	0	1.032090	0.032090	1	block_computer_unfair
sub-110	younger	02	155.922000	3.524640	computer	0	1.020440	0.020440	1	block_computer_unfair
sub-110	younger	02	160.202000	3.509540	computer	0	1.027220	0.027220	4	block_computer_unfair
sub-110	younger	02	164.483000	3.524200	computer	0	1.033270	0.033270	1	block_computer_unfair
sub-110	younger	02	178.015000	3.507820	outgroup	0	1.045420	0.045420	2	block_outgroup_unfair
sub-110	younger	02	182.295000	3.526260	outgroup	0	1.019010	0.019010	4	block_outgroup_unfair
sub-110	younger	02	186.589000	3.512140	outgroup	0	1.028970	0.028970	3	block_outgroup_unfair
sub-110	younger	02	190.871000	3.509390	outgroup	0	1.033640	0.033640	2	block_outgroup_unfair
sub-110	younger	02	195.138000	3.523830	outgroup	0	1.019940	0.019940	2	block_outgroup_unfair
sub-110	younger	02	199.433000	3.508160	outgroup	0	1.027910	0.027910	10	block_outgroup_unfair
sub-110	younger	02	203.699000	3.509430	outgroup	0	1.033050	0.033050	6	block_outgroup_unfair
sub-110	younger	02	207.978000	3.525630	outgroup	0	1.024180	0.024180	2	block_outgroup_unfair
sub-110	younger	02	221.510000	3.511310	computer	0	1.019930	0.019930	10	block_computer_fair
sub-110	younger	02	225.789000	3.511430	computer	0	1.027260	0.027260	8	block_computer_fair
sub-110	younger	02	230.070000	3.510810	computer	0	1.033140	0.033140	9	block_computer_fair
sub-110	younger	02	234.336000	3.525360	computer	0	1.020640	0.020640	1	block_computer_fair
sub-110	younger	02	238.633000	3.509420	computer	0	1.027170	0.027170	6	block_computer_fair
sub-110	younger	02	242.913000	3.509940	computer	0	1.017330	0.017330	7	block_computer_fair
sub-110	younger	02	247.179000	3.522740	computer	0	1.021530	0.021530	9	block_computer_fair
sub-110	younger	02	251.459000	3.508910	computer	0	1.028910	0.028910	8	block_computer_fair
sub-110	younger	02	262.976000	3.518500	ingroup	0	1.021440	0.021440	10	block_ingroup_fair
sub-110	younger	02	267.266000	3.523470	ingroup	0	1.018220	0.018220	10	block_ingroup_fair
sub-110	younger	02	271.560000	3.509410	ingroup	0	1.027230	0.027230	6	block_ingroup_fair
sub-110	younger	02	275.825000	3.510030	ingroup	0	1.032770	0.032770	10	block_ingroup_fair
sub-110	younger	02	280.091000	3.523080	ingroup	0	1.020730	0.020730	8	block_ingroup_fair
sub-110	younger	02	284.356000	3.508790	ingroup	0	1.025160	0.025160	3	block_ingroup_fair
sub-110	younger	02	288.635000	3.502700	ingroup	0	1.032650	0.032650	8	block_ingroup_fair
sub-110	younger	02	292.900000	3.527370	ingroup	0	1.022030	0.022030	7	block_ingroup_fair
sub-110	younger	02	308.438000	3.511160	ingroup	0	1.029880	0.029880	1	block_ingroup_unfair
sub-110	younger	02	312.719000	3.510920	ingroup	0	1.019210	0.019210	1	block_ingroup_unfair
sub-110	younger	02	317.000000	3.525000	ingroup	0	1.024830	0.024830	1	block_ingroup_unfair
sub-110	younger	02	321.282000	3.508370	ingroup	0	1.029430	0.029430	2	block_ingroup_unfair
sub-110	younger	02	325.561000	3.510360	ingroup	0	1.021000	0.021000	1	block_ingroup_unfair
sub-110	younger	02	329.843000	3.524090	ingroup	0	1.025340	0.025340	9	block_ingroup_unfair
sub-110	younger	02	334.123000	3.509840	ingroup	0	1.032700	0.032700	4	block_ingroup_unfair
sub-110	younger	02	338.403000	3.512870	ingroup	0	1.022700	0.022700	6	block_ingroup_unfair
sub-110	younger	02	353.927000	3.525510	computer	0	1.028680	0.028680	9	block_computer_fair
sub-110	younger	02	358.221000	3.511450	computer	0	1.021100	0.021100	7	block_computer_fair
sub-110	younger	02	362.488000	3.525480	computer	0	1.024400	0.024400	2	block_computer_fair
sub-110	younger	02	366.783000	3.512010	computer	0	1.032750	0.032750	8	block_computer_fair
sub-110	younger	02	371.063000	3.526700	computer	0	1.022830	0.022830	9	block_computer_fair
sub-110	younger	02	375.348000	3.507000	computer	0	1.075280	0.075280	6	block_computer_fair
sub-110	younger	02	379.626000	3.508500	computer	0	1.033330	0.033330	8	block_computer_fair
sub-110	younger	02	383.891000	3.524700	computer	0	1.022080	0.022080	9	block_computer_fair
sub-111	older	01	4.014740	3.530600	ingroup	0	2.647550	1.647550	1	block_ingroup_fair
sub-111	older	01	8.310370	3.516630	ingroup	0	2.788990	1.788990	7	block_ingroup_fair
sub-111	older	01	12.583900	3.521570	ingroup	0	2.668910	1.668910	6	block_ingroup_fair
sub-111	older	01	16.871800	3.522510	ingroup	0	2.167510	1.167510	7	block_ingroup_fair
sub-111	older	01	21.165800	3.528910	ingroup	0	2.110250	1.110250	9	block_ingroup_fair
sub-111	older	01	25.452000	3.521780	ingroup	0	1.593650	0.593650	8	block_ingroup_fair
sub-111	older	01	29.730900	3.523940	ingroup	0	1.801730	0.801730	9	block_ingroup_fair
sub-111	older	01	34.014400	3.521820	ingroup	0	1.321740	0.321740	10	block_ingroup_fair
sub-111	older	01	45.556800	3.519890	outgroup	0	2.673110	1.673110	6	block_outgroup_fair
sub-111	older	01	49.835200	3.542380	outgroup	1			7	block_outgroup_fair
sub-111	older	01	54.145100	3.529230	outgroup	0	1.408570	0.408570	9	block_outgroup_fair
sub-111	older	01	58.442100	3.522210	outgroup	0	1.063600	0.063600	7	block_outgroup_fair
sub-111	older	01	62.723100	3.520790	outgroup	0	1.052930	0.052930	7	block_outgroup_fair
sub-111	older	01	67.016500	3.528640	outgroup	0	1.229720	0.229720	7	block_outgroup_fair
sub-111	older	01	71.313400	3.528920	outgroup	0	1.203030	0.203030	9	block_outgroup_fair
sub-111	older	01	75.602300	3.519910	outgroup	0	1.267720	0.267720	1	block_outgroup_fair
sub-111	older	01	89.144100	3.517710	outgroup	0	1.454540	0.454540	2	block_outgroup_unfair
sub-111	older	01	93.419200	3.524500	outgroup	0	1.031750	0.031750	3	block_outgroup_unfair
sub-111	older	01	97.704800	3.520950	outgroup	0	1.033100	0.033100	2	block_outgroup_unfair
sub-111	older	01	101.985000	3.515530	outgroup	0	1.207080	0.207080	3	block_outgroup_unfair
sub-111	older	01	106.264000	3.527430	outgroup	0	1.030940	0.030940	2	block_outgroup_unfair
sub-111	older	01	110.552000	3.519580	outgroup	0	1.030640	0.030640	6	block_outgroup_unfair
sub-111	older	01	114.838000	3.526100	outgroup	0	1.030500	0.030500	2	block_outgroup_unfair
sub-111	older	01	119.135000	3.529520	outgroup	0	1.304390	0.304390	8	block_outgroup_unfair
sub-111	older	01	130.679000	3.524920	computer	0	1.336080	0.336080	2	block_computer_unfair
sub-111	older	01	134.974000	3.527520	computer	0	1.161850	0.161850	9	block_computer_unfair
sub-111	older	01	139.259000	3.524000	computer	0	1.196620	0.196620	1	block_computer_unfair
sub-111	older	01	143.550000	3.528650	computer	0	1.026060	0.026060	1	block_computer_unfair
sub-111	older	01	147.844000	3.516290	computer	0	1.151640	0.151640	5	block_computer_unfair
sub-111	older	01	152.118000	3.524710	computer	0	1.031300	0.031300	1	block_computer_unfair
sub-111	older	01	156.411000	3.519200	computer	0	1.024800	0.024800	3	block_computer_unfair
sub-111	older	01	160.691000	3.523810	computer	0	1.532570	0.532570	4	block_computer_unfair
sub-111	older	01	176.228000	3.527940	ingroup	0	1.307750	0.307750	1	block_ingroup_unfair
sub-111	older	01	180.517000	3.517800	ingroup	0	1.021980	0.021980	4	block_ingroup_unfair
sub-111	older	01	184.803000	3.516640	ingroup	0	1.023090	0.023090	1	block_ingroup_unfair
sub-111	older	01	189.084000	3.516840	ingroup	0	1.028740	0.028740	8	block_ingroup_unfair
sub-111	older	01	193.361000	3.530350	ingroup	0	1.022020	0.022020	3	block_ingroup_unfair
sub-111	older	01	197.651000	3.520290	ingroup	0	1.018770	0.018770	4	block_ingroup_unfair
sub-111	older	01	201.941000	3.525140	ingroup	0	1.032240	0.032240	2	block_ingroup_unfair
sub-111	older	01	206.226000	3.521770	ingroup	0	1.218580	0.218580	5	block_ingroup_unfair
sub-111	older	01	219.757000	3.523760	outgroup	0	2.332120	1.332120	5	block_outgroup_unfair
sub-111	older	01	224.050000	3.528510	outgroup	0	1.024800	0.024800	1	block_outgroup_unfair
sub-111	older	01	228.337000	3.521180	outgroup	0	1.025090	0.025090	8	block_outgroup_unfair
sub-111	older	01	232.616000	3.520990	outgroup	0	1.033170	0.033170	1	block_outgroup_unfair
sub-111	older	01	236.893000	3.522170	outgroup	0	1.025620	0.025620	2	block_outgroup_unfair
sub-111	older	01	241.174000	3.526190	outgroup	0	1.031540	0.031540	1	block_outgroup_unfair
sub-111	older	01	245.458000	3.521100	outgroup	0	1.018260	0.018260	3	block_outgroup_unfair
sub-111	older	01	249.737000	3.522350	outgroup	0	1.710410	0.710410	2	block_outgroup_unfair
sub-111	older	01	261.272000	3.528250	computer	0	3.001780	2.001780	10	block_computer_fair
sub-111	older	01	265.559000	3.523020	computer	0	1.017060	0.017060	8	block_computer_fair
sub-111	older	01	269.840000	3.526670	computer	0	1.022850	0.022850	9	block_computer_fair
sub-111	older	01	274.135000	3.526620	computer	0	1.031100	0.031100	6	block_computer_fair
sub-111	older	01	278.429000	3.521370	computer	0	1.023720	0.023720	9	block_computer_fair
sub-111	older	01	282.710000	3.516580	computer	0	1.446900	0.446900	8	block_computer_fair
sub-111	older	01	286.991000	3.528060	computer	0	1.019030	0.019030	10	block_computer_fair
sub-111	older	01	291.284000	3.529900	computer	0	1.162940	0.162940	4	block_computer_fair
sub-111	older	01	306.825000	3.530710	outgroup	0	2.019210	1.019210	4	block_outgroup_fair
sub-111	older	01	311.122000	3.524760	outgroup	0	1.024660	0.024660	10	block_outgroup_fair
sub-111	older	01	315.404000	3.523340	outgroup	0	1.029140	0.029140	7	block_outgroup_fair
sub-111	older	01	319.699000	3.521920	outgroup	0	1.021160	0.021160	7	block_outgroup_fair
sub-111	older	01	323.982000	3.528150	outgroup	0	1.058810	0.058810	7	block_outgroup_fair
sub-111	older	01	328.276000	3.516920	outgroup	0	1.017590	0.017590	7	block_outgroup_fair
sub-111	older	01	332.556000	3.530400	outgroup	0	1.726670	0.726670	5	block_outgroup_fair
sub-111	older	01	336.853000	3.520900	outgroup	0	1.031710	0.031710	8	block_outgroup_fair
sub-111	older	01	352.391000	3.525240	ingroup	0	1.573050	0.573050	5	block_ingroup_fair
sub-111	older	01	356.676000	3.521740	ingroup	0	1.024530	0.024530	7	block_ingroup_fair
sub-111	older	01	360.955000	3.529020	ingroup	0	1.032270	0.032270	9	block_ingroup_fair
sub-111	older	01	365.253000	3.519840	ingroup	0	1.021830	0.021830	9	block_ingroup_fair
sub-111	older	01	369.530000	3.521910	ingroup	0	1.448040	0.448040	8	block_ingroup_fair
sub-111	older	01	373.812000	3.519230	ingroup	0	1.019190	0.019190	7	block_ingroup_fair
sub-111	older	01	378.091000	3.516090	ingroup	0	1.461270	0.461270	1	block_ingroup_fair
sub-111	older	01	382.369000	3.516500	ingroup	0	1.019620	0.019620	9	block_ingroup_fair
sub-111	older	02	4.013150	3.520260	computer	0	2.275910	1.275910	5	block_computer_fair
sub-111	older	02	8.292800	3.516240	computer	0	1.031300	0.031300	8	block_computer_fair
sub-111	older	02	12.572800	3.528160	computer	0	1.021220	0.021220	7	block_computer_fair
sub-111	older	02	16.868100	3.526620	computer	0	1.029610	0.029610	8	block_computer_fair
sub-111	older	02	21.163800	3.527640	computer	0	1.121270	0.121270	2	block_computer_fair
sub-111	older	02	25.458600	3.527680	computer	0	1.029420	0.029420	10	block_computer_fair
sub-111	older	02	29.743600	3.524670	computer	0	1.031170	0.031170	7	block_computer_fair
sub-111	older	02	34.035000	3.516840	computer	0	1.026990	0.026990	9	block_computer_fair
sub-111	older	02	49.559500	3.525640	computer	0	1.082080	0.082080	1	block_computer_unfair
sub-111	older	02	53.843300	3.519120	computer	0	1.018300	0.018300	7	block_computer_unfair
sub-111	older	02	58.123000	3.529080	computer	0	1.025360	0.025360	1	block_computer_unfair
sub-111	older	02	62.419900	3.527470	computer	0	1.032020	0.032020	1	block_computer_unfair
sub-111	older	02	66.714400	3.527940	computer	0	1.024590	0.024590	2	block_computer_unfair
sub-111	older	02	71.007700	3.529980	computer	0	1.018170	0.018170	4	block_computer_unfair
sub-111	older	02	75.294300	3.522630	computer	0	1.018110	0.018110	1	block_computer_unfair
sub-111	older	02	79.582800	3.516010	computer	0	1.033180	0.033180	6	block_computer_unfair
sub-111	older	02	91.112600	3.518640	ingroup	0	1.446710	0.446710	6	block_ingroup_unfair
sub-111	older	02	95.393700	3.524980	ingroup	0	1.018800	0.018800	1	block_ingroup_unfair
sub-111	older	02	99.686200	3.529660	ingroup	0	1.029970	0.029970	4	block_ingroup_unfair
sub-111	older	02	103.973000	3.523590	ingroup	0	1.029650	0.029650	2	block_ingroup_unfair
sub-111	older	02	108.254000	3.519530	ingroup	0	1.135660	0.135660	4	block_ingroup_unfair
sub-111	older	02	112.534000	3.521770	ingroup	0	1.326190	0.326190	2	block_ingroup_unfair
sub-111	older	02	116.814000	3.523220	ingroup	0	1.033020	0.033020	10	block_ingroup_unfair
sub-111	older	02	121.096000	3.526280	ingroup	0	1.171650	0.171650	1	block_ingroup_unfair
sub-111	older	02	132.629000	3.528990	ingroup	0	1.030620	0.030620	10	block_ingroup_fair
sub-111	older	02	136.918000	3.520150	ingroup	0	1.028810	0.028810	7	block_ingroup_fair
sub-111	older	02	141.197000	3.526520	ingroup	0	1.019780	0.019780	10	block_ingroup_fair
sub-111	older	02	145.493000	3.527210	ingroup	0	1.077480	0.077480	6	block_ingroup_fair
sub-111	older	02	149.777000	3.517540	ingroup	0	1.030150	0.030150	7	block_ingroup_fair
sub-111	older	02	154.052000	3.528920	ingroup	0	1.025100	0.025100	9	block_ingroup_fair
sub-111	older	02	158.349000	3.528030	ingroup	0	1.199030	0.199030	4	block_ingroup_fair
sub-111	older	02	162.644000	3.529560	ingroup	0	1.024130	0.024130	8	block_ingroup_fair
sub-111	older	02	174.187000	3.517290	outgroup	0	1.022950	0.022950	10	block_outgroup_fair
sub-111	older	02	178.466000	3.528520	outgroup	0	1.031530	0.031530	9	block_outgroup_fair
sub-111	older	02	182.751000	3.522800	outgroup	0	1.033040	0.033040	5	block_outgroup_fair
sub-111	older	02	187.041000	3.516690	outgroup	0	1.029880	0.029880	4	block_outgroup_fair
sub-111	older	02	191.320000	3.515980	outgroup	0	1.021300	0.021300	8	block_outgroup_fair
sub-111	older	02	195.601000	3.529240	outgroup	0	1.026880	0.026880	7	block_outgroup_fair
sub-111	older	02	199.898000	3.528680	outgroup	0	1.017590	0.017590	7	block_outgroup_fair
sub-111	older	02	204.185000	3.520830	outgroup	0	1.017500	0.017500	8	block_outgroup_fair
sub-111	older	02	217.718000	3.522240	computer	0	1.161550	0.161550	8	block_computer_fair
sub-111	older	02	222.009000	3.527670	computer	0	1.174550	0.174550	1	block_computer_fair
sub-111	older	02	226.302000	3.516580	computer	0	1.017740	0.017740	6	block_computer_fair
sub-111	older	02	230.590000	3.522450	computer	0	1.016630	0.016630	8	block_computer_fair
sub-111	older	02	234.877000	3.529960	computer	0	1.032960	0.032960	7	block_computer_fair
sub-111	older	02	239.164000	3.531680	computer	0	1.032900	0.032900	9	block_computer_fair
sub-111	older	02	243.460000	3.522410	computer	0	1.024080	0.024080	8	block_computer_fair
sub-111	older	02	247.741000	3.523160	computer	0	1.030170	0.030170	8	block_computer_fair
sub-111	older	02	261.272000	3.523840	ingroup	0	1.694300	0.694300	2	block_ingroup_unfair
sub-111	older	02	265.554000	3.525070	ingroup	0	1.031700	0.031700	6	block_ingroup_unfair
sub-111	older	02	269.837000	3.518810	ingroup	0	1.018390	0.018390	7	block_ingroup_unfair
sub-111	older	02	274.127000	3.521200	ingroup	0	1.032220	0.032220	4	block_ingroup_unfair
sub-111	older	02	278.406000	3.527210	ingroup	0	1.023800	0.023800	3	block_ingroup_unfair
sub-111	older	02	282.693000	3.520930	ingroup	0	1.023510	0.023510	4	block_ingroup_unfair
sub-111	older	02	286.973000	3.521500	ingroup	0	1.030500	0.030500	1	block_ingroup_unfair
sub-111	older	02	291.253000	3.522300	ingroup	0	1.020070	0.020070	1	block_ingroup_unfair
sub-111	older	02	304.793000	3.530940	computer	0	1.609300	0.609300	7	block_computer_unfair
sub-111	older	02	309.093000	3.516890	computer	0	1.029190	0.029190	6	block_computer_unfair
sub-111	older	02	313.366000	3.518890	computer	0	1.109160	0.109160	4	block_computer_unfair
sub-111	older	02	317.643000	3.522690	computer	0	1.018850	0.018850	4	block_computer_unfair
sub-111	older	02	321.924000	3.520210	computer	0	1.024530	0.024530	4	block_computer_unfair
sub-111	older	02	326.203000	3.528590	computer	0	1.031730	0.031730	4	block_computer_unfair
sub-111	older	02	330.499000	3.526160	computer	0	1.023040	0.023040	4	block_computer_unfair
sub-111	older	02	334.796000	3.526680	computer	0	1.531220	0.531220	1	block_computer_unfair
sub-111	older	02	350.336000	3.522490	outgroup	0	2.137390	1.137390	3	block_outgroup_unfair
sub-111	older	02	354.619000	3.520020	outgroup	0	1.022520	0.022520	3	block_outgroup_unfair
sub-111	older	02	358.899000	3.521150	outgroup	0	1.030310	0.030310	3	block_outgroup_unfair
sub-111	older	02	363.177000	3.519170	outgroup	0	1.138490	0.138490	1	block_outgroup_unfair
sub-111	older	02	367.456000	3.525570	outgroup	0	1.029670	0.029670	10	block_outgroup_unfair
sub-111	older	02	371.739000	3.523480	outgroup	0	1.017220	0.017220	3	block_outgroup_unfair
sub-111	older	02	376.035000	3.518280	outgroup	0	1.025170	0.025170	5	block_outgroup_unfair
sub-111	older	02	380.313000	3.522440	outgroup	0	1.218050	0.218050	1	block_outgroup_unfair
sub-112	younger	01	4.016690	3.512620	computer	0	2.274770	1.274770	1	block_computer_unfair
sub-112	younger	01	8.297030	3.513050	computer	0	1.029820	0.029820	2	block_computer_unfair
sub-112	younger	01	12.577700	3.513460	computer	0	2.020590	1.020590	2	block_computer_unfair
sub-112	younger	01	16.858500	3.513450	computer	0	1.793250	0.793250	6	block_computer_unfair
sub-112	younger	01	21.139500	3.513380	computer	0	1.598830	0.598830	4	block_computer_unfair
sub-112	younger	01	25.420500	3.513340	computer	0	2.221730	1.221730	4	block_computer_unfair
sub-112	younger	01	29.701500	3.528910	computer	0	1.610480	0.610480	1	block_computer_unfair
sub-112	younger	01	33.998200	3.528780	computer	0	1.500400	0.500400	8	block_computer_unfair
sub-112	younger	01	49.546200	3.510920	outgroup	0	2.115670	1.115670	4	block_outgroup_unfair
sub-112	younger	01	53.826300	3.511780	outgroup	0	1.605370	0.605370	3	block_outgroup_unfair
sub-112	younger	01	58.105900	3.513120	outgroup	0	1.929570	0.929570	3	block_outgroup_unfair
sub-112	younger	01	62.386800	3.513130	outgroup	0	2.085610	1.085610	6	block_outgroup_unfair
sub-112	younger	01	66.667800	3.513080	outgroup	0	1.824550	0.824550	8	block_outgroup_unfair
sub-112	younger	01	70.948800	3.528710	outgroup	0	1.797180	0.797180	4	block_outgroup_unfair
sub-112	younger	01	75.245200	3.513170	outgroup	0	1.587280	0.587280	3	block_outgroup_unfair
sub-112	younger	01	79.526200	3.513150	outgroup	0	1.343070	0.343070	1	block_outgroup_unfair
sub-112	younger	01	93.058100	3.527150	ingroup	0	1.389120	0.389120	4	block_ingroup_unfair
sub-112	younger	01	97.354200	3.511920	ingroup	0	1.596810	0.596810	4	block_ingroup_unfair
sub-112	younger	01	101.634000	3.512770	ingroup	0	1.353240	0.353240	1	block_ingroup_unfair
sub-112	younger	01	105.915000	3.512650	ingroup	0	1.526010	0.526010	10	block_ingroup_unfair
sub-112	younger	01	110.196000	3.512890	ingroup	0	1.948970	0.948970	2	block_ingroup_unfair
sub-112	younger	01	114.477000	3.512900	ingroup	0	1.754740	0.754740	5	block_ingroup_unfair
sub-112	younger	01	118.758000	3.528470	ingroup	0	1.844130	0.844130	4	block_ingroup_unfair
sub-112	younger	01	123.055000	3.512850	ingroup	0	1.450640	0.450640	3	block_ingroup_unfair
sub-112	younger	01	136.585000	3.512870	ingroup	0	1.448020	0.448020	10	block_ingroup_fair
sub-112	younger	01	140.866000	3.512840	ingroup	0	1.804330	0.804330	6	block_ingroup_fair
sub-112	younger	01	145.147000	3.512880	ingroup	0	1.643560	0.643560	4	block_ingroup_fair
sub-112	younger	01	149.428000	3.512640	ingroup	0	1.899230	0.899230	10	block_ingroup_fair
sub-112	younger	01	153.709000	3.512890	ingroup	0	1.488270	0.488270	10	block_ingroup_fair
sub-112	younger	01	157.990000	3.512880	ingroup	0	1.694600	0.694600	8	block_ingroup_fair
sub-112	younger	01	162.271000	3.513240	ingroup	0	1.434900	0.434900	7	block_ingroup_fair
sub-112	younger	01	166.552000	3.512850	ingroup	0	1.756110	0.756110	7	block_ingroup_fair
sub-112	younger	01	180.082000	3.528160	computer	0	1.686480	0.686480	5	block_computer_unfair
sub-112	younger	01	184.378000	3.513320	computer	0	1.427540	0.427540	4	block_computer_unfair
sub-112	younger	01	188.659000	3.513430	computer	0	1.650070	0.650070	3	block_computer_unfair
sub-112	younger	01	192.940000	3.513360	computer	0	1.556020	0.556020	4	block_computer_unfair
sub-112	younger	01	197.221000	3.513380	computer	0	1.962280	0.962280	2	block_computer_unfair
sub-112	younger	01	201.502000	3.513400	computer	0	1.884790	0.884790	2	block_computer_unfair
sub-112	younger	01	205.783000	3.513450	computer	0	1.440500	0.440500	4	block_computer_unfair
sub-112	younger	01	210.064000	3.528990	computer	0	1.579660	0.579660	10	block_computer_unfair
sub-112	younger	01	225.611000	3.511670	outgroup	0	1.428240	0.428240	1	block_outgroup_fair
sub-112	younger	01	229.892000	3.527560	outgroup	0	1.517890	0.517890	7	block_outgroup_fair
sub-112	younger	01	234.187000	3.513140	outgroup	0	1.442730	0.442730	7	block_outgroup_fair
sub-112	younger	01	238.468000	3.513160	outgroup	0	1.498420	0.498420	10	block_outgroup_fair
sub-112	younger	01	242.749000	3.528820	outgroup	0	1.921470	0.921470	10	block_outgroup_fair
sub-112	younger	01	247.046000	3.512920	outgroup	0	1.661420	0.661420	5	block_outgroup_fair
sub-112	younger	01	251.327000	3.513140	outgroup	0	1.433930	0.433930	7	block_outgroup_fair
sub-112	younger	01	255.608000	3.513280	outgroup	0	1.790330	0.790330	8	block_outgroup_fair
sub-112	younger	01	267.139000	3.512170	computer	0	1.317980	0.317980	5	block_computer_fair
sub-112	younger	01	271.419000	3.513210	computer	0	1.524890	0.524890	10	block_computer_fair
sub-112	younger	01	275.700000	3.513390	computer	0	1.480880	0.480880	9	block_computer_fair
sub-112	younger	01	279.981000	3.513470	computer	0	1.353460	0.353460	2	block_computer_fair
sub-112	younger	01	284.262000	3.513380	computer	0	1.693030	0.693030	10	block_computer_fair
sub-112	younger	01	288.542000	3.513400	computer	0	1.415410	0.415410	8	block_computer_fair
sub-112	younger	01	292.823000	3.528550	computer	0	1.688100	0.688100	8	block_computer_fair
sub-112	younger	01	297.120000	3.513270	computer	0	1.662150	0.662150	10	block_computer_fair
sub-112	younger	01	308.652000	3.511390	ingroup	0	1.355650	0.355650	2	block_ingroup_unfair
sub-112	younger	01	312.933000	3.511280	ingroup	0	1.478120	0.478120	4	block_ingroup_unfair
sub-112	younger	01	317.212000	3.512840	ingroup	0	1.936120	0.936120	1	block_ingroup_unfair
sub-112	younger	01	321.493000	3.512860	ingroup	0	1.458350	0.458350	5	block_ingroup_unfair
sub-112	younger	01	325.774000	3.528500	ingroup	0	2.048120	1.048120	4	block_ingroup_unfair
sub-112	younger	01	330.071000	3.512820	ingroup	0	1.554620	0.554620	1	block_ingroup_unfair
sub-112	younger	01	334.352000	3.512770	ingroup	0	1.743800	0.743800	2	block_ingroup_unfair
sub-112	younger	01	338.633000	3.512910	ingroup	0	1.466540	0.466540	8	block_ingroup_unfair
sub-112	younger	01	350.164000	3.512280	computer	0	1.444920	0.444920	7	block_computer_fair
sub-112	younger	01	354.445000	3.527930	computer	0	1.016920	0.016920	7	block_computer_fair
sub-112	younger	01	358.740000	3.513330	computer	0	1.425440	0.425440	10	block_computer_fair
sub-112	younger	01	363.021000	3.513450	computer	0	1.431480	0.431480	2	block_computer_fair
sub-112	younger	01	367.302000	3.528990	computer	0	1.437340	0.437340	6	block_computer_fair
sub-112	younger	01	371.599000	3.513320	computer	0	1.477490	0.477490	10	block_computer_fair
sub-112	younger	01	375.879000	3.529030	computer	0	1.750500	0.750500	9	block_computer_fair
sub-112	younger	01	380.176000	3.513520	computer	0	2.191540	1.191540	7	block_computer_fair
sub-112	younger	02	4.012730	3.511570	ingroup	0	1.338730	0.338730	2	block_ingroup_fair
sub-112	younger	02	8.293460	3.511640	ingroup	0	1.478190	0.478190	10	block_ingroup_fair
sub-112	younger	02	12.573100	3.512940	ingroup	0	1.435310	0.435310	6	block_ingroup_fair
sub-112	younger	02	16.854200	3.509220	ingroup	0	1.441050	0.441050	7	block_ingroup_fair
sub-112	younger	02	21.131600	3.512670	ingroup	0	1.650860	0.650860	7	block_ingroup_fair
sub-112	younger	02	25.412300	3.512980	ingroup	0	1.523430	0.523430	8	block_ingroup_fair
sub-112	younger	02	29.693300	3.512900	ingroup	0	1.679440	0.679440	10	block_ingroup_fair
sub-112	younger	02	33.974500	3.512670	ingroup	0	1.384860	0.384860	7	block_ingroup_fair
sub-112	younger	02	47.505600	3.511810	outgroup	0	1.464930	0.464930	8	block_outgroup_fair
sub-112	younger	02	51.785300	3.518000	outgroup	0	1.488770	0.488770	7	block_outgroup_fair
sub-112	younger	02	56.071100	3.513120	outgroup	0	1.723950	0.723950	7	block_outgroup_fair
sub-112	younger	02	60.352000	3.513170	outgroup	0	1.429250	0.429250	3	block_outgroup_fair
sub-112	younger	02	64.633000	3.513130	outgroup	0	1.451710	0.451710	6	block_outgroup_fair
sub-112	younger	02	68.913900	3.528690	outgroup	0	1.390820	0.390820	8	block_outgroup_fair
sub-112	younger	02	73.210500	3.513070	outgroup	0	1.581310	0.581310	7	block_outgroup_fair
sub-112	younger	02	77.491400	3.513160	outgroup	0	1.337100	0.337100	10	block_outgroup_fair
sub-112	younger	02	89.021800	3.513140	outgroup	0	1.599900	0.599900	4	block_outgroup_unfair
sub-112	younger	02	93.302800	3.513080	outgroup	0	1.338570	0.338570	2	block_outgroup_unfair
sub-112	younger	02	97.583700	3.528880	outgroup	0	1.361270	0.361270	9	block_outgroup_unfair
sub-112	younger	02	101.880000	3.513150	outgroup	0	1.785410	0.785410	4	block_outgroup_unfair
sub-112	younger	02	106.161000	3.528740	outgroup	0	1.924980	0.924980	6	block_outgroup_unfair
sub-112	younger	02	110.458000	3.528660	outgroup	0	1.330890	0.330890	1	block_outgroup_unfair
sub-112	younger	02	114.754000	3.528800	outgroup	0	1.955580	0.955580	3	block_outgroup_unfair
sub-112	younger	02	119.051000	3.513130	outgroup	0	1.411720	0.411720	4	block_outgroup_unfair
sub-112	younger	02	134.583000	3.527270	ingroup	0	1.359530	0.359530	10	block_ingroup_fair
sub-112	younger	02	138.878000	3.512840	ingroup	0	1.317720	0.317720	6	block_ingroup_fair
sub-112	younger	02	143.159000	3.512820	ingroup	0	1.357010	0.357010	8	block_ingroup_fair
sub-112	younger	02	147.440000	3.512900	ingroup	0	1.513120	0.513120	3	block_ingroup_fair
sub-112	younger	02	151.721000	3.512900	ingroup	0	2.302970	1.302970	9	block_ingroup_fair
sub-112	younger	02	156.002000	3.512680	ingroup	0	1.457910	0.457910	10	block_ingroup_fair
sub-112	younger	02	160.283000	3.512820	ingroup	0	1.363880	0.363880	8	block_ingroup_fair
sub-112	younger	02	164.564000	3.512820	ingroup	0	1.019290	0.019290	7	block_ingroup_fair
sub-112	younger	02	178.095000	3.527560	outgroup	0	1.483200	0.483200	7	block_outgroup_fair
sub-112	younger	02	182.390000	3.513010	outgroup	0	1.074220	0.074220	7	block_outgroup_fair
sub-112	younger	02	186.671000	3.513140	outgroup	0	1.413920	0.413920	9	block_outgroup_fair
sub-112	younger	02	190.952000	3.513170	outgroup	0	1.386480	0.386480	8	block_outgroup_fair
sub-112	younger	02	195.233000	3.513120	outgroup	0	1.459180	0.459180	9	block_outgroup_fair
sub-112	younger	02	199.514000	3.513090	outgroup	0	1.415160	0.415160	2	block_outgroup_fair
sub-112	younger	02	203.795000	3.513070	outgroup	0	1.620890	0.620890	5	block_outgroup_fair
sub-112	younger	02	208.076000	3.528770	outgroup	0	1.593770	0.593770	9	block_outgroup_fair
sub-112	younger	02	223.622000	3.512440	computer	0	1.409880	0.409880	7	block_computer_fair
sub-112	younger	02	227.902000	3.513310	computer	0	1.449960	0.449960	10	block_computer_fair
sub-112	younger	02	232.183000	3.509890	computer	0	1.522380	0.522380	4	block_computer_fair
sub-112	younger	02	236.461000	3.513410	computer	0	1.832340	0.832340	7	block_computer_fair
sub-112	younger	02	240.742000	3.513350	computer	0	1.604410	0.604410	6	block_computer_fair
sub-112	younger	02	245.022000	3.513480	computer	0	1.493710	0.493710	7	block_computer_fair
sub-112	younger	02	249.304000	3.513410	computer	0	1.416230	0.416230	10	block_computer_fair
sub-112	younger	02	253.584000	3.528740	computer	1			10	block_computer_fair
sub-112	younger	02	265.130000	3.513430	computer	0	1.352310	0.352310	1	block_computer_unfair
sub-112	younger	02	269.411000	3.513300	computer	0	1.458260	0.458260	8	block_computer_unfair
sub-112	younger	02	273.692000	3.528960	computer	0	1.580920	0.580920	4	block_computer_unfair
sub-112	younger	02	277.989000	3.513430	computer	0	1.404360	0.404360	6	block_computer_unfair
sub-112	younger	02	282.270000	3.528990	computer	0	1.627180	0.627180	3	block_computer_unfair
sub-112	younger	02	286.566000	3.513360	computer	0	1.417350	0.417350	4	block_computer_unfair
sub-112	younger	02	290.847000	3.513430	computer	0	1.356430	0.356430	4	block_computer_unfair
sub-112	younger	02	295.128000	3.513410	computer	0	1.512440	0.512440	4	block_computer_unfair
sub-112	younger	02	306.660000	3.511680	ingroup	0	1.339770	0.339770	2	block_ingroup_unfair
sub-112	younger	02	310.942000	3.511490	ingroup	0	1.412560	0.412560	4	block_ingroup_unfair
sub-112	younger	02	315.221000	3.512900	ingroup	0	1.319480	0.319480	1	block_ingroup_unfair
sub-112	younger	02	319.502000	3.528420	ingroup	0	1.375860	0.375860	4	block_ingroup_unfair
sub-112	younger	02	323.799000	3.512830	ingroup	0	1.465590	0.465590	3	block_ingroup_unfair
sub-112	younger	02	328.080000	3.512850	ingroup	0	1.471790	0.471790	7	block_ingroup_unfair
sub-112	younger	02	332.360000	3.512940	ingroup	0	1.510950	0.510950	6	block_ingroup_unfair
sub-112	younger	02	336.641000	3.512950	ingroup	0	1.450220	0.450220	1	block_ingroup_unfair
sub-112	younger	02	352.173000	3.514790	outgroup	0	1.381460	0.381460	1	block_outgroup_unfair
sub-112	younger	02	356.455000	3.513170	outgroup	0	1.152280	0.152280	8	block_outgroup_unfair
sub-112	younger	02	360.736000	3.513050	outgroup	0	1.608420	0.608420	4	block_outgroup_unfair
sub-112	younger	02	365.017000	3.513210	outgroup	0	1.614550	0.614550	6	block_outgroup_unfair
sub-112	younger	02	369.298000	3.513110	outgroup	0	1.320050	0.320050	3	block_outgroup_unfair
sub-112	younger	02	373.579000	3.513080	outgroup	0	1.592430	0.592430	4	block_outgroup_unfair
sub-112	younger	02	377.860000	3.512920	outgroup	0	1.365120	0.365120	3	block_outgroup_unfair
sub-112	younger	02	382.141000	3.528830	outgroup	0	1.688270	0.688270	4	block_outgroup_unfair
sub-113	younger	01	4.014440	3.512790	computer	0	2.197390	1.197390	3	block_computer_unfair
sub-113	younger	01	8.294850	3.513250	computer	0	1.586790	0.586790	1	block_computer_unfair
sub-113	younger	01	12.575800	3.528840	computer	0	1.892970	0.892970	1	block_computer_unfair
sub-113	younger	01	16.872100	3.513540	computer	0	2.233740	1.233740	7	block_computer_unfair
sub-113	younger	01	21.153100	3.513320	computer	0	1.472810	0.472810	1	block_computer_unfair
sub-113	younger	01	25.434000	3.513370	computer	0	1.461590	0.461590	2	block_computer_unfair
sub-113	younger	01	29.714900	3.513440	computer	0	1.884550	0.884550	6	block_computer_unfair
sub-113	younger	01	33.996000	3.513300	computer	0	1.373260	0.373260	1	block_computer_unfair
sub-113	younger	01	49.528100	3.526990	outgroup	0	1.704380	0.704380	3	block_outgroup_unfair
sub-113	younger	01	53.824100	3.527580	outgroup	0	1.611800	0.611800	7	block_outgroup_unfair
sub-113	younger	01	58.119400	3.513200	outgroup	0	1.419780	0.419780	2	block_outgroup_unfair
sub-113	younger	01	62.400500	3.513010	outgroup	0	1.909130	0.909130	6	block_outgroup_unfair
sub-113	younger	01	66.681400	3.513090	outgroup	0	1.581600	0.581600	4	block_outgroup_unfair
sub-113	younger	01	70.962300	3.513110	outgroup	0	1.520760	0.520760	4	block_outgroup_unfair
sub-113	younger	01	75.243100	3.513210	outgroup	0	1.460370	0.460370	1	block_outgroup_unfair
sub-113	younger	01	79.524200	3.513090	outgroup	0	1.482560	0.482560	1	block_outgroup_unfair
sub-113	younger	01	91.056300	3.511410	ingroup	0	1.776780	0.776780	4	block_ingroup_unfair
sub-113	younger	01	95.336100	3.512550	ingroup	0	1.383720	0.383720	1	block_ingroup_unfair
sub-113	younger	01	99.616600	3.512980	ingroup	0	1.690370	0.690370	4	block_ingroup_unfair
sub-113	younger	01	103.898000	3.512810	ingroup	0	1.429220	0.429220	3	block_ingroup_unfair
sub-113	younger	01	108.179000	3.512860	ingroup	0	1.685130	0.685130	8	block_ingroup_unfair
sub-113	younger	01	112.461000	3.526870	ingroup	0	1.422680	0.422680	1	block_ingroup_unfair
sub-113	younger	01	116.756000	3.512950	ingroup	0	1.414650	0.414650	6	block_ingroup_unfair
sub-113	younger	01	121.037000	3.512930	ingroup	0	1.387070	0.387070	4	block_ingroup_unfair
sub-113	younger	01	134.568000	3.512660	computer	0	1.417680	0.417680	4	block_computer_unfair
sub-113	younger	01	138.848000	3.513390	computer	0	1.624730	0.624730	8	block_computer_unfair
sub-113	younger	01	143.129000	3.513390	computer	0	1.463580	0.463580	1	block_computer_unfair
sub-113	younger	01	147.410000	3.513440	computer	0	1.419560	0.419560	4	block_computer_unfair
sub-113	younger	01	151.691000	3.513330	computer	0	1.942490	0.942490	4	block_computer_unfair
sub-113	younger	01	155.971000	3.513480	computer	0	1.381620	0.381620	2	block_computer_unfair
sub-113	younger	01	160.252000	3.513410	computer	0	1.387400	0.387400	1	block_computer_unfair
sub-113	younger	01	164.533000	3.513370	computer	0	1.726640	0.726640	5	block_computer_unfair
sub-113	younger	01	180.064000	3.513290	computer	0	1.659370	0.659370	8	block_computer_fair
sub-113	younger	01	184.344000	3.513430	computer	0	1.431770	0.431770	2	block_computer_fair
sub-113	younger	01	188.625000	3.513510	computer	0	1.971700	0.971700	5	block_computer_fair
sub-113	younger	01	192.906000	3.513440	computer	0	1.927450	0.927450	8	block_computer_fair
sub-113	younger	01	197.187000	3.529050	computer	0	1.549660	0.549660	9	block_computer_fair
sub-113	younger	01	201.484000	3.513410	computer	0	1.840150	0.840150	8	block_computer_fair
sub-113	younger	01	205.765000	3.517630	computer	0	1.729430	0.729430	8	block_computer_fair
sub-113	younger	01	210.050000	3.513460	computer	0	1.497630	0.497630	10	block_computer_fair
sub-113	younger	01	221.582000	3.511480	ingroup	0	1.925000	0.925000	5	block_ingroup_unfair
sub-113	younger	01	225.863000	3.511560	ingroup	0	1.380530	0.380530	2	block_ingroup_unfair
sub-113	younger	01	230.143000	3.515770	ingroup	0	1.721270	0.721270	2	block_ingroup_unfair
sub-113	younger	01	234.427000	3.512900	ingroup	0	1.557640	0.557640	2	block_ingroup_unfair
sub-113	younger	01	238.708000	3.512680	ingroup	0	1.646830	0.646830	7	block_ingroup_unfair
sub-113	younger	01	242.988000	3.528450	ingroup	0	1.469570	0.469570	2	block_ingroup_unfair
sub-113	younger	01	247.285000	3.512830	ingroup	0	1.459630	0.459630	2	block_ingroup_unfair
sub-113	younger	01	251.566000	3.528500	ingroup	0	1.782450	0.782450	1	block_ingroup_unfair
sub-113	younger	01	265.112000	3.528460	ingroup	0	1.547410	0.547410	1	block_ingroup_fair
sub-113	younger	01	269.408000	3.512840	ingroup	0	1.521500	0.521500	7	block_ingroup_fair
sub-113	younger	01	273.689000	3.512880	ingroup	0	1.443920	0.443920	8	block_ingroup_fair
sub-113	younger	01	277.970000	3.512800	ingroup	0	1.666330	0.666330	6	block_ingroup_fair
sub-113	younger	01	282.251000	3.512910	ingroup	0	1.555470	0.555470	7	block_ingroup_fair
sub-113	younger	01	286.532000	3.512830	ingroup	0	1.461370	0.461370	9	block_ingroup_fair
sub-113	younger	01	290.814000	3.530000	ingroup	0	1.766500	0.766500	8	block_ingroup_fair
sub-113	younger	01	295.112000	3.512840	ingroup	0	1.538440	0.538440	7	block_ingroup_fair
sub-113	younger	01	306.644000	3.511780	outgroup	0	1.966580	0.966580	5	block_outgroup_fair
sub-113	younger	01	310.923000	3.528770	outgroup	0	1.890670	0.890670	8	block_outgroup_fair
sub-113	younger	01	315.220000	3.513170	outgroup	0	1.647440	0.647440	10	block_outgroup_fair
sub-113	younger	01	319.501000	3.513210	outgroup	0	1.419850	0.419850	4	block_outgroup_fair
sub-113	younger	01	323.782000	3.528770	outgroup	0	1.642320	0.642320	10	block_outgroup_fair
sub-113	younger	01	328.078000	3.513120	outgroup	0	1.499230	0.499230	9	block_outgroup_fair
sub-113	younger	01	332.359000	3.528770	outgroup	0	1.455270	0.455270	10	block_outgroup_fair
sub-113	younger	01	336.656000	3.513000	outgroup	0	2.496180	1.496180	7	block_outgroup_fair
sub-113	younger	01	350.187000	3.512580	computer	0	1.258910	0.258910	10	block_computer_fair
sub-113	younger	01	354.468000	3.528360	computer	0	1.498710	0.498710	7	block_computer_fair
sub-113	younger	01	358.763000	3.529000	computer	0	1.439360	0.439360	7	block_computer_fair
sub-113	younger	01	363.060000	3.513460	computer	0	1.446520	0.446520	9	block_computer_fair
sub-113	younger	01	367.341000	3.513400	computer	0	1.368910	0.368910	5	block_computer_fair
sub-113	younger	01	371.622000	3.513290	computer	0	1.608170	0.608170	9	block_computer_fair
sub-113	younger	01	375.903000	3.513480	computer	0	1.514390	0.514390	4	block_computer_fair
sub-113	younger	01	380.184000	3.529060	computer	0	1.470300	0.470300	7	block_computer_fair
sub-113	younger	02	4.010600	3.527480	outgroup	0	1.748140	0.748140	9	block_outgroup_fair
sub-113	younger	02	8.306750	3.512140	outgroup	0	1.472200	0.472200	10	block_outgroup_fair
sub-113	younger	02	12.586700	3.513110	outgroup	0	1.495440	0.495440	8	block_outgroup_fair
sub-113	younger	02	16.867500	3.513230	outgroup	0	1.418160	0.418160	8	block_outgroup_fair
sub-113	younger	02	21.148700	3.513050	outgroup	0	1.840860	0.840860	5	block_outgroup_fair
sub-113	younger	02	25.429500	3.513090	outgroup	0	1.413280	0.413280	9	block_outgroup_fair
sub-113	younger	02	29.710400	3.528830	outgroup	0	1.469290	0.469290	7	block_outgroup_fair
sub-113	younger	02	34.007100	3.513070	outgroup	0	1.426110	0.426110	4	block_outgroup_fair
sub-113	younger	02	49.538900	3.511410	ingroup	0	1.523760	0.523760	1	block_ingroup_fair
sub-113	younger	02	53.819600	3.511580	ingroup	0	1.429660	0.429660	10	block_ingroup_fair
sub-113	younger	02	58.099200	3.512930	ingroup	0	1.553790	0.553790	7	block_ingroup_fair
sub-113	younger	02	62.380400	3.512710	ingroup	0	1.692980	0.692980	9	block_ingroup_fair
sub-113	younger	02	66.661800	3.512200	ingroup	0	1.464810	0.464810	7	block_ingroup_fair
sub-113	younger	02	70.942100	3.513370	ingroup	0	1.488000	0.488000	10	block_ingroup_fair
sub-113	younger	02	75.223100	3.512820	ingroup	0	1.760710	0.760710	6	block_ingroup_fair
sub-113	younger	02	79.504000	3.528460	ingroup	0	1.282930	0.282930	8	block_ingroup_fair
sub-113	younger	02	93.050900	3.511850	outgroup	0	1.630610	0.630610	10	block_outgroup_fair
sub-113	younger	02	97.331900	3.510680	outgroup	0	1.586540	0.586540	9	block_outgroup_fair
sub-113	younger	02	101.610000	3.513090	outgroup	0	1.378380	0.378380	10	block_outgroup_fair
sub-113	younger	02	105.891000	3.513130	outgroup	0	1.417530	0.417530	9	block_outgroup_fair
sub-113	younger	02	110.172000	3.528820	outgroup	0	1.156760	0.156760	6	block_outgroup_fair
sub-113	younger	02	114.469000	3.513060	outgroup	0	1.396890	0.396890	3	block_outgroup_fair
sub-113	younger	02	118.750000	3.513150	outgroup	0	1.619670	0.619670	8	block_outgroup_fair
sub-113	younger	02	123.031000	3.528700	outgroup	0	1.608840	0.608840	8	block_outgroup_fair
sub-113	younger	02	138.577000	3.513020	outgroup	0	1.559120	0.559120	4	block_outgroup_unfair
sub-113	younger	02	142.857000	3.513120	outgroup	0	1.348330	0.348330	5	block_outgroup_unfair
sub-113	younger	02	147.138000	3.513200	outgroup	0	1.354210	0.354210	3	block_outgroup_unfair
sub-113	younger	02	151.419000	3.528860	outgroup	0	1.360450	0.360450	1	block_outgroup_unfair
sub-113	younger	02	155.716000	3.513170	outgroup	0	1.450560	0.450560	8	block_outgroup_unfair
sub-113	younger	02	159.997000	3.513010	outgroup	0	1.556620	0.556620	1	block_outgroup_unfair
sub-113	younger	02	164.278000	3.513180	outgroup	0	1.679440	0.679440	3	block_outgroup_unfair
sub-113	younger	02	168.559000	3.528640	outgroup	0	1.735340	0.735340	3	block_outgroup_unfair
sub-113	younger	02	182.106000	3.526990	ingroup	0	2.032330	1.032330	4	block_ingroup_unfair
sub-113	younger	02	186.403000	3.527150	ingroup	0	1.405600	0.405600	2	block_ingroup_unfair
sub-113	younger	02	190.698000	3.512940	ingroup	0	1.480690	0.480690	7	block_ingroup_unfair
sub-113	younger	02	194.979000	3.512590	ingroup	0	1.386150	0.386150	1	block_ingroup_unfair
sub-113	younger	02	199.260000	3.528430	ingroup	0	2.126220	1.126220	6	block_ingroup_unfair
sub-113	younger	02	203.557000	3.512590	ingroup	0	1.398710	0.398710	3	block_ingroup_unfair
sub-113	younger	02	207.837000	3.512890	ingroup	0	1.338510	0.338510	2	block_ingroup_unfair
sub-113	younger	02	212.118000	3.512930	ingroup	0	1.394640	0.394640	2	block_ingroup_unfair
sub-113	younger	02	225.649000	3.512370	computer	0	1.925250	0.925250	8	block_computer_fair
sub-113	younger	02	229.929000	3.513490	computer	0	1.465170	0.465170	7	block_computer_fair
sub-113	younger	02	234.210000	3.513490	computer	0	1.604550	0.604550	5	block_computer_fair
sub-113	younger	02	238.491000	3.513410	computer	0	1.660500	0.660500	7	block_computer_fair
sub-113	younger	02	242.772000	3.513440	computer	0	1.416320	0.416320	9	block_computer_fair
sub-113	younger	02	247.053000	3.513380	computer	0	1.355470	0.355470	8	block_computer_fair
sub-113	younger	02	251.334000	3.513440	computer	0	1.411500	0.411500	2	block_computer_fair
sub-113	younger	02	255.615000	3.513440	computer	0	1.367430	0.367430	7	block_computer_fair
sub-113	younger	02	267.145000	3.513430	computer	0	1.646640	0.646640	1	block_computer_unfair
sub-113	younger	02	271.426000	3.529140	computer	0	1.486090	0.486090	4	block_computer_unfair
sub-113	younger	02	275.723000	3.513260	computer	0	1.409160	0.409160	5	block_computer_unfair
sub-113	younger	02	280.004000	3.513420	computer	0	1.381520	0.381520	1	block_computer_unfair
sub-113	younger	02	284.284000	3.513430	computer	0	1.504410	0.504410	3	block_computer_unfair
sub-113	younger	02	288.565000	3.513450	computer	0	1.644260	0.644260	10	block_computer_unfair
sub-113	younger	02	292.846000	3.513440	computer	0	1.466320	0.466320	1	block_computer_unfair
sub-113	younger	02	297.127000	3.529140	computer	0	1.455800	0.455800	4	block_computer_unfair
sub-113	younger	02	308.675000	3.512060	outgroup	0	1.050590	0.050590	8	block_outgroup_unfair
sub-113	younger	02	312.955000	3.527860	outgroup	0	1.390480	0.390480	4	block_outgroup_unfair
sub-113	younger	02	317.251000	3.513140	outgroup	0	1.565160	0.565160	3	block_outgroup_unfair
sub-113	younger	02	321.532000	3.528830	outgroup	0	1.454060	0.454060	3	block_outgroup_unfair
sub-113	younger	02	325.829000	3.513190	outgroup	0	1.444800	0.444800	2	block_outgroup_unfair
sub-113	younger	02	330.110000	3.513170	outgroup	0	1.483660	0.483660	1	block_outgroup_unfair
sub-113	younger	02	334.390000	3.513220	outgroup	0	2.073420	1.073420	6	block_outgroup_unfair
sub-113	younger	02	338.671000	3.528740	outgroup	0	1.562300	0.562300	1	block_outgroup_unfair
sub-113	younger	02	350.219000	3.511340	ingroup	0	1.457500	0.457500	9	block_ingroup_fair
sub-113	younger	02	354.500000	3.527070	ingroup	0	1.029580	0.029580	1	block_ingroup_fair
sub-113	younger	02	358.795000	3.512810	ingroup	0	1.321200	0.321200	8	block_ingroup_fair
sub-113	younger	02	363.076000	3.512900	ingroup	0	1.393860	0.393860	9	block_ingroup_fair
sub-113	younger	02	367.357000	3.512950	ingroup	0	1.583630	0.583630	8	block_ingroup_fair
sub-113	younger	02	371.638000	3.512820	ingroup	0	1.472610	0.472610	10	block_ingroup_fair
sub-113	younger	02	375.919000	3.512930	ingroup	0	1.945490	0.945490	6	block_ingroup_fair
sub-113	younger	02	380.200000	3.512820	ingroup	0	1.400970	0.400970	9	block_ingroup_fair
sub-115	younger	01	4.005550	3.536490	computer	1			9	block_computer_fair
sub-115	younger	01	8.297330	3.508970	computer	0	2.234390	1.234390	8	block_computer_fair
sub-115	younger	01	12.577100	3.524830	computer	0	2.057690	1.057690	5	block_computer_fair
sub-115	younger	01	16.873800	3.508320	computer	0	2.348010	1.348010	9	block_computer_fair
sub-115	younger	01	21.137900	3.502800	computer	0	2.037280	1.037280	7	block_computer_fair
sub-115	younger	01	25.388300	3.506800	computer	0	1.907010	0.907010	7	block_computer_fair
sub-115	younger	01	29.651600	3.527610	computer	0	2.714270	1.714270	4	block_computer_fair
sub-115	younger	01	33.948700	3.510540	computer	0	1.803420	0.803420	8	block_computer_fair
sub-115	younger	01	47.467000	3.522240	outgroup	0	1.679420	0.679420	8	block_outgroup_fair
sub-115	younger	01	51.748100	3.522260	outgroup	0	2.135590	1.135590	1	block_outgroup_fair
sub-115	younger	01	56.026100	3.509460	outgroup	0	1.660520	0.660520	8	block_outgroup_fair
sub-115	younger	01	60.308000	3.525700	outgroup	0	2.166130	1.166130	7	block_outgroup_fair
sub-115	younger	01	64.603400	3.510650	outgroup	0	1.573570	0.573570	8	block_outgroup_fair
sub-115	younger	01	68.869100	3.524310	outgroup	0	1.461220	0.461220	9	block_outgroup_fair
sub-115	younger	01	73.149400	3.510610	outgroup	0	1.484360	0.484360	5	block_outgroup_fair
sub-115	younger	01	77.428300	3.527950	outgroup	0	1.525650	0.525650	7	block_outgroup_fair
sub-115	younger	01	88.970800	3.508350	ingroup	0	1.576600	0.576600	8	block_ingroup_unfair
sub-115	younger	01	93.253000	3.507140	ingroup	0	1.797540	0.797540	3	block_ingroup_unfair
sub-115	younger	01	97.530400	3.510930	ingroup	0	1.440010	0.440010	4	block_ingroup_unfair
sub-115	younger	01	101.812000	3.527490	ingroup	0	1.595570	0.595570	1	block_ingroup_unfair
sub-115	younger	01	106.109000	3.523920	ingroup	0	1.935770	0.935770	3	block_ingroup_unfair
sub-115	younger	01	110.389000	3.510930	ingroup	0	2.176370	1.176370	3	block_ingroup_unfair
sub-115	younger	01	114.667000	3.512270	ingroup	0	1.233930	0.233930	3	block_ingroup_unfair
sub-115	younger	01	118.950000	3.523590	ingroup	0	1.538080	0.538080	5	block_ingroup_unfair
sub-115	younger	01	130.491000	3.525200	outgroup	0	1.573780	0.573780	1	block_outgroup_unfair
sub-115	younger	01	134.786000	3.510260	outgroup	0	1.532690	0.532690	1	block_outgroup_unfair
sub-115	younger	01	139.066000	3.510790	outgroup	0	1.905680	0.905680	1	block_outgroup_unfair
sub-115	younger	01	143.348000	3.524450	outgroup	0	2.244620	1.244620	1	block_outgroup_unfair
sub-115	younger	01	147.644000	3.509320	outgroup	0	1.468020	0.468020	1	block_outgroup_unfair
sub-115	younger	01	151.926000	3.524250	outgroup	0	1.556300	0.556300	4	block_outgroup_unfair
sub-115	younger	01	156.205000	3.510480	outgroup	0	1.497120	0.497120	5	block_outgroup_unfair
sub-115	younger	01	160.470000	3.509850	outgroup	0	1.718820	0.718820	10	block_outgroup_unfair
sub-115	younger	01	173.987000	3.525010	ingroup	0	1.479360	0.479360	9	block_ingroup_fair
sub-115	younger	01	178.283000	3.509270	ingroup	0	1.503590	0.503590	7	block_ingroup_fair
sub-115	younger	01	182.562000	3.527430	ingroup	0	1.427980	0.427980	7	block_ingroup_fair
sub-115	younger	01	186.847000	3.523200	ingroup	0	1.613520	0.613520	8	block_ingroup_fair
sub-115	younger	01	191.142000	3.508030	ingroup	0	1.422170	0.422170	9	block_ingroup_fair
sub-115	younger	01	195.420000	3.524230	ingroup	0	1.396880	0.396880	9	block_ingroup_fair
sub-115	younger	01	199.701000	3.509820	ingroup	0	1.636740	0.636740	3	block_ingroup_fair
sub-115	younger	01	203.982000	3.503100	ingroup	0	1.659290	0.659290	6	block_ingroup_fair
sub-115	younger	01	219.490000	3.525990	outgroup	0	1.563730	0.563730	10	block_outgroup_fair
sub-115	younger	01	223.785000	3.525580	outgroup	0	1.805450	0.805450	3	block_outgroup_fair
sub-115	younger	01	228.066000	3.525600	outgroup	0	1.478370	0.478370	9	block_outgroup_fair
sub-115	younger	01	232.362000	3.512150	outgroup	0	1.902860	0.902860	7	block_outgroup_fair
sub-115	younger	01	236.641000	3.511100	outgroup	0	1.426790	0.426790	8	block_outgroup_fair
sub-115	younger	01	240.910000	3.507920	outgroup	0	1.561610	0.561610	9	block_outgroup_fair
sub-115	younger	01	245.189000	3.509830	outgroup	0	1.486330	0.486330	8	block_outgroup_fair
sub-115	younger	01	249.454000	3.509230	outgroup	0	1.424230	0.424230	6	block_outgroup_fair
sub-115	younger	01	260.979000	3.525460	ingroup	0	2.527040	1.527040	6	block_ingroup_fair
sub-115	younger	01	265.262000	3.507200	ingroup	0	2.029770	1.029770	9	block_ingroup_fair
sub-115	younger	01	269.539000	3.510360	ingroup	0	1.989200	0.989200	8	block_ingroup_fair
sub-115	younger	01	273.820000	3.507730	ingroup	0	1.577910	0.577910	10	block_ingroup_fair
sub-115	younger	01	278.086000	3.524410	ingroup	0	1.682740	0.682740	7	block_ingroup_fair
sub-115	younger	01	282.382000	3.508410	ingroup	0	1.423070	0.423070	9	block_ingroup_fair
sub-115	younger	01	286.647000	3.508480	ingroup	0	1.845340	0.845340	2	block_ingroup_fair
sub-115	younger	01	290.926000	3.508350	ingroup	0	1.452540	0.452540	7	block_ingroup_fair
sub-115	younger	01	306.435000	3.525120	outgroup	0	1.807490	0.807490	4	block_outgroup_unfair
sub-115	younger	01	310.729000	3.526720	outgroup	0	1.382700	0.382700	3	block_outgroup_unfair
sub-115	younger	01	315.024000	3.527530	outgroup	0	1.440800	0.440800	7	block_outgroup_unfair
sub-115	younger	01	319.322000	3.509910	outgroup	0	1.613200	0.613200	4	block_outgroup_unfair
sub-115	younger	01	323.590000	3.508790	outgroup	0	1.449670	0.449670	5	block_outgroup_unfair
sub-115	younger	01	327.869000	3.508810	outgroup	0	1.457200	0.457200	2	block_outgroup_unfair
sub-115	younger	01	332.150000	3.508870	outgroup	0	1.546560	0.546560	3	block_outgroup_unfair
sub-115	younger	01	336.430000	3.524800	outgroup	0	1.403350	0.403350	3	block_outgroup_unfair
sub-115	younger	01	351.968000	3.511920	computer	0	2.162100	1.162100	2	block_computer_unfair
sub-115	younger	01	356.248000	3.526330	computer	0	1.384000	0.384000	3	block_computer_unfair
sub-115	younger	01	360.543000	3.512280	computer	0	1.442480	0.442480	3	block_computer_unfair
sub-115	younger	01	364.825000	3.510550	computer	0	1.514320	0.514320	7	block_computer_unfair
sub-115	younger	01	369.105000	3.511660	computer	0	1.454460	0.454460	2	block_computer_unfair
sub-115	younger	01	373.373000	3.509080	computer	0	1.490530	0.490530	1	block_computer_unfair
sub-115	younger	01	377.640000	3.506140	computer	0	1.343560	0.343560	2	block_computer_unfair
sub-115	younger	01	381.917000	3.525040	computer	0	1.603310	0.603310	5	block_computer_unfair
sub-115	younger	02	4.009770	3.508530	computer	0	1.582540	0.582540	4	block_computer_unfair
sub-115	younger	02	8.288600	3.527510	computer	0	1.573810	0.573810	8	block_computer_unfair
sub-115	younger	02	12.583000	3.512560	computer	0	1.633040	0.633040	2	block_computer_unfair
sub-115	younger	02	16.853600	3.522700	computer	0	1.349160	0.349160	2	block_computer_unfair
sub-115	younger	02	21.147200	3.525320	computer	0	1.025350	0.025350	2	block_computer_unfair
sub-115	younger	02	25.427700	3.508540	computer	0	1.365410	0.365410	2	block_computer_unfair
sub-115	younger	02	29.693300	3.508040	computer	0	1.486580	0.486580	5	block_computer_unfair
sub-115	younger	02	33.957500	3.524480	computer	0	1.576300	0.576300	3	block_computer_unfair
sub-115	younger	02	45.489500	3.503340	outgroup	0	1.403320	0.403320	4	block_outgroup_unfair
sub-115	younger	02	49.765300	3.522340	outgroup	0	1.431210	0.431210	3	block_outgroup_unfair
sub-115	younger	02	54.044600	3.508250	outgroup	0	1.622270	0.622270	1	block_outgroup_unfair
sub-115	younger	02	58.309100	3.523150	outgroup	0	1.427520	0.427520	3	block_outgroup_unfair
sub-115	younger	02	62.589200	3.524580	outgroup	0	1.401070	0.401070	5	block_outgroup_unfair
sub-115	younger	02	66.870100	3.515640	outgroup	0	1.490480	0.490480	1	block_outgroup_unfair
sub-115	younger	02	71.150300	3.511120	outgroup	0	1.530140	0.530140	10	block_outgroup_unfair
sub-115	younger	02	75.430300	3.509650	outgroup	0	1.403830	0.403830	3	block_outgroup_unfair
sub-115	younger	02	86.958300	3.506240	ingroup	0	1.418680	0.418680	4	block_ingroup_fair
sub-115	younger	02	91.238200	3.514870	ingroup	0	1.458850	0.458850	10	block_ingroup_fair
sub-115	younger	02	95.516300	3.504990	ingroup	0	1.517690	0.517690	10	block_ingroup_fair
sub-115	younger	02	99.782500	3.510430	ingroup	0	1.438200	0.438200	9	block_ingroup_fair
sub-115	younger	02	104.061000	3.528040	ingroup	0	1.613410	0.613410	6	block_ingroup_fair
sub-115	younger	02	108.359000	3.511870	ingroup	0	1.452400	0.452400	8	block_ingroup_fair
sub-115	younger	02	112.639000	3.512010	ingroup	0	1.408470	0.408470	7	block_ingroup_fair
sub-115	younger	02	116.919000	3.525950	ingroup	0	1.499490	0.499490	7	block_ingroup_fair
sub-115	younger	02	130.452000	3.513420	computer	0	1.477600	0.477600	9	block_computer_fair
sub-115	younger	02	134.734000	3.524580	computer	1			8	block_computer_fair
sub-115	younger	02	139.028000	3.510630	computer	0	1.441500	0.441500	8	block_computer_fair
sub-115	younger	02	143.308000	3.526830	computer	0	1.648530	0.648530	8	block_computer_fair
sub-115	younger	02	147.604000	3.511690	computer	0	1.389430	0.389430	10	block_computer_fair
sub-115	younger	02	151.885000	3.525600	computer	0	1.478660	0.478660	5	block_computer_fair
sub-115	younger	02	156.166000	3.526150	computer	0	1.383880	0.383880	8	block_computer_fair
sub-115	younger	02	160.461000	3.511960	computer	0	1.358480	0.358480	4	block_computer_fair
sub-115	younger	02	175.988000	3.521950	outgroup	0	1.428180	0.428180	7	block_outgroup_fair
sub-115	younger	02	180.269000	3.515550	outgroup	0	1.535080	0.535080	8	block_outgroup_fair
sub-115	younger	02	184.547000	3.506470	outgroup	0	1.593540	0.593540	6	block_outgroup_fair
sub-115	younger	02	188.812000	3.510430	outgroup	0	1.614640	0.614640	2	block_outgroup_fair
sub-115	younger	02	193.092000	3.511220	outgroup	0	1.455320	0.455320	7	block_outgroup_fair
sub-115	younger	02	197.373000	3.511060	outgroup	0	1.411210	0.411210	7	block_outgroup_fair
sub-115	younger	02	201.654000	3.509110	outgroup	0	1.499910	0.499910	8	block_outgroup_fair
sub-115	younger	02	205.933000	3.527500	outgroup	0	1.508030	0.508030	9	block_outgroup_fair
sub-115	younger	02	221.475000	3.523350	computer	0	1.479570	0.479570	9	block_computer_fair
sub-115	younger	02	225.754000	3.509890	computer	0	1.719940	0.719940	6	block_computer_fair
sub-115	younger	02	230.034000	3.510470	computer	0	1.393190	0.393190	2	block_computer_fair
sub-115	younger	02	234.315000	3.509340	computer	0	1.499920	0.499920	9	block_computer_fair
sub-115	younger	02	238.596000	3.508550	computer	0	1.622350	0.622350	8	block_computer_fair
sub-115	younger	02	242.861000	3.502670	computer	0	1.393620	0.393620	7	block_computer_fair
sub-115	younger	02	247.126000	3.509890	computer	0	1.465950	0.465950	9	block_computer_fair
sub-115	younger	02	251.406000	3.512090	computer	0	1.405520	0.405520	7	block_computer_fair
sub-115	younger	02	264.925000	3.537410	ingroup	1			1	block_ingroup_unfair
sub-115	younger	02	269.236000	3.524120	ingroup	0	2.341380	1.341380	3	block_ingroup_unfair
sub-115	younger	02	273.515000	3.522890	ingroup	0	1.397740	0.397740	4	block_ingroup_unfair
sub-115	younger	02	277.781000	3.524400	ingroup	0	1.536020	0.536020	3	block_ingroup_unfair
sub-115	younger	02	282.061000	3.503400	ingroup	0	1.659160	0.659160	8	block_ingroup_unfair
sub-115	younger	02	286.325000	3.511190	ingroup	0	2.065670	1.065670	3	block_ingroup_unfair
sub-115	younger	02	290.606000	3.510660	ingroup	0	1.504180	0.504180	2	block_ingroup_unfair
sub-115	younger	02	294.887000	3.527350	ingroup	0	1.444150	0.444150	5	block_ingroup_unfair
sub-115	younger	02	308.435000	3.507950	computer	0	1.440050	0.440050	10	block_computer_unfair
sub-115	younger	02	312.700000	3.524120	computer	0	1.928590	0.928590	1	block_computer_unfair
sub-115	younger	02	316.995000	3.510010	computer	0	1.470800	0.470800	4	block_computer_unfair
sub-115	younger	02	321.260000	3.508500	computer	0	1.358300	0.358300	1	block_computer_unfair
sub-115	younger	02	325.525000	3.513840	computer	0	1.447710	0.447710	3	block_computer_unfair
sub-115	younger	02	329.805000	3.512220	computer	0	1.488140	0.488140	5	block_computer_unfair
sub-115	younger	02	334.072000	3.510530	computer	0	1.373860	0.373860	4	block_computer_unfair
sub-115	younger	02	338.350000	3.512150	computer	0	1.699140	0.699140	1	block_computer_unfair
sub-115	younger	02	349.877000	3.512010	ingroup	0	1.414910	0.414910	2	block_ingroup_unfair
sub-115	younger	02	354.158000	3.507690	ingroup	0	1.404330	0.404330	1	block_ingroup_unfair
sub-115	younger	02	358.421000	3.510680	ingroup	0	1.611590	0.611590	3	block_ingroup_unfair
sub-115	younger	02	362.702000	3.511020	ingroup	0	1.434180	0.434180	1	block_ingroup_unfair
sub-115	younger	02	366.983000	3.524390	ingroup	0	2.040360	1.040360	6	block_ingroup_unfair
sub-115	younger	02	371.263000	3.512140	ingroup	0	1.496580	0.496580	4	block_ingroup_unfair
sub-115	younger	02	375.543000	3.511110	ingroup	0	1.469810	0.469810	8	block_ingroup_unfair
sub-115	younger	02	379.824000	3.526350	ingroup	0	1.442810	0.442810	1	block_ingroup_unfair
sub-116	younger	01	4.015950	3.538250	outgroup	1			4	block_outgroup_unfair
sub-116	younger	01	8.317050	3.528030	outgroup	0	1.046430	0.046430	6	block_outgroup_unfair
sub-116	younger	01	12.607300	3.526320	outgroup	0	2.177230	1.177230	3	block_outgroup_unfair
sub-116	younger	01	16.893700	3.524630	outgroup	0	1.493560	0.493560	1	block_outgroup_unfair
sub-116	younger	01	21.179900	3.526650	outgroup	0	1.544430	0.544430	9	block_outgroup_unfair
sub-116	younger	01	25.467800	3.529310	outgroup	0	1.560270	0.560270	3	block_outgroup_unfair
sub-116	younger	01	29.759200	3.516460	outgroup	0	1.438940	0.438940	3	block_outgroup_unfair
sub-116	younger	01	34.035200	3.527190	outgroup	0	1.366240	0.366240	2	block_outgroup_unfair
sub-116	younger	01	47.576500	3.525890	ingroup	0	1.502730	0.502730	10	block_ingroup_fair
sub-116	younger	01	51.865200	3.526280	ingroup	0	1.384380	0.384380	10	block_ingroup_fair
sub-116	younger	01	56.152100	3.526870	ingroup	0	1.384230	0.384230	6	block_ingroup_fair
sub-116	younger	01	60.440400	3.525790	ingroup	0	1.316340	0.316340	7	block_ingroup_fair
sub-116	younger	01	64.727700	3.528320	ingroup	0	1.383140	0.383140	4	block_ingroup_fair
sub-116	younger	01	69.017800	3.526160	ingroup	0	1.329080	0.329080	8	block_ingroup_fair
sub-116	younger	01	73.306200	3.525670	ingroup	0	1.327540	0.327540	7	block_ingroup_fair
sub-116	younger	01	77.592700	3.524940	ingroup	0	1.294440	0.294440	8	block_ingroup_fair
sub-116	younger	01	89.133900	3.524290	computer	0	1.929670	0.929670	7	block_computer_fair
sub-116	younger	01	93.419700	3.516170	computer	0	1.964280	0.964280	1	block_computer_fair
sub-116	younger	01	97.705500	3.528530	computer	0	1.331490	0.331490	7	block_computer_fair
sub-116	younger	01	101.995000	3.528170	computer	0	1.313350	0.313350	8	block_computer_fair
sub-116	younger	01	106.283000	3.527570	computer	0	1.528440	0.528440	6	block_computer_fair
sub-116	younger	01	110.572000	3.526650	computer	0	1.342030	0.342030	10	block_computer_fair
sub-116	younger	01	114.860000	3.527710	computer	0	1.324120	0.324120	7	block_computer_fair
sub-116	younger	01	119.149000	3.515500	computer	0	1.356200	0.356200	8	block_computer_fair
sub-116	younger	01	132.677000	3.515970	outgroup	0	1.372200	0.372200	10	block_outgroup_fair
sub-116	younger	01	136.965000	3.523700	outgroup	0	1.320710	0.320710	7	block_outgroup_fair
sub-116	younger	01	141.251000	3.526200	outgroup	0	1.288760	0.288760	4	block_outgroup_fair
sub-116	younger	01	145.536000	3.527550	outgroup	0	1.423300	0.423300	6	block_outgroup_fair
sub-116	younger	01	149.826000	3.525090	outgroup	0	1.304400	0.304400	8	block_outgroup_fair
sub-116	younger	01	154.112000	3.524220	outgroup	0	1.288380	0.288380	8	block_outgroup_fair
sub-116	younger	01	158.398000	3.525360	outgroup	0	1.289520	0.289520	7	block_outgroup_fair
sub-116	younger	01	162.685000	3.525090	outgroup	0	1.323080	0.323080	10	block_outgroup_fair
sub-116	younger	01	178.221000	3.515890	outgroup	0	1.332230	0.332230	2	block_outgroup_unfair
sub-116	younger	01	182.496000	3.526790	outgroup	0	1.311030	0.311030	4	block_outgroup_unfair
sub-116	younger	01	186.784000	3.527040	outgroup	0	1.309900	0.309900	7	block_outgroup_unfair
sub-116	younger	01	191.072000	3.528840	outgroup	0	1.341430	0.341430	3	block_outgroup_unfair
sub-116	younger	01	195.362000	3.525030	outgroup	0	1.621840	0.621840	6	block_outgroup_unfair
sub-116	younger	01	199.648000	3.526070	outgroup	0	1.306460	0.306460	2	block_outgroup_unfair
sub-116	younger	01	203.935000	3.527130	outgroup	0	1.322740	0.322740	2	block_outgroup_unfair
sub-116	younger	01	208.224000	3.516010	outgroup	0	1.337660	0.337660	2	block_outgroup_unfair
sub-116	younger	01	219.761000	3.525860	computer	0	1.393040	0.393040	1	block_computer_unfair
sub-116	younger	01	224.047000	3.529170	computer	0	1.310280	0.310280	1	block_computer_unfair
sub-116	younger	01	228.338000	3.516520	computer	0	1.356560	0.356560	6	block_computer_unfair
sub-116	younger	01	232.626000	3.527170	computer	0	1.306130	0.306130	4	block_computer_unfair
sub-116	younger	01	236.914000	3.526130	computer	0	1.338010	0.338010	1	block_computer_unfair
sub-116	younger	01	241.201000	3.529940	computer	0	1.404240	0.404240	7	block_computer_unfair
sub-116	younger	01	245.492000	3.516780	computer	0	1.333410	0.333410	4	block_computer_unfair
sub-116	younger	01	249.779000	3.528460	computer	0	1.333380	0.333380	4	block_computer_unfair
sub-116	younger	01	261.318000	3.527830	ingroup	0	1.403900	0.403900	8	block_ingroup_fair
sub-116	younger	01	265.607000	3.526990	ingroup	0	1.301450	0.301450	10	block_ingroup_fair
sub-116	younger	01	269.894000	3.529150	ingroup	0	1.301430	0.301430	10	block_ingroup_fair
sub-116	younger	01	274.185000	3.522320	ingroup	0	1.347050	0.347050	10	block_ingroup_fair
sub-116	younger	01	278.468000	3.525830	ingroup	0	1.333940	0.333940	10	block_ingroup_fair
sub-116	younger	01	282.756000	3.528720	ingroup	0	1.383570	0.383570	5	block_ingroup_fair
sub-116	younger	01	287.046000	3.526750	ingroup	0	1.396940	0.396940	7	block_ingroup_fair
sub-116	younger	01	291.333000	3.526990	ingroup	0	1.329920	0.329920	3	block_ingroup_fair
sub-116	younger	01	304.872000	3.528380	ingroup	0	1.436060	0.436060	3	block_ingroup_unfair
sub-116	younger	01	309.162000	3.529050	ingroup	0	1.348620	0.348620	3	block_ingroup_unfair
sub-116	younger	01	313.453000	3.516270	ingroup	0	1.378590	0.378590	7	block_ingroup_unfair
sub-116	younger	01	317.741000	3.526330	ingroup	0	1.476940	0.476940	3	block_ingroup_unfair
sub-116	younger	01	322.028000	3.526610	ingroup	0	1.359940	0.359940	6	block_ingroup_unfair
sub-116	younger	01	326.316000	3.515720	ingroup	0	1.309920	0.309920	3	block_ingroup_unfair
sub-116	younger	01	330.589000	3.522480	ingroup	0	1.306670	0.306670	1	block_ingroup_unfair
sub-116	younger	01	334.874000	3.516110	ingroup	0	1.308300	0.308300	4	block_ingroup_unfair
sub-116	younger	01	350.410000	3.527900	outgroup	0	1.451350	0.451350	9	block_outgroup_fair
sub-116	younger	01	354.699000	3.525750	outgroup	0	1.299570	0.299570	8	block_outgroup_fair
sub-116	younger	01	358.984000	3.526610	outgroup	0	1.351390	0.351390	8	block_outgroup_fair
sub-116	younger	01	363.273000	3.524940	outgroup	0	1.336590	0.336590	6	block_outgroup_fair
sub-116	younger	01	367.560000	3.524270	outgroup	0	1.265610	0.265610	9	block_outgroup_fair
sub-116	younger	01	371.846000	3.527000	outgroup	0	1.283670	0.283670	3	block_outgroup_fair
sub-116	younger	01	376.133000	3.527150	outgroup	0	1.349730	0.349730	9	block_outgroup_fair
sub-116	younger	01	380.420000	3.515810	outgroup	0	1.383080	0.383080	7	block_outgroup_fair
sub-116	younger	02	4.016240	3.525420	ingroup	0	1.288880	0.288880	7	block_ingroup_fair
sub-116	younger	02	8.302340	3.525710	ingroup	0	1.290080	0.290080	7	block_ingroup_fair
sub-116	younger	02	12.589500	3.523630	ingroup	0	1.273100	0.273100	7	block_ingroup_fair
sub-116	younger	02	16.874300	3.515430	ingroup	0	1.342160	0.342160	6	block_ingroup_fair
sub-116	younger	02	21.161400	3.526700	ingroup	0	1.274660	0.274660	10	block_ingroup_fair
sub-116	younger	02	25.450300	3.527520	ingroup	0	1.355220	0.355220	2	block_ingroup_fair
sub-116	younger	02	29.738900	3.527530	ingroup	0	1.304060	0.304060	8	block_ingroup_fair
sub-116	younger	02	34.027600	3.516970	ingroup	0	1.418970	0.418970	10	block_ingroup_fair
sub-116	younger	02	45.566700	3.527690	computer	0	1.556590	0.556590	7	block_computer_fair
sub-116	younger	02	49.855500	3.529360	computer	0	1.320490	0.320490	7	block_computer_fair
sub-116	younger	02	54.145200	3.525770	computer	0	1.334530	0.334530	7	block_computer_fair
sub-116	younger	02	58.431000	3.527450	computer	0	1.335670	0.335670	9	block_computer_fair
sub-116	younger	02	62.719900	3.531530	computer	0	1.433660	0.433660	4	block_computer_fair
sub-116	younger	02	67.013000	3.528740	computer	0	1.327420	0.327420	9	block_computer_fair
sub-116	younger	02	71.303400	3.524200	computer	0	1.473920	0.473920	6	block_computer_fair
sub-116	younger	02	75.586500	3.515910	computer	0	1.344170	0.344170	10	block_computer_fair
sub-116	younger	02	91.118900	3.528060	ingroup	0	1.558060	0.558060	1	block_ingroup_unfair
sub-116	younger	02	95.408500	3.525890	ingroup	0	1.321860	0.321860	5	block_ingroup_unfair
sub-116	younger	02	99.695100	3.527130	ingroup	0	1.372120	0.372120	4	block_ingroup_unfair
sub-116	younger	02	103.982000	3.524940	ingroup	0	1.305670	0.305670	1	block_ingroup_unfair
sub-116	younger	02	108.269000	3.526070	ingroup	0	1.338820	0.338820	2	block_ingroup_unfair
sub-116	younger	02	112.557000	3.526400	ingroup	0	1.420380	0.420380	1	block_ingroup_unfair
sub-116	younger	02	116.846000	3.526420	ingroup	0	1.519010	0.519010	7	block_ingroup_unfair
sub-116	younger	02	121.135000	3.529550	ingroup	0	1.434110	0.434110	2	block_ingroup_unfair
sub-116	younger	02	136.686000	3.525840	computer	0	1.544880	0.544880	7	block_computer_fair
sub-116	younger	02	140.972000	3.526340	computer	0	1.328700	0.328700	6	block_computer_fair
sub-116	younger	02	145.260000	3.530980	computer	0	1.344220	0.344220	8	block_computer_fair
sub-116	younger	02	149.552000	3.528100	computer	0	1.356160	0.356160	10	block_computer_fair
sub-116	younger	02	153.841000	3.526010	computer	0	1.303980	0.303980	10	block_computer_fair
sub-116	younger	02	158.128000	3.530580	computer	0	1.437380	0.437380	2	block_computer_fair
sub-116	younger	02	162.420000	3.525070	computer	0	1.548740	0.548740	7	block_computer_fair
sub-116	younger	02	166.706000	3.527390	computer	0	1.233240	0.233240	10	block_computer_fair
sub-116	younger	02	180.246000	3.523640	computer	0	1.654310	0.654310	2	block_computer_unfair
sub-116	younger	02	184.532000	3.516930	computer	0	1.304910	0.304910	5	block_computer_unfair
sub-116	younger	02	188.807000	3.527200	computer	0	1.300570	0.300570	3	block_computer_unfair
sub-116	younger	02	193.095000	3.522310	computer	0	1.398720	0.398720	1	block_computer_unfair
sub-116	younger	02	197.378000	3.528500	computer	0	1.302250	0.302250	4	block_computer_unfair
sub-116	younger	02	201.668000	3.515880	computer	0	1.333230	0.333230	2	block_computer_unfair
sub-116	younger	02	205.942000	3.529520	computer	0	1.346130	0.346130	1	block_computer_unfair
sub-116	younger	02	210.232000	3.525830	computer	0	1.659980	0.659980	10	block_computer_unfair
sub-116	younger	02	225.767000	3.528640	ingroup	0	1.354940	0.354940	3	block_ingroup_unfair
sub-116	younger	02	230.059000	3.526880	ingroup	0	1.333140	0.333140	2	block_ingroup_unfair
sub-116	younger	02	234.347000	3.526970	ingroup	0	1.330540	0.330540	1	block_ingroup_unfair
sub-116	younger	02	238.635000	3.525950	ingroup	0	1.413500	0.413500	8	block_ingroup_unfair
sub-116	younger	02	242.921000	3.528200	ingroup	0	1.396810	0.396810	3	block_ingroup_unfair
sub-116	younger	02	247.210000	3.524560	ingroup	0	1.344870	0.344870	1	block_ingroup_unfair
sub-116	younger	02	251.497000	3.532050	ingroup	0	1.261970	0.261970	6	block_ingroup_unfair
sub-116	younger	02	255.790000	3.523140	ingroup	0	1.288830	0.288830	2	block_ingroup_unfair
sub-116	younger	02	267.325000	3.525540	outgroup	0	1.347080	0.347080	2	block_outgroup_unfair
sub-116	younger	02	271.612000	3.528290	outgroup	0	1.028750	0.028750	1	block_outgroup_unfair
sub-116	younger	02	275.901000	3.528000	outgroup	0	1.344190	0.344190	10	block_outgroup_unfair
sub-116	younger	02	280.190000	3.524860	outgroup	0	1.325360	0.325360	1	block_outgroup_unfair
sub-116	younger	02	284.477000	3.529950	outgroup	0	1.358580	0.358580	1	block_outgroup_unfair
sub-116	younger	02	288.768000	3.530520	outgroup	0	1.337800	0.337800	6	block_outgroup_unfair
sub-116	younger	02	293.060000	3.523670	outgroup	0	1.332660	0.332660	1	block_outgroup_unfair
sub-116	younger	02	297.344000	3.525470	outgroup	0	1.502890	0.502890	4	block_outgroup_unfair
sub-116	younger	02	308.883000	3.526780	outgroup	0	1.422610	0.422610	9	block_outgroup_fair
sub-116	younger	02	313.171000	3.516370	outgroup	0	1.404910	0.404910	5	block_outgroup_fair
sub-116	younger	02	317.460000	3.515580	outgroup	0	1.303650	0.303650	8	block_outgroup_fair
sub-116	younger	02	321.746000	3.529810	outgroup	0	1.337250	0.337250	8	block_outgroup_fair
sub-116	younger	02	326.038000	3.515850	outgroup	0	1.332380	0.332380	7	block_outgroup_fair
sub-116	younger	02	330.313000	3.527450	outgroup	0	1.343800	0.343800	10	block_outgroup_fair
sub-116	younger	02	334.601000	3.525010	outgroup	0	1.326360	0.326360	9	block_outgroup_fair
sub-116	younger	02	338.888000	3.525120	outgroup	0	1.409420	0.409420	3	block_outgroup_fair
sub-116	younger	02	352.435000	3.521450	computer	0	1.356170	0.356170	2	block_computer_unfair
sub-116	younger	02	356.718000	3.529700	computer	0	1.409840	0.409840	4	block_computer_unfair
sub-116	younger	02	361.009000	3.516650	computer	0	1.339950	0.339950	2	block_computer_unfair
sub-116	younger	02	365.297000	3.516120	computer	0	1.371750	0.371750	2	block_computer_unfair
sub-116	younger	02	369.572000	3.528970	computer	0	1.350070	0.350070	6	block_computer_unfair
sub-116	younger	02	373.863000	3.516370	computer	0	1.329650	0.329650	4	block_computer_unfair
sub-116	younger	02	378.136000	3.528460	computer	0	1.360380	0.360380	9	block_computer_unfair
sub-116	younger	02	382.426000	3.526400	computer	0	1.307360	0.307360	3	block_computer_unfair
sub-117	younger	01	4.014300	3.523840	outgroup	0	1.934650	0.934650	3	block_outgroup_unfair
sub-117	younger	01	8.300010	3.529230	outgroup	0	1.470020	0.470020	2	block_outgroup_unfair
sub-117	younger	01	12.591100	3.528560	outgroup	0	1.414500	0.414500	4	block_outgroup_unfair
sub-117	younger	01	16.880500	3.526250	outgroup	0	1.428580	0.428580	8	block_outgroup_unfair
sub-117	younger	01	21.167600	3.528210	outgroup	0	1.695230	0.695230	2	block_outgroup_unfair
sub-117	younger	01	25.458100	3.525920	outgroup	0	1.358290	0.358290	5	block_outgroup_unfair
sub-117	younger	01	29.745100	3.523610	outgroup	0	1.491330	0.491330	4	block_outgroup_unfair
sub-117	younger	01	34.030100	3.515910	outgroup	0	1.393240	0.393240	2	block_outgroup_unfair
sub-117	younger	01	45.567700	3.522160	computer	0	1.481740	0.481740	3	block_computer_unfair
sub-117	younger	01	49.852600	3.529450	computer	0	1.633820	0.633820	2	block_computer_unfair
sub-117	younger	01	54.140500	3.527950	computer	0	1.365770	0.365770	6	block_computer_unfair
sub-117	younger	01	58.428000	3.525580	computer	0	1.448420	0.448420	7	block_computer_unfair
sub-117	younger	01	62.713800	3.529720	computer	0	1.416460	0.416460	4	block_computer_unfair
sub-117	younger	01	67.003800	3.525460	computer	0	1.746820	0.746820	2	block_computer_unfair
sub-117	younger	01	71.289900	3.526610	computer	0	1.347260	0.347260	1	block_computer_unfair
sub-117	younger	01	75.577300	3.526220	computer	0	1.396730	0.396730	2	block_computer_unfair
sub-117	younger	01	89.124300	3.530000	computer	0	1.026830	0.026830	7	block_computer_fair
sub-117	younger	01	93.414300	3.527040	computer	0	1.424490	0.424490	7	block_computer_fair
sub-117	younger	01	97.703800	3.516300	computer	0	1.438520	0.438520	8	block_computer_fair
sub-117	younger	01	101.992000	3.528180	computer	0	1.470420	0.470420	5	block_computer_fair
sub-117	younger	01	106.281000	3.524360	computer	0	1.401320	0.401320	8	block_computer_fair
sub-117	younger	01	110.566000	3.526550	computer	0	1.386990	0.386990	9	block_computer_fair
sub-117	younger	01	114.853000	3.526100	computer	0	1.302730	0.302730	10	block_computer_fair
sub-117	younger	01	119.140000	3.524410	computer	0	1.469820	0.469820	1	block_computer_fair
sub-117	younger	01	132.674000	3.526960	computer	0	1.547180	0.547180	4	block_computer_unfair
sub-117	younger	01	136.962000	3.527890	computer	0	1.412830	0.412830	1	block_computer_unfair
sub-117	younger	01	141.249000	3.516770	computer	0	1.361870	0.361870	3	block_computer_unfair
sub-117	younger	01	145.537000	3.525370	computer	0	1.027480	0.027480	6	block_computer_unfair
sub-117	younger	01	149.822000	3.527500	computer	0	1.346140	0.346140	1	block_computer_unfair
sub-117	younger	01	154.111000	3.528490	computer	0	1.361270	0.361270	2	block_computer_unfair
sub-117	younger	01	158.400000	3.527210	computer	0	1.341970	0.341970	4	block_computer_unfair
sub-117	younger	01	162.689000	3.526630	computer	0	1.323280	0.323280	10	block_computer_unfair
sub-117	younger	01	178.228000	3.524460	ingroup	0	1.463230	0.463230	8	block_ingroup_fair
sub-117	younger	01	182.515000	3.524360	ingroup	0	1.362920	0.362920	10	block_ingroup_fair
sub-117	younger	01	186.802000	3.524430	ingroup	0	1.347000	0.347000	5	block_ingroup_fair
sub-117	younger	01	191.088000	3.525760	ingroup	0	1.314650	0.314650	7	block_ingroup_fair
sub-117	younger	01	195.376000	3.527680	ingroup	0	1.930960	0.930960	10	block_ingroup_fair
sub-117	younger	01	199.664000	3.520340	ingroup	0	1.528670	0.528670	1	block_ingroup_fair
sub-117	younger	01	203.946000	3.524960	ingroup	0	1.383090	0.383090	9	block_ingroup_fair
sub-117	younger	01	208.232000	3.524190	ingroup	0	1.367490	0.367490	10	block_ingroup_fair
sub-117	younger	01	219.771000	3.524700	computer	0	1.454340	0.454340	8	block_computer_fair
sub-117	younger	01	224.057000	3.524680	computer	0	1.472170	0.472170	8	block_computer_fair
sub-117	younger	01	228.343000	3.529300	computer	0	1.540470	0.540470	5	block_computer_fair
sub-117	younger	01	232.632000	3.525180	computer	0	1.337300	0.337300	10	block_computer_fair
sub-117	younger	01	236.918000	3.516380	computer	0	1.354950	0.354950	8	block_computer_fair
sub-117	younger	01	241.205000	3.520890	computer	0	1.305090	0.305090	7	block_computer_fair
sub-117	younger	01	245.487000	3.525890	computer	0	1.344010	0.344010	8	block_computer_fair
sub-117	younger	01	249.774000	3.526880	computer	0	1.427030	0.427030	1	block_computer_fair
sub-117	younger	01	263.313000	3.519880	ingroup	0	1.515810	0.515810	2	block_ingroup_unfair
sub-117	younger	01	267.595000	3.524540	ingroup	0	1.470050	0.470050	4	block_ingroup_unfair
sub-117	younger	01	271.882000	3.516340	ingroup	0	1.403840	0.403840	10	block_ingroup_unfair
sub-117	younger	01	276.171000	3.526650	ingroup	0	1.451380	0.451380	2	block_ingroup_unfair
sub-117	younger	01	280.461000	3.522900	ingroup	0	1.365570	0.365570	1	block_ingroup_unfair
sub-117	younger	01	284.744000	3.520420	ingroup	0	1.318460	0.318460	5	block_ingroup_unfair
sub-117	younger	01	289.027000	3.525870	ingroup	0	1.338850	0.338850	2	block_ingroup_unfair
sub-117	younger	01	293.314000	3.525930	ingroup	0	1.372070	0.372070	2	block_ingroup_unfair
sub-117	younger	01	304.853000	3.524730	outgroup	0	1.442610	0.442610	8	block_outgroup_fair
sub-117	younger	01	309.140000	3.527440	outgroup	0	1.025510	0.025510	6	block_outgroup_fair
sub-117	younger	01	313.429000	3.525880	outgroup	0	1.423720	0.423720	7	block_outgroup_fair
sub-117	younger	01	317.716000	3.528620	outgroup	0	1.290280	0.290280	7	block_outgroup_fair
sub-117	younger	01	322.005000	3.526840	outgroup	0	1.371180	0.371180	3	block_outgroup_fair
sub-117	younger	01	326.293000	3.517030	outgroup	0	1.336860	0.336860	8	block_outgroup_fair
sub-117	younger	01	330.581000	3.526070	outgroup	0	1.386680	0.386680	8	block_outgroup_fair
sub-117	younger	01	334.867000	3.527200	outgroup	0	1.337210	0.337210	9	block_outgroup_fair
sub-117	younger	01	350.412000	3.523400	ingroup	0	1.421130	0.421130	8	block_ingroup_unfair
sub-117	younger	01	354.697000	3.526510	ingroup	0	1.506620	0.506620	4	block_ingroup_unfair
sub-117	younger	01	358.985000	3.526220	ingroup	0	1.488430	0.488430	1	block_ingroup_unfair
sub-117	younger	01	363.272000	3.528450	ingroup	0	1.287940	0.287940	4	block_ingroup_unfair
sub-117	younger	01	367.563000	3.523550	ingroup	0	1.334750	0.334750	5	block_ingroup_unfair
sub-117	younger	01	371.847000	3.515890	ingroup	0	1.387130	0.387130	4	block_ingroup_unfair
sub-117	younger	01	376.122000	3.515990	ingroup	0	1.416170	0.416170	1	block_ingroup_unfair
sub-117	younger	01	380.396000	3.523710	ingroup	0	1.278960	0.278960	3	block_ingroup_unfair
sub-117	younger	02	4.022350	3.527350	computer	0	1.548530	0.548530	8	block_computer_fair
sub-117	younger	02	8.312180	3.523620	computer	0	1.378880	0.378880	9	block_computer_fair
sub-117	younger	02	12.597500	3.527740	computer	0	1.430580	0.430580	7	block_computer_fair
sub-117	younger	02	16.885500	3.529020	computer	0	1.312520	0.312520	6	block_computer_fair
sub-117	younger	02	21.176800	3.525150	computer	0	1.324820	0.324820	10	block_computer_fair
sub-117	younger	02	25.462900	3.524670	computer	0	1.325720	0.325720	3	block_computer_fair
sub-117	younger	02	29.747100	3.527530	computer	0	1.278330	0.278330	8	block_computer_fair
sub-117	younger	02	34.034700	3.528930	computer	0	1.377680	0.377680	8	block_computer_fair
sub-117	younger	02	47.576900	3.523520	outgroup	0	1.597100	0.597100	2	block_outgroup_unfair
sub-117	younger	02	51.860600	3.523160	outgroup	0	1.549570	0.549570	1	block_outgroup_unfair
sub-117	younger	02	56.144600	3.525000	outgroup	0	1.335570	0.335570	1	block_outgroup_unfair
sub-117	younger	02	60.431300	3.528700	outgroup	0	1.352820	0.352820	1	block_outgroup_unfair
sub-117	younger	02	64.721100	3.526640	outgroup	0	2.000200	1.000200	1	block_outgroup_unfair
sub-117	younger	02	69.007600	3.524770	outgroup	0	1.317000	0.317000	6	block_outgroup_unfair
sub-117	younger	02	73.293800	3.524130	outgroup	0	1.434150	0.434150	10	block_outgroup_unfair
sub-117	younger	02	77.579300	3.524680	outgroup	0	1.385650	0.385650	3	block_outgroup_unfair
sub-117	younger	02	89.117000	3.527500	ingroup	0	1.490740	0.490740	5	block_ingroup_fair
sub-117	younger	02	93.407800	3.516400	ingroup	0	1.319950	0.319950	10	block_ingroup_fair
sub-117	younger	02	97.694000	3.526130	ingroup	0	1.370020	0.370020	1	block_ingroup_fair
sub-117	younger	02	101.981000	3.528210	ingroup	0	1.303300	0.303300	9	block_ingroup_fair
sub-117	younger	02	106.270000	3.523750	ingroup	0	1.284790	0.284790	10	block_ingroup_fair
sub-117	younger	02	110.554000	3.526790	ingroup	0	1.571000	0.571000	9	block_ingroup_fair
sub-117	younger	02	114.841000	3.527590	ingroup	0	1.321560	0.321560	10	block_ingroup_fair
sub-117	younger	02	119.131000	3.527070	ingroup	0	1.484650	0.484650	10	block_ingroup_fair
sub-117	younger	02	130.670000	3.520480	outgroup	0	1.655040	0.655040	7	block_outgroup_fair
sub-117	younger	02	134.952000	3.521900	outgroup	0	1.376390	0.376390	9	block_outgroup_fair
sub-117	younger	02	139.236000	3.526240	outgroup	0	1.296530	0.296530	7	block_outgroup_fair
sub-117	younger	02	143.522000	3.525110	outgroup	0	1.329800	0.329800	8	block_outgroup_fair
sub-117	younger	02	147.807000	3.524190	outgroup	0	1.282670	0.282670	10	block_outgroup_fair
sub-117	younger	02	152.091000	3.525200	outgroup	0	1.334940	0.334940	1	block_outgroup_fair
sub-117	younger	02	156.379000	3.524020	outgroup	0	1.417550	0.417550	9	block_outgroup_fair
sub-117	younger	02	160.665000	3.525980	outgroup	0	1.334610	0.334610	5	block_outgroup_fair
sub-117	younger	02	176.209000	3.527400	computer	0	1.586840	0.586840	2	block_computer_unfair
sub-117	younger	02	180.498000	3.526780	computer	0	1.484850	0.484850	1	block_computer_unfair
sub-117	younger	02	184.785000	3.523240	computer	0	1.284520	0.284520	4	block_computer_unfair
sub-117	younger	02	189.068000	3.528900	computer	0	1.371690	0.371690	4	block_computer_unfair
sub-117	younger	02	193.356000	3.525380	computer	0	1.320290	0.320290	9	block_computer_unfair
sub-117	younger	02	197.642000	3.525160	computer	0	1.471280	0.471280	3	block_computer_unfair
sub-117	younger	02	201.928000	3.525070	computer	0	1.522930	0.522930	1	block_computer_unfair
sub-117	younger	02	206.214000	3.525440	computer	0	2.174060	1.174060	6	block_computer_unfair
sub-117	younger	02	219.759000	3.527160	outgroup	0	1.605700	0.605700	7	block_outgroup_fair
sub-117	younger	02	224.049000	3.516320	outgroup	0	1.853640	0.853640	8	block_outgroup_fair
sub-117	younger	02	228.337000	3.525910	outgroup	0	1.601540	0.601540	8	block_outgroup_fair
sub-117	younger	02	232.624000	3.524210	outgroup	0	1.368370	0.368370	9	block_outgroup_fair
sub-117	younger	02	236.908000	3.524690	outgroup	0	1.220080	0.220080	3	block_outgroup_fair
sub-117	younger	02	241.193000	3.523980	outgroup	0	1.021760	0.021760	6	block_outgroup_fair
sub-117	younger	02	245.479000	3.524050	outgroup	0	1.390110	0.390110	9	block_outgroup_fair
sub-117	younger	02	249.764000	3.527020	outgroup	0	1.375250	0.375250	10	block_outgroup_fair
sub-117	younger	02	261.305000	3.525820	outgroup	0	1.377410	0.377410	10	block_outgroup_unfair
sub-117	younger	02	265.593000	3.525750	outgroup	0	1.342980	0.342980	4	block_outgroup_unfair
sub-117	younger	02	269.880000	3.523680	outgroup	0	1.293150	0.293150	3	block_outgroup_unfair
sub-117	younger	02	274.164000	3.529540	outgroup	0	1.295510	0.295510	3	block_outgroup_unfair
sub-117	younger	02	278.454000	3.527130	outgroup	0	1.342770	0.342770	2	block_outgroup_unfair
sub-117	younger	02	282.743000	3.526130	outgroup	0	1.273660	0.273660	4	block_outgroup_unfair
sub-117	younger	02	287.030000	3.527240	outgroup	0	1.340330	0.340330	5	block_outgroup_unfair
sub-117	younger	02	291.317000	3.526530	outgroup	0	1.407480	0.407480	2	block_outgroup_unfair
sub-117	younger	02	304.864000	3.521430	ingroup	0	1.554220	0.554220	9	block_ingroup_fair
sub-117	younger	02	309.148000	3.524190	ingroup	0	1.372890	0.372890	9	block_ingroup_fair
sub-117	younger	02	313.434000	3.522220	ingroup	0	1.291170	0.291170	9	block_ingroup_fair
sub-117	younger	02	317.716000	3.527990	ingroup	0	1.313020	0.313020	7	block_ingroup_fair
sub-117	younger	02	322.005000	3.528860	ingroup	0	1.310110	0.310110	7	block_ingroup_fair
sub-117	younger	02	326.296000	3.527010	ingroup	0	1.306610	0.306610	5	block_ingroup_fair
sub-117	younger	02	330.584000	3.525530	ingroup	0	1.271880	0.271880	10	block_ingroup_fair
sub-117	younger	02	334.870000	3.523960	ingroup	0	1.322970	0.322970	1	block_ingroup_fair
sub-117	younger	02	350.402000	3.525080	ingroup	0	1.403850	0.403850	2	block_ingroup_unfair
sub-117	younger	02	354.685000	3.524720	ingroup	0	1.440440	0.440440	4	block_ingroup_unfair
sub-117	younger	02	358.972000	3.528350	ingroup	0	1.257610	0.257610	9	block_ingroup_unfair
sub-117	younger	02	363.261000	3.525290	ingroup	0	1.355160	0.355160	1	block_ingroup_unfair
sub-117	younger	02	367.547000	3.528230	ingroup	0	1.339120	0.339120	4	block_ingroup_unfair
sub-117	younger	02	371.837000	3.526470	ingroup	0	1.335950	0.335950	2	block_ingroup_unfair
sub-117	younger	02	376.123000	3.525150	ingroup	0	1.320500	0.320500	2	block_ingroup_unfair
sub-117	younger	02	380.410000	3.525790	ingroup	0	1.337250	0.337250	5	block_ingroup_unfair
sub-118	younger	01	4.009040	3.513140	computer	0	2.900670	1.900670	10	block_computer_fair
sub-118	younger	01	8.289840	3.526170	computer	0	2.823210	1.823210	6	block_computer_fair
sub-118	younger	01	12.583600	3.521790	computer	0	1.749410	0.749410	7	block_computer_fair
sub-118	younger	01	16.861800	3.515350	computer	0	1.607990	0.607990	1	block_computer_fair
sub-118	younger	01	21.147000	3.526550	computer	0	1.475500	0.475500	10	block_computer_fair
sub-118	younger	01	25.441200	3.517540	computer	0	2.753030	1.753030	8	block_computer_fair
sub-118	younger	01	29.724300	3.505880	computer	0	1.655430	0.655430	8	block_computer_fair
sub-118	younger	01	33.994400	3.527680	computer	0	1.688740	0.688740	7	block_computer_fair
sub-118	younger	01	45.540400	3.513960	computer	0	1.852340	0.852340	7	block_computer_unfair
sub-118	younger	01	49.817600	3.515630	computer	0	1.578140	0.578140	1	block_computer_unfair
sub-118	younger	01	54.087000	3.517140	computer	0	1.812810	0.812810	3	block_computer_unfair
sub-118	younger	01	58.361600	3.514860	computer	0	1.408340	0.408340	5	block_computer_unfair
sub-118	younger	01	62.645800	3.522270	computer	0	1.310930	0.310930	2	block_computer_unfair
sub-118	younger	01	66.935500	3.507640	computer	0	1.274230	0.274230	2	block_computer_unfair
sub-118	younger	01	71.202300	3.518970	computer	0	1.361110	0.361110	2	block_computer_unfair
sub-118	younger	01	75.488900	3.525950	computer	0	1.328180	0.328180	3	block_computer_unfair
sub-118	younger	01	89.024100	3.515940	outgroup	0	1.804540	0.804540	10	block_outgroup_fair
sub-118	younger	01	93.309300	3.523020	outgroup	0	1.439320	0.439320	7	block_outgroup_fair
sub-118	younger	01	97.589700	3.505180	outgroup	0	1.295500	0.295500	8	block_outgroup_fair
sub-118	younger	01	101.863000	3.518690	outgroup	0	1.025330	0.025330	10	block_outgroup_fair
sub-118	younger	01	106.146000	3.513870	outgroup	0	1.512820	0.512820	5	block_outgroup_fair
sub-118	younger	01	110.428000	3.516300	outgroup	0	1.467750	0.467750	9	block_outgroup_fair
sub-118	younger	01	114.709000	3.520100	outgroup	0	1.323660	0.323660	2	block_outgroup_fair
sub-118	younger	01	118.994000	3.527430	outgroup	0	1.024410	0.024410	9	block_outgroup_fair
sub-118	younger	01	134.537000	3.521920	outgroup	0	1.362120	0.362120	5	block_outgroup_unfair
sub-118	younger	01	138.814000	3.520540	outgroup	0	1.521050	0.521050	3	block_outgroup_unfair
sub-118	younger	01	143.102000	3.513020	outgroup	0	1.353910	0.353910	3	block_outgroup_unfair
sub-118	younger	01	147.383000	3.515020	outgroup	0	1.359490	0.359490	9	block_outgroup_unfair
sub-118	younger	01	151.660000	3.510810	outgroup	0	1.436070	0.436070	3	block_outgroup_unfair
sub-118	younger	01	155.939000	3.527260	outgroup	0	1.460900	0.460900	3	block_outgroup_unfair
sub-118	younger	01	160.233000	3.506800	outgroup	0	1.336940	0.336940	4	block_outgroup_unfair
sub-118	younger	01	164.496000	3.512260	outgroup	0	1.294110	0.294110	1	block_outgroup_unfair
sub-118	younger	01	178.028000	3.513690	ingroup	0	1.539670	0.539670	8	block_ingroup_fair
sub-118	younger	01	182.312000	3.514760	ingroup	0	1.326270	0.326270	8	block_ingroup_fair
sub-118	younger	01	186.594000	3.519390	ingroup	0	1.480500	0.480500	5	block_ingroup_fair
sub-118	younger	01	190.878000	3.520520	ingroup	0	1.300640	0.300640	9	block_ingroup_fair
sub-118	younger	01	195.163000	3.528100	ingroup	0	1.302640	0.302640	9	block_ingroup_fair
sub-118	younger	01	199.459000	3.515520	ingroup	0	1.343290	0.343290	8	block_ingroup_fair
sub-118	younger	01	203.740000	3.519390	ingroup	0	1.448980	0.448980	4	block_ingroup_fair
sub-118	younger	01	208.018000	3.523590	ingroup	0	1.491460	0.491460	7	block_ingroup_fair
sub-118	younger	01	221.557000	3.523850	outgroup	0	1.647040	0.647040	3	block_outgroup_unfair
sub-118	younger	01	225.849000	3.517460	outgroup	0	1.224760	0.224760	4	block_outgroup_unfair
sub-118	younger	01	230.133000	3.519510	outgroup	0	1.244220	0.244220	10	block_outgroup_unfair
sub-118	younger	01	234.421000	3.510240	outgroup	0	1.360300	0.360300	6	block_outgroup_unfair
sub-118	younger	01	238.687000	3.518750	outgroup	0	1.314590	0.314590	3	block_outgroup_unfair
sub-118	younger	01	242.963000	3.513830	outgroup	0	1.024560	0.024560	3	block_outgroup_unfair
sub-118	younger	01	247.241000	3.516880	outgroup	0	1.516890	0.516890	4	block_outgroup_unfair
sub-118	younger	01	251.526000	3.516810	outgroup	0	1.335590	0.335590	3	block_outgroup_unfair
sub-118	younger	01	267.053000	3.514270	ingroup	0	1.355150	0.355150	1	block_ingroup_fair
sub-118	younger	01	271.336000	3.516670	ingroup	0	1.024250	0.024250	9	block_ingroup_fair
sub-118	younger	01	275.616000	3.524500	ingroup	0	1.316510	0.316510	6	block_ingroup_fair
sub-118	younger	01	279.900000	3.524450	ingroup	0	1.385190	0.385190	10	block_ingroup_fair
sub-118	younger	01	284.192000	3.514960	ingroup	0	1.913700	0.913700	9	block_ingroup_fair
sub-118	younger	01	288.476000	3.516890	ingroup	0	1.299750	0.299750	7	block_ingroup_fair
sub-118	younger	01	292.760000	3.510480	ingroup	0	1.285250	0.285250	10	block_ingroup_fair
sub-118	younger	01	297.024000	3.524840	ingroup	0	1.341690	0.341690	9	block_ingroup_fair
sub-118	younger	01	312.560000	3.521630	outgroup	0	1.351260	0.351260	1	block_outgroup_fair
sub-118	younger	01	316.852000	3.518590	outgroup	0	1.380370	0.380370	6	block_outgroup_fair
sub-118	younger	01	321.131000	3.512120	outgroup	0	1.304420	0.304420	10	block_outgroup_fair
sub-118	younger	01	325.411000	3.518590	outgroup	0	1.344660	0.344660	8	block_outgroup_fair
sub-118	younger	01	329.694000	3.514400	outgroup	0	1.415110	0.415110	9	block_outgroup_fair
sub-118	younger	01	333.975000	3.524430	outgroup	0	1.287720	0.287720	9	block_outgroup_fair
sub-118	younger	01	338.267000	3.516900	outgroup	0	1.515880	0.515880	7	block_outgroup_fair
sub-118	younger	01	342.552000	3.506230	outgroup	0	1.451460	0.451460	10	block_outgroup_fair
sub-118	younger	01	354.072000	3.518600	ingroup	0	1.306780	0.306780	2	block_ingroup_unfair
sub-118	younger	01	358.361000	3.509890	ingroup	0	1.522530	0.522530	6	block_ingroup_unfair
sub-118	younger	01	362.633000	3.523590	ingroup	0	1.903960	0.903960	4	block_ingroup_unfair
sub-118	younger	01	366.915000	3.509720	ingroup	0	1.374900	0.374900	1	block_ingroup_unfair
sub-118	younger	01	371.187000	3.508090	ingroup	0	1.023660	0.023660	9	block_ingroup_unfair
sub-118	younger	01	375.463000	3.512780	ingroup	0	1.383690	0.383690	1	block_ingroup_unfair
sub-118	younger	01	379.736000	3.520180	ingroup	0	1.331210	0.331210	4	block_ingroup_unfair
sub-118	younger	01	384.021000	3.530730	ingroup	0	1.032180	0.032180	4	block_ingroup_unfair
sub-118	younger	02	4.009320	3.508270	computer	0	2.018650	1.018650	7	block_computer_fair
sub-118	younger	02	8.286300	3.513390	computer	0	1.394350	0.394350	5	block_computer_fair
sub-118	younger	02	12.556000	3.516800	computer	0	1.328160	0.328160	1	block_computer_fair
sub-118	younger	02	16.840300	3.519760	computer	0	1.530880	0.530880	9	block_computer_fair
sub-118	younger	02	21.119500	3.520110	computer	0	1.338360	0.338360	10	block_computer_fair
sub-118	younger	02	25.408700	3.515550	computer	0	1.352970	0.352970	7	block_computer_fair
sub-118	younger	02	29.691800	3.518610	computer	0	1.373180	0.373180	10	block_computer_fair
sub-118	younger	02	33.973300	3.518470	computer	0	1.345770	0.345770	10	block_computer_fair
sub-118	younger	02	47.509000	3.503600	computer	0	1.654100	0.654100	4	block_computer_unfair
sub-118	younger	02	51.780100	3.516420	computer	0	1.436430	0.436430	5	block_computer_unfair
sub-118	younger	02	56.053700	3.515970	computer	0	1.032380	0.032380	2	block_computer_unfair
sub-118	younger	02	60.337200	3.505690	computer	0	1.419500	0.419500	1	block_computer_unfair
sub-118	younger	02	64.610400	3.503440	computer	0	1.467340	0.467340	2	block_computer_unfair
sub-118	younger	02	68.860800	3.517600	computer	0	1.402990	0.402990	3	block_computer_unfair
sub-118	younger	02	73.135600	3.509710	computer	0	1.348200	0.348200	4	block_computer_unfair
sub-118	younger	02	77.415300	3.512580	computer	0	1.372600	0.372600	10	block_computer_unfair
sub-118	younger	02	88.942000	3.520460	outgroup	0	1.354900	0.354900	4	block_outgroup_unfair
sub-118	younger	02	93.226200	3.514830	outgroup	0	1.357570	0.357570	1	block_outgroup_unfair
sub-118	younger	02	97.510300	3.526960	outgroup	0	1.310190	0.310190	9	block_outgroup_unfair
sub-118	younger	02	101.805000	3.515650	outgroup	0	1.335790	0.335790	1	block_outgroup_unfair
sub-118	younger	02	106.084000	3.519330	outgroup	0	1.393600	0.393600	3	block_outgroup_unfair
sub-118	younger	02	110.366000	3.517370	outgroup	0	1.581520	0.581520	5	block_outgroup_unfair
sub-118	younger	02	114.652000	3.511480	outgroup	0	1.366100	0.366100	4	block_outgroup_unfair
sub-118	younger	02	118.931000	3.511190	outgroup	0	1.557350	0.557350	3	block_outgroup_unfair
sub-118	younger	02	134.453000	3.518810	computer	0	1.414310	0.414310	7	block_computer_fair
sub-118	younger	02	138.741000	3.517750	computer	0	1.029960	0.029960	4	block_computer_fair
sub-118	younger	02	143.027000	3.525930	computer	0	1.114710	0.114710	9	block_computer_fair
sub-118	younger	02	147.309000	3.507950	computer	0	1.319230	0.319230	7	block_computer_fair
sub-118	younger	02	151.585000	3.514590	computer	0	1.347190	0.347190	5	block_computer_fair
sub-118	younger	02	155.867000	3.505240	computer	0	1.485670	0.485670	10	block_computer_fair
sub-118	younger	02	160.133000	3.521340	computer	0	1.872820	0.872820	8	block_computer_fair
sub-118	younger	02	164.422000	3.525230	computer	0	1.320360	0.320360	7	block_computer_fair
sub-118	younger	02	175.966000	3.516170	ingroup	0	1.552810	0.552810	2	block_ingroup_unfair
sub-118	younger	02	180.247000	3.518180	ingroup	0	1.358570	0.358570	8	block_ingroup_unfair
sub-118	younger	02	184.525000	3.522850	ingroup	0	1.384930	0.384930	1	block_ingroup_unfair
sub-118	younger	02	188.816000	3.516790	ingroup	0	1.646290	0.646290	1	block_ingroup_unfair
sub-118	younger	02	193.101000	3.516670	ingroup	0	1.214480	0.214480	3	block_ingroup_unfair
sub-118	younger	02	197.374000	3.510760	ingroup	0	1.028660	0.028660	4	block_ingroup_unfair
sub-118	younger	02	201.652000	3.513620	ingroup	0	1.019730	0.019730	5	block_ingroup_unfair
sub-118	younger	02	205.923000	3.509800	ingroup	0	1.253670	0.253670	3	block_ingroup_unfair
sub-118	younger	02	219.440000	3.517310	ingroup	0	1.297530	0.297530	10	block_ingroup_fair
sub-118	younger	02	223.725000	3.520160	ingroup	0	1.432380	0.432380	10	block_ingroup_fair
sub-118	younger	02	228.014000	3.524130	ingroup	0	1.297470	0.297470	8	block_ingroup_fair
sub-118	younger	02	232.305000	3.526690	ingroup	0	1.376630	0.376630	1	block_ingroup_fair
sub-118	younger	02	236.589000	3.524110	ingroup	0	1.462430	0.462430	7	block_ingroup_fair
sub-118	younger	02	240.870000	3.518300	ingroup	0	1.285330	0.285330	9	block_ingroup_fair
sub-118	younger	02	245.151000	3.504520	ingroup	0	1.891300	0.891300	5	block_ingroup_fair
sub-118	younger	02	249.418000	3.522750	ingroup	0	1.544210	0.544210	10	block_ingroup_fair
sub-118	younger	02	264.951000	3.522530	ingroup	0	1.223620	0.223620	1	block_ingroup_unfair
sub-118	younger	02	269.242000	3.515370	ingroup	0	1.019150	0.019150	3	block_ingroup_unfair
sub-118	younger	02	273.514000	3.505920	ingroup	0	1.016870	0.016870	2	block_ingroup_unfair
sub-118	younger	02	277.788000	3.515940	ingroup	0	1.029830	0.029830	4	block_ingroup_unfair
sub-118	younger	02	282.071000	3.529330	ingroup	0	1.017770	0.017770	3	block_ingroup_unfair
sub-118	younger	02	286.371000	3.509120	ingroup	0	1.021620	0.021620	7	block_ingroup_unfair
sub-118	younger	02	290.648000	3.519430	ingroup	0	1.114770	0.114770	6	block_ingroup_unfair
sub-118	younger	02	294.937000	3.517250	ingroup	0	1.028690	0.028690	1	block_ingroup_unfair
sub-118	younger	02	310.463000	3.512780	outgroup	0	1.299040	0.299040	10	block_outgroup_fair
sub-118	younger	02	314.744000	3.526240	outgroup	0	1.121620	0.121620	7	block_outgroup_fair
sub-118	younger	02	319.030000	3.522870	outgroup	0	1.021820	0.021820	7	block_outgroup_fair
sub-118	younger	02	323.309000	3.508920	outgroup	0	1.030100	0.030100	10	block_outgroup_fair
sub-118	younger	02	327.573000	3.513590	outgroup	0	1.019050	0.019050	4	block_outgroup_fair
sub-118	younger	02	331.855000	3.526850	outgroup	0	1.024460	0.024460	7	block_outgroup_fair
sub-118	younger	02	336.150000	3.527140	outgroup	0	1.032450	0.032450	8	block_outgroup_fair
sub-118	younger	02	340.445000	3.509530	outgroup	0	1.024600	0.024600	5	block_outgroup_fair
sub-118	younger	02	353.962000	3.517820	computer	0	1.202260	0.202260	3	block_computer_unfair
sub-118	younger	02	358.244000	3.521310	computer	0	1.024090	0.024090	4	block_computer_unfair
sub-118	younger	02	362.532000	3.522830	computer	0	1.322660	0.322660	3	block_computer_unfair
sub-118	younger	02	366.823000	3.520270	computer	0	1.302540	0.302540	3	block_computer_unfair
sub-118	younger	02	371.111000	3.523140	computer	0	1.251650	0.251650	9	block_computer_unfair
sub-118	younger	02	375.397000	3.517050	computer	0	1.551660	0.551660	1	block_computer_unfair
sub-118	younger	02	379.682000	3.524940	computer	0	1.019940	0.019940	6	block_computer_unfair
sub-118	younger	02	383.965000	3.515150	computer	0	1.023460	0.023460	1	block_computer_unfair
sub-121	younger	01	4.008350	3.518340	computer	0	2.188220	1.188220	10	block_computer_fair
sub-121	younger	01	8.284030	3.516020	computer	0	2.049310	1.049310	8	block_computer_fair
sub-121	younger	01	12.562000	3.519620	computer	0	1.457510	0.457510	7	block_computer_fair
sub-121	younger	01	16.842400	3.509550	computer	0	2.298010	1.298010	8	block_computer_fair
sub-121	younger	01	21.114000	3.518630	computer	0	1.445920	0.445920	5	block_computer_fair
sub-121	younger	01	25.403800	3.516030	computer	0	1.659990	0.659990	9	block_computer_fair
sub-121	younger	01	29.687600	3.517770	computer	0	1.596050	0.596050	3	block_computer_fair
sub-121	younger	01	33.974700	3.518430	computer	0	1.929440	0.929440	8	block_computer_fair
sub-121	younger	01	49.505700	3.512890	computer	0	1.477400	0.477400	3	block_computer_unfair
sub-121	younger	01	53.788300	3.519660	computer	0	1.414880	0.414880	3	block_computer_unfair
sub-121	younger	01	58.060300	3.503910	computer	0	1.579940	0.579940	6	block_computer_unfair
sub-121	younger	01	62.332500	3.518520	computer	0	1.461400	0.461400	2	block_computer_unfair
sub-121	younger	01	66.620400	3.519280	computer	0	1.426930	0.426930	7	block_computer_unfair
sub-121	younger	01	70.895200	3.522510	computer	0	1.306070	0.306070	2	block_computer_unfair
sub-121	younger	01	75.179200	3.517260	computer	0	1.391660	0.391660	3	block_computer_unfair
sub-121	younger	01	79.455000	3.504810	computer	0	1.386090	0.386090	2	block_computer_unfair
sub-121	younger	01	94.966000	3.524890	ingroup	0	2.171620	1.171620	3	block_ingroup_unfair
sub-121	younger	01	99.261900	3.503370	ingroup	0	1.328630	0.328630	2	block_ingroup_unfair
sub-121	younger	01	103.519000	3.518070	ingroup	0	1.342370	0.342370	2	block_ingroup_unfair
sub-121	younger	01	107.793000	3.514810	ingroup	0	1.454720	0.454720	1	block_ingroup_unfair
sub-121	younger	01	112.076000	3.518550	ingroup	0	1.091560	0.091560	1	block_ingroup_unfair
sub-121	younger	01	116.355000	3.511480	ingroup	0	1.382650	0.382650	7	block_ingroup_unfair
sub-121	younger	01	120.636000	3.519700	ingroup	0	1.372490	0.372490	5	block_ingroup_unfair
sub-121	younger	01	124.908000	3.519860	ingroup	0	1.754250	0.754250	2	block_ingroup_unfair
sub-121	younger	01	136.445000	3.516860	outgroup	0	1.276210	0.276210	1	block_outgroup_unfair
sub-121	younger	01	140.717000	3.517860	outgroup	0	1.607380	0.607380	3	block_outgroup_unfair
sub-121	younger	01	144.988000	3.518160	outgroup	0	1.356650	0.356650	3	block_outgroup_unfair
sub-121	younger	01	149.274000	3.519160	outgroup	0	1.874410	0.874410	4	block_outgroup_unfair
sub-121	younger	01	153.563000	3.519330	outgroup	0	1.355930	0.355930	5	block_outgroup_unfair
sub-121	younger	01	157.849000	3.503180	outgroup	0	1.322640	0.322640	10	block_outgroup_unfair
sub-121	younger	01	162.121000	3.517560	outgroup	0	1.520920	0.520920	3	block_outgroup_unfair
sub-121	younger	01	166.408000	3.518310	outgroup	0	1.371260	0.371260	1	block_outgroup_unfair
sub-121	younger	01	177.941000	3.519740	computer	0	1.598220	0.598220	7	block_computer_fair
sub-121	younger	01	182.229000	3.518350	computer	0	1.330500	0.330500	9	block_computer_fair
sub-121	younger	01	186.515000	3.518000	computer	0	1.447650	0.447650	8	block_computer_fair
sub-121	younger	01	190.793000	3.512600	computer	0	1.405840	0.405840	7	block_computer_fair
sub-121	younger	01	195.065000	3.511530	computer	0	1.454210	0.454210	7	block_computer_fair
sub-121	younger	01	199.335000	3.512400	computer	0	1.454450	0.454450	8	block_computer_fair
sub-121	younger	01	203.600000	3.521750	computer	0	1.409960	0.409960	5	block_computer_fair
sub-121	younger	01	207.889000	3.517990	computer	0	1.442010	0.442010	2	block_computer_fair
sub-121	younger	01	221.426000	3.517900	computer	0	1.914990	0.914990	5	block_computer_unfair
sub-121	younger	01	225.714000	3.514550	computer	0	1.381000	0.381000	1	block_computer_unfair
sub-121	younger	01	229.986000	3.519280	computer	0	2.013090	1.013090	2	block_computer_unfair
sub-121	younger	01	234.274000	3.503680	computer	0	1.360480	0.360480	4	block_computer_unfair
sub-121	younger	01	238.545000	3.518260	computer	0	1.025540	0.025540	2	block_computer_unfair
sub-121	younger	01	242.832000	3.502650	computer	0	1.392640	0.392640	7	block_computer_unfair
sub-121	younger	01	247.095000	3.512590	computer	0	1.383520	0.383520	2	block_computer_unfair
sub-121	younger	01	251.368000	3.526140	computer	0	2.031200	1.031200	1	block_computer_unfair
sub-121	younger	01	264.897000	3.523150	ingroup	0	1.613040	0.613040	3	block_ingroup_fair
sub-121	younger	01	269.177000	3.520350	ingroup	0	1.385970	0.385970	9	block_ingroup_fair
sub-121	younger	01	273.456000	3.518250	ingroup	0	1.293900	0.293900	9	block_ingroup_fair
sub-121	younger	01	277.744000	3.516410	ingroup	0	1.359700	0.359700	5	block_ingroup_fair
sub-121	younger	01	282.031000	3.518740	ingroup	0	1.376200	0.376200	7	block_ingroup_fair
sub-121	younger	01	286.319000	3.523890	ingroup	0	1.392090	0.392090	8	block_ingroup_fair
sub-121	younger	01	290.605000	3.516540	ingroup	0	1.375440	0.375440	7	block_ingroup_fair
sub-121	younger	01	294.881000	3.513190	ingroup	0	1.336830	0.336830	9	block_ingroup_fair
sub-121	younger	01	310.402000	3.514840	outgroup	0	1.312530	0.312530	9	block_outgroup_fair
sub-121	younger	01	314.684000	3.517650	outgroup	0	1.433100	0.433100	10	block_outgroup_fair
sub-121	younger	01	318.961000	3.512930	outgroup	0	1.209610	0.209610	1	block_outgroup_fair
sub-121	younger	01	323.231000	3.513830	outgroup	0	1.226700	0.226700	10	block_outgroup_fair
sub-121	younger	01	327.514000	3.503320	outgroup	0	1.313570	0.313570	10	block_outgroup_fair
sub-121	younger	01	331.771000	3.523660	outgroup	0	1.410110	0.410110	6	block_outgroup_fair
sub-121	younger	01	336.057000	3.520230	outgroup	0	1.411800	0.411800	7	block_outgroup_fair
sub-121	younger	01	340.327000	3.517650	outgroup	0	1.345000	0.345000	9	block_outgroup_fair
sub-121	younger	01	353.865000	3.516630	ingroup	0	1.635030	0.635030	5	block_ingroup_unfair
sub-121	younger	01	358.151000	3.517560	ingroup	0	1.451950	0.451950	8	block_ingroup_unfair
sub-121	younger	01	362.437000	3.519810	ingroup	0	1.503090	0.503090	4	block_ingroup_unfair
sub-121	younger	01	366.727000	3.517580	ingroup	0	1.566260	0.566260	1	block_ingroup_unfair
sub-121	younger	01	371.001000	3.516420	ingroup	0	1.363100	0.363100	1	block_ingroup_unfair
sub-121	younger	01	375.262000	3.524960	ingroup	0	1.404730	0.404730	1	block_ingroup_unfair
sub-121	younger	01	379.558000	3.519980	ingroup	0	1.396200	0.396200	1	block_ingroup_unfair
sub-121	younger	01	383.831000	3.524100	ingroup	0	1.259990	0.259990	4	block_ingroup_unfair
sub-121	younger	02	4.002480	3.515960	ingroup	0	1.360210	0.360210	8	block_ingroup_fair
sub-121	younger	02	8.276960	3.519370	ingroup	0	1.272470	0.272470	8	block_ingroup_fair
sub-121	younger	02	12.561100	3.517590	ingroup	0	1.358770	0.358770	8	block_ingroup_fair
sub-121	younger	02	16.848700	3.524380	ingroup	0	1.357930	0.357930	8	block_ingroup_fair
sub-121	younger	02	21.137400	3.519080	ingroup	0	1.322680	0.322680	8	block_ingroup_fair
sub-121	younger	02	25.424200	3.518530	ingroup	0	1.322810	0.322810	6	block_ingroup_fair
sub-121	younger	02	29.711900	3.518500	ingroup	0	1.338540	0.338540	10	block_ingroup_fair
sub-121	younger	02	33.999700	3.517010	ingroup	0	1.321080	0.321080	1	block_ingroup_fair
sub-121	younger	02	49.538500	3.531870	outgroup	0	1.594830	0.594830	1	block_outgroup_unfair
sub-121	younger	02	53.815900	3.508560	outgroup	0	1.271030	0.271030	2	block_outgroup_unfair
sub-121	younger	02	58.078900	3.518690	outgroup	0	1.145010	0.145010	9	block_outgroup_unfair
sub-121	younger	02	62.365000	3.513630	outgroup	0	1.262320	0.262320	2	block_outgroup_unfair
sub-121	younger	02	66.638400	3.518820	outgroup	0	1.025060	0.025060	2	block_outgroup_unfair
sub-121	younger	02	70.926600	3.516740	outgroup	0	1.474820	0.474820	3	block_outgroup_unfair
sub-121	younger	02	75.199300	3.501820	outgroup	0	1.288440	0.288440	5	block_outgroup_unfair
sub-121	younger	02	79.456500	3.518320	outgroup	0	1.318130	0.318130	4	block_outgroup_unfair
sub-121	younger	02	92.979100	3.519670	outgroup	0	1.323460	0.323460	4	block_outgroup_fair
sub-121	younger	02	97.250700	3.517880	outgroup	0	1.338500	0.338500	10	block_outgroup_fair
sub-121	younger	02	101.538000	3.518840	outgroup	0	1.287950	0.287950	8	block_outgroup_fair
sub-121	younger	02	105.826000	3.517450	outgroup	0	1.319910	0.319910	9	block_outgroup_fair
sub-121	younger	02	110.113000	3.518320	outgroup	0	1.304100	0.304100	9	block_outgroup_fair
sub-121	younger	02	114.399000	3.518600	outgroup	0	1.120300	0.120300	8	block_outgroup_fair
sub-121	younger	02	118.687000	3.511020	outgroup	0	1.320330	0.320330	10	block_outgroup_fair
sub-121	younger	02	122.958000	3.519230	outgroup	0	1.336160	0.336160	5	block_outgroup_fair
sub-121	younger	02	136.496000	3.517530	ingroup	0	1.292350	0.292350	1	block_ingroup_unfair
sub-121	younger	02	140.785000	3.515830	ingroup	0	1.389890	0.389890	3	block_ingroup_unfair
sub-121	younger	02	145.070000	3.520690	ingroup	0	1.225640	0.225640	4	block_ingroup_unfair
sub-121	younger	02	149.344000	3.517700	ingroup	0	1.387720	0.387720	5	block_ingroup_unfair
sub-121	younger	02	153.631000	3.513520	ingroup	0	1.504290	0.504290	10	block_ingroup_unfair
sub-121	younger	02	157.903000	3.519150	ingroup	0	1.902880	0.902880	3	block_ingroup_unfair
sub-121	younger	02	162.179000	3.515170	ingroup	0	1.397620	0.397620	3	block_ingroup_unfair
sub-121	younger	02	166.463000	3.517000	ingroup	0	1.282700	0.282700	1	block_ingroup_unfair
sub-121	younger	02	181.987000	3.502270	outgroup	0	1.422150	0.422150	9	block_outgroup_unfair
sub-121	younger	02	186.258000	3.519310	outgroup	0	1.288140	0.288140	6	block_outgroup_unfair
sub-121	younger	02	190.533000	3.513510	outgroup	0	1.466380	0.466380	4	block_outgroup_unfair
sub-121	younger	02	194.802000	3.504150	outgroup	0	1.217480	0.217480	2	block_outgroup_unfair
sub-121	younger	02	199.064000	3.513110	outgroup	0	1.409450	0.409450	2	block_outgroup_unfair
sub-121	younger	02	203.348000	3.517820	outgroup	0	1.311560	0.311560	2	block_outgroup_unfair
sub-121	younger	02	207.633000	3.521370	outgroup	0	1.646760	0.646760	1	block_outgroup_unfair
sub-121	younger	02	211.924000	3.518710	outgroup	0	1.343140	0.343140	3	block_outgroup_unfair
sub-121	younger	02	223.448000	3.525200	computer	0	1.027180	0.027180	1	block_computer_unfair
sub-121	younger	02	227.742000	3.517740	computer	0	1.020430	0.020430	1	block_computer_unfair
sub-121	younger	02	232.016000	3.518730	computer	0	1.017170	0.017170	2	block_computer_unfair
sub-121	younger	02	236.302000	3.520360	computer	0	1.084980	0.084980	3	block_computer_unfair
sub-121	younger	02	240.589000	3.526870	computer	0	1.350920	0.350920	4	block_computer_unfair
sub-121	younger	02	244.879000	3.517340	computer	0	1.331350	0.331350	4	block_computer_unfair
sub-121	younger	02	249.149000	3.517050	computer	0	1.281300	0.281300	9	block_computer_unfair
sub-121	younger	02	253.423000	3.517640	computer	0	1.211400	0.211400	6	block_computer_unfair
sub-121	younger	02	266.948000	3.508970	ingroup	0	1.263970	0.263970	3	block_ingroup_fair
sub-121	younger	02	271.229000	3.514530	ingroup	0	1.452390	0.452390	10	block_ingroup_fair
sub-121	younger	02	275.500000	3.510760	ingroup	0	1.268750	0.268750	8	block_ingroup_fair
sub-121	younger	02	279.770000	3.517840	ingroup	0	1.319110	0.319110	8	block_ingroup_fair
sub-121	younger	02	284.041000	3.502230	ingroup	0	1.234670	0.234670	7	block_ingroup_fair
sub-121	younger	02	288.313000	3.519250	ingroup	0	1.365940	0.365940	5	block_ingroup_fair
sub-121	younger	02	292.602000	3.501640	ingroup	0	1.030650	0.030650	10	block_ingroup_fair
sub-121	younger	02	296.871000	3.520730	ingroup	0	1.098780	0.098780	7	block_ingroup_fair
sub-121	younger	02	312.402000	3.512810	outgroup	0	1.197340	0.197340	1	block_outgroup_fair
sub-121	younger	02	316.672000	3.504840	outgroup	0	1.213610	0.213610	5	block_outgroup_fair
sub-121	younger	02	320.939000	3.509010	outgroup	0	1.033470	0.033470	8	block_outgroup_fair
sub-121	younger	02	325.211000	3.503630	outgroup	0	1.031260	0.031260	8	block_outgroup_fair
sub-121	younger	02	329.485000	3.516880	outgroup	0	1.027760	0.027760	10	block_outgroup_fair
sub-121	younger	02	333.770000	3.504120	outgroup	0	1.329990	0.329990	7	block_outgroup_fair
sub-121	younger	02	338.045000	3.516080	outgroup	0	1.376990	0.376990	8	block_outgroup_fair
sub-121	younger	02	342.331000	3.516380	outgroup	0	1.309800	0.309800	8	block_outgroup_fair
sub-121	younger	02	353.854000	3.504730	computer	0	1.379510	0.379510	5	block_computer_fair
sub-121	younger	02	358.115000	3.517260	computer	0	1.021680	0.021680	7	block_computer_fair
sub-121	younger	02	362.388000	3.515080	computer	0	1.018420	0.018420	8	block_computer_fair
sub-121	younger	02	366.655000	3.519430	computer	0	1.021170	0.021170	7	block_computer_fair
sub-121	younger	02	370.941000	3.530170	computer	0	1.021760	0.021760	8	block_computer_fair
sub-121	younger	02	375.231000	3.520340	computer	0	1.019650	0.019650	8	block_computer_fair
sub-121	younger	02	379.518000	3.504080	computer	0	2.020210	1.020210	3	block_computer_fair
sub-121	younger	02	383.790000	3.520700	computer	0	1.401330	0.401330	7	block_computer_fair
sub-122	younger	01	4.018860	3.531450	outgroup	1			1	block_outgroup_unfair
sub-122	younger	01	8.313470	3.526410	outgroup	0	1.033070	0.033070	2	block_outgroup_unfair
sub-122	younger	01	12.609000	3.526440	outgroup	0	1.724820	0.724820	1	block_outgroup_unfair
sub-122	younger	01	16.903500	3.526720	outgroup	0	1.667880	0.667880	3	block_outgroup_unfair
sub-122	younger	01	21.200300	3.527810	outgroup	0	2.341510	1.341510	5	block_outgroup_unfair
sub-122	younger	01	25.496200	3.527220	outgroup	0	2.048930	1.048930	2	block_outgroup_unfair
sub-122	younger	01	29.780700	3.523260	outgroup	0	1.834490	0.834490	4	block_outgroup_unfair
sub-122	younger	01	34.061700	3.521250	outgroup	0	1.757090	0.757090	7	block_outgroup_unfair
sub-122	younger	01	49.601800	3.516140	ingroup	0	1.896540	0.896540	1	block_ingroup_unfair
sub-122	younger	01	53.880300	3.526980	ingroup	0	1.587790	0.587790	2	block_ingroup_unfair
sub-122	younger	01	58.175100	3.527460	ingroup	0	1.663200	0.663200	6	block_ingroup_unfair
sub-122	younger	01	62.469400	3.528110	ingroup	0	1.439000	0.439000	1	block_ingroup_unfair
sub-122	younger	01	66.765800	3.527400	ingroup	0	1.662980	0.662980	8	block_ingroup_unfair
sub-122	younger	01	71.063300	3.526850	ingroup	0	1.685490	0.685490	1	block_ingroup_unfair
sub-122	younger	01	75.355000	3.529560	ingroup	0	1.597260	0.597260	2	block_ingroup_unfair
sub-122	younger	01	79.642200	3.520370	ingroup	0	1.680640	0.680640	3	block_ingroup_unfair
sub-122	younger	01	95.181500	3.515650	computer	0	1.704340	0.704340	10	block_computer_fair
sub-122	younger	01	99.460400	3.528290	computer	0	1.512810	0.512810	9	block_computer_fair
sub-122	younger	01	103.757000	3.527470	computer	0	1.668940	0.668940	9	block_computer_fair
sub-122	younger	01	108.050000	3.529230	computer	0	1.712250	0.712250	9	block_computer_fair
sub-122	younger	01	112.348000	3.526550	computer	0	1.651890	0.651890	3	block_computer_fair
sub-122	younger	01	116.644000	3.527680	computer	0	1.558960	0.558960	10	block_computer_fair
sub-122	younger	01	120.939000	3.527850	computer	0	1.751210	0.751210	9	block_computer_fair
sub-122	younger	01	125.224000	3.523250	computer	0	1.686560	0.686560	6	block_computer_fair
sub-122	younger	01	138.755000	3.526060	outgroup	0	1.766080	0.766080	10	block_outgroup_fair
sub-122	younger	01	143.051000	3.525360	outgroup	0	1.723970	0.723970	6	block_outgroup_fair
sub-122	younger	01	147.344000	3.527480	outgroup	0	1.600860	0.600860	9	block_outgroup_fair
sub-122	younger	01	151.641000	3.526440	outgroup	0	1.640590	0.640590	10	block_outgroup_fair
sub-122	younger	01	155.925000	3.524670	outgroup	0	1.744280	0.744280	10	block_outgroup_fair
sub-122	younger	01	160.222000	3.521780	outgroup	0	1.666640	0.666640	2	block_outgroup_fair
sub-122	younger	01	164.503000	3.520680	outgroup	0	1.422590	0.422590	10	block_outgroup_fair
sub-122	younger	01	168.783000	3.521270	outgroup	0	1.580280	0.580280	9	block_outgroup_fair
sub-122	younger	01	182.328000	3.528000	ingroup	0	1.679370	0.679370	10	block_ingroup_fair
sub-122	younger	01	186.624000	3.525940	ingroup	0	1.536590	0.536590	10	block_ingroup_fair
sub-122	younger	01	190.908000	3.522880	ingroup	0	1.673340	0.673340	10	block_ingroup_fair
sub-122	younger	01	195.188000	3.520160	ingroup	0	1.529490	0.529490	8	block_ingroup_fair
sub-122	younger	01	199.468000	3.523030	ingroup	0	1.736280	0.736280	2	block_ingroup_fair
sub-122	younger	01	203.749000	3.517760	ingroup	0	1.742100	0.742100	7	block_ingroup_fair
sub-122	younger	01	208.031000	3.519840	ingroup	0	1.497370	0.497370	6	block_ingroup_fair
sub-122	younger	01	212.310000	3.516280	ingroup	0	1.621650	0.621650	7	block_ingroup_fair
sub-122	younger	01	227.845000	3.529020	computer	0	1.683210	0.683210	4	block_computer_unfair
sub-122	younger	01	232.142000	3.526820	computer	0	1.506020	0.506020	8	block_computer_unfair
sub-122	younger	01	236.435000	3.529120	computer	0	2.066670	1.066670	4	block_computer_unfair
sub-122	younger	01	240.721000	3.523460	computer	0	1.801090	0.801090	5	block_computer_unfair
sub-122	younger	01	245.002000	3.522940	computer	0	1.840500	0.840500	3	block_computer_unfair
sub-122	younger	01	249.284000	3.522110	computer	0	1.711400	0.711400	1	block_computer_unfair
sub-122	younger	01	253.578000	3.522130	computer	0	1.470610	0.470610	1	block_computer_unfair
sub-122	younger	01	257.858000	3.523580	computer	0	1.578040	0.578040	1	block_computer_unfair
sub-122	younger	01	269.388000	3.519590	computer	0	1.574010	0.574010	6	block_computer_fair
sub-122	younger	01	273.665000	3.523330	computer	0	1.750920	0.750920	10	block_computer_fair
sub-122	younger	01	277.960000	3.524230	computer	0	2.059640	1.059640	1	block_computer_fair
sub-122	younger	01	282.242000	3.520860	computer	0	1.514410	0.514410	10	block_computer_fair
sub-122	younger	01	286.520000	3.516640	computer	0	1.639880	0.639880	10	block_computer_fair
sub-122	younger	01	290.793000	3.521780	computer	0	1.620240	0.620240	8	block_computer_fair
sub-122	younger	01	295.082000	3.529260	computer	0	2.034700	1.034700	8	block_computer_fair
sub-122	younger	01	299.377000	3.528240	computer	0	1.692780	0.692780	8	block_computer_fair
sub-122	younger	01	310.919000	3.528190	computer	0	1.677360	0.677360	7	block_computer_unfair
sub-122	younger	01	315.215000	3.526240	computer	0	2.068120	1.068120	2	block_computer_unfair
sub-122	younger	01	319.511000	3.527350	computer	0	1.676110	0.676110	3	block_computer_unfair
sub-122	younger	01	323.796000	3.523960	computer	0	1.477820	0.477820	3	block_computer_unfair
sub-122	younger	01	328.087000	3.527080	computer	0	1.440190	0.440190	3	block_computer_unfair
sub-122	younger	01	332.383000	3.526940	computer	0	1.415230	0.415230	1	block_computer_unfair
sub-122	younger	01	336.682000	3.523130	computer	0	2.436140	1.436140	1	block_computer_unfair
sub-122	younger	01	340.964000	3.520480	computer	0	2.090420	1.090420	5	block_computer_unfair
sub-122	younger	01	354.494000	3.516270	ingroup	0	1.688360	0.688360	6	block_ingroup_unfair
sub-122	younger	01	358.774000	3.527070	ingroup	0	1.811420	0.811420	9	block_ingroup_unfair
sub-122	younger	01	363.068000	3.528510	ingroup	0	1.404460	0.404460	1	block_ingroup_unfair
sub-122	younger	01	367.364000	3.526780	ingroup	0	1.412300	0.412300	4	block_ingroup_unfair
sub-122	younger	01	371.649000	3.523200	ingroup	0	1.547260	0.547260	4	block_ingroup_unfair
sub-122	younger	01	375.932000	3.520280	ingroup	0	1.534020	0.534020	3	block_ingroup_unfair
sub-122	younger	01	380.211000	3.521770	ingroup	0	1.408320	0.408320	3	block_ingroup_unfair
sub-122	younger	01	384.491000	3.521170	ingroup	0	1.465900	0.465900	2	block_ingroup_unfair
sub-122	younger	02	4.016400	3.515470	ingroup	0	1.889030	0.889030	5	block_ingroup_unfair
sub-122	younger	02	8.296510	3.525800	ingroup	0	1.778910	0.778910	4	block_ingroup_unfair
sub-122	younger	02	12.590200	3.516260	ingroup	0	1.488470	0.488470	7	block_ingroup_unfair
sub-122	younger	02	16.869200	3.529620	ingroup	0	1.696780	0.696780	1	block_ingroup_unfair
sub-122	younger	02	21.166200	3.527890	ingroup	0	1.419740	0.419740	3	block_ingroup_unfair
sub-122	younger	02	25.467100	3.523220	ingroup	0	1.856030	0.856030	1	block_ingroup_unfair
sub-122	younger	02	29.748000	3.522820	ingroup	0	1.578580	0.578580	1	block_ingroup_unfair
sub-122	younger	02	34.028900	3.522340	ingroup	0	1.484230	0.484230	1	block_ingroup_unfair
sub-122	younger	02	49.564400	3.527270	outgroup	0	1.662500	0.662500	5	block_outgroup_fair
sub-122	younger	02	53.861500	3.527490	outgroup	0	1.434420	0.434420	9	block_outgroup_fair
sub-122	younger	02	58.154900	3.530200	outgroup	0	1.494560	0.494560	9	block_outgroup_fair
sub-122	younger	02	62.452000	3.529240	outgroup	0	1.567860	0.567860	7	block_outgroup_fair
sub-122	younger	02	66.748500	3.526040	outgroup	0	1.425140	0.425140	7	block_outgroup_fair
sub-122	younger	02	71.032900	3.523530	outgroup	0	1.861080	0.861080	8	block_outgroup_fair
sub-122	younger	02	75.314900	3.520260	outgroup	0	1.915870	0.915870	3	block_outgroup_fair
sub-122	younger	02	79.594900	3.520310	outgroup	0	1.489030	0.489030	9	block_outgroup_fair
sub-122	younger	02	91.131000	3.525470	computer	0	1.829520	0.829520	4	block_computer_unfair
sub-122	younger	02	95.413800	3.524190	computer	0	1.533370	0.533370	4	block_computer_unfair
sub-122	younger	02	99.698100	3.519920	computer	0	1.585930	0.585930	1	block_computer_unfair
sub-122	younger	02	103.977000	3.521530	computer	0	1.643450	0.643450	1	block_computer_unfair
sub-122	younger	02	108.257000	3.520000	computer	0	1.684040	0.684040	6	block_computer_unfair
sub-122	younger	02	112.537000	3.516360	computer	0	1.790260	0.790260	2	block_computer_unfair
sub-122	younger	02	116.816000	3.528680	computer	0	1.631620	0.631620	2	block_computer_unfair
sub-122	younger	02	121.113000	3.527520	computer	0	1.487760	0.487760	9	block_computer_unfair
sub-122	younger	02	134.662000	3.521340	outgroup	0	1.583320	0.583320	9	block_outgroup_fair
sub-122	younger	02	138.945000	3.520090	outgroup	0	1.488070	0.488070	10	block_outgroup_fair
sub-122	younger	02	143.222000	3.522490	outgroup	0	1.480770	0.480770	9	block_outgroup_fair
sub-122	younger	02	147.503000	3.522540	outgroup	0	1.770790	0.770790	6	block_outgroup_fair
sub-122	younger	02	151.783000	3.516390	outgroup	0	1.459780	0.459780	7	block_outgroup_fair
sub-122	younger	02	156.062000	3.530300	outgroup	0	1.601500	0.601500	2	block_outgroup_fair
sub-122	younger	02	160.360000	3.526970	outgroup	0	1.657320	0.657320	8	block_outgroup_fair
sub-122	younger	02	164.654000	3.528580	outgroup	0	1.599240	0.599240	10	block_outgroup_fair
sub-122	younger	02	180.190000	3.530430	outgroup	0	1.543120	0.543120	4	block_outgroup_unfair
sub-122	younger	02	184.479000	3.520170	outgroup	0	1.023860	0.023860	4	block_outgroup_unfair
sub-122	younger	02	188.758000	3.522430	outgroup	0	1.832340	0.832340	4	block_outgroup_unfair
sub-122	younger	02	193.039000	3.519540	outgroup	0	1.455090	0.455090	4	block_outgroup_unfair
sub-122	younger	02	197.320000	3.520770	outgroup	0	1.644580	0.644580	5	block_outgroup_unfair
sub-122	younger	02	201.598000	3.515810	outgroup	0	1.419310	0.419310	9	block_outgroup_unfair
sub-122	younger	02	205.878000	3.528430	outgroup	0	1.759520	0.759520	3	block_outgroup_unfair
sub-122	younger	02	210.173000	3.528910	outgroup	0	1.518530	0.518530	3	block_outgroup_unfair
sub-122	younger	02	225.713000	3.526710	ingroup	0	1.524660	0.524660	5	block_ingroup_fair
sub-122	younger	02	230.008000	3.527430	ingroup	0	1.549620	0.549620	8	block_ingroup_fair
sub-122	younger	02	234.293000	3.521700	ingroup	0	1.484600	0.484600	7	block_ingroup_fair
sub-122	younger	02	238.572000	3.521060	ingroup	0	2.026190	1.026190	9	block_ingroup_fair
sub-122	younger	02	242.854000	3.519430	ingroup	0	1.664140	0.664140	10	block_ingroup_fair
sub-122	younger	02	247.133000	3.522240	ingroup	0	1.438300	0.438300	7	block_ingroup_fair
sub-122	younger	02	251.413000	3.516380	ingroup	0	1.628870	0.628870	9	block_ingroup_fair
sub-122	younger	02	255.694000	3.527770	ingroup	0	2.452730	1.452730	1	block_ingroup_fair
sub-122	younger	02	269.230000	3.520180	outgroup	0	1.793790	0.793790	2	block_outgroup_unfair
sub-122	younger	02	273.509000	3.521080	outgroup	0	1.617310	0.617310	1	block_outgroup_unfair
sub-122	younger	02	277.788000	3.522790	outgroup	0	1.576090	0.576090	5	block_outgroup_unfair
sub-122	younger	02	282.069000	3.522250	outgroup	0	1.431700	0.431700	4	block_outgroup_unfair
sub-122	younger	02	286.364000	3.521470	outgroup	0	1.723740	0.723740	3	block_outgroup_unfair
sub-122	younger	02	290.643000	3.528580	outgroup	0	2.031920	1.031920	3	block_outgroup_unfair
sub-122	younger	02	294.941000	3.525540	outgroup	0	1.019750	0.019750	9	block_outgroup_unfair
sub-122	younger	02	299.235000	3.529270	outgroup	0	1.645940	0.645940	2	block_outgroup_unfair
sub-122	younger	02	310.780000	3.516810	computer	0	1.443910	0.443910	9	block_computer_fair
sub-122	younger	02	315.058000	3.526380	computer	0	1.386450	0.386450	8	block_computer_fair
sub-122	younger	02	319.341000	3.524540	computer	0	1.423220	0.423220	7	block_computer_fair
sub-122	younger	02	323.634000	3.525020	computer	0	1.584450	0.584450	1	block_computer_fair
sub-122	younger	02	327.915000	3.526370	computer	0	1.772890	0.772890	9	block_computer_fair
sub-122	younger	02	332.208000	3.529360	computer	0	1.517350	0.517350	6	block_computer_fair
sub-122	younger	02	336.504000	3.529580	computer	0	1.758180	0.758180	8	block_computer_fair
sub-122	younger	02	340.792000	3.521720	computer	0	1.440430	0.440430	10	block_computer_fair
sub-122	younger	02	352.329000	3.527260	ingroup	0	1.595770	0.595770	9	block_ingroup_fair
sub-122	younger	02	356.623000	3.527580	ingroup	0	1.572280	0.572280	10	block_ingroup_fair
sub-122	younger	02	360.917000	3.528880	ingroup	0	1.597930	0.597930	7	block_ingroup_fair
sub-122	younger	02	365.218000	3.521290	ingroup	0	1.467130	0.467130	7	block_ingroup_fair
sub-122	younger	02	369.500000	3.521090	ingroup	0	1.872850	0.872850	1	block_ingroup_fair
sub-122	younger	02	373.780000	3.521900	ingroup	0	1.512810	0.512810	8	block_ingroup_fair
sub-122	younger	02	378.059000	3.522320	ingroup	0	1.537160	0.537160	8	block_ingroup_fair
sub-122	younger	02	382.340000	3.527480	ingroup	0	1.692730	0.692730	6	block_ingroup_fair
sub-124	younger	01	4.004950	3.539980	computer	1			2	block_computer_unfair
sub-124	younger	01	8.314420	3.527890	computer	0	1.400180	0.400180	7	block_computer_unfair
sub-124	younger	01	12.611500	3.510650	computer	0	1.423450	0.423450	3	block_computer_unfair
sub-124	younger	01	16.891500	3.511470	computer	0	1.346840	0.346840	3	block_computer_unfair
sub-124	younger	01	21.172800	3.525700	computer	0	1.319860	0.319860	5	block_computer_unfair
sub-124	younger	01	25.468600	3.511260	computer	0	1.360150	0.360150	1	block_computer_unfair
sub-124	younger	01	29.735800	3.524190	computer	0	1.414590	0.414590	1	block_computer_unfair
sub-124	younger	01	34.030700	3.524850	computer	0	1.521790	0.521790	2	block_computer_unfair
sub-124	younger	01	45.553300	3.527200	computer	0	1.558840	0.558840	5	block_computer_fair
sub-124	younger	01	49.850900	3.525970	computer	0	1.664870	0.664870	10	block_computer_fair
sub-124	younger	01	54.133700	3.524070	computer	0	1.535620	0.535620	3	block_computer_fair
sub-124	younger	01	58.414500	3.523130	computer	0	1.542280	0.542280	10	block_computer_fair
sub-124	younger	01	62.695500	3.507630	computer	0	1.030060	0.030060	7	block_computer_fair
sub-124	younger	01	66.974000	3.510010	computer	0	1.472440	0.472440	8	block_computer_fair
sub-124	younger	01	71.238700	3.525580	computer	0	1.728240	0.728240	9	block_computer_fair
sub-124	younger	01	75.519800	3.516620	computer	0	1.366950	0.366950	9	block_computer_fair
sub-124	younger	01	89.053400	3.522920	outgroup	0	2.178600	1.178600	3	block_outgroup_unfair
sub-124	younger	01	93.333100	3.509120	outgroup	0	1.768490	0.768490	1	block_outgroup_unfair
sub-124	younger	01	97.599900	3.507810	outgroup	0	2.139010	1.139010	8	block_outgroup_unfair
sub-124	younger	01	101.863000	3.523640	outgroup	0	1.362470	0.362470	1	block_outgroup_unfair
sub-124	younger	01	106.143000	3.508240	outgroup	0	1.017980	0.017980	5	block_outgroup_unfair
sub-124	younger	01	110.409000	3.523990	outgroup	0	1.307270	0.307270	4	block_outgroup_unfair
sub-124	younger	01	114.704000	3.524000	outgroup	0	1.698140	0.698140	2	block_outgroup_unfair
sub-124	younger	01	119.000000	3.516270	outgroup	0	1.272170	0.272170	3	block_outgroup_unfair
sub-124	younger	01	130.525000	3.510910	ingroup	0	1.657670	0.657670	7	block_ingroup_fair
sub-124	younger	01	134.806000	3.507390	ingroup	0	1.312120	0.312120	6	block_ingroup_fair
sub-124	younger	01	139.071000	3.508220	ingroup	0	1.017570	0.017570	8	block_ingroup_fair
sub-124	younger	01	143.336000	3.509200	ingroup	0	1.340010	0.340010	7	block_ingroup_fair
sub-124	younger	01	147.616000	3.514020	ingroup	0	1.446770	0.446770	10	block_ingroup_fair
sub-124	younger	01	151.896000	3.510770	ingroup	0	1.420240	0.420240	7	block_ingroup_fair
sub-124	younger	01	156.177000	3.510990	ingroup	0	1.325510	0.325510	3	block_ingroup_fair
sub-124	younger	01	160.457000	3.510830	ingroup	0	1.567000	0.567000	10	block_ingroup_fair
sub-124	younger	01	175.982000	3.509100	computer	0	1.737740	0.737740	9	block_computer_fair
sub-124	younger	01	180.259000	3.527590	computer	0	1.430290	0.430290	5	block_computer_fair
sub-124	younger	01	184.558000	3.525560	computer	0	1.118690	0.118690	7	block_computer_fair
sub-124	younger	01	188.839000	3.524440	computer	0	1.474010	0.474010	9	block_computer_fair
sub-124	younger	01	193.119000	3.525110	computer	0	1.715110	0.715110	8	block_computer_fair
sub-124	younger	01	197.399000	3.508390	computer	0	1.705050	0.705050	7	block_computer_fair
sub-124	younger	01	201.650000	3.511740	computer	0	1.524170	0.524170	8	block_computer_fair
sub-124	younger	01	205.930000	3.505310	computer	0	1.297750	0.297750	3	block_computer_fair
sub-124	younger	01	217.439000	3.524890	ingroup	0	1.681830	0.681830	3	block_ingroup_unfair
sub-124	younger	01	221.721000	3.508040	ingroup	0	2.036780	1.036780	4	block_ingroup_unfair
sub-124	younger	01	225.984000	3.524130	ingroup	0	2.293670	1.293670	5	block_ingroup_unfair
sub-124	younger	01	230.265000	3.508040	ingroup	0	1.782320	0.782320	1	block_ingroup_unfair
sub-124	younger	01	234.545000	3.525730	ingroup	0	1.339640	0.339640	1	block_ingroup_unfair
sub-124	younger	01	238.840000	3.528500	ingroup	0	1.430690	0.430690	8	block_ingroup_unfair
sub-124	younger	01	243.138000	3.511100	ingroup	0	1.537060	0.537060	3	block_ingroup_unfair
sub-124	younger	01	247.418000	3.525750	ingroup	0	1.493980	0.493980	2	block_ingroup_unfair
sub-124	younger	01	262.951000	3.516680	outgroup	0	1.807340	0.807340	9	block_outgroup_fair
sub-124	younger	01	267.239000	3.508100	outgroup	0	1.455350	0.455350	8	block_outgroup_fair
sub-124	younger	01	271.505000	3.521600	outgroup	0	1.025950	0.025950	8	block_outgroup_fair
sub-124	younger	01	275.783000	3.526440	outgroup	0	1.251970	0.251970	7	block_outgroup_fair
sub-124	younger	01	280.063000	3.524530	outgroup	0	1.341870	0.341870	10	block_outgroup_fair
sub-124	younger	01	284.345000	3.517040	outgroup	0	1.714730	0.714730	10	block_outgroup_fair
sub-124	younger	01	288.624000	3.527660	outgroup	0	1.354990	0.354990	6	block_outgroup_fair
sub-124	younger	01	292.921000	3.526450	outgroup	0	1.445160	0.445160	4	block_outgroup_fair
sub-124	younger	01	306.453000	3.508460	ingroup	0	1.623580	0.623580	9	block_ingroup_unfair
sub-124	younger	01	310.718000	3.524480	ingroup	0	1.446060	0.446060	4	block_ingroup_unfair
sub-124	younger	01	315.000000	3.508120	ingroup	0	1.452900	0.452900	3	block_ingroup_unfair
sub-124	younger	01	319.279000	3.510880	ingroup	0	1.358760	0.358760	1	block_ingroup_unfair
sub-124	younger	01	323.559000	3.508520	ingroup	0	1.364390	0.364390	5	block_ingroup_unfair
sub-124	younger	01	327.825000	3.509960	ingroup	0	1.386020	0.386020	3	block_ingroup_unfair
sub-124	younger	01	332.105000	3.527060	ingroup	0	1.459740	0.459740	4	block_ingroup_unfair
sub-124	younger	01	336.402000	3.510070	ingroup	0	1.782600	0.782600	3	block_ingroup_unfair
sub-124	younger	01	349.919000	3.508990	computer	0	1.643660	0.643660	3	block_computer_unfair
sub-124	younger	01	354.183000	3.524720	computer	0	1.650400	0.650400	1	block_computer_unfair
sub-124	younger	01	358.464000	3.525290	computer	0	1.022150	0.022150	4	block_computer_unfair
sub-124	younger	01	362.743000	3.509970	computer	0	1.029660	0.029660	1	block_computer_unfair
sub-124	younger	01	367.025000	3.511850	computer	0	1.368510	0.368510	5	block_computer_unfair
sub-124	younger	01	371.304000	3.502620	computer	0	1.442760	0.442760	2	block_computer_unfair
sub-124	younger	01	375.570000	3.526560	computer	0	1.396620	0.396620	2	block_computer_unfair
sub-124	younger	01	379.865000	3.512640	computer	0	1.506210	0.506210	7	block_computer_unfair
sub-124	younger	02	4.016460	3.520820	outgroup	0	1.023320	0.023320	7	block_outgroup_fair
sub-124	younger	02	8.295410	3.508810	outgroup	0	1.465320	0.465320	5	block_outgroup_fair
sub-124	younger	02	12.573200	3.528120	outgroup	0	1.323920	0.323920	9	block_outgroup_fair
sub-124	younger	02	16.871400	3.509890	outgroup	0	1.346120	0.346120	2	block_outgroup_fair
sub-124	younger	02	21.151100	3.510820	outgroup	0	1.486870	0.486870	7	block_outgroup_fair
sub-124	younger	02	25.432200	3.508810	outgroup	0	1.342370	0.342370	9	block_outgroup_fair
sub-124	younger	02	29.696800	3.510980	outgroup	0	1.030780	0.030780	7	block_outgroup_fair
sub-124	younger	02	33.976400	3.510710	outgroup	0	1.622010	0.622010	9	block_outgroup_fair
sub-124	younger	02	49.501400	3.508420	ingroup	0	1.893530	0.893530	9	block_ingroup_fair
sub-124	younger	02	53.766500	3.524250	ingroup	0	1.848670	0.848670	2	block_ingroup_fair
sub-124	younger	02	58.061000	3.510620	ingroup	0	1.490530	0.490530	7	block_ingroup_fair
sub-124	younger	02	62.341900	3.510680	ingroup	0	1.497340	0.497340	7	block_ingroup_fair
sub-124	younger	02	66.607800	3.507900	ingroup	0	1.467390	0.467390	10	block_ingroup_fair
sub-124	younger	02	70.873300	3.501930	ingroup	0	1.756070	0.756070	10	block_ingroup_fair
sub-124	younger	02	75.136900	3.510990	ingroup	0	1.361970	0.361970	9	block_ingroup_fair
sub-124	younger	02	79.417400	3.510380	ingroup	0	1.318280	0.318280	6	block_ingroup_fair
sub-124	younger	02	92.934000	3.510210	outgroup	0	2.363570	1.363570	9	block_outgroup_fair
sub-124	younger	02	97.200100	3.508020	outgroup	0	1.483690	0.483690	10	block_outgroup_fair
sub-124	younger	02	101.480000	3.508580	outgroup	0	1.357100	0.357100	3	block_outgroup_fair
sub-124	younger	02	105.759000	3.524300	outgroup	0	1.414570	0.414570	6	block_outgroup_fair
sub-124	younger	02	110.041000	3.516830	outgroup	0	1.019490	0.019490	7	block_outgroup_fair
sub-124	younger	02	114.320000	3.509540	outgroup	0	1.027540	0.027540	10	block_outgroup_fair
sub-124	younger	02	118.587000	3.525280	outgroup	0	1.330870	0.330870	8	block_outgroup_fair
sub-124	younger	02	122.883000	3.525980	outgroup	0	1.288690	0.288690	9	block_outgroup_fair
sub-124	younger	02	134.424000	3.508060	computer	0	2.474640	1.474640	2	block_computer_unfair
sub-124	younger	02	138.688000	3.516910	computer	0	1.613370	0.613370	5	block_computer_unfair
sub-124	younger	02	142.968000	3.510180	computer	0	1.019480	0.019480	2	block_computer_unfair
sub-124	younger	02	147.248000	3.511970	computer	0	1.326900	0.326900	9	block_computer_unfair
sub-124	younger	02	151.529000	3.511210	computer	0	1.516280	0.516280	1	block_computer_unfair
sub-124	younger	02	155.809000	3.525820	computer	0	1.022630	0.022630	1	block_computer_unfair
sub-124	younger	02	160.093000	3.508830	computer	0	1.392810	0.392810	4	block_computer_unfair
sub-124	younger	02	164.370000	3.511260	computer	0	1.418960	0.418960	2	block_computer_unfair
sub-124	younger	02	179.896000	3.507300	outgroup	0	1.622100	0.622100	1	block_outgroup_unfair
sub-124	younger	02	184.160000	3.509190	outgroup	0	1.378210	0.378210	1	block_outgroup_unfair
sub-124	younger	02	188.425000	3.509100	outgroup	0	1.233970	0.233970	1	block_outgroup_unfair
sub-124	younger	02	192.689000	3.525860	outgroup	0	1.323360	0.323360	4	block_outgroup_unfair
sub-124	younger	02	196.985000	3.516520	outgroup	0	1.714540	0.714540	7	block_outgroup_unfair
sub-124	younger	02	201.267000	3.510640	outgroup	0	1.486170	0.486170	4	block_outgroup_unfair
sub-124	younger	02	205.547000	3.511110	outgroup	0	1.375960	0.375960	5	block_outgroup_unfair
sub-124	younger	02	209.827000	3.526630	outgroup	0	1.399910	0.399910	2	block_outgroup_unfair
sub-124	younger	02	221.370000	3.513060	ingroup	0	1.366530	0.366530	2	block_ingroup_unfair
sub-124	younger	02	225.648000	3.526810	ingroup	0	1.307710	0.307710	5	block_ingroup_unfair
sub-124	younger	02	229.945000	3.511490	ingroup	0	1.331520	0.331520	2	block_ingroup_unfair
sub-124	younger	02	234.224000	3.527670	ingroup	0	1.022410	0.022410	2	block_ingroup_unfair
sub-124	younger	02	238.508000	3.522920	ingroup	0	1.475090	0.475090	3	block_ingroup_unfair
sub-124	younger	02	242.802000	3.525600	ingroup	0	1.335250	0.335250	10	block_ingroup_unfair
sub-124	younger	02	247.098000	3.510490	ingroup	0	1.475920	0.475920	4	block_ingroup_unfair
sub-124	younger	02	251.365000	3.524850	ingroup	0	1.462400	0.462400	1	block_ingroup_unfair
sub-124	younger	02	266.904000	3.508140	computer	0	1.436310	0.436310	10	block_computer_fair
sub-124	younger	02	271.181000	3.505190	computer	0	1.595520	0.595520	9	block_computer_fair
sub-124	younger	02	275.447000	3.503300	computer	0	1.316950	0.316950	7	block_computer_fair
sub-124	younger	02	279.712000	3.511320	computer	0	1.454950	0.454950	5	block_computer_fair
sub-124	younger	02	283.992000	3.510620	computer	0	1.312390	0.312390	7	block_computer_fair
sub-124	younger	02	288.273000	3.511350	computer	0	1.284190	0.284190	2	block_computer_fair
sub-124	younger	02	292.553000	3.511330	computer	0	1.107860	0.107860	7	block_computer_fair
sub-124	younger	02	296.833000	3.511760	computer	0	1.564590	0.564590	7	block_computer_fair
sub-124	younger	02	308.361000	3.510280	ingroup	0	1.346850	0.346850	9	block_ingroup_fair
sub-124	younger	02	312.641000	3.509730	ingroup	0	1.420090	0.420090	7	block_ingroup_fair
sub-124	younger	02	316.921000	3.527680	ingroup	0	1.727460	0.727460	7	block_ingroup_fair
sub-124	younger	02	321.217000	3.525430	ingroup	0	1.634480	0.634480	7	block_ingroup_fair
sub-124	younger	02	325.513000	3.525850	ingroup	0	1.775500	0.775500	8	block_ingroup_fair
sub-124	younger	02	329.795000	3.508200	ingroup	0	1.613490	0.613490	8	block_ingroup_fair
sub-124	younger	02	334.060000	3.509030	ingroup	0	1.752240	0.752240	6	block_ingroup_fair
sub-124	younger	02	338.325000	3.507730	ingroup	0	1.724200	0.724200	4	block_ingroup_fair
sub-124	younger	02	351.840000	3.510690	outgroup	0	1.503580	0.503580	3	block_outgroup_unfair
sub-124	younger	02	356.120000	3.525660	outgroup	0	2.094030	1.094030	5	block_outgroup_unfair
sub-124	younger	02	360.416000	3.527550	outgroup	0	1.518340	0.518340	8	block_outgroup_unfair
sub-124	younger	02	364.713000	3.526230	outgroup	0	1.290580	0.290580	2	block_outgroup_unfair
sub-124	younger	02	369.009000	3.510290	outgroup	0	1.031240	0.031240	1	block_outgroup_unfair
sub-124	younger	02	373.278000	3.505700	outgroup	0	1.032820	0.032820	3	block_outgroup_unfair
sub-124	younger	02	377.554000	3.525780	outgroup	0	1.026420	0.026420	3	block_outgroup_unfair
sub-124	younger	02	381.837000	3.507720	outgroup	0	1.747790	0.747790	3	block_outgroup_unfair
sub-125	younger	01	4.020760	3.538440	ingroup	1			7	block_ingroup_unfair
sub-125	younger	01	8.320450	3.520900	ingroup	0	2.082640	1.082640	4	block_ingroup_unfair
sub-125	younger	01	12.602900	3.527800	ingroup	0	2.152900	1.152900	4	block_ingroup_unfair
sub-125	younger	01	16.891700	3.523810	ingroup	0	2.067490	1.067490	6	block_ingroup_unfair
sub-125	younger	01	21.176700	3.527030	ingroup	0	1.952510	0.952510	2	block_ingroup_unfair
sub-125	younger	01	25.464300	3.524560	ingroup	0	1.868740	0.868740	1	block_ingroup_unfair
sub-125	younger	01	29.750100	3.524290	ingroup	0	2.186830	1.186830	1	block_ingroup_unfair
sub-125	younger	01	34.035100	3.525990	ingroup	0	1.704850	0.704850	3	block_ingroup_unfair
sub-125	younger	01	49.585600	3.523890	outgroup	0	1.783590	0.783590	8	block_outgroup_fair
sub-125	younger	01	53.873600	3.534620	outgroup	1			6	block_outgroup_fair
sub-125	younger	01	58.169500	3.527700	outgroup	0	1.356420	0.356420	9	block_outgroup_fair
sub-125	younger	01	62.459000	3.525620	outgroup	0	1.787330	0.787330	7	block_outgroup_fair
sub-125	younger	01	66.746400	3.523890	outgroup	0	1.703810	0.703810	7	block_outgroup_fair
sub-125	younger	01	71.030900	3.526740	outgroup	0	1.505650	0.505650	7	block_outgroup_fair
sub-125	younger	01	75.319200	3.528460	outgroup	0	1.387670	0.387670	4	block_outgroup_fair
sub-125	younger	01	79.608300	3.527210	outgroup	0	1.385280	0.385280	9	block_outgroup_fair
sub-125	younger	01	95.147500	3.515560	ingroup	0	1.442480	0.442480	1	block_ingroup_unfair
sub-125	younger	01	99.434200	3.522840	ingroup	0	1.559100	0.559100	7	block_ingroup_unfair
sub-125	younger	01	103.716000	3.516210	ingroup	0	1.463800	0.463800	1	block_ingroup_unfair
sub-125	younger	01	108.003000	3.523720	ingroup	0	1.563940	0.563940	4	block_ingroup_unfair
sub-125	younger	01	112.287000	3.524050	ingroup	0	2.034120	1.034120	4	block_ingroup_unfair
sub-125	younger	01	116.573000	3.525470	ingroup	0	1.435180	0.435180	3	block_ingroup_unfair
sub-125	younger	01	120.859000	3.524890	ingroup	0	2.068690	1.068690	5	block_ingroup_unfair
sub-125	younger	01	125.146000	3.523910	ingroup	0	1.952210	0.952210	3	block_ingroup_unfair
sub-125	younger	01	136.678000	3.520290	computer	0	2.263080	1.263080	5	block_computer_unfair
sub-125	younger	01	140.959000	3.525020	computer	0	1.352380	0.352380	3	block_computer_unfair
sub-125	younger	01	145.245000	3.516020	computer	0	1.469010	0.469010	10	block_computer_unfair
sub-125	younger	01	149.531000	3.525300	computer	0	1.421220	0.421220	2	block_computer_unfair
sub-125	younger	01	153.817000	3.531520	computer	0	1.587960	0.587960	3	block_computer_unfair
sub-125	younger	01	158.108000	3.526520	computer	0	1.717520	0.717520	4	block_computer_unfair
sub-125	younger	01	162.396000	3.526820	computer	0	1.515830	0.515830	1	block_computer_unfair
sub-125	younger	01	166.683000	3.522460	computer	0	1.899540	0.899540	1	block_computer_unfair
sub-125	younger	01	180.219000	3.525690	computer	0	1.775690	0.775690	9	block_computer_fair
sub-125	younger	01	184.506000	3.528330	computer	0	1.574860	0.574860	7	block_computer_fair
sub-125	younger	01	188.795000	3.526990	computer	0	1.606570	0.606570	8	block_computer_fair
sub-125	younger	01	193.083000	3.515110	computer	0	1.605140	0.605140	1	block_computer_fair
sub-125	younger	01	197.357000	3.527000	computer	0	1.600250	0.600250	8	block_computer_fair
sub-125	younger	01	201.644000	3.525310	computer	0	2.133860	1.133860	6	block_computer_fair
sub-125	younger	01	205.931000	3.526680	computer	0	1.500330	0.500330	8	block_computer_fair
sub-125	younger	01	210.218000	3.528520	computer	0	1.599860	0.599860	9	block_computer_fair
sub-125	younger	01	223.756000	3.525490	outgroup	0	1.456010	0.456010	3	block_outgroup_unfair
sub-125	younger	01	228.044000	3.523740	outgroup	0	1.421330	0.421330	3	block_outgroup_unfair
sub-125	younger	01	232.329000	3.529030	outgroup	0	1.423460	0.423460	1	block_outgroup_unfair
sub-125	younger	01	236.619000	3.524220	outgroup	0	1.370440	0.370440	3	block_outgroup_unfair
sub-125	younger	01	240.905000	3.524420	outgroup	0	1.620820	0.620820	6	block_outgroup_unfair
sub-125	younger	01	245.190000	3.528880	outgroup	0	1.523590	0.523590	3	block_outgroup_unfair
sub-125	younger	01	249.481000	3.525090	outgroup	0	1.719840	0.719840	4	block_outgroup_unfair
sub-125	younger	01	253.767000	3.526450	outgroup	0	1.570440	0.570440	9	block_outgroup_unfair
sub-125	younger	01	265.305000	3.515210	computer	0	1.542130	0.542130	7	block_computer_fair
sub-125	younger	01	269.592000	3.525540	computer	0	1.458330	0.458330	7	block_computer_fair
sub-125	younger	01	273.879000	3.528130	computer	0	1.525110	0.525110	8	block_computer_fair
sub-125	younger	01	278.169000	3.524130	computer	0	1.405090	0.405090	7	block_computer_fair
sub-125	younger	01	282.455000	3.524550	computer	0	1.556580	0.556580	6	block_computer_fair
sub-125	younger	01	286.740000	3.527310	computer	0	1.441350	0.441350	7	block_computer_fair
sub-125	younger	01	291.027000	3.525920	computer	0	1.457520	0.457520	8	block_computer_fair
sub-125	younger	01	295.313000	3.528510	computer	0	1.441510	0.441510	4	block_computer_fair
sub-125	younger	01	306.852000	3.527720	ingroup	0	1.778420	0.778420	10	block_ingroup_fair
sub-125	younger	01	311.143000	3.522070	ingroup	0	1.658920	0.658920	8	block_ingroup_fair
sub-125	younger	01	315.428000	3.526470	ingroup	0	1.526710	0.526710	6	block_ingroup_fair
sub-125	younger	01	319.715000	3.526310	ingroup	0	1.592670	0.592670	7	block_ingroup_fair
sub-125	younger	01	324.003000	3.523220	ingroup	0	2.158790	1.158790	1	block_ingroup_fair
sub-125	younger	01	328.287000	3.528180	ingroup	0	1.611890	0.611890	9	block_ingroup_fair
sub-125	younger	01	332.575000	3.527810	ingroup	0	1.993350	0.993350	9	block_ingroup_fair
sub-125	younger	01	336.865000	3.527960	ingroup	0	1.923660	0.923660	10	block_ingroup_fair
sub-125	younger	01	352.406000	3.523720	computer	0	1.445060	0.445060	9	block_computer_unfair
sub-125	younger	01	356.691000	3.525320	computer	0	1.663900	0.663900	1	block_computer_unfair
sub-125	younger	01	360.977000	3.525230	computer	0	1.848540	0.848540	5	block_computer_unfair
sub-125	younger	01	365.263000	3.526140	computer	0	1.482760	0.482760	2	block_computer_unfair
sub-125	younger	01	369.550000	3.525370	computer	0	1.815450	0.815450	4	block_computer_unfair
sub-125	younger	01	373.836000	3.527510	computer	0	1.616540	0.616540	3	block_computer_unfair
sub-125	younger	01	378.123000	3.526530	computer	0	1.732960	0.732960	2	block_computer_unfair
sub-125	younger	01	382.411000	3.515880	computer	0	1.532320	0.532320	1	block_computer_unfair
sub-125	younger	02	4.010070	3.526180	outgroup	0	1.529930	0.529930	7	block_outgroup_fair
sub-125	younger	02	8.298740	3.526250	outgroup	0	1.027240	0.027240	6	block_outgroup_fair
sub-125	younger	02	12.586600	3.530170	outgroup	0	1.760360	0.760360	8	block_outgroup_fair
sub-125	younger	02	16.876900	3.528740	outgroup	0	1.656700	0.656700	1	block_outgroup_fair
sub-125	younger	02	21.165500	3.524590	outgroup	0	1.922000	0.922000	9	block_outgroup_fair
sub-125	younger	02	25.451800	3.526090	outgroup	0	2.039450	1.039450	9	block_outgroup_fair
sub-125	younger	02	29.739300	3.523680	outgroup	0	2.121940	1.121940	7	block_outgroup_fair
sub-125	younger	02	34.024800	3.527710	outgroup	0	1.873210	0.873210	7	block_outgroup_fair
sub-125	younger	02	47.569700	3.526950	outgroup	0	1.823800	0.823800	2	block_outgroup_unfair
sub-125	younger	02	51.857100	3.527400	outgroup	0	1.972100	0.972100	1	block_outgroup_unfair
sub-125	younger	02	56.145800	3.525080	outgroup	0	2.170540	1.170540	3	block_outgroup_unfair
sub-125	younger	02	60.432400	3.515980	outgroup	0	1.870770	0.870770	1	block_outgroup_unfair
sub-125	younger	02	64.706600	3.515970	outgroup	0	1.816810	0.816810	7	block_outgroup_unfair
sub-125	younger	02	68.993700	3.525910	outgroup	0	2.083340	1.083340	2	block_outgroup_unfair
sub-125	younger	02	73.281000	3.524910	outgroup	0	2.166550	1.166550	5	block_outgroup_unfair
sub-125	younger	02	77.566200	3.526140	outgroup	0	1.967650	0.967650	2	block_outgroup_unfair
sub-125	younger	02	89.109300	3.525950	computer	0	1.783930	0.783930	2	block_computer_unfair
sub-125	younger	02	93.395700	3.525180	computer	0	1.684410	0.684410	2	block_computer_unfair
sub-125	younger	02	97.682800	3.515150	computer	0	2.035500	1.035500	6	block_computer_unfair
sub-125	younger	02	101.958000	3.524600	computer	0	1.529410	0.529410	1	block_computer_unfair
sub-125	younger	02	106.245000	3.526630	computer	0	1.695570	0.695570	3	block_computer_unfair
sub-125	younger	02	110.532000	3.515870	computer	0	1.962690	0.962690	9	block_computer_unfair
sub-125	younger	02	114.820000	3.526030	computer	0	1.895320	0.895320	1	block_computer_unfair
sub-125	younger	02	119.106000	3.525210	computer	0	2.045850	1.045850	4	block_computer_unfair
sub-125	younger	02	132.646000	3.526270	ingroup	0	2.066440	1.066440	9	block_ingroup_fair
sub-125	younger	02	136.935000	3.525890	ingroup	0	1.481030	0.481030	9	block_ingroup_fair
sub-125	younger	02	141.221000	3.527280	ingroup	0	1.497940	0.497940	10	block_ingroup_fair
sub-125	younger	02	145.509000	3.527870	ingroup	0	1.646690	0.646690	6	block_ingroup_fair
sub-125	younger	02	149.798000	3.522190	ingroup	0	1.461160	0.461160	7	block_ingroup_fair
sub-125	younger	02	154.081000	3.528750	ingroup	0	1.748490	0.748490	10	block_ingroup_fair
sub-125	younger	02	158.371000	3.523790	ingroup	0	2.179740	1.179740	7	block_ingroup_fair
sub-125	younger	02	162.657000	3.526000	ingroup	0	1.530440	0.530440	1	block_ingroup_fair
sub-125	younger	02	178.190000	3.523930	ingroup	0	1.526150	0.526150	2	block_ingroup_unfair
sub-125	younger	02	182.475000	3.525260	ingroup	0	1.528880	0.528880	1	block_ingroup_unfair
sub-125	younger	02	186.761000	3.516070	ingroup	0	2.179340	1.179340	9	block_ingroup_unfair
sub-125	younger	02	191.035000	3.524950	ingroup	0	1.542370	0.542370	1	block_ingroup_unfair
sub-125	younger	02	195.320000	3.528310	ingroup	0	1.610200	0.610200	1	block_ingroup_unfair
sub-125	younger	02	199.610000	3.523950	ingroup	0	1.457090	0.457090	2	block_ingroup_unfair
sub-125	younger	02	203.895000	3.515560	ingroup	0	1.642030	0.642030	3	block_ingroup_unfair
sub-125	younger	02	208.183000	3.524980	ingroup	0	1.841960	0.841960	6	block_ingroup_unfair
sub-125	younger	02	219.724000	3.523630	outgroup	0	1.877380	0.877380	9	block_outgroup_fair
sub-125	younger	02	224.008000	3.527520	outgroup	0	2.129200	1.129200	4	block_outgroup_fair
sub-125	younger	02	228.296000	3.526930	outgroup	0	1.794810	0.794810	9	block_outgroup_fair
sub-125	younger	02	232.583000	3.524700	outgroup	0	1.760960	0.760960	7	block_outgroup_fair
sub-125	younger	02	236.869000	3.524410	outgroup	0	1.478700	0.478700	8	block_outgroup_fair
sub-125	younger	02	241.156000	3.523200	outgroup	0	1.496730	0.496730	5	block_outgroup_fair
sub-125	younger	02	245.440000	3.525880	outgroup	0	1.698370	0.698370	9	block_outgroup_fair
sub-125	younger	02	249.728000	3.524460	outgroup	0	1.981250	0.981250	7	block_outgroup_fair
sub-125	younger	02	263.269000	3.525340	computer	0	1.684480	0.684480	7	block_computer_fair
sub-125	younger	02	267.556000	3.515540	computer	0	1.734250	0.734250	7	block_computer_fair
sub-125	younger	02	271.828000	3.529510	computer	0	1.798600	0.798600	7	block_computer_fair
sub-125	younger	02	276.119000	3.525560	computer	0	1.660530	0.660530	6	block_computer_fair
sub-125	younger	02	280.407000	3.523950	computer	0	2.043160	1.043160	7	block_computer_fair
sub-125	younger	02	284.694000	3.527230	computer	0	1.543710	0.543710	4	block_computer_fair
sub-125	younger	02	288.981000	3.525970	computer	0	1.609270	0.609270	7	block_computer_fair
sub-125	younger	02	293.266000	3.527780	computer	0	1.628020	0.628020	9	block_computer_fair
sub-125	younger	02	308.805000	3.523610	outgroup	0	1.601940	0.601940	10	block_outgroup_unfair
sub-125	younger	02	313.091000	3.525890	outgroup	0	1.419500	0.419500	1	block_outgroup_unfair
sub-125	younger	02	317.379000	3.528010	outgroup	0	1.535590	0.535590	1	block_outgroup_unfair
sub-125	younger	02	321.669000	3.525450	outgroup	0	1.915870	0.915870	4	block_outgroup_unfair
sub-125	younger	02	325.956000	3.525210	outgroup	0	1.565020	0.565020	1	block_outgroup_unfair
sub-125	younger	02	330.243000	3.522870	outgroup	0	2.166050	1.166050	1	block_outgroup_unfair
sub-125	younger	02	334.526000	3.524880	outgroup	0	2.203340	1.203340	6	block_outgroup_unfair
sub-125	younger	02	338.812000	3.524970	outgroup	0	1.586380	0.586380	4	block_outgroup_unfair
sub-125	younger	02	354.359000	3.526810	ingroup	0	1.585170	0.585170	5	block_ingroup_fair
sub-125	younger	02	358.650000	3.523550	ingroup	0	1.464630	0.464630	3	block_ingroup_fair
sub-125	younger	02	362.936000	3.523510	ingroup	0	2.133240	1.133240	7	block_ingroup_fair
sub-125	younger	02	367.222000	3.523350	ingroup	0	1.850170	0.850170	7	block_ingroup_fair
sub-125	younger	02	371.506000	3.523660	ingroup	0	1.452570	0.452570	10	block_ingroup_fair
sub-125	younger	02	375.791000	3.524260	ingroup	0	2.221910	1.221910	7	block_ingroup_fair
sub-125	younger	02	380.078000	3.526400	ingroup	0	2.021770	1.021770	9	block_ingroup_fair
sub-125	younger	02	384.365000	3.525290	ingroup	0	1.637240	0.637240	9	block_ingroup_fair
sub-126	younger	01	4.014950	3.521930	ingroup	0	2.029050	1.029050	10	block_ingroup_unfair
sub-126	younger	01	8.297620	3.527200	ingroup	0	1.466050	0.466050	4	block_ingroup_unfair
sub-126	younger	01	12.586400	3.530250	ingroup	0	1.347220	0.347220	1	block_ingroup_unfair
sub-126	younger	01	16.876700	3.525340	ingroup	0	1.360400	0.360400	3	block_ingroup_unfair
sub-126	younger	01	21.163000	3.527300	ingroup	0	1.344580	0.344580	6	block_ingroup_unfair
sub-126	younger	01	25.450700	3.525750	ingroup	0	1.443910	0.443910	2	block_ingroup_unfair
sub-126	younger	01	29.736800	3.525130	ingroup	0	1.377890	0.377890	4	block_ingroup_unfair
sub-126	younger	01	34.022500	3.526930	ingroup	0	1.028130	0.028130	1	block_ingroup_unfair
sub-126	younger	01	49.556700	3.527720	ingroup	0	1.390430	0.390430	9	block_ingroup_fair
sub-126	younger	01	53.844900	3.524230	ingroup	0	1.372910	0.372910	9	block_ingroup_fair
sub-126	younger	01	58.129800	3.528330	ingroup	0	1.358260	0.358260	8	block_ingroup_fair
sub-126	younger	01	62.419700	3.525390	ingroup	0	1.505180	0.505180	9	block_ingroup_fair
sub-126	younger	01	66.707100	3.522890	ingroup	0	1.954970	0.954970	9	block_ingroup_fair
sub-126	younger	01	70.991600	3.522510	ingroup	0	1.807650	0.807650	6	block_ingroup_fair
sub-126	younger	01	75.274200	3.523090	ingroup	0	1.411100	0.411100	7	block_ingroup_fair
sub-126	younger	01	79.558800	3.528190	ingroup	0	1.413470	0.413470	2	block_ingroup_fair
sub-126	younger	01	91.110200	3.521280	outgroup	0	1.571830	0.571830	2	block_outgroup_fair
sub-126	younger	01	95.393200	3.524010	outgroup	0	1.275140	0.275140	10	block_outgroup_fair
sub-126	younger	01	99.679200	3.516550	outgroup	0	1.025740	0.025740	10	block_outgroup_fair
sub-126	younger	01	103.968000	3.527520	outgroup	0	1.357980	0.357980	10	block_outgroup_fair
sub-126	younger	01	108.256000	3.525920	outgroup	0	1.339950	0.339950	7	block_outgroup_fair
sub-126	younger	01	112.543000	3.524580	outgroup	0	1.389930	0.389930	9	block_outgroup_fair
sub-126	younger	01	116.829000	3.528030	outgroup	0	1.291110	0.291110	8	block_outgroup_fair
sub-126	younger	01	121.117000	3.528860	outgroup	0	1.338760	0.338760	6	block_outgroup_fair
sub-126	younger	01	134.660000	3.527400	outgroup	0	1.024010	0.024010	4	block_outgroup_unfair
sub-126	younger	01	138.948000	3.527710	outgroup	0	1.423290	0.423290	3	block_outgroup_unfair
sub-126	younger	01	143.237000	3.527130	outgroup	0	1.353630	0.353630	4	block_outgroup_unfair
sub-126	younger	01	147.527000	3.526070	outgroup	0	1.334540	0.334540	4	block_outgroup_unfair
sub-126	younger	01	151.814000	3.526490	outgroup	0	1.367990	0.367990	1	block_outgroup_unfair
sub-126	younger	01	156.102000	3.527110	outgroup	0	1.365960	0.365960	3	block_outgroup_unfair
sub-126	younger	01	160.390000	3.521900	outgroup	0	1.465860	0.465860	6	block_outgroup_unfair
sub-126	younger	01	164.673000	3.526020	outgroup	0	1.452890	0.452890	8	block_outgroup_unfair
sub-126	younger	01	178.220000	3.528460	outgroup	0	1.500580	0.500580	8	block_outgroup_fair
sub-126	younger	01	182.510000	3.515110	outgroup	0	1.263170	0.263170	8	block_outgroup_fair
sub-126	younger	01	186.784000	3.527830	outgroup	0	1.309900	0.309900	10	block_outgroup_fair
sub-126	younger	01	191.071000	3.528320	outgroup	0	1.359810	0.359810	2	block_outgroup_fair
sub-126	younger	01	195.361000	3.526020	outgroup	0	1.339940	0.339940	10	block_outgroup_fair
sub-126	younger	01	199.647000	3.525510	outgroup	0	1.357650	0.357650	10	block_outgroup_fair
sub-126	younger	01	203.932000	3.525070	outgroup	0	1.375380	0.375380	9	block_outgroup_fair
sub-126	younger	01	208.218000	3.526850	outgroup	0	1.777510	0.777510	5	block_outgroup_fair
sub-126	younger	01	223.762000	3.516130	computer	0	1.262280	0.262280	2	block_computer_unfair
sub-126	younger	01	228.035000	3.523980	computer	0	1.292950	0.292950	10	block_computer_unfair
sub-126	younger	01	232.319000	3.527910	computer	0	1.379330	0.379330	4	block_computer_unfair
sub-126	younger	01	236.606000	3.528940	computer	0	1.446050	0.446050	6	block_computer_unfair
sub-126	younger	01	240.895000	3.516330	computer	0	1.576810	0.576810	4	block_computer_unfair
sub-126	younger	01	245.181000	3.524090	computer	0	1.677930	0.677930	3	block_computer_unfair
sub-126	younger	01	249.465000	3.522290	computer	0	2.047420	1.047420	3	block_computer_unfair
sub-126	younger	01	253.749000	3.526120	computer	0	1.450400	0.450400	2	block_computer_unfair
sub-126	younger	01	269.284000	3.524380	computer	0	1.360740	0.360740	10	block_computer_fair
sub-126	younger	01	273.569000	3.524920	computer	0	1.379820	0.379820	6	block_computer_fair
sub-126	younger	01	277.853000	3.527730	computer	0	1.398610	0.398610	7	block_computer_fair
sub-126	younger	01	282.142000	3.525140	computer	0	1.579780	0.579780	10	block_computer_fair
sub-126	younger	01	286.428000	3.528750	computer	0	1.430470	0.430470	2	block_computer_fair
sub-126	younger	01	290.717000	3.525100	computer	0	1.845920	0.845920	8	block_computer_fair
sub-126	younger	01	295.003000	3.525630	computer	0	1.496880	0.496880	8	block_computer_fair
sub-126	younger	01	299.288000	3.526900	computer	0	1.448860	0.448860	10	block_computer_fair
sub-126	younger	01	310.823000	3.526570	outgroup	0	1.356020	0.356020	3	block_outgroup_unfair
sub-126	younger	01	315.112000	3.522250	outgroup	0	2.455020	1.455020	1	block_outgroup_unfair
sub-126	younger	01	319.394000	3.525880	outgroup	0	1.508680	0.508680	8	block_outgroup_unfair
sub-126	younger	01	323.681000	3.524280	outgroup	0	1.759050	0.759050	1	block_outgroup_unfair
sub-126	younger	01	327.966000	3.521200	outgroup	0	1.877790	0.877790	2	block_outgroup_unfair
sub-126	younger	01	332.247000	3.525590	outgroup	0	1.416040	0.416040	1	block_outgroup_unfair
sub-126	younger	01	336.534000	3.525060	outgroup	0	1.449390	0.449390	5	block_outgroup_unfair
sub-126	younger	01	340.820000	3.525850	outgroup	0	1.417440	0.417440	1	block_outgroup_unfair
sub-126	younger	01	354.366000	3.524110	ingroup	0	1.399290	0.399290	9	block_ingroup_fair
sub-126	younger	01	358.648000	3.516080	ingroup	0	1.336980	0.336980	7	block_ingroup_fair
sub-126	younger	01	362.932000	3.521780	ingroup	0	1.139550	0.139550	7	block_ingroup_fair
sub-126	younger	01	367.215000	3.521490	ingroup	0	1.844620	0.844620	7	block_ingroup_fair
sub-126	younger	01	371.497000	3.525240	ingroup	0	1.031790	0.031790	3	block_ingroup_fair
sub-126	younger	01	375.783000	3.525760	ingroup	0	1.032430	0.032430	10	block_ingroup_fair
sub-126	younger	01	380.070000	3.535280	ingroup	1			5	block_ingroup_fair
sub-126	younger	01	384.367000	3.527630	ingroup	0	1.289030	0.289030	10	block_ingroup_fair
sub-126	younger	02	4.007100	3.524470	ingroup	0	1.451320	0.451320	5	block_ingroup_unfair
sub-126	younger	02	8.291450	3.525730	ingroup	0	1.420200	0.420200	4	block_ingroup_unfair
sub-126	younger	02	12.578100	3.515910	ingroup	0	1.320380	0.320380	3	block_ingroup_unfair
sub-126	younger	02	16.852400	3.526720	ingroup	0	1.283110	0.283110	3	block_ingroup_unfair
sub-126	younger	02	21.141400	3.527420	ingroup	0	1.347620	0.347620	10	block_ingroup_unfair
sub-126	younger	02	25.428500	3.523100	ingroup	0	1.297360	0.297360	4	block_ingroup_unfair
sub-126	younger	02	29.711400	3.526260	ingroup	0	1.418130	0.418130	4	block_ingroup_unfair
sub-126	younger	02	33.998900	3.522130	ingroup	0	1.284100	0.284100	3	block_ingroup_unfair
sub-126	younger	02	49.542900	3.527950	ingroup	0	1.018780	0.018780	8	block_ingroup_fair
sub-126	younger	02	53.831000	3.525960	ingroup	0	1.017730	0.017730	4	block_ingroup_fair
sub-126	younger	02	58.116500	3.524610	ingroup	0	1.018900	0.018900	10	block_ingroup_fair
sub-126	younger	02	62.401100	3.526960	ingroup	0	1.021290	0.021290	9	block_ingroup_fair
sub-126	younger	02	66.688800	3.529550	ingroup	0	1.020580	0.020580	7	block_ingroup_fair
sub-126	younger	02	70.978100	3.526940	ingroup	0	1.017830	0.017830	9	block_ingroup_fair
sub-126	younger	02	75.268500	3.526040	ingroup	0	1.030960	0.030960	10	block_ingroup_fair
sub-126	younger	02	79.554100	3.526180	ingroup	0	1.032250	0.032250	5	block_ingroup_fair
sub-126	younger	02	95.095500	3.522510	computer	0	1.237620	0.237620	2	block_computer_unfair
sub-126	younger	02	99.378400	3.516920	computer	0	1.374240	0.374240	6	block_computer_unfair
sub-126	younger	02	103.667000	3.516570	computer	0	1.456940	0.456940	4	block_computer_unfair
sub-126	younger	02	107.953000	3.525330	computer	0	1.474190	0.474190	2	block_computer_unfair
sub-126	younger	02	112.238000	3.527690	computer	0	1.375500	0.375500	4	block_computer_unfair
sub-126	younger	02	116.527000	3.523900	computer	0	1.991090	0.991090	10	block_computer_unfair
sub-126	younger	02	120.811000	3.524270	computer	0	1.943500	0.943500	4	block_computer_unfair
sub-126	younger	02	125.098000	3.527350	computer	0	1.827250	0.827250	1	block_computer_unfair
sub-126	younger	02	138.646000	3.524140	computer	0	1.439750	0.439750	6	block_computer_fair
sub-126	younger	02	142.931000	3.522850	computer	0	1.491770	0.491770	4	block_computer_fair
sub-126	younger	02	147.214000	3.515320	computer	0	1.396180	0.396180	10	block_computer_fair
sub-126	younger	02	151.501000	3.527680	computer	0	1.461870	0.461870	8	block_computer_fair
sub-126	younger	02	155.789000	3.524410	computer	0	1.494390	0.494390	9	block_computer_fair
sub-126	younger	02	160.073000	3.527960	computer	0	1.563690	0.563690	8	block_computer_fair
sub-126	younger	02	164.363000	3.529480	computer	0	1.376900	0.376900	8	block_computer_fair
sub-126	younger	02	168.653000	3.525800	computer	0	1.357090	0.357090	8	block_computer_fair
sub-126	younger	02	180.188000	3.523470	outgroup	0	1.565220	0.565220	5	block_outgroup_unfair
sub-126	younger	02	184.473000	3.525900	outgroup	0	1.416510	0.416510	1	block_outgroup_unfair
sub-126	younger	02	188.760000	3.524610	outgroup	0	1.350410	0.350410	3	block_outgroup_unfair
sub-126	younger	02	193.045000	3.524030	outgroup	0	1.467990	0.467990	4	block_outgroup_unfair
sub-126	younger	02	197.331000	3.524930	outgroup	0	1.335850	0.335850	9	block_outgroup_unfair
sub-126	younger	02	201.616000	3.527150	outgroup	0	1.387930	0.387930	1	block_outgroup_unfair
sub-126	younger	02	205.904000	3.523230	outgroup	0	2.638360	1.638360	2	block_outgroup_unfair
sub-126	younger	02	210.189000	3.526230	outgroup	0	1.589150	0.589150	2	block_outgroup_unfair
sub-126	younger	02	225.725000	3.524840	computer	0	1.398820	0.398820	6	block_computer_unfair
sub-126	younger	02	230.011000	3.526290	computer	0	1.366170	0.366170	3	block_computer_unfair
sub-126	younger	02	234.298000	3.527220	computer	0	1.032390	0.032390	4	block_computer_unfair
sub-126	younger	02	238.587000	3.527770	computer	0	1.298030	0.298030	3	block_computer_unfair
sub-126	younger	02	242.874000	3.527880	computer	0	1.029940	0.029940	4	block_computer_unfair
sub-126	younger	02	247.163000	3.529950	computer	0	1.027830	0.027830	8	block_computer_unfair
sub-126	younger	02	251.454000	3.527540	computer	0	1.490940	0.490940	4	block_computer_unfair
sub-126	younger	02	255.743000	3.524760	computer	0	1.522440	0.522440	2	block_computer_unfair
sub-126	younger	02	267.277000	3.526850	computer	0	1.364190	0.364190	8	block_computer_fair
sub-126	younger	02	271.564000	3.524220	computer	0	1.313990	0.313990	7	block_computer_fair
sub-126	younger	02	275.849000	3.527130	computer	0	1.032630	0.032630	8	block_computer_fair
sub-126	younger	02	280.136000	3.527370	computer	0	1.031940	0.031940	5	block_computer_fair
sub-126	younger	02	284.424000	3.527200	computer	0	1.115180	0.115180	7	block_computer_fair
sub-126	younger	02	288.711000	3.525310	computer	0	1.114460	0.114460	4	block_computer_fair
sub-126	younger	02	292.996000	3.526120	computer	0	1.066270	0.066270	7	block_computer_fair
sub-126	younger	02	297.283000	3.525490	computer	0	1.049970	0.049970	7	block_computer_fair
sub-126	younger	02	310.818000	3.522020	outgroup	0	1.459890	0.459890	10	block_outgroup_fair
sub-126	younger	02	315.102000	3.526040	outgroup	0	1.395430	0.395430	4	block_outgroup_fair
sub-126	younger	02	319.387000	3.526620	outgroup	0	1.413330	0.413330	10	block_outgroup_fair
sub-126	younger	02	323.673000	3.527130	outgroup	0	1.380560	0.380560	9	block_outgroup_fair
sub-126	younger	02	327.961000	3.524470	outgroup	0	1.346550	0.346550	7	block_outgroup_fair
sub-126	younger	02	332.247000	3.523560	outgroup	0	1.498710	0.498710	7	block_outgroup_fair
sub-126	younger	02	336.530000	3.523380	outgroup	1			6	block_outgroup_fair
sub-126	younger	02	340.814000	3.526590	outgroup	0	1.237560	0.237560	8	block_outgroup_fair
sub-126	younger	02	354.354000	3.527430	ingroup	0	1.025710	0.025710	2	block_ingroup_unfair
sub-126	younger	02	358.642000	3.523370	ingroup	0	1.390930	0.390930	3	block_ingroup_unfair
sub-126	younger	02	362.928000	3.527460	ingroup	0	1.275450	0.275450	5	block_ingroup_unfair
sub-126	younger	02	367.216000	3.523510	ingroup	0	1.307610	0.307610	3	block_ingroup_unfair
sub-126	younger	02	371.500000	3.523950	ingroup	0	1.277240	0.277240	2	block_ingroup_unfair
sub-126	younger	02	375.784000	3.527010	ingroup	0	1.347060	0.347060	4	block_ingroup_unfair
sub-126	younger	02	380.071000	3.515860	ingroup	0	1.346280	0.346280	10	block_ingroup_unfair
sub-126	younger	02	384.345000	3.526190	ingroup	0	1.676200	0.676200	1	block_ingroup_unfair
sub-127	older	01	4.009370	3.542960	computer	1			6	block_computer_unfair
sub-127	older	01	8.320360	3.513270	computer	0	2.521510	1.521510	3	block_computer_unfair
sub-127	older	01	12.602700	3.511860	computer	0	2.009030	1.009030	4	block_computer_unfair
sub-127	older	01	16.882100	3.513460	computer	0	1.682640	0.682640	2	block_computer_unfair
sub-127	older	01	21.163000	3.513400	computer	0	1.571600	0.571600	10	block_computer_unfair
sub-127	older	01	25.444000	3.513360	computer	0	1.027140	0.027140	1	block_computer_unfair
sub-127	older	01	29.725000	3.513360	computer	0	1.683600	0.683600	1	block_computer_unfair
sub-127	older	01	34.005900	3.513380	computer	0	1.472870	0.472870	2	block_computer_unfair
sub-127	older	01	49.539000	3.510410	outgroup	0	2.553190	1.553190	6	block_outgroup_fair
sub-127	older	01	53.818800	3.511580	outgroup	0	1.759800	0.759800	7	block_outgroup_fair
sub-127	older	01	58.098500	3.513070	outgroup	0	1.616850	0.616850	9	block_outgroup_fair
sub-127	older	01	62.379300	3.512940	outgroup	0	1.088820	0.088820	9	block_outgroup_fair
sub-127	older	01	66.660500	3.512720	outgroup	0	1.612140	0.612140	8	block_outgroup_fair
sub-127	older	01	70.941200	3.512930	outgroup	0	1.518070	0.518070	7	block_outgroup_fair
sub-127	older	01	75.222200	3.512830	outgroup	0	1.523860	0.523860	4	block_outgroup_fair
sub-127	older	01	79.503200	3.512930	outgroup	0	1.679830	0.679830	8	block_outgroup_fair
sub-127	older	01	93.034000	3.512290	computer	0	1.476600	0.476600	10	block_computer_fair
sub-127	older	01	97.313900	3.513440	computer	0	1.667440	0.667440	6	block_computer_fair
sub-127	older	01	101.595000	3.513510	computer	0	1.572850	0.572850	8	block_computer_fair
sub-127	older	01	105.876000	3.513420	computer	0	1.528690	0.528690	1	block_computer_fair
sub-127	older	01	110.157000	3.529010	computer	0	1.484620	0.484620	9	block_computer_fair
sub-127	older	01	114.453000	3.513340	computer	0	1.541530	0.541530	8	block_computer_fair
sub-127	older	01	118.734000	3.513430	computer	0	2.014650	1.014650	7	block_computer_fair
sub-127	older	01	123.015000	3.513500	computer	0	1.537000	0.537000	8	block_computer_fair
sub-127	older	01	136.547000	3.527220	ingroup	0	1.732640	0.732640	6	block_ingroup_unfair
sub-127	older	01	140.844000	3.527460	ingroup	0	1.423210	0.423210	4	block_ingroup_unfair
sub-127	older	01	145.139000	3.513110	ingroup	0	1.431180	0.431180	2	block_ingroup_unfair
sub-127	older	01	149.420000	3.513140	ingroup	0	1.537360	0.537360	9	block_ingroup_unfair
sub-127	older	01	153.701000	3.513070	ingroup	0	1.426260	0.426260	4	block_ingroup_unfair
sub-127	older	01	157.982000	3.513150	ingroup	0	1.449360	0.449360	2	block_ingroup_unfair
sub-127	older	01	162.263000	3.513180	ingroup	0	1.388220	0.388220	1	block_ingroup_unfair
sub-127	older	01	166.544000	3.513080	ingroup	0	1.494060	0.494060	1	block_ingroup_unfair
sub-127	older	01	178.075000	3.527840	computer	0	1.422310	0.422310	9	block_computer_fair
sub-127	older	01	182.370000	3.513450	computer	0	1.447110	0.447110	10	block_computer_fair
sub-127	older	01	186.651000	3.513390	computer	0	1.636430	0.636430	7	block_computer_fair
sub-127	older	01	190.932000	3.513370	computer	0	1.608990	0.608990	4	block_computer_fair
sub-127	older	01	195.213000	3.513450	computer	0	1.448430	0.448430	8	block_computer_fair
sub-127	older	01	199.494000	3.513430	computer	0	1.487500	0.487500	7	block_computer_fair
sub-127	older	01	203.775000	3.513580	computer	0	1.476830	0.476830	8	block_computer_fair
sub-127	older	01	208.056000	3.513470	computer	0	1.365970	0.365970	5	block_computer_fair
sub-127	older	01	219.588000	3.511820	ingroup	0	1.426770	0.426770	9	block_ingroup_fair
sub-127	older	01	223.869000	3.512040	ingroup	0	1.466250	0.466250	9	block_ingroup_fair
sub-127	older	01	228.149000	3.513120	ingroup	0	1.456680	0.456680	7	block_ingroup_fair
sub-127	older	01	232.430000	3.513170	ingroup	0	1.462650	0.462650	4	block_ingroup_fair
sub-127	older	01	236.710000	3.513200	ingroup	0	1.434980	0.434980	7	block_ingroup_fair
sub-127	older	01	240.991000	3.513110	ingroup	0	1.474410	0.474410	6	block_ingroup_fair
sub-127	older	01	245.272000	3.528770	ingroup	0	1.563740	0.563740	8	block_ingroup_fair
sub-127	older	01	249.569000	3.513140	ingroup	0	1.387190	0.387190	10	block_ingroup_fair
sub-127	older	01	265.101000	3.511600	outgroup	0	1.434860	0.434860	4	block_outgroup_unfair
sub-127	older	01	269.382000	3.511550	outgroup	0	1.240560	0.240560	1	block_outgroup_unfair
sub-127	older	01	273.661000	3.512800	outgroup	0	1.514520	0.514520	9	block_outgroup_unfair
sub-127	older	01	277.942000	3.512940	outgroup	0	1.420550	0.420550	2	block_outgroup_unfair
sub-127	older	01	282.223000	3.528550	outgroup	0	1.376580	0.376580	4	block_outgroup_unfair
sub-127	older	01	286.520000	3.528460	outgroup	0	1.516810	0.516810	4	block_outgroup_unfair
sub-127	older	01	290.816000	3.512850	outgroup	0	1.490400	0.490400	1	block_outgroup_unfair
sub-127	older	01	295.098000	3.527910	outgroup	0	1.562850	0.562850	5	block_outgroup_unfair
sub-127	older	01	308.644000	3.511830	ingroup	0	1.443950	0.443950	1	block_ingroup_unfair
sub-127	older	01	312.924000	3.528690	ingroup	0	1.251110	0.251110	1	block_ingroup_unfair
sub-127	older	01	317.220000	3.513050	ingroup	0	1.524660	0.524660	5	block_ingroup_unfair
sub-127	older	01	321.501000	3.513230	ingroup	0	1.430750	0.430750	3	block_ingroup_unfair
sub-127	older	01	325.782000	3.513250	ingroup	0	1.403040	0.403040	1	block_ingroup_unfair
sub-127	older	01	330.063000	3.513150	ingroup	0	1.425840	0.425840	3	block_ingroup_unfair
sub-127	older	01	334.344000	3.513130	ingroup	0	1.581940	0.581940	1	block_ingroup_unfair
sub-127	older	01	338.625000	3.528620	ingroup	0	1.704470	0.704470	7	block_ingroup_unfair
sub-127	older	01	354.172000	3.528140	computer	0	1.470830	0.470830	4	block_computer_unfair
sub-127	older	01	358.467000	3.513310	computer	0	1.428580	0.428580	4	block_computer_unfair
sub-127	older	01	362.748000	3.529090	computer	0	1.484450	0.484450	2	block_computer_unfair
sub-127	older	01	367.045000	3.513440	computer	0	1.474780	0.474780	2	block_computer_unfair
sub-127	older	01	371.326000	3.513410	computer	0	1.497300	0.497300	10	block_computer_unfair
sub-127	older	01	375.607000	3.529050	computer	0	1.453250	0.453250	5	block_computer_unfair
sub-127	older	01	379.903000	3.513420	computer	0	1.410230	0.410230	4	block_computer_unfair
sub-127	older	01	384.184000	3.513470	computer	0	1.432800	0.432800	3	block_computer_unfair
sub-127	older	02	4.014110	3.511860	outgroup	0	1.321190	0.321190	8	block_outgroup_fair
sub-127	older	02	8.295310	3.511500	outgroup	0	1.744000	0.744000	7	block_outgroup_fair
sub-127	older	02	12.574800	3.512880	outgroup	0	1.701380	0.701380	8	block_outgroup_fair
sub-127	older	02	16.855700	3.512910	outgroup	0	1.507140	0.507140	4	block_outgroup_fair
sub-127	older	02	21.136700	3.528520	outgroup	0	1.329690	0.329690	8	block_outgroup_fair
sub-127	older	02	25.433300	3.528460	outgroup	0	1.486470	0.486470	5	block_outgroup_fair
sub-127	older	02	29.729900	3.512850	outgroup	0	1.026280	0.026280	9	block_outgroup_fair
sub-127	older	02	34.010800	3.512900	outgroup	0	1.566370	0.566370	9	block_outgroup_fair
sub-127	older	02	45.542200	3.511860	ingroup	0	1.427660	0.427660	4	block_ingroup_unfair
sub-127	older	02	49.821900	3.528790	ingroup	0	1.501410	0.501410	2	block_ingroup_unfair
sub-127	older	02	54.118600	3.513070	ingroup	0	1.558220	0.558220	4	block_ingroup_unfair
sub-127	older	02	58.399500	3.528710	ingroup	0	1.580970	0.580970	7	block_ingroup_unfair
sub-127	older	02	62.696000	3.513140	ingroup	0	1.537890	0.537890	3	block_ingroup_unfair
sub-127	older	02	66.976900	3.513220	ingroup	0	1.543790	0.543790	5	block_ingroup_unfair
sub-127	older	02	71.257900	3.527050	ingroup	0	1.533130	0.533130	2	block_ingroup_unfair
sub-127	older	02	75.552800	3.513100	ingroup	0	1.458300	0.458300	1	block_ingroup_unfair
sub-127	older	02	91.084400	3.511620	outgroup	0	1.055690	0.055690	9	block_outgroup_fair
sub-127	older	02	95.366200	3.510730	outgroup	0	1.477790	0.477790	1	block_outgroup_fair
sub-127	older	02	99.645100	3.512840	outgroup	0	1.419020	0.419020	8	block_outgroup_fair
sub-127	older	02	103.926000	3.512810	outgroup	0	1.475160	0.475160	6	block_outgroup_fair
sub-127	older	02	108.207000	3.512890	outgroup	0	1.447690	0.447690	9	block_outgroup_fair
sub-127	older	02	112.488000	3.528520	outgroup	0	1.703790	0.703790	10	block_outgroup_fair
sub-127	older	02	116.784000	3.528540	outgroup	0	1.594020	0.594020	9	block_outgroup_fair
sub-127	older	02	121.081000	3.528550	outgroup	0	1.484250	0.484250	7	block_outgroup_fair
sub-127	older	02	132.627000	3.528330	outgroup	0	1.313770	0.313770	6	block_outgroup_unfair
sub-127	older	02	136.924000	3.512870	outgroup	0	1.020840	0.020840	8	block_outgroup_unfair
sub-127	older	02	141.205000	3.512860	outgroup	0	1.460690	0.460690	1	block_outgroup_unfair
sub-127	older	02	145.485000	3.513270	outgroup	0	1.366570	0.366570	3	block_outgroup_unfair
sub-127	older	02	149.766000	3.528500	outgroup	0	1.405890	0.405890	4	block_outgroup_unfair
sub-127	older	02	154.063000	3.512850	outgroup	0	1.362710	0.362710	2	block_outgroup_unfair
sub-127	older	02	158.344000	3.528480	outgroup	0	1.468680	0.468680	3	block_outgroup_unfair
sub-127	older	02	162.641000	3.512860	outgroup	0	1.492220	0.492220	4	block_outgroup_unfair
sub-127	older	02	178.172000	3.511840	ingroup	0	1.557260	0.557260	8	block_ingroup_fair
sub-127	older	02	182.453000	3.511780	ingroup	0	1.496310	0.496310	10	block_ingroup_fair
sub-127	older	02	186.732000	3.513030	ingroup	0	1.520240	0.520240	9	block_ingroup_fair
sub-127	older	02	191.013000	3.513080	ingroup	0	1.459660	0.459660	9	block_ingroup_fair
sub-127	older	02	195.294000	3.528960	ingroup	0	1.532430	0.532430	10	block_ingroup_fair
sub-127	older	02	199.591000	3.513190	ingroup	0	1.355730	0.355730	4	block_ingroup_fair
sub-127	older	02	203.872000	3.513110	ingroup	0	1.411580	0.411580	7	block_ingroup_fair
sub-127	older	02	208.153000	3.513050	ingroup	0	1.450700	0.450700	5	block_ingroup_fair
sub-127	older	02	223.684000	3.527190	outgroup	0	1.031530	0.031530	10	block_outgroup_unfair
sub-127	older	02	227.981000	3.511510	outgroup	0	1.472120	0.472120	3	block_outgroup_unfair
sub-127	older	02	232.261000	3.512820	outgroup	0	1.496030	0.496030	1	block_outgroup_unfair
sub-127	older	02	236.542000	3.512850	outgroup	0	1.385270	0.385270	2	block_outgroup_unfair
sub-127	older	02	240.822000	3.512920	outgroup	0	1.474570	0.474570	2	block_outgroup_unfair
sub-127	older	02	245.103000	3.512960	outgroup	0	1.480530	0.480530	4	block_outgroup_unfair
sub-127	older	02	249.384000	3.512800	outgroup	0	1.419700	0.419700	3	block_outgroup_unfair
sub-127	older	02	253.665000	3.528430	outgroup	0	1.392180	0.392180	5	block_outgroup_unfair
sub-127	older	02	267.212000	3.527410	ingroup	0	1.423090	0.423090	7	block_ingroup_fair
sub-127	older	02	271.508000	3.528660	ingroup	0	1.548120	0.548120	9	block_ingroup_fair
sub-127	older	02	275.804000	3.513220	ingroup	0	1.388470	0.388470	5	block_ingroup_fair
sub-127	older	02	280.085000	3.513130	ingroup	0	1.444350	0.444350	7	block_ingroup_fair
sub-127	older	02	284.366000	3.513060	ingroup	0	1.450110	0.450110	8	block_ingroup_fair
sub-127	older	02	288.647000	3.513090	ingroup	0	1.539650	0.539650	9	block_ingroup_fair
sub-127	older	02	292.928000	3.513230	ingroup	0	1.312050	0.312050	10	block_ingroup_fair
sub-127	older	02	297.209000	3.528650	ingroup	0	1.017180	0.017180	2	block_ingroup_fair
sub-127	older	02	310.756000	3.526850	computer	0	1.799610	0.799610	4	block_computer_unfair
sub-127	older	02	315.050000	3.513370	computer	0	1.425180	0.425180	8	block_computer_unfair
sub-127	older	02	319.331000	3.513350	computer	0	1.030200	0.030200	3	block_computer_unfair
sub-127	older	02	323.612000	3.513520	computer	0	1.019480	0.019480	3	block_computer_unfair
sub-127	older	02	327.893000	3.529070	computer	0	1.125400	0.125400	5	block_computer_unfair
sub-127	older	02	332.189000	3.513520	computer	0	1.216150	0.216150	2	block_computer_unfair
sub-127	older	02	336.470000	3.513430	computer	0	1.021740	0.021740	4	block_computer_unfair
sub-127	older	02	340.751000	3.513330	computer	0	1.027390	0.027390	4	block_computer_unfair
sub-127	older	02	352.282000	3.513450	computer	0	1.023160	0.023160	10	block_computer_fair
sub-127	older	02	356.563000	3.513480	computer	0	1.029080	0.029080	2	block_computer_fair
sub-127	older	02	360.844000	3.513440	computer	0	1.018420	0.018420	8	block_computer_fair
sub-127	older	02	365.125000	3.513290	computer	0	1.374550	0.374550	8	block_computer_fair
sub-127	older	02	369.406000	3.513430	computer	0	1.363910	0.363910	7	block_computer_fair
sub-127	older	02	373.687000	3.513460	computer	0	1.019280	0.019280	10	block_computer_fair
sub-127	older	02	377.967000	3.513390	computer	0	1.025160	0.025160	10	block_computer_fair
sub-127	older	02	382.248000	3.513480	computer	0	1.148290	0.148290	6	block_computer_fair
sub-128	older	01	4.018640	3.512480	ingroup	0	2.635780	1.635780	7	block_ingroup_fair
sub-128	older	01	8.298980	3.512940	ingroup	0	1.708440	0.708440	6	block_ingroup_fair
sub-128	older	01	12.579600	3.513290	ingroup	0	1.264320	0.264320	8	block_ingroup_fair
sub-128	older	01	16.860600	3.513410	ingroup	0	1.019560	0.019560	10	block_ingroup_fair
sub-128	older	01	21.141600	3.528800	ingroup	0	1.109140	0.109140	10	block_ingroup_fair
sub-128	older	01	25.438100	3.513260	ingroup	0	1.165950	0.165950	7	block_ingroup_fair
sub-128	older	01	29.719100	3.513180	ingroup	0	1.272040	0.272040	2	block_ingroup_fair
sub-128	older	01	33.999900	3.513300	ingroup	0	1.061300	0.061300	7	block_ingroup_fair
sub-128	older	01	49.532100	3.511260	computer	0	1.709150	0.709150	4	block_computer_unfair
sub-128	older	01	53.811700	3.528240	computer	0	1.032220	0.032220	1	block_computer_unfair
sub-128	older	01	58.107500	3.529020	computer	0	1.156990	0.156990	9	block_computer_unfair
sub-128	older	01	62.404000	3.513460	computer	0	1.030160	0.030160	2	block_computer_unfair
sub-128	older	01	66.685000	3.513480	computer	0	1.019440	0.019440	1	block_computer_unfair
sub-128	older	01	70.966000	3.513370	computer	0	1.025260	0.025260	1	block_computer_unfair
sub-128	older	01	75.246800	3.529080	computer	0	1.031380	0.031380	1	block_computer_unfair
sub-128	older	01	79.543400	3.513460	computer	0	1.072240	0.072240	5	block_computer_unfair
sub-128	older	01	91.075300	3.527620	ingroup	0	1.032990	0.032990	6	block_ingroup_unfair
sub-128	older	01	95.372000	3.511820	ingroup	0	1.022690	0.022690	4	block_ingroup_unfair
sub-128	older	01	99.651500	3.513310	ingroup	0	1.030040	0.030040	2	block_ingroup_unfair
sub-128	older	01	103.932000	3.513320	ingroup	0	1.019290	0.019290	2	block_ingroup_unfair
sub-128	older	01	108.213000	3.513190	ingroup	0	1.025280	0.025280	2	block_ingroup_unfair
sub-128	older	01	112.494000	3.528900	ingroup	0	1.031200	0.031200	4	block_ingroup_unfair
sub-128	older	01	116.791000	3.513240	ingroup	0	1.021450	0.021450	3	block_ingroup_unfair
sub-128	older	01	121.072000	3.513330	ingroup	0	1.028040	0.028040	7	block_ingroup_unfair
sub-128	older	01	134.604000	3.511890	outgroup	0	1.023480	0.023480	1	block_outgroup_fair
sub-128	older	01	138.883000	3.528780	outgroup	0	1.030760	0.030760	10	block_outgroup_fair
sub-128	older	01	143.180000	3.513270	outgroup	0	1.021060	0.021060	7	block_outgroup_fair
sub-128	older	01	147.461000	3.512860	outgroup	0	1.026700	0.026700	7	block_outgroup_fair
sub-128	older	01	151.742000	3.528890	outgroup	0	1.033160	0.033160	6	block_outgroup_fair
sub-128	older	01	156.038000	3.513270	outgroup	0	1.023390	0.023390	7	block_outgroup_fair
sub-128	older	01	160.319000	3.513270	outgroup	0	1.029120	0.029120	9	block_outgroup_fair
sub-128	older	01	164.600000	3.513210	outgroup	0	1.018310	0.018310	9	block_outgroup_fair
sub-128	older	01	176.131000	3.512450	computer	0	1.097020	0.097020	3	block_computer_unfair
sub-128	older	01	180.411000	3.513470	computer	0	1.020130	0.020130	5	block_computer_unfair
sub-128	older	01	184.692000	3.513440	computer	0	1.026000	0.026000	4	block_computer_unfair
sub-128	older	01	188.973000	3.528930	computer	0	1.031740	0.031740	1	block_computer_unfair
sub-128	older	01	193.270000	3.513410	computer	0	1.022290	0.022290	3	block_computer_unfair
sub-128	older	01	197.551000	3.513430	computer	0	1.028290	0.028290	1	block_computer_unfair
sub-128	older	01	201.832000	3.513440	computer	0	1.217730	0.217730	9	block_computer_unfair
sub-128	older	01	206.113000	3.513500	computer	0	1.023400	0.023400	1	block_computer_unfair
sub-128	older	01	221.643000	3.528960	computer	0	1.172960	0.172960	8	block_computer_fair
sub-128	older	01	225.939000	3.513420	computer	0	1.029540	0.029540	2	block_computer_fair
sub-128	older	01	230.220000	3.513420	computer	0	1.018910	0.018910	9	block_computer_fair
sub-128	older	01	234.501000	3.513420	computer	0	1.024760	0.024760	5	block_computer_fair
sub-128	older	01	238.782000	3.513470	computer	0	1.030370	0.030370	8	block_computer_fair
sub-128	older	01	243.063000	3.513380	computer	0	1.020080	0.020080	9	block_computer_fair
sub-128	older	01	247.344000	3.513430	computer	0	1.025930	0.025930	9	block_computer_fair
sub-128	older	01	251.625000	3.529000	computer	0	1.031510	0.031510	10	block_computer_fair
sub-128	older	01	265.172000	3.511980	ingroup	0	1.129290	0.129290	5	block_ingroup_unfair
sub-128	older	01	269.453000	3.512180	ingroup	0	1.018400	0.018400	4	block_ingroup_unfair
sub-128	older	01	273.733000	3.513290	ingroup	0	1.025280	0.025280	3	block_ingroup_unfair
sub-128	older	01	278.014000	3.528820	ingroup	0	1.031370	0.031370	9	block_ingroup_unfair
sub-128	older	01	282.310000	3.504810	ingroup	0	1.021540	0.021540	3	block_ingroup_unfair
sub-128	older	01	286.583000	3.513310	ingroup	0	1.019060	0.019060	4	block_ingroup_unfair
sub-128	older	01	290.864000	3.513230	ingroup	0	1.025140	0.025140	4	block_ingroup_unfair
sub-128	older	01	295.145000	3.528960	ingroup	0	1.031160	0.031160	3	block_ingroup_unfair
sub-128	older	01	308.692000	3.512390	computer	0	1.346270	0.346270	7	block_computer_fair
sub-128	older	01	312.972000	3.513320	computer	0	1.019030	0.019030	10	block_computer_fair
sub-128	older	01	317.253000	3.513290	computer	0	1.024770	0.024770	6	block_computer_fair
sub-128	older	01	321.533000	3.529070	computer	0	1.030870	0.030870	8	block_computer_fair
sub-128	older	01	325.830000	3.513440	computer	0	1.021240	0.021240	8	block_computer_fair
sub-128	older	01	330.111000	3.513430	computer	0	1.027040	0.027040	2	block_computer_fair
sub-128	older	01	334.392000	3.529040	computer	0	1.032960	0.032960	7	block_computer_fair
sub-128	older	01	338.688000	3.513430	computer	0	1.023670	0.023670	8	block_computer_fair
sub-128	older	01	354.220000	3.511840	outgroup	0	1.021090	0.021090	4	block_outgroup_unfair
sub-128	older	01	358.501000	3.511980	outgroup	0	1.027050	0.027050	10	block_outgroup_unfair
sub-128	older	01	362.781000	3.528820	outgroup	0	1.017640	0.017640	1	block_outgroup_unfair
sub-128	older	01	367.077000	3.513240	outgroup	0	1.441960	0.441960	6	block_outgroup_unfair
sub-128	older	01	371.358000	3.513070	outgroup	0	1.030240	0.030240	4	block_outgroup_unfair
sub-128	older	01	375.639000	3.513250	outgroup	0	1.019900	0.019900	4	block_outgroup_unfair
sub-128	older	01	379.920000	3.513240	outgroup	0	1.025610	0.025610	1	block_outgroup_unfair
sub-128	older	01	384.201000	3.528910	outgroup	0	1.031700	0.031700	1	block_outgroup_unfair
sub-128	older	02	4.007010	3.511990	ingroup	0	1.022270	0.022270	8	block_ingroup_fair
sub-128	older	02	8.287580	3.512220	ingroup	0	1.412440	0.412440	9	block_ingroup_fair
sub-128	older	02	12.567500	3.513250	ingroup	0	1.019220	0.019220	9	block_ingroup_fair
sub-128	older	02	16.848600	3.513110	ingroup	0	1.024870	0.024870	9	block_ingroup_fair
sub-128	older	02	21.129300	3.513340	ingroup	0	1.030550	0.030550	10	block_ingroup_fair
sub-128	older	02	25.410300	3.513300	ingroup	0	1.019770	0.019770	6	block_ingroup_fair
sub-128	older	02	29.691300	3.513230	ingroup	0	1.025620	0.025620	8	block_ingroup_fair
sub-128	older	02	33.972400	3.528680	ingroup	0	1.031460	0.031460	1	block_ingroup_fair
sub-128	older	02	49.519400	3.527510	outgroup	0	1.030620	0.030620	1	block_outgroup_unfair
sub-128	older	02	53.814800	3.513050	outgroup	0	1.022120	0.022120	4	block_outgroup_unfair
sub-128	older	02	58.095600	3.513140	outgroup	0	1.028050	0.028050	2	block_outgroup_unfair
sub-128	older	02	62.376400	3.528920	outgroup	0	1.017400	0.017400	3	block_outgroup_unfair
sub-128	older	02	66.673100	3.513170	outgroup	0	1.024290	0.024290	10	block_outgroup_unfair
sub-128	older	02	70.954000	3.513260	outgroup	0	1.030750	0.030750	1	block_outgroup_unfair
sub-128	older	02	75.235400	3.512760	outgroup	0	1.019170	0.019170	6	block_outgroup_unfair
sub-128	older	02	79.515900	3.513200	outgroup	0	1.025390	0.025390	4	block_outgroup_unfair
sub-128	older	02	91.047700	3.511890	ingroup	0	1.086560	0.086560	9	block_ingroup_unfair
sub-128	older	02	95.327200	3.513270	ingroup	0	1.044120	0.044120	4	block_ingroup_unfair
sub-128	older	02	99.608300	3.513140	ingroup	0	1.550530	0.550530	1	block_ingroup_unfair
sub-128	older	02	103.889000	3.513260	ingroup	0	1.022230	0.022230	3	block_ingroup_unfair
sub-128	older	02	108.170000	3.513230	ingroup	0	1.028160	0.028160	6	block_ingroup_unfair
sub-128	older	02	112.451000	3.528870	ingroup	0	1.017520	0.017520	4	block_ingroup_unfair
sub-128	older	02	116.748000	3.513230	ingroup	0	1.024560	0.024560	1	block_ingroup_unfair
sub-128	older	02	121.029000	3.513280	ingroup	0	1.030300	0.030300	4	block_ingroup_unfair
sub-128	older	02	132.560000	3.512410	outgroup	0	1.025100	0.025100	8	block_outgroup_fair
sub-128	older	02	136.840000	3.528790	outgroup	0	1.031910	0.031910	6	block_outgroup_fair
sub-128	older	02	141.137000	3.513250	outgroup	0	1.022230	0.022230	10	block_outgroup_fair
sub-128	older	02	145.417000	3.513220	outgroup	0	1.027940	0.027940	8	block_outgroup_fair
sub-128	older	02	149.698000	3.528790	outgroup	0	1.017300	0.017300	8	block_outgroup_fair
sub-128	older	02	153.995000	3.513150	outgroup	0	1.091290	0.091290	3	block_outgroup_fair
sub-128	older	02	158.276000	3.513290	outgroup	0	1.030470	0.030470	10	block_outgroup_fair
sub-128	older	02	162.557000	3.513250	outgroup	0	1.019590	0.019590	7	block_outgroup_fair
sub-128	older	02	174.088000	3.528400	computer	0	1.031470	0.031470	7	block_computer_fair
sub-128	older	02	178.384000	3.513340	computer	0	1.022260	0.022260	8	block_computer_fair
sub-128	older	02	182.665000	3.513440	computer	0	1.028280	0.028280	2	block_computer_fair
sub-128	older	02	186.946000	3.529040	computer	0	1.017560	0.017560	8	block_computer_fair
sub-128	older	02	191.242000	3.513420	computer	0	1.024400	0.024400	10	block_computer_fair
sub-128	older	02	195.523000	3.520860	computer	0	1.030400	0.030400	6	block_computer_fair
sub-128	older	02	199.811000	3.529090	computer	0	1.830000	0.830000	9	block_computer_fair
sub-128	older	02	204.108000	3.513470	computer	0	1.019330	0.019330	8	block_computer_fair
sub-128	older	02	217.640000	3.527550	outgroup	0	1.031960	0.031960	5	block_outgroup_fair
sub-128	older	02	221.937000	3.511720	outgroup	0	1.022340	0.022340	7	block_outgroup_fair
sub-128	older	02	226.216000	3.513280	outgroup	0	1.029560	0.029560	7	block_outgroup_fair
sub-128	older	02	230.497000	3.513230	outgroup	0	1.018730	0.018730	7	block_outgroup_fair
sub-128	older	02	234.778000	3.513170	outgroup	0	1.025070	0.025070	10	block_outgroup_fair
sub-128	older	02	239.059000	3.513320	outgroup	0	1.030590	0.030590	8	block_outgroup_fair
sub-128	older	02	243.340000	3.513200	outgroup	0	1.019780	0.019780	8	block_outgroup_fair
sub-128	older	02	247.621000	3.513260	outgroup	0	1.059320	0.059320	1	block_outgroup_fair
sub-128	older	02	263.151000	3.513140	outgroup	0	1.292000	0.292000	3	block_outgroup_unfair
sub-128	older	02	267.432000	3.528720	outgroup	0	1.030770	0.030770	1	block_outgroup_unfair
sub-128	older	02	271.729000	3.513020	outgroup	0	1.021120	0.021120	4	block_outgroup_unfair
sub-128	older	02	276.009000	3.513260	outgroup	0	1.027160	0.027160	3	block_outgroup_unfair
sub-128	older	02	280.290000	3.528800	outgroup	0	1.032860	0.032860	1	block_outgroup_unfair
sub-128	older	02	284.587000	3.513230	outgroup	0	1.023300	0.023300	4	block_outgroup_unfair
sub-128	older	02	288.868000	3.513320	outgroup	0	1.263020	0.263020	6	block_outgroup_unfair
sub-128	older	02	293.149000	3.513270	outgroup	0	1.018650	0.018650	8	block_outgroup_unfair
sub-128	older	02	308.680000	3.512360	computer	0	2.852030	1.852030	4	block_computer_unfair
sub-128	older	02	312.961000	3.512540	computer	0	1.022930	0.022930	2	block_computer_unfair
sub-128	older	02	317.241000	3.513450	computer	0	1.029760	0.029760	2	block_computer_unfair
sub-128	older	02	321.522000	3.513310	computer	0	1.019560	0.019560	4	block_computer_unfair
sub-128	older	02	325.803000	3.513370	computer	0	1.024880	0.024880	2	block_computer_unfair
sub-128	older	02	330.083000	3.513340	computer	0	1.030800	0.030800	7	block_computer_unfair
sub-128	older	02	334.364000	3.513410	computer	0	1.020260	0.020260	2	block_computer_unfair
sub-128	older	02	338.645000	3.513480	computer	0	1.026330	0.026330	6	block_computer_unfair
sub-128	older	02	352.177000	3.512170	ingroup	0	1.022310	0.022310	7	block_ingroup_fair
sub-128	older	02	356.458000	3.512130	ingroup	0	1.145200	0.145200	9	block_ingroup_fair
sub-128	older	02	360.738000	3.513240	ingroup	0	1.019270	0.019270	2	block_ingroup_fair
sub-128	older	02	365.019000	3.513040	ingroup	0	1.024070	0.024070	5	block_ingroup_fair
sub-128	older	02	369.300000	3.513260	ingroup	0	1.147070	0.147070	9	block_ingroup_fair
sub-128	older	02	373.581000	3.513160	ingroup	0	2.654610	1.654610	9	block_ingroup_fair
sub-128	older	02	377.862000	3.513090	ingroup	0	1.025260	0.025260	10	block_ingroup_fair
sub-128	older	02	382.142000	3.528860	ingroup	0	1.031400	0.031400	10	block_ingroup_fair
sub-129	older	01	4.016220	3.543500	computer	1			7	block_computer_fair
sub-129	older	01	8.327820	3.513160	computer	0	1.805380	0.805380	9	block_computer_fair
sub-129	older	01	12.608400	3.513480	computer	0	1.678010	0.678010	9	block_computer_fair
sub-129	older	01	16.889400	3.513390	computer	0	1.717230	0.717230	7	block_computer_fair
sub-129	older	01	21.170400	3.513370	computer	0	1.139340	0.139340	9	block_computer_fair
sub-129	older	01	25.451600	3.513160	computer	0	1.762140	0.762140	1	block_computer_fair
sub-129	older	01	29.732400	3.513510	computer	0	1.801580	0.801580	6	block_computer_fair
sub-129	older	01	34.013200	3.513480	computer	0	1.140360	0.140360	10	block_computer_fair
sub-129	older	01	49.545800	3.511000	outgroup	0	1.821050	0.821050	8	block_outgroup_fair
sub-129	older	01	53.825800	3.511980	outgroup	0	1.177570	0.177570	10	block_outgroup_fair
sub-129	older	01	58.105400	3.513260	outgroup	0	1.151320	0.151320	6	block_outgroup_fair
sub-129	older	01	62.386400	3.513260	outgroup	0	1.107360	0.107360	3	block_outgroup_fair
sub-129	older	01	66.667300	3.513290	outgroup	0	1.029640	0.029640	9	block_outgroup_fair
sub-129	older	01	70.948200	3.513350	outgroup	0	1.018930	0.018930	7	block_outgroup_fair
sub-129	older	01	75.229100	3.513400	outgroup	0	1.024570	0.024570	10	block_outgroup_fair
sub-129	older	01	79.510100	3.529050	outgroup	0	1.080990	0.080990	7	block_outgroup_fair
sub-129	older	01	93.056800	3.512550	computer	0	1.162060	0.162060	1	block_computer_unfair
sub-129	older	01	97.336900	3.513430	computer	0	1.369110	0.369110	4	block_computer_unfair
sub-129	older	01	101.618000	3.513500	computer	0	1.224960	0.224960	5	block_computer_unfair
sub-129	older	01	105.899000	3.513260	computer	0	1.030050	0.030050	2	block_computer_unfair
sub-129	older	01	110.180000	3.529080	computer	0	1.203240	0.203240	3	block_computer_unfair
sub-129	older	01	114.476000	3.513400	computer	0	1.210310	0.210310	2	block_computer_unfair
sub-129	older	01	118.757000	3.528880	computer	0	1.032440	0.032440	9	block_computer_unfair
sub-129	older	01	123.054000	3.513400	computer	0	1.072980	0.072980	1	block_computer_unfair
sub-129	older	01	134.584000	3.513380	computer	0	1.552450	0.552450	4	block_computer_fair
sub-129	older	01	138.865000	3.513350	computer	0	1.024330	0.024330	10	block_computer_fair
sub-129	older	01	143.147000	3.512930	computer	0	1.029850	0.029850	9	block_computer_fair
sub-129	older	01	147.427000	3.513410	computer	0	1.019930	0.019930	6	block_computer_fair
sub-129	older	01	151.708000	3.513410	computer	0	1.025370	0.025370	8	block_computer_fair
sub-129	older	01	155.989000	3.529050	computer	0	1.031320	0.031320	7	block_computer_fair
sub-129	older	01	160.286000	3.508510	computer	0	1.021470	0.021470	10	block_computer_fair
sub-129	older	01	164.562000	3.528990	computer	0	1.032370	0.032370	8	block_computer_fair
sub-129	older	01	176.109000	3.511640	ingroup	0	1.027300	0.027300	10	block_ingroup_fair
sub-129	older	01	180.390000	3.527620	ingroup	0	1.017130	0.017130	10	block_ingroup_fair
sub-129	older	01	184.685000	3.513290	ingroup	0	1.025240	0.025240	10	block_ingroup_fair
sub-129	older	01	188.966000	3.513240	ingroup	0	1.164910	0.164910	2	block_ingroup_fair
sub-129	older	01	193.247000	3.513210	ingroup	0	1.020520	0.020520	10	block_ingroup_fair
sub-129	older	01	197.528000	3.513300	ingroup	0	1.026670	0.026670	8	block_ingroup_fair
sub-129	older	01	201.809000	3.528780	ingroup	0	1.032620	0.032620	6	block_ingroup_fair
sub-129	older	01	206.106000	3.513290	ingroup	0	1.022590	0.022590	8	block_ingroup_fair
sub-129	older	01	217.637000	3.511990	outgroup	0	1.100660	0.100660	8	block_outgroup_unfair
sub-129	older	01	221.917000	3.515470	outgroup	0	1.091260	0.091260	1	block_outgroup_unfair
sub-129	older	01	226.200000	3.528940	outgroup	0	1.344990	0.344990	4	block_outgroup_unfair
sub-129	older	01	230.497000	3.513290	outgroup	0	1.285450	0.285450	4	block_outgroup_unfair
sub-129	older	01	234.778000	3.528920	outgroup	0	1.140810	0.140810	4	block_outgroup_unfair
sub-129	older	01	239.074000	3.529000	outgroup	0	1.064650	0.064650	2	block_outgroup_unfair
sub-129	older	01	243.371000	3.513280	outgroup	0	1.021440	0.021440	5	block_outgroup_unfair
sub-129	older	01	247.652000	3.513320	outgroup	0	1.211050	0.211050	4	block_outgroup_unfair
sub-129	older	01	261.183000	3.511960	ingroup	0	1.323910	0.323910	4	block_ingroup_unfair
sub-129	older	01	265.463000	3.528910	ingroup	0	1.030790	0.030790	3	block_ingroup_unfair
sub-129	older	01	269.760000	3.513260	ingroup	0	1.171310	0.171310	3	block_ingroup_unfair
sub-129	older	01	274.041000	3.513320	ingroup	0	1.027030	0.027030	2	block_ingroup_unfair
sub-129	older	01	278.322000	3.528880	ingroup	0	1.032890	0.032890	8	block_ingroup_unfair
sub-129	older	01	282.618000	3.513330	ingroup	0	1.023180	0.023180	1	block_ingroup_unfair
sub-129	older	01	286.899000	3.513270	ingroup	0	1.029030	0.029030	4	block_ingroup_unfair
sub-129	older	01	291.180000	3.513160	ingroup	0	1.035260	0.035260	5	block_ingroup_unfair
sub-129	older	01	304.711000	3.512350	computer	0	1.331990	0.331990	6	block_computer_unfair
sub-129	older	01	308.991000	3.513350	computer	0	1.038800	0.038800	1	block_computer_unfair
sub-129	older	01	313.272000	3.513310	computer	0	1.027510	0.027510	2	block_computer_unfair
sub-129	older	01	317.553000	3.529000	computer	0	1.016920	0.016920	1	block_computer_unfair
sub-129	older	01	321.850000	3.513320	computer	0	1.023860	0.023860	2	block_computer_unfair
sub-129	older	01	326.130000	3.513440	computer	0	1.029840	0.029840	2	block_computer_unfair
sub-129	older	01	330.411000	3.513380	computer	0	1.018730	0.018730	10	block_computer_unfair
sub-129	older	01	334.692000	3.513360	computer	0	1.024890	0.024890	3	block_computer_unfair
sub-129	older	01	350.224000	3.511800	ingroup	0	1.456690	0.456690	3	block_ingroup_unfair
sub-129	older	01	354.505000	3.511940	ingroup	0	1.029010	0.029010	3	block_ingroup_unfair
sub-129	older	01	358.785000	3.513330	ingroup	0	1.019470	0.019470	8	block_ingroup_unfair
sub-129	older	01	363.066000	3.513300	ingroup	0	1.025180	0.025180	1	block_ingroup_unfair
sub-129	older	01	367.347000	3.528870	ingroup	0	1.031010	0.031010	3	block_ingroup_unfair
sub-129	older	01	371.643000	3.513160	ingroup	0	1.021370	0.021370	2	block_ingroup_unfair
sub-129	older	01	375.924000	3.513310	ingroup	0	1.027420	0.027420	3	block_ingroup_unfair
sub-129	older	01	380.205000	3.528970	ingroup	0	1.033390	0.033390	6	block_ingroup_unfair
sub-129	older	02	4.015970	3.512070	ingroup	0	1.019170	0.019170	8	block_ingroup_fair
sub-129	older	02	8.295740	3.513100	ingroup	0	1.026220	0.026220	8	block_ingroup_fair
sub-129	older	02	12.576500	3.528940	ingroup	0	1.032210	0.032210	1	block_ingroup_fair
sub-129	older	02	16.873100	3.513240	ingroup	0	1.022750	0.022750	9	block_ingroup_fair
sub-129	older	02	21.154100	3.513250	ingroup	0	1.028530	0.028530	9	block_ingroup_fair
sub-129	older	02	25.435000	3.513280	ingroup	0	1.018190	0.018190	9	block_ingroup_fair
sub-129	older	02	29.716200	3.513030	ingroup	0	1.023600	0.023600	6	block_ingroup_fair
sub-129	older	02	33.996900	3.513280	ingroup	0	1.029760	0.029760	7	block_ingroup_fair
sub-129	older	02	49.528400	3.511960	outgroup	0	1.194830	0.194830	2	block_outgroup_unfair
sub-129	older	02	53.808000	3.513290	outgroup	0	1.018440	0.018440	10	block_outgroup_unfair
sub-129	older	02	58.088900	3.513350	outgroup	0	1.024170	0.024170	6	block_outgroup_unfair
sub-129	older	02	62.369800	3.513360	outgroup	0	1.030090	0.030090	1	block_outgroup_unfair
sub-129	older	02	66.650900	3.513240	outgroup	0	1.102700	0.102700	4	block_outgroup_unfair
sub-129	older	02	70.931800	3.513250	outgroup	0	1.025260	0.025260	2	block_outgroup_unfair
sub-129	older	02	75.212700	3.528860	outgroup	0	1.031130	0.031130	4	block_outgroup_unfair
sub-129	older	02	79.509300	3.513270	outgroup	0	1.021480	0.021480	3	block_outgroup_unfair
sub-129	older	02	93.040900	3.526480	ingroup	0	1.017620	0.017620	5	block_ingroup_unfair
sub-129	older	02	97.335200	3.513160	ingroup	0	1.026790	0.026790	4	block_ingroup_unfair
sub-129	older	02	101.616000	3.528890	ingroup	0	1.032810	0.032810	2	block_ingroup_unfair
sub-129	older	02	105.912000	3.513330	ingroup	0	1.023230	0.023230	3	block_ingroup_unfair
sub-129	older	02	110.193000	3.513310	ingroup	0	1.029090	0.029090	3	block_ingroup_unfair
sub-129	older	02	114.475000	3.513220	ingroup	0	1.018380	0.018380	1	block_ingroup_unfair
sub-129	older	02	118.755000	3.513300	ingroup	0	1.024310	0.024310	2	block_ingroup_unfair
sub-129	older	02	123.036000	3.513320	ingroup	0	1.030390	0.030390	8	block_ingroup_unfair
sub-129	older	02	134.567000	3.528390	computer	0	1.125590	0.125590	1	block_computer_unfair
sub-129	older	02	138.863000	3.528870	computer	0	1.032890	0.032890	4	block_computer_unfair
sub-129	older	02	143.160000	3.513480	computer	0	1.023370	0.023370	3	block_computer_unfair
sub-129	older	02	147.441000	3.513310	computer	0	1.029020	0.029020	10	block_computer_unfair
sub-129	older	02	151.722000	3.513440	computer	0	1.018960	0.018960	1	block_computer_unfair
sub-129	older	02	156.003000	3.513270	computer	0	1.024360	0.024360	5	block_computer_unfair
sub-129	older	02	160.283000	3.513500	computer	0	1.030370	0.030370	1	block_computer_unfair
sub-129	older	02	164.565000	3.513400	computer	0	1.019530	0.019530	3	block_computer_unfair
sub-129	older	02	176.096000	3.528090	outgroup	0	1.031090	0.031090	2	block_outgroup_unfair
sub-129	older	02	180.393000	3.511910	outgroup	0	1.020880	0.020880	4	block_outgroup_unfair
sub-129	older	02	184.673000	3.513240	outgroup	0	1.027970	0.027970	3	block_outgroup_unfair
sub-129	older	02	188.954000	3.528900	outgroup	0	1.017180	0.017180	2	block_outgroup_unfair
sub-129	older	02	193.250000	3.513200	outgroup	0	1.024110	0.024110	1	block_outgroup_unfair
sub-129	older	02	197.531000	3.528980	outgroup	0	1.297520	0.297520	3	block_outgroup_unfair
sub-129	older	02	201.828000	3.513270	outgroup	0	1.921480	0.921480	7	block_outgroup_unfair
sub-129	older	02	206.108000	3.513440	outgroup	0	1.026320	0.026320	5	block_outgroup_unfair
sub-129	older	02	221.639000	3.513290	outgroup	0	1.025470	0.025470	2	block_outgroup_fair
sub-129	older	02	225.920000	3.528160	outgroup	0	1.030840	0.030840	10	block_outgroup_fair
sub-129	older	02	230.216000	3.513340	outgroup	0	1.055560	0.055560	9	block_outgroup_fair
sub-129	older	02	234.497000	3.513350	outgroup	0	1.027870	0.027870	10	block_outgroup_fair
sub-129	older	02	238.778000	3.528850	outgroup	0	1.250920	0.250920	7	block_outgroup_fair
sub-129	older	02	243.075000	3.513310	outgroup	0	1.024060	0.024060	7	block_outgroup_fair
sub-129	older	02	247.356000	3.513290	outgroup	0	1.029840	0.029840	6	block_outgroup_fair
sub-129	older	02	251.637000	3.513230	outgroup	0	1.019380	0.019380	8	block_outgroup_fair
sub-129	older	02	265.168000	3.512010	ingroup	0	1.099140	0.099140	10	block_ingroup_fair
sub-129	older	02	269.448000	3.513220	ingroup	0	1.022490	0.022490	9	block_ingroup_fair
sub-129	older	02	273.729000	3.513200	ingroup	0	1.028470	0.028470	7	block_ingroup_fair
sub-129	older	02	278.010000	3.528920	ingroup	0	1.017780	0.017780	10	block_ingroup_fair
sub-129	older	02	282.308000	3.511710	ingroup	0	1.022980	0.022980	10	block_ingroup_fair
sub-129	older	02	286.587000	3.513270	ingroup	0	1.030550	0.030550	9	block_ingroup_fair
sub-129	older	02	290.869000	3.512680	ingroup	0	1.019280	0.019280	3	block_ingroup_fair
sub-129	older	02	295.149000	3.513270	ingroup	0	1.025780	0.025780	6	block_ingroup_fair
sub-129	older	02	306.681000	3.512280	computer	0	1.020410	0.020410	9	block_computer_fair
sub-129	older	02	310.960000	3.513370	computer	0	1.027430	0.027430	1	block_computer_fair
sub-129	older	02	315.241000	3.529110	computer	0	1.017000	0.017000	10	block_computer_fair
sub-129	older	02	319.538000	3.513340	computer	0	1.024030	0.024030	9	block_computer_fair
sub-129	older	02	323.819000	3.513410	computer	0	1.029660	0.029660	9	block_computer_fair
sub-129	older	02	328.100000	3.513350	computer	0	1.019150	0.019150	9	block_computer_fair
sub-129	older	02	332.381000	3.513380	computer	0	1.024730	0.024730	6	block_computer_fair
sub-129	older	02	336.662000	3.513490	computer	0	1.030830	0.030830	9	block_computer_fair
sub-129	older	02	352.193000	3.512060	outgroup	0	1.279060	0.279060	8	block_outgroup_fair
sub-129	older	02	356.474000	3.512020	outgroup	0	1.018040	0.018040	9	block_outgroup_fair
sub-129	older	02	360.754000	3.513240	outgroup	0	1.025070	0.025070	1	block_outgroup_fair
sub-129	older	02	365.035000	3.528830	outgroup	0	1.030770	0.030770	9	block_outgroup_fair
sub-129	older	02	369.331000	3.513320	outgroup	0	1.021360	0.021360	8	block_outgroup_fair
sub-129	older	02	373.612000	3.513310	outgroup	0	1.027150	0.027150	6	block_outgroup_fair
sub-129	older	02	377.893000	3.528870	outgroup	0	1.032920	0.032920	10	block_outgroup_fair
sub-129	older	02	382.190000	3.513350	outgroup	0	1.023440	0.023440	7	block_outgroup_fair
sub-130	older	01	4.012740	3.525490	computer	1			9	block_computer_fair
sub-130	older	01	8.309230	3.525930	computer	0	2.340960	1.340960	6	block_computer_fair
sub-130	older	01	12.604500	3.511440	computer	0	2.032210	1.032210	7	block_computer_fair
sub-130	older	01	16.873200	3.521400	computer	0	1.850170	0.850170	8	block_computer_fair
sub-130	older	01	21.167400	3.525300	computer	0	1.175580	0.175580	2	block_computer_fair
sub-130	older	01	25.463100	3.509160	computer	0	1.984270	0.984270	8	block_computer_fair
sub-130	older	01	29.743500	3.525220	computer	0	1.840540	0.840540	8	block_computer_fair
sub-130	older	01	34.024600	3.516070	computer	0	1.629360	0.629360	8	block_computer_fair
sub-130	older	01	45.549400	3.508880	computer	0	2.131150	1.131150	1	block_computer_unfair
sub-130	older	01	49.815200	3.508110	computer	0	1.952280	0.952280	9	block_computer_unfair
sub-130	older	01	54.093900	3.509970	computer	0	1.560020	0.560020	1	block_computer_unfair
sub-130	older	01	58.359800	3.522750	computer	0	1.731350	0.731350	2	block_computer_unfair
sub-130	older	01	62.640200	3.508660	computer	0	1.770450	0.770450	3	block_computer_unfair
sub-130	older	01	66.906000	3.516870	computer	0	1.691660	0.691660	5	block_computer_unfair
sub-130	older	01	71.184400	3.511070	computer	0	1.583480	0.583480	3	block_computer_unfair
sub-130	older	01	75.465000	3.512090	computer	0	1.573140	0.573140	1	block_computer_unfair
sub-130	older	01	86.994100	3.521780	outgroup	0	2.053880	1.053880	2	block_outgroup_unfair
sub-130	older	01	91.287300	3.500470	outgroup	0	1.464140	0.464140	2	block_outgroup_unfair
sub-130	older	01	95.552500	3.525340	outgroup	0	1.601990	0.601990	7	block_outgroup_unfair
sub-130	older	01	99.847800	3.510230	outgroup	0	1.660070	0.660070	4	block_outgroup_unfair
sub-130	older	01	104.114000	3.508230	outgroup	0	1.797620	0.797620	3	block_outgroup_unfair
sub-130	older	01	108.378000	3.526910	outgroup	0	1.820250	0.820250	4	block_outgroup_unfair
sub-130	older	01	112.674000	3.510290	outgroup	0	1.794330	0.794330	6	block_outgroup_unfair
sub-130	older	01	116.956000	3.508240	outgroup	0	1.816730	0.816730	1	block_outgroup_unfair
sub-130	older	01	130.473000	3.511550	outgroup	0	2.011090	1.011090	8	block_outgroup_fair
sub-130	older	01	134.753000	3.512190	outgroup	0	1.917940	0.917940	8	block_outgroup_fair
sub-130	older	01	139.033000	3.509820	outgroup	0	1.624200	0.624200	10	block_outgroup_fair
sub-130	older	01	143.313000	3.526910	outgroup	0	1.597410	0.597410	9	block_outgroup_fair
sub-130	older	01	147.609000	3.509340	outgroup	0	1.471250	0.471250	1	block_outgroup_fair
sub-130	older	01	151.889000	3.525750	outgroup	0	1.461390	0.461390	6	block_outgroup_fair
sub-130	older	01	156.171000	3.508790	outgroup	0	1.533420	0.533420	10	block_outgroup_fair
sub-130	older	01	160.436000	3.524930	outgroup	0	1.555650	0.555650	10	block_outgroup_fair
sub-130	older	01	175.975000	3.506730	ingroup	0	1.879000	0.879000	7	block_ingroup_fair
sub-130	older	01	180.239000	3.523470	ingroup	0	1.401290	0.401290	6	block_ingroup_fair
sub-130	older	01	184.521000	3.507890	ingroup	0	1.456940	0.456940	10	block_ingroup_fair
sub-130	older	01	188.785000	3.511230	ingroup	0	1.462730	0.462730	9	block_ingroup_fair
sub-130	older	01	193.064000	3.505730	ingroup	0	1.454070	0.454070	9	block_ingroup_fair
sub-130	older	01	197.331000	3.525820	ingroup	0	1.541030	0.541030	7	block_ingroup_fair
sub-130	older	01	201.626000	3.510770	ingroup	0	1.982440	0.982440	1	block_ingroup_fair
sub-130	older	01	205.906000	3.511110	ingroup	0	1.655970	0.655970	7	block_ingroup_fair
sub-130	older	01	219.425000	3.523160	outgroup	0	1.448260	0.448260	8	block_outgroup_fair
sub-130	older	01	223.721000	3.523530	outgroup	0	1.222470	0.222470	6	block_outgroup_fair
sub-130	older	01	228.015000	3.505090	outgroup	0	1.548580	0.548580	8	block_outgroup_fair
sub-130	older	01	232.266000	3.512310	outgroup	0	2.919490	1.919490	10	block_outgroup_fair
sub-130	older	01	236.545000	3.526520	outgroup	0	2.043010	1.043010	9	block_outgroup_fair
sub-130	older	01	240.842000	3.526550	outgroup	0	1.582350	0.582350	8	block_outgroup_fair
sub-130	older	01	245.138000	3.524870	outgroup	0	1.505900	0.505900	8	block_outgroup_fair
sub-130	older	01	249.432000	3.512610	outgroup	0	1.598490	0.598490	4	block_outgroup_fair
sub-130	older	01	264.959000	3.524020	ingroup	0	2.336310	1.336310	7	block_ingroup_fair
sub-130	older	01	269.254000	3.508560	ingroup	0	1.576610	0.576610	6	block_ingroup_fair
sub-130	older	01	273.519000	3.525230	ingroup	0	1.632170	0.632170	10	block_ingroup_fair
sub-130	older	01	277.800000	3.523380	ingroup	0	1.854950	0.854950	1	block_ingroup_fair
sub-130	older	01	282.081000	3.523920	ingroup	0	1.727660	0.727660	7	block_ingroup_fair
sub-130	older	01	286.360000	3.526330	ingroup	0	1.668100	0.668100	9	block_ingroup_fair
sub-130	older	01	290.657000	3.524200	ingroup	0	1.557730	0.557730	8	block_ingroup_fair
sub-130	older	01	294.937000	3.509960	ingroup	0	1.531320	0.531320	7	block_ingroup_fair
sub-130	older	01	306.463000	3.516350	ingroup	0	1.865390	0.865390	7	block_ingroup_unfair
sub-130	older	01	310.742000	3.510610	ingroup	0	1.238730	0.238730	1	block_ingroup_unfair
sub-130	older	01	315.023000	3.509060	ingroup	0	1.528200	0.528200	5	block_ingroup_unfair
sub-130	older	01	319.288000	3.525620	ingroup	0	2.167830	1.167830	4	block_ingroup_unfair
sub-130	older	01	323.583000	3.526790	ingroup	0	1.825660	0.825660	1	block_ingroup_unfair
sub-130	older	01	327.880000	3.525370	ingroup	0	1.464900	0.464900	2	block_ingroup_unfair
sub-130	older	01	332.161000	3.509910	ingroup	0	1.704500	0.704500	3	block_ingroup_unfair
sub-130	older	01	336.442000	3.509890	ingroup	0	1.427220	0.427220	4	block_ingroup_unfair
sub-130	older	01	351.966000	3.507910	outgroup	0	2.083220	1.083220	2	block_outgroup_unfair
sub-130	older	01	356.232000	3.508740	outgroup	0	1.404200	0.404200	8	block_outgroup_unfair
sub-130	older	01	360.510000	3.503480	outgroup	0	1.612320	0.612320	3	block_outgroup_unfair
sub-130	older	01	364.761000	3.501070	outgroup	0	1.598470	0.598470	3	block_outgroup_unfair
sub-130	older	01	369.024000	3.511480	outgroup	0	1.455430	0.455430	4	block_outgroup_unfair
sub-130	older	01	373.306000	3.525740	outgroup	0	1.460390	0.460390	5	block_outgroup_unfair
sub-130	older	01	377.601000	3.512390	outgroup	0	1.435150	0.435150	1	block_outgroup_unfair
sub-130	older	01	381.881000	3.525910	outgroup	0	1.025150	0.025150	3	block_outgroup_unfair
sub-130	older	02	4.005340	3.509170	computer	0	2.064980	1.064980	6	block_computer_unfair
sub-130	older	02	8.283790	3.525630	computer	0	1.439280	0.439280	2	block_computer_unfair
sub-130	older	02	12.565700	3.526160	computer	0	1.510920	0.510920	4	block_computer_unfair
sub-130	older	02	16.862400	3.524710	computer	0	1.368120	0.368120	1	block_computer_unfair
sub-130	older	02	21.158900	3.523640	computer	0	1.474730	0.474730	8	block_computer_unfair
sub-130	older	02	25.439300	3.508760	computer	0	1.514480	0.514480	4	block_computer_unfair
sub-130	older	02	29.702900	3.526490	computer	0	1.587810	0.587810	4	block_computer_unfair
sub-130	older	02	34.000200	3.525670	computer	0	1.460870	0.460870	2	block_computer_unfair
sub-130	older	02	49.540100	3.509000	outgroup	0	1.683820	0.683820	5	block_outgroup_fair
sub-130	older	02	53.819900	3.525820	outgroup	0	1.490910	0.490910	8	block_outgroup_fair
sub-130	older	02	58.114900	3.511020	outgroup	0	1.466060	0.466060	7	block_outgroup_fair
sub-130	older	02	62.382000	3.507210	outgroup	0	1.518810	0.518810	4	block_outgroup_fair
sub-130	older	02	66.647400	3.523330	outgroup	0	1.540350	0.540350	9	block_outgroup_fair
sub-130	older	02	70.942400	3.509290	outgroup	0	1.565520	0.565520	8	block_outgroup_fair
sub-130	older	02	75.207400	3.508910	outgroup	0	1.470650	0.470650	8	block_outgroup_fair
sub-130	older	02	79.472800	3.509430	outgroup	0	1.425570	0.425570	10	block_outgroup_fair
sub-130	older	02	90.997100	3.508400	computer	0	1.877630	0.877630	2	block_computer_unfair
sub-130	older	02	95.263900	3.508370	computer	0	1.464120	0.464120	9	block_computer_unfair
sub-130	older	02	99.541200	3.524720	computer	0	1.540060	0.540060	6	block_computer_unfair
sub-130	older	02	103.822000	3.509000	computer	0	1.579510	0.579510	1	block_computer_unfair
sub-130	older	02	108.087000	3.509140	computer	0	1.484970	0.484970	2	block_computer_unfair
sub-130	older	02	112.367000	3.509960	computer	0	1.441260	0.441260	2	block_computer_unfair
sub-130	older	02	116.633000	3.509640	computer	0	1.512380	0.512380	2	block_computer_unfair
sub-130	older	02	120.913000	3.525410	computer	0	1.552290	0.552290	3	block_computer_unfair
sub-130	older	02	134.460000	3.510400	ingroup	0	1.567010	0.567010	9	block_ingroup_fair
sub-130	older	02	138.728000	3.521590	ingroup	0	2.085700	1.085700	10	block_ingroup_fair
sub-130	older	02	143.008000	3.524260	ingroup	0	1.659590	0.659590	9	block_ingroup_fair
sub-130	older	02	147.303000	3.509030	ingroup	0	1.534360	0.534360	7	block_ingroup_fair
sub-130	older	02	151.584000	3.524590	ingroup	0	1.490390	0.490390	4	block_ingroup_fair
sub-130	older	02	155.879000	3.503120	ingroup	0	1.598980	0.598980	9	block_ingroup_fair
sub-130	older	02	160.130000	3.505010	ingroup	0	1.768460	0.768460	9	block_ingroup_fair
sub-130	older	02	164.393000	3.501050	ingroup	0	1.725530	0.725530	6	block_ingroup_fair
sub-130	older	02	177.910000	3.526810	ingroup	0	1.853010	0.853010	6	block_ingroup_unfair
sub-130	older	02	182.194000	3.521770	ingroup	0	1.605710	0.605710	3	block_ingroup_unfair
sub-130	older	02	186.488000	3.507570	ingroup	0	1.515340	0.515340	1	block_ingroup_unfair
sub-130	older	02	190.767000	3.525190	ingroup	0	1.505770	0.505770	3	block_ingroup_unfair
sub-130	older	02	195.048000	3.523220	ingroup	0	1.478140	0.478140	1	block_ingroup_unfair
sub-130	older	02	199.329000	3.509500	ingroup	0	1.434790	0.434790	4	block_ingroup_unfair
sub-130	older	02	203.596000	3.523710	ingroup	0	1.487930	0.487930	8	block_ingroup_unfair
sub-130	older	02	207.889000	3.512150	ingroup	0	1.498270	0.498270	2	block_ingroup_unfair
sub-130	older	02	219.416000	3.523080	outgroup	0	1.964270	0.964270	2	block_outgroup_unfair
sub-130	older	02	223.697000	3.508220	outgroup	0	1.470400	0.470400	6	block_outgroup_unfair
sub-130	older	02	227.976000	3.508790	outgroup	0	1.827840	0.827840	1	block_outgroup_unfair
sub-130	older	02	232.241000	3.509390	outgroup	0	1.767090	0.767090	7	block_outgroup_unfair
sub-130	older	02	236.506000	3.510330	outgroup	0	1.454510	0.454510	4	block_outgroup_unfair
sub-130	older	02	240.785000	3.525840	outgroup	0	1.495420	0.495420	3	block_outgroup_unfair
sub-130	older	02	245.082000	3.511490	outgroup	0	1.485390	0.485390	4	block_outgroup_unfair
sub-130	older	02	249.362000	3.526530	outgroup	0	1.542980	0.542980	1	block_outgroup_unfair
sub-130	older	02	264.903000	3.508100	computer	0	1.780780	0.780780	8	block_computer_fair
sub-130	older	02	269.184000	3.508520	computer	0	1.687240	0.687240	4	block_computer_fair
sub-130	older	02	273.462000	3.510510	computer	0	1.546540	0.546540	6	block_computer_fair
sub-130	older	02	277.744000	3.507090	computer	0	1.500350	0.500350	8	block_computer_fair
sub-130	older	02	282.009000	3.511190	computer	0	1.589590	0.589590	10	block_computer_fair
sub-130	older	02	286.288000	3.529390	computer	0	1.647340	0.647340	10	block_computer_fair
sub-130	older	02	290.585000	3.511440	computer	0	1.553540	0.553540	7	block_computer_fair
sub-130	older	02	294.867000	3.524820	computer	0	1.824950	0.824950	10	block_computer_fair
sub-130	older	02	308.399000	3.523710	ingroup	0	1.586850	0.586850	4	block_ingroup_unfair
sub-130	older	02	312.696000	3.523140	ingroup	0	1.460700	0.460700	5	block_ingroup_unfair
sub-130	older	02	316.975000	3.508830	ingroup	0	1.501530	0.501530	4	block_ingroup_unfair
sub-130	older	02	321.240000	3.516930	ingroup	0	1.690520	0.690520	3	block_ingroup_unfair
sub-130	older	02	325.521000	3.525030	ingroup	0	1.612860	0.612860	7	block_ingroup_unfair
sub-130	older	02	329.816000	3.526560	ingroup	0	1.537940	0.537940	2	block_ingroup_unfair
sub-130	older	02	334.114000	3.525700	ingroup	0	1.477460	0.477460	4	block_ingroup_unfair
sub-130	older	02	338.409000	3.525700	ingroup	0	1.585630	0.585630	1	block_ingroup_unfair
sub-130	older	02	349.952000	3.509770	computer	0	1.668960	0.668960	10	block_computer_fair
sub-130	older	02	354.231000	3.525620	computer	0	1.493130	0.493130	5	block_computer_fair
sub-130	older	02	358.525000	3.510110	computer	0	1.452250	0.452250	4	block_computer_fair
sub-130	older	02	362.806000	3.511910	computer	0	1.675190	0.675190	8	block_computer_fair
sub-130	older	02	367.087000	3.525610	computer	0	1.647970	0.647970	9	block_computer_fair
sub-130	older	02	371.369000	3.525250	computer	0	1.586250	0.586250	7	block_computer_fair
sub-130	older	02	375.651000	3.508680	computer	0	1.440990	0.440990	8	block_computer_fair
sub-130	older	02	379.929000	3.510490	computer	0	1.532710	0.532710	7	block_computer_fair
sub-132	older	01	4.020240	3.536260	computer	1			3	block_computer_unfair
sub-132	older	01	8.304870	3.516180	computer	0	1.916470	0.916470	3	block_computer_unfair
sub-132	older	01	12.587300	3.518520	computer	0	1.603930	0.603930	1	block_computer_unfair
sub-132	older	01	16.863000	3.514880	computer	0	1.715360	0.715360	8	block_computer_unfair
sub-132	older	01	21.144500	3.518230	computer	0	1.570570	0.570570	3	block_computer_unfair
sub-132	older	01	25.431200	3.510490	computer	0	1.654040	0.654040	3	block_computer_unfair
sub-132	older	01	29.709300	3.529600	computer	0	1.646230	0.646230	5	block_computer_unfair
sub-132	older	01	34.006400	3.504540	computer	0	1.769530	0.769530	4	block_computer_unfair
sub-132	older	01	45.527600	3.517280	outgroup	0	2.975560	1.975560	3	block_outgroup_unfair
sub-132	older	01	49.813700	3.518110	outgroup	0	1.658200	0.658200	8	block_outgroup_unfair
sub-132	older	01	54.100900	3.513350	outgroup	0	1.608060	0.608060	2	block_outgroup_unfair
sub-132	older	01	58.372100	3.523870	outgroup	0	1.673590	0.673590	2	block_outgroup_unfair
sub-132	older	01	62.663200	3.527650	outgroup	0	1.736040	0.736040	2	block_outgroup_unfair
sub-132	older	01	66.958900	3.509560	outgroup	0	1.593700	0.593700	6	block_outgroup_unfair
sub-132	older	01	71.226400	3.527800	outgroup	0	1.579670	0.579670	3	block_outgroup_unfair
sub-132	older	01	75.522200	3.529750	outgroup	0	1.920850	0.920850	4	block_outgroup_unfair
sub-132	older	01	91.069200	3.515200	computer	0	1.569950	0.569950	9	block_computer_unfair
sub-132	older	01	95.355300	3.525170	computer	0	1.487380	0.487380	5	block_computer_unfair
sub-132	older	01	99.647400	3.518540	computer	0	1.649040	0.649040	4	block_computer_unfair
sub-132	older	01	103.934000	3.511140	computer	0	1.565780	0.565780	3	block_computer_unfair
sub-132	older	01	108.213000	3.515260	computer	0	1.624410	0.624410	2	block_computer_unfair
sub-132	older	01	112.491000	3.515230	computer	0	1.649730	0.649730	3	block_computer_unfair
sub-132	older	01	116.758000	3.515650	computer	0	1.685990	0.685990	4	block_computer_unfair
sub-132	older	01	121.038000	3.512520	computer	0	1.542420	0.542420	4	block_computer_unfair
sub-132	older	01	134.570000	3.510950	ingroup	0	1.454450	0.454450	4	block_ingroup_unfair
sub-132	older	01	138.850000	3.513510	ingroup	0	1.711710	0.711710	1	block_ingroup_unfair
sub-132	older	01	143.129000	3.523540	ingroup	0	1.670010	0.670010	1	block_ingroup_unfair
sub-132	older	01	147.421000	3.525550	ingroup	0	1.532100	0.532100	5	block_ingroup_unfair
sub-132	older	01	151.694000	3.513750	ingroup	0	1.511320	0.511320	1	block_ingroup_unfair
sub-132	older	01	155.964000	3.509300	ingroup	0	1.477970	0.477970	7	block_ingroup_unfair
sub-132	older	01	160.241000	3.525280	ingroup	0	1.505030	0.505030	3	block_ingroup_unfair
sub-132	older	01	164.534000	3.513130	ingroup	0	1.865420	0.865420	2	block_ingroup_unfair
sub-132	older	01	178.055000	3.512170	computer	0	1.488570	0.488570	8	block_computer_fair
sub-132	older	01	182.331000	3.526080	computer	0	1.533180	0.533180	9	block_computer_fair
sub-132	older	01	186.616000	3.513830	computer	0	1.668600	0.668600	7	block_computer_fair
sub-132	older	01	190.890000	3.519600	computer	0	1.547540	0.547540	10	block_computer_fair
sub-132	older	01	195.177000	3.503880	computer	0	1.547070	0.547070	6	block_computer_fair
sub-132	older	01	199.442000	3.522800	computer	0	1.802860	0.802860	8	block_computer_fair
sub-132	older	01	203.727000	3.511950	computer	0	1.620990	0.620990	2	block_computer_fair
sub-132	older	01	208.007000	3.513950	computer	0	1.561970	0.561970	7	block_computer_fair
sub-132	older	01	223.534000	3.520420	ingroup	0	1.396960	0.396960	2	block_ingroup_unfair
sub-132	older	01	227.823000	3.523340	ingroup	0	1.745210	0.745210	3	block_ingroup_unfair
sub-132	older	01	232.104000	3.512690	ingroup	0	1.501270	0.501270	1	block_ingroup_unfair
sub-132	older	01	236.382000	3.513590	ingroup	0	1.527140	0.527140	5	block_ingroup_unfair
sub-132	older	01	240.652000	3.525220	ingroup	0	1.560490	0.560490	3	block_ingroup_unfair
sub-132	older	01	244.945000	3.521690	ingroup	0	1.504390	0.504390	4	block_ingroup_unfair
sub-132	older	01	249.235000	3.511000	ingroup	0	1.534400	0.534400	10	block_ingroup_unfair
sub-132	older	01	253.506000	3.513300	ingroup	0	1.616380	0.616380	4	block_ingroup_unfair
sub-132	older	01	267.020000	3.506320	computer	0	1.347030	0.347030	7	block_computer_fair
sub-132	older	01	271.286000	3.530370	computer	0	1.768010	0.768010	1	block_computer_fair
sub-132	older	01	275.571000	3.519540	computer	0	1.520800	0.520800	5	block_computer_fair
sub-132	older	01	279.858000	3.518840	computer	0	1.436610	0.436610	10	block_computer_fair
sub-132	older	01	284.144000	3.515060	computer	0	1.569910	0.569910	9	block_computer_fair
sub-132	older	01	288.416000	3.510590	computer	0	1.752170	0.752170	10	block_computer_fair
sub-132	older	01	292.685000	3.513210	computer	0	1.803370	0.803370	8	block_computer_fair
sub-132	older	01	296.958000	3.521770	computer	0	1.468550	0.468550	10	block_computer_fair
sub-132	older	01	312.494000	3.510660	outgroup	0	1.428400	0.428400	9	block_outgroup_fair
sub-132	older	01	316.774000	3.519720	outgroup	0	1.517400	0.517400	7	block_outgroup_fair
sub-132	older	01	321.062000	3.513610	outgroup	0	1.033250	0.033250	10	block_outgroup_fair
sub-132	older	01	325.334000	3.515490	outgroup	0	1.748730	0.748730	9	block_outgroup_fair
sub-132	older	01	329.618000	3.514900	outgroup	0	1.618390	0.618390	7	block_outgroup_fair
sub-132	older	01	333.900000	3.511800	outgroup	0	1.788420	0.788420	5	block_outgroup_fair
sub-132	older	01	338.178000	3.515290	outgroup	0	1.864680	0.864680	1	block_outgroup_fair
sub-132	older	01	342.461000	3.522630	outgroup	0	1.734900	0.734900	8	block_outgroup_fair
sub-132	older	01	353.996000	3.518860	ingroup	0	1.642720	0.642720	10	block_ingroup_fair
sub-132	older	01	358.273000	3.512930	ingroup	0	1.869680	0.869680	3	block_ingroup_fair
sub-132	older	01	362.544000	3.515220	ingroup	0	1.785170	0.785170	10	block_ingroup_fair
sub-132	older	01	366.817000	3.515560	ingroup	0	2.266490	1.266490	10	block_ingroup_fair
sub-132	older	01	371.096000	3.519780	ingroup	0	1.991990	0.991990	9	block_ingroup_fair
sub-132	older	01	375.378000	3.515300	ingroup	0	1.895150	0.895150	10	block_ingroup_fair
sub-132	older	01	379.651000	3.526400	ingroup	0	1.826260	0.826260	7	block_ingroup_fair
sub-132	older	01	383.945000	3.518400	ingroup	0	1.701810	0.701810	5	block_ingroup_fair
sub-132	older	02	3.997660	3.526000	ingroup	0	1.487450	0.487450	7	block_ingroup_unfair
sub-132	older	02	8.291980	3.512280	ingroup	0	1.530370	0.530370	1	block_ingroup_unfair
sub-132	older	02	12.569700	3.530590	ingroup	0	1.671820	0.671820	4	block_ingroup_unfair
sub-132	older	02	16.866600	3.517510	ingroup	0	1.728010	0.728010	2	block_ingroup_unfair
sub-132	older	02	21.148700	3.512170	ingroup	0	1.599940	0.599940	1	block_ingroup_unfair
sub-132	older	02	25.417500	3.502790	ingroup	0	1.901640	0.901640	6	block_ingroup_unfair
sub-132	older	02	29.679800	3.513310	ingroup	0	1.475370	0.475370	3	block_ingroup_unfair
sub-132	older	02	33.950700	3.508670	ingroup	0	1.758300	0.758300	2	block_ingroup_unfair
sub-132	older	02	49.459800	3.527490	computer	0	1.378100	0.378100	7	block_computer_fair
sub-132	older	02	53.747800	3.523840	computer	0	1.660730	0.660730	3	block_computer_fair
sub-132	older	02	58.040400	3.519290	computer	0	1.471570	0.471570	7	block_computer_fair
sub-132	older	02	62.327300	3.521630	computer	0	1.654640	0.654640	5	block_computer_fair
sub-132	older	02	66.592300	3.521220	computer	0	1.810320	0.810320	10	block_computer_fair
sub-132	older	02	70.872600	3.524700	computer	0	1.783360	0.783360	7	block_computer_fair
sub-132	older	02	75.165000	3.512350	computer	0	1.594730	0.594730	10	block_computer_fair
sub-132	older	02	79.444800	3.514150	computer	0	1.618180	0.618180	8	block_computer_fair
sub-132	older	02	90.978500	3.515850	outgroup	0	1.810940	0.810940	1	block_outgroup_unfair
sub-132	older	02	95.262500	3.523980	outgroup	0	1.596790	0.596790	1	block_outgroup_unfair
sub-132	older	02	99.546800	3.509670	outgroup	0	1.649200	0.649200	4	block_outgroup_unfair
sub-132	older	02	103.825000	3.510040	outgroup	0	1.608310	0.608310	8	block_outgroup_unfair
sub-132	older	02	108.099000	3.515790	outgroup	0	1.786870	0.786870	1	block_outgroup_unfair
sub-132	older	02	112.384000	3.516420	outgroup	0	1.689750	0.689750	6	block_outgroup_unfair
sub-132	older	02	116.668000	3.524050	outgroup	0	1.592150	0.592150	2	block_outgroup_unfair
sub-132	older	02	120.962000	3.512680	outgroup	0	1.935750	0.935750	1	block_outgroup_unfair
sub-132	older	02	136.490000	3.519900	outgroup	0	2.353930	1.353930	8	block_outgroup_fair
sub-132	older	02	140.774000	3.517900	outgroup	0	1.823240	0.823240	10	block_outgroup_fair
sub-132	older	02	145.040000	3.513290	outgroup	0	1.844280	0.844280	4	block_outgroup_fair
sub-132	older	02	149.322000	3.524470	outgroup	0	1.631720	0.631720	10	block_outgroup_fair
sub-132	older	02	153.605000	3.511110	outgroup	0	1.602110	0.602110	6	block_outgroup_fair
sub-132	older	02	157.881000	3.516750	outgroup	0	1.662920	0.662920	7	block_outgroup_fair
sub-132	older	02	162.155000	3.521030	outgroup	0	1.759180	0.759180	9	block_outgroup_fair
sub-132	older	02	166.446000	3.512340	outgroup	0	1.605000	0.605000	7	block_outgroup_fair
sub-132	older	02	177.974000	3.517060	ingroup	0	1.820540	0.820540	10	block_ingroup_fair
sub-132	older	02	182.253000	3.502950	ingroup	0	1.561270	0.561270	6	block_ingroup_fair
sub-132	older	02	186.520000	3.513490	ingroup	0	1.630930	0.630930	9	block_ingroup_fair
sub-132	older	02	190.790000	3.529270	ingroup	0	1.597110	0.597110	10	block_ingroup_fair
sub-132	older	02	195.084000	3.516290	ingroup	0	1.590010	0.590010	10	block_ingroup_fair
sub-132	older	02	199.361000	3.518830	ingroup	0	1.650620	0.650620	10	block_ingroup_fair
sub-132	older	02	203.641000	3.519750	ingroup	0	1.739740	0.739740	4	block_ingroup_fair
sub-132	older	02	207.929000	3.515850	ingroup	0	1.806610	0.806610	9	block_ingroup_fair
sub-132	older	02	221.451000	3.517790	outgroup	0	1.512820	0.512820	8	block_outgroup_fair
sub-132	older	02	225.732000	3.524040	outgroup	0	1.416890	0.416890	8	block_outgroup_fair
sub-132	older	02	230.022000	3.513820	outgroup	0	1.630570	0.630570	1	block_outgroup_fair
sub-132	older	02	234.303000	3.516890	outgroup	0	1.604590	0.604590	6	block_outgroup_fair
sub-132	older	02	238.586000	3.513950	outgroup	0	1.508060	0.508060	9	block_outgroup_fair
sub-132	older	02	242.860000	3.513630	outgroup	0	1.772360	0.772360	7	block_outgroup_fair
sub-132	older	02	247.134000	3.505910	outgroup	0	1.800290	0.800290	7	block_outgroup_fair
sub-132	older	02	251.408000	3.521110	outgroup	0	1.464510	0.464510	8	block_outgroup_fair
sub-132	older	02	262.949000	3.506820	computer	0	1.631590	0.631590	2	block_computer_unfair
sub-132	older	02	267.216000	3.521360	computer	0	1.767800	0.767800	6	block_computer_unfair
sub-132	older	02	271.508000	3.514820	computer	0	1.545730	0.545730	2	block_computer_unfair
sub-132	older	02	275.787000	3.515710	computer	0	1.570570	0.570570	2	block_computer_unfair
sub-132	older	02	280.064000	3.513350	computer	0	1.597080	0.597080	1	block_computer_unfair
sub-132	older	02	284.339000	3.525100	computer	0	1.791590	0.791590	9	block_computer_unfair
sub-132	older	02	288.622000	3.525270	computer	0	1.529470	0.529470	4	block_computer_unfair
sub-132	older	02	292.916000	3.527300	computer	0	1.689410	0.689410	4	block_computer_unfair
sub-132	older	02	308.449000	3.506080	ingroup	0	1.635660	0.635660	9	block_ingroup_fair
sub-132	older	02	312.712000	3.513350	ingroup	0	1.893180	0.893180	9	block_ingroup_fair
sub-132	older	02	316.994000	3.514080	ingroup	0	2.031290	1.031290	10	block_ingroup_fair
sub-132	older	02	321.276000	3.516190	ingroup	0	1.770690	0.770690	5	block_ingroup_fair
sub-132	older	02	325.549000	3.525820	ingroup	0	1.749860	0.749860	10	block_ingroup_fair
sub-132	older	02	329.845000	3.517390	ingroup	0	1.507170	0.507170	3	block_ingroup_fair
sub-132	older	02	334.127000	3.519980	ingroup	0	1.679320	0.679320	8	block_ingroup_fair
sub-132	older	02	338.414000	3.518670	ingroup	0	1.694650	0.694650	8	block_ingroup_fair
sub-132	older	02	351.947000	3.512230	outgroup	0	1.856390	0.856390	3	block_outgroup_unfair
sub-132	older	02	356.217000	3.504230	outgroup	0	1.657130	0.657130	2	block_outgroup_unfair
sub-132	older	02	360.490000	3.524830	outgroup	0	1.637460	0.637460	4	block_outgroup_unfair
sub-132	older	02	364.772000	3.517310	outgroup	0	1.524970	0.524970	2	block_outgroup_unfair
sub-132	older	02	369.057000	3.512730	outgroup	0	1.561010	0.561010	2	block_outgroup_unfair
sub-132	older	02	373.337000	3.527820	outgroup	0	1.033020	0.033020	6	block_outgroup_unfair
sub-132	older	02	377.634000	3.513830	outgroup	0	1.657790	0.657790	9	block_outgroup_unfair
sub-132	older	02	381.915000	3.514030	outgroup	0	1.879670	0.879670	3	block_outgroup_unfair
sub-133	older	01	4.016510	3.527530	outgroup	1			10	block_outgroup_fair
sub-133	older	01	8.312310	3.512980	outgroup	0	2.164210	1.164210	7	block_outgroup_fair
sub-133	older	01	12.592900	3.525620	outgroup	1			10	block_outgroup_fair
sub-133	older	01	16.886500	3.513300	outgroup	0	1.846970	0.846970	6	block_outgroup_fair
sub-133	older	01	21.167400	3.513320	outgroup	0	2.303350	1.303350	10	block_outgroup_fair
sub-133	older	01	25.448600	3.528760	outgroup	0	2.125440	1.125440	8	block_outgroup_fair
sub-133	older	01	29.745100	3.520380	outgroup	0	2.265920	1.265920	8	block_outgroup_fair
sub-133	older	01	34.033100	3.513330	outgroup	0	2.882010	1.882010	1	block_outgroup_fair
sub-133	older	01	45.565900	3.526540	ingroup	0	2.124680	1.124680	9	block_ingroup_unfair
sub-133	older	01	49.861000	3.512420	ingroup	0	2.316600	1.316600	5	block_ingroup_unfair
sub-133	older	01	54.141100	3.513210	ingroup	0	2.123060	1.123060	1	block_ingroup_unfair
sub-133	older	01	58.422200	3.513080	ingroup	0	1.728540	0.728540	4	block_ingroup_unfair
sub-133	older	01	62.702900	3.528940	ingroup	0	1.517910	0.517910	1	block_ingroup_unfair
sub-133	older	01	66.999700	3.513080	ingroup	0	2.191600	1.191600	3	block_ingroup_unfair
sub-133	older	01	71.280400	3.513360	ingroup	0	1.497490	0.497490	2	block_ingroup_unfair
sub-133	older	01	75.561300	3.513340	ingroup	0	1.753730	0.753730	4	block_ingroup_unfair
sub-133	older	01	91.092200	3.528220	computer	0	2.002380	1.002380	10	block_computer_fair
sub-133	older	01	95.388000	3.513330	computer	0	2.076820	1.076820	9	block_computer_fair
sub-133	older	01	99.668900	3.505750	computer	0	1.815710	0.815710	6	block_computer_fair
sub-133	older	01	103.942000	3.513410	computer	0	1.645880	0.645880	1	block_computer_fair
sub-133	older	01	108.223000	3.513340	computer	0	1.685190	0.685190	8	block_computer_fair
sub-133	older	01	112.504000	3.513320	computer	0	1.857890	0.857890	10	block_computer_fair
sub-133	older	01	116.785000	3.513380	computer	0	1.530100	0.530100	10	block_computer_fair
sub-133	older	01	121.066000	3.513410	computer	0	1.302690	0.302690	7	block_computer_fair
sub-133	older	01	134.597000	3.528130	outgroup	0	2.233390	1.233390	3	block_outgroup_unfair
sub-133	older	01	138.894000	3.512640	outgroup	0	1.740100	0.740100	5	block_outgroup_unfair
sub-133	older	01	143.221000	3.528940	outgroup	0	1.549840	0.549840	1	block_outgroup_unfair
sub-133	older	01	147.517000	3.513370	outgroup	0	1.740190	0.740190	3	block_outgroup_unfair
sub-133	older	01	151.798000	3.513400	outgroup	0	1.529220	0.529220	9	block_outgroup_unfair
sub-133	older	01	156.079000	3.528770	outgroup	0	1.751880	0.751880	2	block_outgroup_unfair
sub-133	older	01	160.376000	3.513270	outgroup	0	1.858980	0.858980	4	block_outgroup_unfair
sub-133	older	01	164.657000	3.513310	outgroup	0	1.731380	0.731380	3	block_outgroup_unfair
sub-133	older	01	178.188000	3.512400	ingroup	0	1.894890	0.894890	8	block_ingroup_fair
sub-133	older	01	182.468000	3.513270	ingroup	0	1.851650	0.851650	8	block_ingroup_fair
sub-133	older	01	186.749000	3.513320	ingroup	0	1.941030	0.941030	9	block_ingroup_fair
sub-133	older	01	191.030000	3.513240	ingroup	0	2.013510	1.013510	5	block_ingroup_fair
sub-133	older	01	195.311000	3.528960	ingroup	0	1.986110	0.986110	8	block_ingroup_fair
sub-133	older	01	199.607000	3.513200	ingroup	0	1.759520	0.759520	9	block_ingroup_fair
sub-133	older	01	203.888000	3.513270	ingroup	0	2.482630	1.482630	9	block_ingroup_fair
sub-133	older	01	208.169000	3.513320	ingroup	0	1.604640	0.604640	1	block_ingroup_fair
sub-133	older	01	219.700000	3.511200	computer	0	1.816150	0.816150	7	block_computer_fair
sub-133	older	01	223.979000	3.513230	computer	0	1.874310	0.874310	9	block_computer_fair
sub-133	older	01	228.260000	3.513020	computer	0	1.379540	0.379540	5	block_computer_fair
sub-133	older	01	232.541000	3.513460	computer	0	1.869550	0.869550	2	block_computer_fair
sub-133	older	01	236.822000	3.528940	computer	0	1.641930	0.641930	9	block_computer_fair
sub-133	older	01	241.119000	3.513360	computer	0	1.632360	0.632360	7	block_computer_fair
sub-133	older	01	245.399000	3.513400	computer	0	1.888270	0.888270	7	block_computer_fair
sub-133	older	01	249.680000	3.513330	computer	0	1.477330	0.477330	10	block_computer_fair
sub-133	older	01	265.211000	3.513360	computer	0	1.326290	0.326290	2	block_computer_unfair
sub-133	older	01	269.491000	3.529050	computer	0	1.765700	0.765700	7	block_computer_unfair
sub-133	older	01	273.788000	3.513340	computer	0	1.239240	0.239240	4	block_computer_unfair
sub-133	older	01	278.069000	3.513290	computer	0	1.979040	0.979040	4	block_computer_unfair
sub-133	older	01	282.350000	3.513380	computer	0	2.035260	1.035260	4	block_computer_unfair
sub-133	older	01	286.631000	3.513390	computer	0	2.040980	1.040980	5	block_computer_unfair
sub-133	older	01	290.912000	3.513380	computer	0	2.263730	1.263730	3	block_computer_unfair
sub-133	older	01	295.193000	3.513500	computer	0	1.753060	0.753060	1	block_computer_unfair
sub-133	older	01	308.724000	3.527510	ingroup	0	2.015610	1.015610	2	block_ingroup_unfair
sub-133	older	01	313.021000	3.516200	ingroup	0	1.689020	0.689020	3	block_ingroup_unfair
sub-133	older	01	317.305000	3.513250	ingroup	0	1.808610	0.808610	5	block_ingroup_unfair
sub-133	older	01	321.586000	3.513210	ingroup	0	1.664320	0.664320	10	block_ingroup_unfair
sub-133	older	01	325.867000	3.513310	ingroup	0	1.653640	0.653640	1	block_ingroup_unfair
sub-133	older	01	330.148000	3.513130	ingroup	0	1.442570	0.442570	3	block_ingroup_unfair
sub-133	older	01	334.429000	3.513200	ingroup	0	1.198300	0.198300	1	block_ingroup_unfair
sub-133	older	01	338.710000	3.513200	ingroup	0	1.337770	0.337770	1	block_ingroup_unfair
sub-133	older	01	350.240000	3.512880	computer	0	1.149570	0.149570	1	block_computer_unfair
sub-133	older	01	354.521000	3.513280	computer	0	1.022440	0.022440	3	block_computer_unfair
sub-133	older	01	358.802000	3.513320	computer	0	1.028430	0.028430	2	block_computer_unfair
sub-133	older	01	363.083000	3.529030	computer	0	1.017500	0.017500	7	block_computer_unfair
sub-133	older	01	367.379000	3.513380	computer	0	1.024480	0.024480	3	block_computer_unfair
sub-133	older	01	371.660000	3.513480	computer	0	1.030390	0.030390	4	block_computer_unfair
sub-133	older	01	375.941000	3.513420	computer	0	1.019670	0.019670	2	block_computer_unfair
sub-133	older	01	380.222000	3.513390	computer	0	1.025580	0.025580	5	block_computer_unfair
sub-133	older	02	4.018360	3.512080	outgroup	0	1.648090	0.648090	8	block_outgroup_fair
sub-133	older	02	8.299150	3.512160	outgroup	0	1.087160	0.087160	6	block_outgroup_fair
sub-133	older	02	12.578900	3.513350	outgroup	0	1.160880	0.160880	10	block_outgroup_fair
sub-133	older	02	16.859800	3.513370	outgroup	0	1.550370	0.550370	7	block_outgroup_fair
sub-133	older	02	21.140800	3.513290	outgroup	0	1.539570	0.539570	7	block_outgroup_fair
sub-133	older	02	25.421800	3.513520	outgroup	0	1.028120	0.028120	7	block_outgroup_fair
sub-133	older	02	29.702700	3.529000	outgroup	0	1.017520	0.017520	4	block_outgroup_fair
sub-133	older	02	33.999400	3.513200	outgroup	0	1.024300	0.024300	8	block_outgroup_fair
sub-133	older	02	49.530100	3.512600	computer	0	1.256800	0.256800	7	block_computer_fair
sub-133	older	02	53.810300	3.513350	computer	0	1.029530	0.029530	6	block_computer_fair
sub-133	older	02	58.091200	3.513360	computer	0	1.018940	0.018940	9	block_computer_fair
sub-133	older	02	62.372300	3.528860	computer	0	1.158310	0.158310	8	block_computer_fair
sub-133	older	02	66.668600	3.529090	computer	0	1.031850	0.031850	10	block_computer_fair
sub-133	older	02	70.965200	3.513440	computer	0	1.372650	0.372650	8	block_computer_fair
sub-133	older	02	75.246200	3.513350	computer	0	1.044750	0.044750	7	block_computer_fair
sub-133	older	02	79.527000	3.529080	computer	0	1.017250	0.017250	2	block_computer_fair
sub-133	older	02	93.074500	3.511890	outgroup	0	1.348280	0.348280	6	block_outgroup_unfair
sub-133	older	02	97.355300	3.527610	outgroup	0	1.937960	0.937960	4	block_outgroup_unfair
sub-133	older	02	101.651000	3.528930	outgroup	0	1.595950	0.595950	3	block_outgroup_unfair
sub-133	older	02	105.947000	3.513220	outgroup	0	1.019140	0.019140	3	block_outgroup_unfair
sub-133	older	02	110.228000	3.513190	outgroup	0	1.075210	0.075210	10	block_outgroup_unfair
sub-133	older	02	114.509000	3.513300	outgroup	0	1.030650	0.030650	3	block_outgroup_unfair
sub-133	older	02	118.790000	3.512230	outgroup	0	1.137070	0.137070	4	block_outgroup_unfair
sub-133	older	02	123.070000	3.513340	outgroup	0	1.043940	0.043940	4	block_outgroup_unfair
sub-133	older	02	134.600000	3.513400	outgroup	0	1.440240	0.440240	9	block_outgroup_fair
sub-133	older	02	138.881000	3.513290	outgroup	0	1.212340	0.212340	10	block_outgroup_fair
sub-133	older	02	143.162000	3.513170	outgroup	0	1.768600	0.768600	10	block_outgroup_fair
sub-133	older	02	147.443000	3.513200	outgroup	0	1.741400	0.741400	6	block_outgroup_fair
sub-133	older	02	151.724000	3.513330	outgroup	0	1.680490	0.680490	4	block_outgroup_fair
sub-133	older	02	156.005000	3.528960	outgroup	0	1.486170	0.486170	10	block_outgroup_fair
sub-133	older	02	160.302000	3.513210	outgroup	0	1.559830	0.559830	9	block_outgroup_fair
sub-133	older	02	164.582000	3.513300	outgroup	0	1.499220	0.499220	9	block_outgroup_fair
sub-133	older	02	176.114000	3.512490	ingroup	0	1.677590	0.677590	8	block_ingroup_fair
sub-133	older	02	180.394000	3.513240	ingroup	0	1.433970	0.433970	10	block_ingroup_fair
sub-133	older	02	184.675000	3.513240	ingroup	0	1.373110	0.373110	1	block_ingroup_fair
sub-133	older	02	188.956000	3.513170	ingroup	0	1.028430	0.028430	10	block_ingroup_fair
sub-133	older	02	193.237000	3.528920	ingroup	0	1.017770	0.017770	8	block_ingroup_fair
sub-133	older	02	197.533000	3.513270	ingroup	0	1.024810	0.024810	5	block_ingroup_fair
sub-133	older	02	201.814000	3.513270	ingroup	0	1.164300	0.164300	10	block_ingroup_fair
sub-133	older	02	206.095000	3.513300	ingroup	0	1.019970	0.019970	7	block_ingroup_fair
sub-133	older	02	217.626000	3.512600	outgroup	0	1.081670	0.081670	8	block_outgroup_unfair
sub-133	older	02	221.906000	3.513330	outgroup	0	1.021540	0.021540	4	block_outgroup_unfair
sub-133	older	02	226.187000	3.528820	outgroup	0	1.328010	0.328010	4	block_outgroup_unfair
sub-133	older	02	230.484000	3.513340	outgroup	0	1.401790	0.401790	5	block_outgroup_unfair
sub-133	older	02	234.765000	3.513190	outgroup	0	1.524210	0.524210	2	block_outgroup_unfair
sub-133	older	02	239.046000	3.520610	outgroup	0	1.313350	0.313350	2	block_outgroup_unfair
sub-133	older	02	243.334000	3.513380	outgroup	0	1.395590	0.395590	4	block_outgroup_unfair
sub-133	older	02	247.615000	3.528970	outgroup	0	1.484890	0.484890	1	block_outgroup_unfair
sub-133	older	02	261.161000	3.512690	computer	0	1.582910	0.582910	3	block_computer_unfair
sub-133	older	02	265.442000	3.528930	computer	0	1.172450	0.172450	2	block_computer_unfair
sub-133	older	02	269.738000	3.513470	computer	0	1.146220	0.146220	6	block_computer_unfair
sub-133	older	02	274.019000	3.513370	computer	0	1.018280	0.018280	3	block_computer_unfair
sub-133	older	02	278.300000	3.513320	computer	0	1.024200	0.024200	4	block_computer_unfair
sub-133	older	02	282.581000	3.513320	computer	0	1.230090	0.230090	1	block_computer_unfair
sub-133	older	02	286.862000	3.513370	computer	0	1.386630	0.386630	1	block_computer_unfair
sub-133	older	02	291.143000	3.513410	computer	0	1.492680	0.492680	10	block_computer_unfair
sub-133	older	02	306.674000	3.512640	ingroup	0	1.257800	0.257800	9	block_ingroup_fair
sub-133	older	02	310.955000	3.512540	ingroup	0	1.029530	0.029530	8	block_ingroup_fair
sub-133	older	02	315.235000	3.513230	ingroup	0	1.019860	0.019860	8	block_ingroup_fair
sub-133	older	02	319.516000	3.513200	ingroup	0	1.292480	0.292480	8	block_ingroup_fair
sub-133	older	02	323.797000	3.513330	ingroup	0	1.382050	0.382050	10	block_ingroup_fair
sub-133	older	02	328.078000	3.513300	ingroup	0	1.371270	0.371270	10	block_ingroup_fair
sub-133	older	02	332.359000	3.513250	ingroup	0	1.393810	0.393810	4	block_ingroup_fair
sub-133	older	02	336.640000	3.513290	ingroup	0	1.132880	0.132880	6	block_ingroup_fair
sub-133	older	02	350.170000	3.513220	ingroup	0	1.029970	0.029970	1	block_ingroup_unfair
sub-133	older	02	354.451000	3.513250	ingroup	0	1.586520	0.586520	1	block_ingroup_unfair
sub-133	older	02	358.732000	3.521980	ingroup	0	1.025320	0.025320	2	block_ingroup_unfair
sub-133	older	02	363.022000	3.513250	ingroup	0	1.022470	0.022470	4	block_ingroup_unfair
sub-133	older	02	367.302000	3.513280	ingroup	0	1.411930	0.411930	4	block_ingroup_unfair
sub-133	older	02	371.584000	3.513090	ingroup	0	1.718180	0.718180	2	block_ingroup_unfair
sub-133	older	02	375.864000	3.513150	ingroup	0	1.607350	0.607350	10	block_ingroup_unfair
sub-133	older	02	380.145000	3.513250	ingroup	0	1.680250	0.680250	5	block_ingroup_unfair
sub-134	older	01	4.011730	3.527130	outgroup	1			2	block_outgroup_unfair
sub-134	older	01	8.307440	3.512680	outgroup	0	1.682170	0.682170	8	block_outgroup_unfair
sub-134	older	01	12.588100	3.512920	outgroup	0	2.138590	1.138590	1	block_outgroup_unfair
sub-134	older	01	16.869100	3.512910	outgroup	0	1.227130	0.227130	2	block_outgroup_unfair
sub-134	older	01	21.150100	3.512830	outgroup	0	1.066320	0.066320	4	block_outgroup_unfair
sub-134	older	01	25.431000	3.512910	outgroup	0	1.122190	0.122190	5	block_outgroup_unfair
sub-134	older	01	29.711900	3.512850	outgroup	0	1.428440	0.428440	1	block_outgroup_unfair
sub-134	older	01	33.992900	3.512830	outgroup	0	2.301730	1.301730	1	block_outgroup_unfair
sub-134	older	01	45.523300	3.528460	outgroup	0	2.547480	1.547480	8	block_outgroup_fair
sub-134	older	01	49.819800	3.512950	outgroup	0	1.103320	0.103320	10	block_outgroup_fair
sub-134	older	01	54.100700	3.512930	outgroup	0	1.042530	0.042530	10	block_outgroup_fair
sub-134	older	01	58.381700	3.512990	outgroup	0	1.398700	0.398700	7	block_outgroup_fair
sub-134	older	01	62.662600	3.512920	outgroup	0	2.038500	1.038500	8	block_outgroup_fair
sub-134	older	01	66.943600	3.512910	outgroup	0	1.211540	0.211540	6	block_outgroup_fair
sub-134	older	01	71.224600	3.528400	outgroup	0	1.032540	0.032540	10	block_outgroup_fair
sub-134	older	01	75.521000	3.512930	outgroup	0	1.523430	0.523430	4	block_outgroup_fair
sub-134	older	01	87.053400	3.511020	computer	0	1.901010	0.901010	8	block_computer_fair
sub-134	older	01	91.332500	3.512870	computer	0	1.024400	0.024400	10	block_computer_fair
sub-134	older	01	95.612900	3.513430	computer	0	1.097880	0.097880	4	block_computer_fair
sub-134	older	01	99.893800	3.513420	computer	0	1.020180	0.020180	6	block_computer_fair
sub-134	older	01	104.175000	3.513390	computer	0	1.177040	0.177040	7	block_computer_fair
sub-134	older	01	108.456000	3.529030	computer	0	1.032230	0.032230	7	block_computer_fair
sub-134	older	01	112.752000	3.513370	computer	0	1.856440	0.856440	9	block_computer_fair
sub-134	older	01	117.033000	3.513320	computer	0	1.028000	0.028000	9	block_computer_fair
sub-134	older	01	128.565000	3.527030	ingroup	1			2	block_ingroup_unfair
sub-134	older	01	132.862000	3.527530	ingroup	0	1.279830	0.279830	3	block_ingroup_unfair
sub-134	older	01	137.157000	3.513040	ingroup	0	1.020770	0.020770	8	block_ingroup_unfair
sub-134	older	01	141.438000	3.513070	ingroup	0	2.061130	1.061130	4	block_ingroup_unfair
sub-134	older	01	145.719000	3.513050	ingroup	0	1.082910	0.082910	2	block_ingroup_unfair
sub-134	older	01	150.000000	3.513150	ingroup	0	1.022000	0.022000	6	block_ingroup_unfair
sub-134	older	01	154.281000	3.528710	ingroup	0	1.094930	0.094930	3	block_ingroup_unfair
sub-134	older	01	158.577000	3.513060	ingroup	0	1.118280	0.118280	1	block_ingroup_unfair
sub-134	older	01	174.108000	3.512860	computer	0	1.351110	0.351110	3	block_computer_unfair
sub-134	older	01	178.388000	3.513300	computer	0	1.023840	0.023840	5	block_computer_unfair
sub-134	older	01	182.669000	3.513290	computer	0	1.030220	0.030220	4	block_computer_unfair
sub-134	older	01	186.950000	3.513360	computer	0	1.018720	0.018720	10	block_computer_unfair
sub-134	older	01	191.231000	3.528930	computer	0	1.642040	0.642040	3	block_computer_unfair
sub-134	older	01	195.528000	3.528990	computer	0	1.031590	0.031590	3	block_computer_unfair
sub-134	older	01	199.824000	3.513390	computer	0	1.021910	0.021910	4	block_computer_unfair
sub-134	older	01	204.105000	3.513420	computer	0	1.027910	0.027910	3	block_computer_unfair
sub-134	older	01	217.636000	3.512280	ingroup	0	2.292200	1.292200	2	block_ingroup_fair
sub-134	older	01	221.917000	3.527860	ingroup	0	1.030030	0.030030	10	block_ingroup_fair
sub-134	older	01	226.213000	3.513150	ingroup	0	1.021250	0.021250	9	block_ingroup_fair
sub-134	older	01	230.494000	3.513100	ingroup	0	1.211100	0.211100	5	block_ingroup_fair
sub-134	older	01	234.775000	3.528750	ingroup	0	1.033310	0.033310	10	block_ingroup_fair
sub-134	older	01	239.072000	3.513080	ingroup	0	1.023350	0.023350	10	block_ingroup_fair
sub-134	older	01	243.352000	3.513140	ingroup	0	1.029280	0.029280	7	block_ingroup_fair
sub-134	older	01	247.633000	3.513110	ingroup	0	1.018580	0.018580	9	block_ingroup_fair
sub-134	older	01	261.164000	3.527930	computer	1			9	block_computer_fair
sub-134	older	01	265.460000	3.512870	computer	0	1.022720	0.022720	7	block_computer_fair
sub-134	older	01	269.741000	3.513410	computer	0	1.029210	0.029210	5	block_computer_fair
sub-134	older	01	274.022000	3.513400	computer	0	1.018530	0.018530	7	block_computer_fair
sub-134	older	01	278.303000	3.513370	computer	0	1.024380	0.024380	3	block_computer_fair
sub-134	older	01	282.584000	3.513390	computer	0	1.030200	0.030200	9	block_computer_fair
sub-134	older	01	286.865000	3.513500	computer	0	1.403470	0.403470	8	block_computer_fair
sub-134	older	01	291.146000	3.513250	computer	0	1.025310	0.025310	7	block_computer_fair
sub-134	older	01	306.676000	3.513410	computer	0	1.792310	0.792310	6	block_computer_unfair
sub-134	older	01	310.957000	3.513410	computer	0	1.214340	0.214340	2	block_computer_unfair
sub-134	older	01	315.238000	3.513460	computer	0	1.020150	0.020150	3	block_computer_unfair
sub-134	older	01	319.519000	3.513310	computer	0	1.025700	0.025700	4	block_computer_unfair
sub-134	older	01	323.799000	3.529080	computer	0	1.031690	0.031690	4	block_computer_unfair
sub-134	older	01	328.096000	3.513380	computer	0	1.022060	0.022060	3	block_computer_unfair
sub-134	older	01	332.377000	3.513400	computer	0	1.044910	0.044910	7	block_computer_unfair
sub-134	older	01	336.658000	3.529030	computer	0	1.017360	0.017360	4	block_computer_unfair
sub-134	older	01	352.205000	3.511650	ingroup	0	2.117060	1.117060	2	block_ingroup_unfair
sub-134	older	01	356.486000	3.511840	ingroup	0	1.022100	0.022100	3	block_ingroup_unfair
sub-134	older	01	360.766000	3.513040	ingroup	0	1.029010	0.029010	7	block_ingroup_unfair
sub-134	older	01	365.047000	3.528810	ingroup	0	1.252150	0.252150	1	block_ingroup_unfair
sub-134	older	01	369.343000	3.513060	ingroup	0	1.025060	0.025060	2	block_ingroup_unfair
sub-134	older	01	373.624000	3.528640	ingroup	0	1.031240	0.031240	2	block_ingroup_unfair
sub-134	older	01	377.921000	3.513140	ingroup	0	1.021590	0.021590	6	block_ingroup_unfair
sub-134	older	01	382.202000	3.513160	ingroup	0	1.811620	0.811620	3	block_ingroup_unfair
sub-134	older	02	4.007760	3.513100	ingroup	0	1.134540	0.134540	2	block_ingroup_unfair
sub-134	older	02	8.288680	3.513030	ingroup	0	1.023950	0.023950	8	block_ingroup_unfair
sub-134	older	02	12.569500	3.513180	ingroup	0	1.146940	0.146940	2	block_ingroup_unfair
sub-134	older	02	16.850500	3.513100	ingroup	0	1.018970	0.018970	4	block_ingroup_unfair
sub-134	older	02	21.131600	3.513040	ingroup	0	1.074910	0.074910	5	block_ingroup_unfair
sub-134	older	02	25.412400	3.528750	ingroup	0	1.030680	0.030680	4	block_ingroup_unfair
sub-134	older	02	29.708900	3.513140	ingroup	0	1.021200	0.021200	2	block_ingroup_unfair
sub-134	older	02	33.989900	3.513100	ingroup	0	1.027400	0.027400	4	block_ingroup_unfair
sub-134	older	02	47.520600	3.527950	computer	1			1	block_computer_unfair
sub-134	older	02	51.816600	3.513230	computer	0	1.148720	0.148720	1	block_computer_unfair
sub-134	older	02	56.097300	3.529080	computer	0	1.204850	0.204850	1	block_computer_unfair
sub-134	older	02	60.394100	3.513160	computer	0	1.027780	0.027780	1	block_computer_unfair
sub-134	older	02	64.674800	3.529080	computer	0	1.017190	0.017190	4	block_computer_unfair
sub-134	older	02	68.971500	3.513370	computer	0	1.025620	0.025620	4	block_computer_unfair
sub-134	older	02	73.252400	3.513360	computer	0	1.030020	0.030020	6	block_computer_unfair
sub-134	older	02	77.533300	3.513480	computer	0	1.019380	0.019380	10	block_computer_unfair
sub-134	older	02	89.065900	3.511260	outgroup	0	1.163350	0.163350	6	block_outgroup_unfair
sub-134	older	02	93.346800	3.511250	outgroup	0	1.018940	0.018940	4	block_outgroup_unfair
sub-134	older	02	97.626000	3.512940	outgroup	0	1.026460	0.026460	4	block_outgroup_unfair
sub-134	older	02	101.907000	3.528500	outgroup	0	1.032270	0.032270	8	block_outgroup_unfair
sub-134	older	02	106.204000	3.512930	outgroup	0	1.022730	0.022730	4	block_outgroup_unfair
sub-134	older	02	110.485000	3.528440	outgroup	0	1.078880	0.078880	3	block_outgroup_unfair
sub-134	older	02	114.781000	3.512920	outgroup	0	1.018980	0.018980	4	block_outgroup_unfair
sub-134	older	02	119.062000	3.528560	outgroup	0	1.141820	0.141820	2	block_outgroup_unfair
sub-134	older	02	134.609000	3.523890	ingroup	0	1.158100	0.158100	7	block_ingroup_fair
sub-134	older	02	138.900000	3.513080	ingroup	0	1.019360	0.019360	10	block_ingroup_fair
sub-134	older	02	143.181000	3.512930	ingroup	0	1.025060	0.025060	9	block_ingroup_fair
sub-134	older	02	147.462000	3.543940	ingroup	1			8	block_ingroup_fair
sub-134	older	02	151.774000	3.528440	ingroup	1			2	block_ingroup_fair
sub-134	older	02	156.071000	3.513070	ingroup	0	1.029350	0.029350	5	block_ingroup_fair
sub-134	older	02	160.352000	3.513120	ingroup	0	1.019030	0.019030	7	block_ingroup_fair
sub-134	older	02	164.633000	3.512970	ingroup	0	1.024470	0.024470	8	block_ingroup_fair
sub-134	older	02	178.165000	3.511540	outgroup	0	1.020630	0.020630	5	block_outgroup_fair
sub-134	older	02	182.445000	3.512030	outgroup	0	1.027390	0.027390	10	block_outgroup_fair
sub-134	older	02	186.725000	3.528650	outgroup	0	1.017070	0.017070	9	block_outgroup_fair
sub-134	older	02	191.020000	3.525550	outgroup	1			10	block_outgroup_fair
sub-134	older	02	195.314000	3.519460	outgroup	0	1.969810	0.969810	8	block_outgroup_fair
sub-134	older	02	199.602000	3.512880	outgroup	0	1.018160	0.018160	10	block_outgroup_fair
sub-134	older	02	203.883000	3.512540	outgroup	0	1.023520	0.023520	7	block_outgroup_fair
sub-134	older	02	208.163000	3.512980	outgroup	0	1.029910	0.029910	1	block_outgroup_fair
sub-134	older	02	219.694000	3.512870	computer	0	1.192770	0.192770	9	block_computer_fair
sub-134	older	02	223.974000	3.528980	computer	0	1.031990	0.031990	4	block_computer_fair
sub-134	older	02	228.271000	3.513430	computer	0	1.022350	0.022350	8	block_computer_fair
sub-134	older	02	232.552000	3.513410	computer	0	1.028240	0.028240	10	block_computer_fair
sub-134	older	02	236.833000	3.529020	computer	0	1.017560	0.017560	10	block_computer_fair
sub-134	older	02	241.129000	3.513360	computer	0	1.024410	0.024410	10	block_computer_fair
sub-134	older	02	245.410000	3.513450	computer	0	1.030970	0.030970	10	block_computer_fair
sub-134	older	02	249.691000	3.513480	computer	0	1.036730	0.036730	5	block_computer_fair
sub-134	older	02	265.223000	3.527340	outgroup	0	1.017200	0.017200	8	block_outgroup_fair
sub-134	older	02	269.520000	3.511720	outgroup	0	1.024180	0.024180	7	block_outgroup_fair
sub-134	older	02	273.799000	3.512830	outgroup	0	1.882120	0.882120	6	block_outgroup_fair
sub-134	older	02	278.080000	3.512880	outgroup	0	1.020750	0.020750	8	block_outgroup_fair
sub-134	older	02	282.361000	3.512790	outgroup	0	1.026170	0.026170	8	block_outgroup_fair
sub-134	older	02	286.642000	3.528190	outgroup	1			7	block_outgroup_fair
sub-134	older	02	290.939000	3.528260	outgroup	1			9	block_outgroup_fair
sub-134	older	02	295.235000	3.512930	outgroup	0	2.014070	1.014070	1	block_outgroup_fair
sub-134	older	02	308.766000	3.512890	outgroup	0	1.027070	0.027070	3	block_outgroup_unfair
sub-134	older	02	313.046000	3.528580	outgroup	0	1.033110	0.033110	8	block_outgroup_unfair
sub-134	older	02	317.343000	3.512830	outgroup	0	1.023180	0.023180	1	block_outgroup_unfair
sub-134	older	02	321.624000	3.512980	outgroup	0	1.029190	0.029190	3	block_outgroup_unfair
sub-134	older	02	325.905000	3.512870	outgroup	0	1.018290	0.018290	5	block_outgroup_unfair
sub-134	older	02	330.186000	3.512940	outgroup	0	1.324950	0.324950	3	block_outgroup_unfair
sub-134	older	02	334.467000	3.512920	outgroup	0	1.030210	0.030210	1	block_outgroup_unfair
sub-134	older	02	338.748000	3.512840	outgroup	0	1.019530	0.019530	3	block_outgroup_unfair
sub-134	older	02	350.279000	3.527970	ingroup	0	1.031250	0.031250	7	block_ingroup_fair
sub-134	older	02	354.575000	3.513090	ingroup	0	1.022540	0.022540	9	block_ingroup_fair
sub-134	older	02	358.856000	3.528680	ingroup	0	1.111810	0.111810	8	block_ingroup_fair
sub-134	older	02	363.152000	3.513150	ingroup	0	1.018520	0.018520	7	block_ingroup_fair
sub-134	older	02	367.433000	3.513080	ingroup	0	1.024420	0.024420	1	block_ingroup_fair
sub-134	older	02	371.714000	3.513140	ingroup	0	1.030330	0.030330	5	block_ingroup_fair
sub-134	older	02	375.995000	3.513130	ingroup	0	1.019650	0.019650	8	block_ingroup_fair
sub-134	older	02	380.276000	3.513750	ingroup	0	2.393530	1.393530	10	block_ingroup_fair
sub-135	older	01	4.009340	3.542670	outgroup	1			5	block_outgroup_unfair
sub-135	older	01	8.320260	3.528600	outgroup	0	2.938430	1.938430	3	block_outgroup_unfair
sub-135	older	01	12.616600	3.513230	outgroup	0	1.461020	0.461020	2	block_outgroup_unfair
sub-135	older	01	16.897500	3.513230	outgroup	0	2.351160	1.351160	3	block_outgroup_unfair
sub-135	older	01	21.178400	3.528860	outgroup	0	1.906870	0.906870	7	block_outgroup_unfair
sub-135	older	01	25.475000	3.513220	outgroup	0	1.613470	0.613470	1	block_outgroup_unfair
sub-135	older	01	29.756400	3.512810	outgroup	0	1.685480	0.685480	1	block_outgroup_unfair
sub-135	older	01	34.037000	3.513110	outgroup	0	1.458320	0.458320	1	block_outgroup_unfair
sub-135	older	01	45.569000	3.526840	computer	1			8	block_computer_fair
sub-135	older	01	49.863800	3.513250	computer	0	1.544510	0.544510	1	block_computer_fair
sub-135	older	01	54.144600	3.513420	computer	0	1.617250	0.617250	7	block_computer_fair
sub-135	older	01	58.425600	3.513330	computer	0	1.589880	0.589880	9	block_computer_fair
sub-135	older	01	62.706500	3.513470	computer	0	1.612610	0.612610	9	block_computer_fair
sub-135	older	01	66.987400	3.529030	computer	0	1.017600	0.017600	10	block_computer_fair
sub-135	older	01	71.284000	3.513420	computer	0	1.341800	0.341800	5	block_computer_fair
sub-135	older	01	75.564900	3.513430	computer	0	1.247610	0.247610	8	block_computer_fair
sub-135	older	01	91.096000	3.512510	outgroup	0	1.662980	0.662980	1	block_outgroup_fair
sub-135	older	01	95.377300	3.512120	outgroup	0	1.101560	0.101560	10	block_outgroup_fair
sub-135	older	01	99.657200	3.528840	outgroup	0	1.125320	0.125320	10	block_outgroup_fair
sub-135	older	01	103.954000	3.528850	outgroup	0	2.499970	1.499970	8	block_outgroup_fair
sub-135	older	01	108.250000	3.528890	outgroup	0	1.189240	0.189240	10	block_outgroup_fair
sub-135	older	01	112.547000	3.513160	outgroup	0	1.179360	0.179360	7	block_outgroup_fair
sub-135	older	01	116.828000	3.513170	outgroup	0	1.085280	0.085280	8	block_outgroup_fair
sub-135	older	01	121.109000	3.528810	outgroup	0	1.174580	0.174580	5	block_outgroup_fair
sub-135	older	01	136.656000	3.512050	ingroup	0	1.273840	0.273840	5	block_ingroup_fair
sub-135	older	01	140.935000	3.513210	ingroup	0	1.447610	0.447610	9	block_ingroup_fair
sub-135	older	01	145.216000	3.513180	ingroup	0	1.436830	0.436830	1	block_ingroup_fair
sub-135	older	01	149.497000	3.513250	ingroup	0	1.025810	0.025810	10	block_ingroup_fair
sub-135	older	01	153.778000	3.528810	ingroup	0	1.031470	0.031470	10	block_ingroup_fair
sub-135	older	01	158.075000	3.513360	ingroup	0	1.072390	0.072390	9	block_ingroup_fair
sub-135	older	01	162.356000	3.513320	ingroup	0	1.027830	0.027830	7	block_ingroup_fair
sub-135	older	01	166.637000	3.528920	ingroup	0	1.017090	0.017090	7	block_ingroup_fair
sub-135	older	01	180.182000	3.528610	ingroup	1			2	block_ingroup_unfair
sub-135	older	01	184.479000	3.513250	ingroup	0	1.706820	0.706820	7	block_ingroup_unfair
sub-135	older	01	188.760000	3.513310	ingroup	0	1.429270	0.429270	2	block_ingroup_unfair
sub-135	older	01	193.041000	3.528520	ingroup	1			4	block_ingroup_unfair
sub-135	older	01	197.338000	3.513230	ingroup	0	1.975780	0.975780	3	block_ingroup_unfair
sub-135	older	01	201.618000	3.544170	ingroup	1			4	block_ingroup_unfair
sub-135	older	01	205.931000	3.513220	ingroup	0	1.322290	0.322290	6	block_ingroup_unfair
sub-135	older	01	210.212000	3.513280	ingroup	0	1.027730	0.027730	4	block_ingroup_unfair
sub-135	older	01	223.742000	3.528250	computer	0	1.358760	0.358760	3	block_computer_unfair
sub-135	older	01	228.038000	3.528640	computer	1			3	block_computer_unfair
sub-135	older	01	232.335000	3.513370	computer	0	1.790010	0.790010	6	block_computer_unfair
sub-135	older	01	236.616000	3.513320	computer	0	1.629310	0.629310	3	block_computer_unfair
sub-135	older	01	240.897000	3.528480	computer	1			2	block_computer_unfair
sub-135	older	01	245.193000	3.528610	computer	1			4	block_computer_unfair
sub-135	older	01	249.490000	3.528960	computer	0	1.799440	0.799440	3	block_computer_unfair
sub-135	older	01	253.786000	3.513300	computer	0	1.022320	0.022320	7	block_computer_unfair
sub-135	older	01	265.317000	3.513390	computer	0	1.018100	0.018100	5	block_computer_fair
sub-135	older	01	269.598000	3.513340	computer	0	1.023700	0.023700	3	block_computer_fair
sub-135	older	01	273.879000	3.513470	computer	0	1.029740	0.029740	9	block_computer_fair
sub-135	older	01	278.160000	3.513430	computer	0	1.019110	0.019110	7	block_computer_fair
sub-135	older	01	282.441000	3.513390	computer	0	1.275290	0.275290	10	block_computer_fair
sub-135	older	01	286.722000	3.513370	computer	0	1.398000	0.398000	10	block_computer_fair
sub-135	older	01	291.003000	3.513290	computer	0	1.019940	0.019940	7	block_computer_fair
sub-135	older	01	295.283000	3.513390	computer	0	1.025950	0.025950	9	block_computer_fair
sub-135	older	01	310.815000	3.527400	ingroup	0	1.891590	0.891590	1	block_ingroup_unfair
sub-135	older	01	315.111000	3.512190	ingroup	0	1.214830	0.214830	1	block_ingroup_unfair
sub-135	older	01	319.391000	3.513180	ingroup	0	1.021410	0.021410	3	block_ingroup_unfair
sub-135	older	01	323.672000	3.513290	ingroup	0	1.027530	0.027530	5	block_ingroup_unfair
sub-135	older	01	327.953000	3.528920	ingroup	0	1.033180	0.033180	9	block_ingroup_unfair
sub-135	older	01	332.250000	3.513280	ingroup	0	1.023470	0.023470	4	block_ingroup_unfair
sub-135	older	01	336.531000	3.513170	ingroup	0	1.029280	0.029280	3	block_ingroup_unfair
sub-135	older	01	340.811000	3.513240	ingroup	0	1.018840	0.018840	3	block_ingroup_unfair
sub-135	older	01	352.343000	3.512600	computer	0	1.197360	0.197360	2	block_computer_unfair
sub-135	older	01	356.623000	3.513410	computer	0	1.020440	0.020440	4	block_computer_unfair
sub-135	older	01	360.904000	3.513310	computer	0	1.026260	0.026260	1	block_computer_unfair
sub-135	older	01	365.185000	3.528930	computer	0	1.032220	0.032220	6	block_computer_unfair
sub-135	older	01	369.481000	3.513450	computer	0	1.022590	0.022590	3	block_computer_unfair
sub-135	older	01	373.762000	3.513320	computer	0	1.028240	0.028240	3	block_computer_unfair
sub-135	older	01	378.045000	3.527350	computer	0	1.032940	0.032940	8	block_computer_unfair
sub-135	older	01	382.340000	3.513350	computer	0	1.024810	0.024810	3	block_computer_unfair
sub-135	older	02	4.016440	3.512600	ingroup	0	1.316990	0.316990	2	block_ingroup_unfair
sub-135	older	02	8.297850	3.512010	ingroup	0	1.021880	0.021880	4	block_ingroup_unfair
sub-135	older	02	12.577600	3.513270	ingroup	0	1.028920	0.028920	4	block_ingroup_unfair
sub-135	older	02	16.858400	3.513340	ingroup	0	1.018630	0.018630	4	block_ingroup_unfair
sub-135	older	02	21.139400	3.513260	ingroup	0	1.024110	0.024110	2	block_ingroup_unfair
sub-135	older	02	25.420400	3.513180	ingroup	0	1.030020	0.030020	7	block_ingroup_unfair
sub-135	older	02	29.701300	3.513240	ingroup	0	1.019230	0.019230	1	block_ingroup_unfair
sub-135	older	02	33.982300	3.513220	ingroup	0	1.025120	0.025120	5	block_ingroup_unfair
sub-135	older	02	47.512500	3.513300	ingroup	0	1.073000	0.073000	5	block_ingroup_fair
sub-135	older	02	51.793500	3.513440	ingroup	0	1.028430	0.028430	1	block_ingroup_fair
sub-135	older	02	56.075000	3.502670	ingroup	0	1.268220	0.268220	9	block_ingroup_fair
sub-135	older	02	60.345400	3.513210	ingroup	0	2.084830	1.084830	7	block_ingroup_fair
sub-135	older	02	64.626300	3.513240	ingroup	0	1.022800	0.022800	8	block_ingroup_fair
sub-135	older	02	68.907300	3.528820	ingroup	0	1.579550	0.579550	10	block_ingroup_fair
sub-135	older	02	73.203700	3.513350	ingroup	0	1.019210	0.019210	10	block_ingroup_fair
sub-135	older	02	77.484800	3.513240	ingroup	0	1.024950	0.024950	10	block_ingroup_fair
sub-135	older	02	93.016400	3.511690	outgroup	0	1.506840	0.506840	7	block_outgroup_fair
sub-135	older	02	97.295900	3.513140	outgroup	0	1.030300	0.030300	7	block_outgroup_fair
sub-135	older	02	101.577000	3.513310	outgroup	0	1.019510	0.019510	4	block_outgroup_fair
sub-135	older	02	105.858000	3.513140	outgroup	0	1.025300	0.025300	10	block_outgroup_fair
sub-135	older	02	110.139000	3.528930	outgroup	0	1.031310	0.031310	10	block_outgroup_fair
sub-135	older	02	114.435000	3.513280	outgroup	0	1.021720	0.021720	10	block_outgroup_fair
sub-135	older	02	118.716000	3.513250	outgroup	0	1.027480	0.027480	6	block_outgroup_fair
sub-135	older	02	122.997000	3.528830	outgroup	0	1.016810	0.016810	10	block_outgroup_fair
sub-135	older	02	134.544000	3.512540	computer	0	1.029720	0.029720	10	block_computer_fair
sub-135	older	02	138.824000	3.528980	computer	0	1.219700	0.219700	6	block_computer_fair
sub-135	older	02	143.121000	3.513320	computer	0	1.026700	0.026700	9	block_computer_fair
sub-135	older	02	147.401000	3.528990	computer	0	1.032550	0.032550	10	block_computer_fair
sub-135	older	02	151.698000	3.528780	computer	1			7	block_computer_fair
sub-135	older	02	155.995000	3.513410	computer	0	1.497040	0.497040	9	block_computer_fair
sub-135	older	02	160.275000	3.528730	computer	1			9	block_computer_fair
sub-135	older	02	164.572000	3.513280	computer	0	1.025840	0.025840	4	block_computer_fair
sub-135	older	02	176.103000	3.512420	outgroup	0	1.154570	0.154570	4	block_outgroup_unfair
sub-135	older	02	180.385000	3.512100	outgroup	0	1.026260	0.026260	4	block_outgroup_unfair
sub-135	older	02	184.664000	3.513300	outgroup	0	1.634140	0.634140	2	block_outgroup_unfair
sub-135	older	02	188.945000	3.513200	outgroup	0	1.022540	0.022540	4	block_outgroup_unfair
sub-135	older	02	193.227000	3.528420	outgroup	0	1.078470	0.078470	2	block_outgroup_unfair
sub-135	older	02	197.523000	3.513170	outgroup	0	1.018940	0.018940	8	block_outgroup_unfair
sub-135	older	02	201.804000	3.513180	outgroup	0	1.024760	0.024760	1	block_outgroup_unfair
sub-135	older	02	206.085000	3.513270	outgroup	0	1.030770	0.030770	5	block_outgroup_unfair
sub-135	older	02	221.616000	3.511960	ingroup	0	1.145830	0.145830	9	block_ingroup_fair
sub-135	older	02	225.897000	3.527380	ingroup	0	1.017820	0.017820	3	block_ingroup_fair
sub-135	older	02	230.192000	3.513210	ingroup	0	1.076390	0.076390	7	block_ingroup_fair
sub-135	older	02	234.473000	3.513330	ingroup	0	2.483500	1.483500	8	block_ingroup_fair
sub-135	older	02	238.754000	3.513240	ingroup	0	1.021390	0.021390	7	block_ingroup_fair
sub-135	older	02	243.035000	3.513330	ingroup	0	1.027210	0.027210	8	block_ingroup_fair
sub-135	older	02	247.316000	3.528840	ingroup	0	1.033060	0.033060	5	block_ingroup_fair
sub-135	older	02	251.613000	3.513260	ingroup	0	1.056960	0.056960	8	block_ingroup_fair
sub-135	older	02	263.144000	3.512270	outgroup	0	1.068650	0.068650	10	block_outgroup_fair
sub-135	older	02	267.424000	3.513060	outgroup	0	1.024960	0.024960	8	block_outgroup_fair
sub-135	older	02	271.705000	3.528770	outgroup	0	1.314360	0.314360	9	block_outgroup_fair
sub-135	older	02	276.002000	3.513230	outgroup	0	1.021260	0.021260	8	block_outgroup_fair
sub-135	older	02	280.283000	3.513160	outgroup	0	1.027160	0.027160	8	block_outgroup_fair
sub-135	older	02	284.564000	3.528790	outgroup	0	1.033130	0.033130	7	block_outgroup_fair
sub-135	older	02	288.860000	3.512990	outgroup	0	1.023600	0.023600	5	block_outgroup_fair
sub-135	older	02	293.141000	3.513260	outgroup	0	1.596900	0.596900	1	block_outgroup_fair
sub-135	older	02	306.671000	3.513250	outgroup	0	1.177470	0.177470	9	block_outgroup_unfair
sub-135	older	02	310.953000	3.528290	outgroup	0	1.032120	0.032120	5	block_outgroup_unfair
sub-135	older	02	315.249000	3.513310	outgroup	0	1.023130	0.023130	1	block_outgroup_unfair
sub-135	older	02	319.530000	3.513120	outgroup	0	1.028810	0.028810	3	block_outgroup_unfair
sub-135	older	02	323.811000	3.513280	outgroup	0	1.018690	0.018690	1	block_outgroup_unfair
sub-135	older	02	328.092000	3.528670	outgroup	0	2.642240	1.642240	1	block_outgroup_unfair
sub-135	older	02	332.388000	3.528850	outgroup	0	1.030910	0.030910	2	block_outgroup_unfair
sub-135	older	02	336.685000	3.528500	outgroup	1			1	block_outgroup_unfair
sub-135	older	02	350.231000	3.512970	computer	0	1.803940	0.803940	1	block_computer_unfair
sub-135	older	02	354.511000	3.513290	computer	0	1.025770	0.025770	3	block_computer_unfair
sub-135	older	02	358.792000	3.529070	computer	0	1.032070	0.032070	5	block_computer_unfair
sub-135	older	02	363.089000	3.513340	computer	0	1.022320	0.022320	2	block_computer_unfair
sub-135	older	02	367.370000	3.528720	computer	1			7	block_computer_unfair
sub-135	older	02	371.666000	3.513380	computer	0	1.152100	0.152100	1	block_computer_unfair
sub-135	older	02	375.947000	3.513310	computer	0	1.024400	0.024400	4	block_computer_unfair
sub-135	older	02	380.228000	3.513380	computer	0	1.030260	0.030260	2	block_computer_unfair
sub-136	older	01	4.009890	3.515990	outgroup	0	2.724140	1.724140	10	block_outgroup_fair
sub-136	older	01	8.294490	3.504410	outgroup	0	2.492500	1.492500	9	block_outgroup_fair
sub-136	older	01	12.554600	3.506950	outgroup	0	1.918750	0.918750	4	block_outgroup_fair
sub-136	older	01	16.810600	3.517050	outgroup	0	1.599480	0.599480	8	block_outgroup_fair
sub-136	older	01	21.091300	3.508440	outgroup	0	1.188520	0.188520	10	block_outgroup_fair
sub-136	older	01	25.370600	3.526790	outgroup	0	1.129400	0.129400	8	block_outgroup_fair
sub-136	older	01	29.653900	3.504850	outgroup	0	1.850110	0.850110	5	block_outgroup_fair
sub-136	older	01	33.929700	3.517270	outgroup	0	1.177280	0.177280	9	block_outgroup_fair
sub-136	older	01	49.455300	3.510600	computer	0	2.482190	1.482190	9	block_computer_unfair
sub-136	older	01	53.727300	3.518180	computer	0	1.996560	0.996560	1	block_computer_unfair
sub-136	older	01	58.015900	3.517330	computer	0	2.278570	1.278570	2	block_computer_unfair
sub-136	older	01	62.303100	3.502760	computer	0	1.327400	0.327400	4	block_computer_unfair
sub-136	older	01	66.559900	3.517010	computer	0	1.023450	0.023450	4	block_computer_unfair
sub-136	older	01	70.833100	3.504260	computer	0	2.138290	1.138290	2	block_computer_unfair
sub-136	older	01	75.100100	3.519040	computer	0	1.991360	0.991360	3	block_computer_unfair
sub-136	older	01	79.388100	3.524390	computer	0	1.022800	0.022800	6	block_computer_unfair
sub-136	older	01	92.915000	3.525900	computer	0	1.640700	0.640700	10	block_computer_fair
sub-136	older	01	97.198500	3.518630	computer	0	1.194070	0.194070	9	block_computer_fair
sub-136	older	01	101.474000	3.515550	computer	0	1.038840	0.038840	5	block_computer_fair
sub-136	older	01	105.745000	3.505740	computer	0	1.321160	0.321160	1	block_computer_fair
sub-136	older	01	110.002000	3.513320	computer	0	1.284320	0.284320	8	block_computer_fair
sub-136	older	01	114.285000	3.517900	computer	0	1.021280	0.021280	8	block_computer_fair
sub-136	older	01	118.571000	3.503180	computer	0	1.406590	0.406590	9	block_computer_fair
sub-136	older	01	122.842000	3.524230	computer	0	1.020770	0.020770	9	block_computer_fair
sub-136	older	01	134.378000	3.515790	ingroup	0	1.578310	0.578310	1	block_ingroup_unfair
sub-136	older	01	138.664000	3.503290	ingroup	0	1.029060	0.029060	6	block_ingroup_unfair
sub-136	older	01	142.937000	3.515890	ingroup	0	1.026560	0.026560	1	block_ingroup_unfair
sub-136	older	01	147.223000	3.518950	ingroup	0	1.977890	0.977890	3	block_ingroup_unfair
sub-136	older	01	151.510000	3.518110	ingroup	0	1.026630	0.026630	1	block_ingroup_unfair
sub-136	older	01	155.799000	3.516160	ingroup	0	1.024710	0.024710	3	block_ingroup_unfair
sub-136	older	01	160.073000	3.515020	ingroup	0	1.321240	0.321240	3	block_ingroup_unfair
sub-136	older	01	164.356000	3.517390	ingroup	0	1.024030	0.024030	8	block_ingroup_unfair
sub-136	older	01	179.893000	3.502670	ingroup	0	1.534160	0.534160	7	block_ingroup_fair
sub-136	older	01	184.166000	3.504400	ingroup	0	1.031030	0.031030	7	block_ingroup_fair
sub-136	older	01	188.439000	3.516460	ingroup	0	1.078020	0.078020	4	block_ingroup_fair
sub-136	older	01	192.725000	3.505150	ingroup	0	1.028360	0.028360	9	block_ingroup_fair
sub-136	older	01	196.981000	3.517860	ingroup	0	1.026170	0.026170	8	block_ingroup_fair
sub-136	older	01	201.269000	3.517260	ingroup	0	1.058950	0.058950	8	block_ingroup_fair
sub-136	older	01	205.554000	3.509150	ingroup	0	1.027190	0.027190	6	block_ingroup_fair
sub-136	older	01	209.821000	3.501850	ingroup	0	1.147240	0.147240	10	block_ingroup_fair
sub-136	older	01	223.325000	3.515280	outgroup	0	1.404040	0.404040	6	block_outgroup_unfair
sub-136	older	01	227.611000	3.515700	outgroup	0	1.288270	0.288270	3	block_outgroup_unfair
sub-136	older	01	231.881000	3.515590	outgroup	0	1.021430	0.021430	7	block_outgroup_unfair
sub-136	older	01	236.167000	3.516640	outgroup	0	1.039270	0.039270	1	block_outgroup_unfair
sub-136	older	01	240.440000	3.514850	outgroup	0	1.020020	0.020020	4	block_outgroup_unfair
sub-136	older	01	244.724000	3.519140	outgroup	0	1.573640	0.573640	2	block_outgroup_unfair
sub-136	older	01	249.011000	3.519370	outgroup	0	1.022510	0.022510	2	block_outgroup_unfair
sub-136	older	01	253.300000	3.517560	outgroup	0	1.487770	0.487770	3	block_outgroup_unfair
sub-136	older	01	266.835000	3.503300	computer	0	1.046370	0.046370	7	block_computer_fair
sub-136	older	01	271.104000	3.518880	computer	0	1.030490	0.030490	9	block_computer_fair
sub-136	older	01	275.392000	3.518010	computer	0	1.029740	0.029740	8	block_computer_fair
sub-136	older	01	279.678000	3.507620	computer	0	1.030750	0.030750	6	block_computer_fair
sub-136	older	01	283.954000	3.510650	computer	0	1.508850	0.508850	2	block_computer_fair
sub-136	older	01	288.227000	3.518550	computer	0	1.022230	0.022230	9	block_computer_fair
sub-136	older	01	292.514000	3.518850	computer	0	1.405520	0.405520	8	block_computer_fair
sub-136	older	01	296.802000	3.519410	computer	0	1.021490	0.021490	10	block_computer_fair
sub-136	older	01	308.339000	3.514690	ingroup	0	1.994570	0.994570	3	block_ingroup_unfair
sub-136	older	01	312.623000	3.516180	ingroup	0	1.029140	0.029140	2	block_ingroup_unfair
sub-136	older	01	316.908000	3.502530	ingroup	0	1.031580	0.031580	3	block_ingroup_unfair
sub-136	older	01	321.166000	3.514930	ingroup	0	1.110870	0.110870	6	block_ingroup_unfair
sub-136	older	01	325.450000	3.519030	ingroup	0	1.029700	0.029700	4	block_ingroup_unfair
sub-136	older	01	329.739000	3.504030	ingroup	0	1.795090	0.795090	3	block_ingroup_unfair
sub-136	older	01	334.011000	3.507070	ingroup	0	1.559610	0.559610	9	block_ingroup_unfair
sub-136	older	01	338.284000	3.517280	ingroup	0	1.089750	0.089750	4	block_ingroup_unfair
sub-136	older	01	349.817000	3.518690	computer	0	1.616690	0.616690	3	block_computer_unfair
sub-136	older	01	354.098000	3.509490	computer	0	1.021600	0.021600	1	block_computer_unfair
sub-136	older	01	358.377000	3.506360	computer	0	1.029940	0.029940	2	block_computer_unfair
sub-136	older	01	362.649000	3.517930	computer	0	1.027470	0.027470	1	block_computer_unfair
sub-136	older	01	366.935000	3.520170	computer	0	1.028130	0.028130	4	block_computer_unfair
sub-136	older	01	371.224000	3.518270	computer	0	1.026680	0.026680	4	block_computer_unfair
sub-136	older	01	375.510000	3.508190	computer	0	1.026680	0.026680	6	block_computer_unfair
sub-136	older	01	379.782000	3.519680	computer	0	1.024880	0.024880	7	block_computer_unfair
sub-136	older	02	4.005430	3.529450	computer	0	1.487780	0.487780	1	block_computer_fair
sub-136	older	02	8.293350	3.518210	computer	0	1.019220	0.019220	6	block_computer_fair
sub-136	older	02	12.579600	3.517320	computer	0	1.019690	0.019690	9	block_computer_fair
sub-136	older	02	16.866900	3.517760	computer	0	1.019150	0.019150	10	block_computer_fair
sub-136	older	02	21.136700	3.520480	computer	0	1.019810	0.019810	7	block_computer_fair
sub-136	older	02	25.426000	3.520070	computer	0	1.268040	0.268040	7	block_computer_fair
sub-136	older	02	29.713800	3.508770	computer	0	1.150040	0.150040	9	block_computer_fair
sub-136	older	02	33.987500	3.518010	computer	0	1.029270	0.029270	8	block_computer_fair
sub-136	older	02	47.523900	3.502890	outgroup	0	1.171240	0.171240	4	block_outgroup_unfair
sub-136	older	02	51.798000	3.517690	outgroup	0	1.117180	0.117180	2	block_outgroup_unfair
sub-136	older	02	56.083400	3.517460	outgroup	0	2.019400	1.019400	2	block_outgroup_unfair
sub-136	older	02	60.370600	3.518100	outgroup	0	1.335370	0.335370	1	block_outgroup_unfair
sub-136	older	02	64.657400	3.519040	outgroup	0	1.085050	0.085050	8	block_outgroup_unfair
sub-136	older	02	68.946000	3.502130	outgroup	0	1.250250	0.250250	5	block_outgroup_unfair
sub-136	older	02	73.217100	3.515350	outgroup	0	2.483080	1.483080	1	block_outgroup_unfair
sub-136	older	02	77.501000	3.517270	outgroup	0	1.068500	0.068500	1	block_outgroup_unfair
sub-136	older	02	89.032000	3.517930	ingroup	0	1.431320	0.431320	1	block_ingroup_unfair
sub-136	older	02	93.309900	3.527790	ingroup	0	1.606440	0.606440	3	block_ingroup_unfair
sub-136	older	02	97.606900	3.508880	ingroup	0	1.963340	0.963340	2	block_ingroup_unfair
sub-136	older	02	101.878000	3.518890	ingroup	0	1.028330	0.028330	7	block_ingroup_unfair
sub-136	older	02	106.146000	3.520830	ingroup	0	1.197660	0.197660	3	block_ingroup_unfair
sub-136	older	02	110.421000	3.517750	ingroup	0	1.025780	0.025780	4	block_ingroup_unfair
sub-136	older	02	114.708000	3.516810	ingroup	0	1.025280	0.025280	1	block_ingroup_unfair
sub-136	older	02	118.995000	3.519430	ingroup	0	1.325600	0.325600	6	block_ingroup_unfair
sub-136	older	02	130.528000	3.518400	outgroup	0	1.068840	0.068840	10	block_outgroup_fair
sub-136	older	02	134.818000	3.516450	outgroup	0	1.182380	0.182380	6	block_outgroup_fair
sub-136	older	02	139.104000	3.516470	outgroup	0	1.032440	0.032440	7	block_outgroup_fair
sub-136	older	02	143.389000	3.519140	outgroup	0	1.017450	0.017450	7	block_outgroup_fair
sub-136	older	02	147.677000	3.519310	outgroup	0	1.033230	0.033230	3	block_outgroup_fair
sub-136	older	02	151.966000	3.503750	outgroup	0	1.031640	0.031640	7	block_outgroup_fair
sub-136	older	02	156.237000	3.512000	outgroup	0	1.397220	0.397220	9	block_outgroup_fair
sub-136	older	02	160.509000	3.517500	outgroup	0	1.029000	0.029000	10	block_outgroup_fair
sub-136	older	02	172.027000	3.515710	ingroup	0	1.237210	0.237210	9	block_ingroup_fair
sub-136	older	02	176.297000	3.517610	ingroup	0	1.154210	0.154210	9	block_ingroup_fair
sub-136	older	02	180.584000	3.518620	ingroup	0	1.020310	0.020310	7	block_ingroup_fair
sub-136	older	02	184.872000	3.516950	ingroup	0	1.018650	0.018650	6	block_ingroup_fair
sub-136	older	02	189.159000	3.517250	ingroup	0	1.018440	0.018440	1	block_ingroup_fair
sub-136	older	02	193.446000	3.526080	ingroup	0	1.018470	0.018470	7	block_ingroup_fair
sub-136	older	02	197.721000	3.502010	ingroup	0	1.080970	0.080970	8	block_ingroup_fair
sub-136	older	02	201.992000	3.503580	ingroup	0	1.080260	0.080260	7	block_ingroup_fair
sub-136	older	02	217.504000	3.503020	outgroup	0	1.514100	0.514100	5	block_outgroup_fair
sub-136	older	02	221.772000	3.521690	outgroup	0	1.032220	0.032220	7	block_outgroup_fair
sub-136	older	02	226.058000	3.509090	outgroup	0	1.016910	0.016910	10	block_outgroup_fair
sub-136	older	02	230.337000	3.516860	outgroup	0	1.024280	0.024280	8	block_outgroup_fair
sub-136	older	02	234.610000	3.516740	outgroup	0	1.021490	0.021490	7	block_outgroup_fair
sub-136	older	02	238.896000	3.517160	outgroup	0	1.022680	0.022680	7	block_outgroup_fair
sub-136	older	02	243.181000	3.517430	outgroup	0	1.024020	0.024020	8	block_outgroup_fair
sub-136	older	02	247.469000	3.519160	outgroup	0	1.024260	0.024260	1	block_outgroup_fair
sub-136	older	02	262.997000	3.500940	ingroup	0	1.125440	0.125440	5	block_ingroup_fair
sub-136	older	02	267.250000	3.508420	ingroup	0	1.025200	0.025200	7	block_ingroup_fair
sub-136	older	02	271.516000	3.509760	ingroup	0	1.029760	0.029760	10	block_ingroup_fair
sub-136	older	02	275.782000	3.515050	ingroup	0	1.017260	0.017260	7	block_ingroup_fair
sub-136	older	02	280.064000	3.520080	ingroup	0	1.022010	0.022010	3	block_ingroup_fair
sub-136	older	02	284.352000	3.520960	ingroup	0	1.020590	0.020590	9	block_ingroup_fair
sub-136	older	02	288.641000	3.517890	ingroup	0	1.018500	0.018500	9	block_ingroup_fair
sub-136	older	02	292.929000	3.516410	ingroup	0	1.335020	0.335020	8	block_ingroup_fair
sub-136	older	02	306.464000	3.518160	computer	0	1.477360	0.477360	4	block_computer_unfair
sub-136	older	02	310.753000	3.517990	computer	0	1.025010	0.025010	6	block_computer_unfair
sub-136	older	02	315.026000	3.516020	computer	0	1.021760	0.021760	7	block_computer_unfair
sub-136	older	02	319.312000	3.519030	computer	0	1.573870	0.573870	1	block_computer_unfair
sub-136	older	02	323.599000	3.518160	computer	0	2.390230	1.390230	1	block_computer_unfair
sub-136	older	02	327.886000	3.502830	computer	0	2.173890	1.173890	3	block_computer_unfair
sub-136	older	02	332.158000	3.518100	computer	0	1.021170	0.021170	3	block_computer_unfair
sub-136	older	02	336.430000	3.516240	computer	0	1.919920	0.919920	3	block_computer_unfair
sub-136	older	02	349.959000	3.516590	outgroup	0	1.417740	0.417740	5	block_outgroup_unfair
sub-136	older	02	354.246000	3.521250	outgroup	0	1.285300	0.285300	2	block_outgroup_unfair
sub-136	older	02	358.530000	3.519620	outgroup	0	1.020050	0.020050	3	block_outgroup_unfair
sub-136	older	02	362.817000	3.519420	outgroup	0	1.019900	0.019900	4	block_outgroup_unfair
sub-136	older	02	367.107000	3.517880	outgroup	0	1.034540	0.034540	3	block_outgroup_unfair
sub-136	older	02	371.396000	3.517550	outgroup	0	1.032230	0.032230	10	block_outgroup_unfair
sub-136	older	02	375.682000	3.519640	outgroup	0	1.299350	0.299350	3	block_outgroup_unfair
sub-136	older	02	379.971000	3.517160	outgroup	0	1.030470	0.030470	4	block_outgroup_unfair
sub-137	older	01	4.018340	3.528000	ingroup	0	2.890460	1.890460	1	block_ingroup_fair
sub-137	older	01	8.314170	3.512980	ingroup	0	1.963930	0.963930	9	block_ingroup_fair
sub-137	older	01	12.594800	3.513360	ingroup	0	2.671020	1.671020	7	block_ingroup_fair
sub-137	older	01	16.875900	3.528500	ingroup	1			7	block_ingroup_fair
sub-137	older	01	21.172400	3.513250	ingroup	0	1.899670	0.899670	6	block_ingroup_fair
sub-137	older	01	25.453300	3.528850	ingroup	0	1.171530	0.171530	9	block_ingroup_fair
sub-137	older	01	29.749800	3.513290	ingroup	0	1.979360	0.979360	7	block_ingroup_fair
sub-137	older	01	34.030800	3.528840	ingroup	0	1.017570	0.017570	8	block_ingroup_fair
sub-137	older	01	49.578700	3.511060	outgroup	0	1.933320	0.933320	7	block_outgroup_fair
sub-137	older	01	53.858500	3.512270	outgroup	0	1.089570	0.089570	6	block_outgroup_fair
sub-137	older	01	58.138400	3.513280	outgroup	0	1.029790	0.029790	8	block_outgroup_fair
sub-137	older	01	62.419500	3.513090	outgroup	0	1.519590	0.519590	10	block_outgroup_fair
sub-137	older	01	66.700500	3.513050	outgroup	0	1.175080	0.175080	1	block_outgroup_fair
sub-137	older	01	70.981200	3.513290	outgroup	0	1.614740	0.614740	7	block_outgroup_fair
sub-137	older	01	75.262200	3.513240	outgroup	0	1.537620	0.537620	7	block_outgroup_fair
sub-137	older	01	79.543200	3.513170	outgroup	0	1.509840	0.509840	7	block_outgroup_fair
sub-137	older	01	91.073500	3.513270	outgroup	0	1.305710	0.305710	1	block_outgroup_unfair
sub-137	older	01	95.354500	3.528940	outgroup	0	1.094480	0.094480	3	block_outgroup_unfair
sub-137	older	01	99.651200	3.513120	outgroup	0	1.168460	0.168460	5	block_outgroup_unfair
sub-137	older	01	103.932000	3.513100	outgroup	0	1.023930	0.023930	10	block_outgroup_unfair
sub-137	older	01	108.213000	3.513160	outgroup	0	1.029560	0.029560	4	block_outgroup_unfair
sub-137	older	01	112.494000	3.513200	outgroup	0	1.052390	0.052390	3	block_outgroup_unfair
sub-137	older	01	116.775000	3.513150	outgroup	0	1.458820	0.458820	2	block_outgroup_unfair
sub-137	older	01	121.056000	3.513240	outgroup	0	1.197890	0.197890	3	block_outgroup_unfair
sub-137	older	01	134.587000	3.512120	ingroup	0	1.894780	0.894780	4	block_ingroup_unfair
sub-137	older	01	138.867000	3.528830	ingroup	0	1.017510	0.017510	2	block_ingroup_unfair
sub-137	older	01	143.164000	3.513110	ingroup	0	2.325590	1.325590	6	block_ingroup_unfair
sub-137	older	01	147.444000	3.513150	ingroup	0	1.030350	0.030350	2	block_ingroup_unfair
sub-137	older	01	151.725000	3.513350	ingroup	0	1.019800	0.019800	4	block_ingroup_unfair
sub-137	older	01	156.006000	3.513190	ingroup	0	1.025470	0.025470	4	block_ingroup_unfair
sub-137	older	01	160.287000	3.513240	ingroup	0	1.198570	0.198570	8	block_ingroup_unfair
sub-137	older	01	164.568000	3.513190	ingroup	0	1.020600	0.020600	4	block_ingroup_unfair
sub-137	older	01	178.100000	3.527820	outgroup	0	1.217500	0.217500	8	block_outgroup_unfair
sub-137	older	01	182.395000	3.513090	outgroup	0	1.225470	0.225470	6	block_outgroup_unfair
sub-137	older	01	186.676000	3.513190	outgroup	0	1.198310	0.198310	1	block_outgroup_unfair
sub-137	older	01	190.957000	3.513160	outgroup	0	1.020320	0.020320	1	block_outgroup_unfair
sub-137	older	01	195.238000	3.513230	outgroup	0	1.043220	0.043220	1	block_outgroup_unfair
sub-137	older	01	199.519000	3.513170	outgroup	0	1.466120	0.466120	1	block_outgroup_unfair
sub-137	older	01	203.800000	3.513240	outgroup	0	1.121620	0.121620	2	block_outgroup_unfair
sub-137	older	01	208.081000	3.513160	outgroup	0	1.027170	0.027170	3	block_outgroup_unfair
sub-137	older	01	219.611000	3.513250	outgroup	0	1.240370	0.240370	7	block_outgroup_fair
sub-137	older	01	223.892000	3.513130	outgroup	0	1.112480	0.112480	7	block_outgroup_fair
sub-137	older	01	228.173000	3.528980	outgroup	0	1.485530	0.485530	7	block_outgroup_fair
sub-137	older	01	232.470000	3.513210	outgroup	0	1.025110	0.025110	2	block_outgroup_fair
sub-137	older	01	236.750000	3.528880	outgroup	0	1.031170	0.031170	8	block_outgroup_fair
sub-137	older	01	241.047000	3.513260	outgroup	0	1.322260	0.322260	6	block_outgroup_fair
sub-137	older	01	245.328000	3.513240	outgroup	0	1.027150	0.027150	7	block_outgroup_fair
sub-137	older	01	249.609000	3.528700	outgroup	0	1.033150	0.033150	7	block_outgroup_fair
sub-137	older	01	265.155000	3.512800	computer	0	2.701400	1.701400	1	block_computer_unfair
sub-137	older	01	269.435000	3.513400	computer	0	1.540120	0.540120	4	block_computer_unfair
sub-137	older	01	273.717000	3.512810	computer	0	1.378890	0.378890	4	block_computer_unfair
sub-137	older	01	277.997000	3.513280	computer	0	1.268330	0.268330	4	block_computer_unfair
sub-137	older	01	282.278000	3.513380	computer	0	1.024490	0.024490	3	block_computer_unfair
sub-137	older	01	286.559000	3.513400	computer	0	1.029920	0.029920	1	block_computer_unfair
sub-137	older	01	290.840000	3.513380	computer	0	1.353080	0.353080	5	block_computer_unfair
sub-137	older	01	295.121000	3.513400	computer	0	1.492290	0.492290	10	block_computer_unfair
sub-137	older	01	308.651000	3.513360	computer	0	1.573450	0.573450	8	block_computer_fair
sub-137	older	01	312.932000	3.513410	computer	0	1.512630	0.512630	7	block_computer_fair
sub-137	older	01	317.213000	3.513490	computer	0	1.134830	0.134830	3	block_computer_fair
sub-137	older	01	321.494000	3.528980	computer	0	1.424420	0.424420	10	block_computer_fair
sub-137	older	01	325.791000	3.513450	computer	0	1.598020	0.598020	7	block_computer_fair
sub-137	older	01	330.072000	3.513330	computer	0	1.587210	0.587210	8	block_computer_fair
sub-137	older	01	334.353000	3.513500	computer	0	2.010160	1.010160	6	block_computer_fair
sub-137	older	01	338.634000	3.529010	computer	0	1.532330	0.532330	9	block_computer_fair
sub-137	older	01	350.180000	3.512450	ingroup	0	1.528150	0.528150	10	block_ingroup_fair
sub-137	older	01	354.461000	3.528820	ingroup	0	2.985950	1.985950	6	block_ingroup_fair
sub-137	older	01	358.757000	3.528790	ingroup	0	1.391800	0.391800	7	block_ingroup_fair
sub-137	older	01	363.054000	3.513160	ingroup	0	1.448890	0.448890	8	block_ingroup_fair
sub-137	older	01	367.335000	3.513070	ingroup	0	1.020700	0.020700	3	block_ingroup_fair
sub-137	older	01	371.616000	3.513280	ingroup	0	1.026700	0.026700	10	block_ingroup_fair
sub-137	older	01	375.897000	3.513140	ingroup	0	1.116310	0.116310	7	block_ingroup_fair
sub-137	older	01	380.177000	3.513330	ingroup	0	1.022070	0.022070	9	block_ingroup_fair
sub-137	older	02	4.006950	3.512310	ingroup	0	1.401050	0.401050	10	block_ingroup_unfair
sub-137	older	02	8.286930	3.513150	ingroup	0	1.024230	0.024230	3	block_ingroup_unfair
sub-137	older	02	12.567800	3.513170	ingroup	0	1.029940	0.029940	4	block_ingroup_unfair
sub-137	older	02	16.848700	3.513340	ingroup	0	1.052960	0.052960	2	block_ingroup_unfair
sub-137	older	02	21.129700	3.513200	ingroup	0	1.292250	0.292250	1	block_ingroup_unfair
sub-137	older	02	25.410600	3.528880	ingroup	0	1.031050	0.031050	2	block_ingroup_unfair
sub-137	older	02	29.707200	3.528510	ingroup	1			6	block_ingroup_unfair
sub-137	older	02	34.003700	3.513280	ingroup	0	1.028270	0.028270	3	block_ingroup_unfair
sub-137	older	02	45.535400	3.535580	computer	0	1.144760	0.144760	3	block_computer_fair
sub-137	older	02	49.838700	3.520060	computer	0	1.023040	0.023040	9	block_computer_fair
sub-137	older	02	54.126300	3.529010	computer	0	1.406180	0.406180	7	block_computer_fair
sub-137	older	02	58.422900	3.513390	computer	0	1.396730	0.396730	7	block_computer_fair
sub-137	older	02	62.703800	3.529050	computer	0	1.219090	0.219090	8	block_computer_fair
sub-137	older	02	67.000500	3.513360	computer	0	1.175790	0.175790	10	block_computer_fair
sub-137	older	02	71.281300	3.513410	computer	0	1.148500	0.148500	5	block_computer_fair
sub-137	older	02	75.562300	3.513410	computer	0	1.404670	0.404670	9	block_computer_fair
sub-137	older	02	87.093900	3.512140	outgroup	0	1.565960	0.565960	10	block_outgroup_fair
sub-137	older	02	91.374600	3.512470	outgroup	0	1.021660	0.021660	9	block_outgroup_fair
sub-137	older	02	95.654800	3.528790	outgroup	0	1.361800	0.361800	10	block_outgroup_fair
sub-137	older	02	99.951400	3.513150	outgroup	0	1.201890	0.201890	5	block_outgroup_fair
sub-137	older	02	104.232000	3.528810	outgroup	0	1.408130	0.408130	8	block_outgroup_fair
sub-137	older	02	108.529000	3.513270	outgroup	0	1.181670	0.181670	10	block_outgroup_fair
sub-137	older	02	112.810000	3.513120	outgroup	0	1.304390	0.304390	4	block_outgroup_fair
sub-137	older	02	117.091000	3.513270	outgroup	0	1.209980	0.209980	8	block_outgroup_fair
sub-137	older	02	128.622000	3.512410	ingroup	0	2.956440	1.956440	5	block_ingroup_fair
sub-137	older	02	132.902000	3.513180	ingroup	0	1.478540	0.478540	8	block_ingroup_fair
sub-137	older	02	137.183000	3.513230	ingroup	0	1.401010	0.401010	7	block_ingroup_fair
sub-137	older	02	141.464000	3.513150	ingroup	0	1.356960	0.356960	7	block_ingroup_fair
sub-137	older	02	145.745000	3.513240	ingroup	0	1.029010	0.029010	8	block_ingroup_fair
sub-137	older	02	150.026000	3.513250	ingroup	0	1.018370	0.018370	3	block_ingroup_fair
sub-137	older	02	154.307000	3.513180	ingroup	0	1.024240	0.024240	7	block_ingroup_fair
sub-137	older	02	158.588000	3.513300	ingroup	0	1.030220	0.030220	9	block_ingroup_fair
sub-137	older	02	174.119000	3.527820	outgroup	0	1.095630	0.095630	2	block_outgroup_unfair
sub-137	older	02	178.414000	3.513140	outgroup	0	1.019730	0.019730	2	block_outgroup_unfair
sub-137	older	02	182.695000	3.513180	outgroup	0	1.025960	0.025960	8	block_outgroup_unfair
sub-137	older	02	186.976000	3.528880	outgroup	0	1.031550	0.031550	2	block_outgroup_unfair
sub-137	older	02	191.273000	3.513200	outgroup	0	2.239950	1.239950	6	block_outgroup_unfair
sub-137	older	02	195.554000	3.513290	outgroup	0	1.027790	0.027790	4	block_outgroup_unfair
sub-137	older	02	199.835000	3.528870	outgroup	0	1.016980	0.016980	1	block_outgroup_unfair
sub-137	older	02	204.131000	3.513220	outgroup	0	1.074430	0.074430	3	block_outgroup_unfair
sub-137	older	02	217.662000	3.512620	computer	0	1.521620	0.521620	3	block_computer_unfair
sub-137	older	02	221.942000	3.513320	computer	0	1.945340	0.945340	6	block_computer_unfair
sub-137	older	02	226.223000	3.528980	computer	0	1.033410	0.033410	1	block_computer_unfair
sub-137	older	02	230.520000	3.513350	computer	0	1.024020	0.024020	9	block_computer_unfair
sub-137	older	02	234.801000	3.513350	computer	0	1.029670	0.029670	3	block_computer_unfair
sub-137	older	02	239.082000	3.513260	computer	0	1.686390	0.686390	4	block_computer_unfair
sub-137	older	02	243.363000	3.513340	computer	0	1.292290	0.292290	3	block_computer_unfair
sub-137	older	02	247.643000	3.513420	computer	0	1.331640	0.331640	4	block_computer_unfair
sub-137	older	02	263.174000	3.513410	computer	0	2.331490	1.331490	7	block_computer_fair
sub-137	older	02	267.455000	3.513350	computer	0	1.102710	0.102710	1	block_computer_fair
sub-137	older	02	271.736000	3.513340	computer	0	1.025200	0.025200	9	block_computer_fair
sub-137	older	02	276.016000	3.529030	computer	0	1.031150	0.031150	8	block_computer_fair
sub-137	older	02	280.313000	3.513320	computer	0	1.355280	0.355280	9	block_computer_fair
sub-137	older	02	284.594000	3.528990	computer	0	1.361140	0.361140	10	block_computer_fair
sub-137	older	02	288.890000	3.513460	computer	0	1.685140	0.685140	6	block_computer_fair
sub-137	older	02	293.171000	3.513330	computer	0	1.023360	0.023360	8	block_computer_fair
sub-137	older	02	306.703000	3.527870	ingroup	0	1.954380	0.954380	1	block_ingroup_unfair
sub-137	older	02	311.000000	3.511900	ingroup	0	2.678360	1.678360	6	block_ingroup_unfair
sub-137	older	02	315.280000	3.513120	ingroup	0	1.084010	0.084010	2	block_ingroup_unfair
sub-137	older	02	319.560000	3.513310	ingroup	0	1.040390	0.040390	1	block_ingroup_unfair
sub-137	older	02	323.841000	3.513270	ingroup	0	1.028950	0.028950	9	block_ingroup_unfair
sub-137	older	02	328.122000	3.513320	ingroup	0	1.018350	0.018350	3	block_ingroup_unfair
sub-137	older	02	332.403000	3.513110	ingroup	0	1.024050	0.024050	4	block_ingroup_unfair
sub-137	older	02	336.684000	3.513250	ingroup	0	1.029970	0.029970	2	block_ingroup_unfair
sub-137	older	02	350.215000	3.512540	computer	0	1.710850	0.710850	1	block_computer_unfair
sub-137	older	02	354.495000	3.513390	computer	0	1.467350	0.467350	5	block_computer_unfair
sub-137	older	02	358.776000	3.513360	computer	0	1.022940	0.022940	2	block_computer_unfair
sub-137	older	02	363.057000	3.513430	computer	0	1.028770	0.028770	1	block_computer_unfair
sub-137	older	02	367.338000	3.513370	computer	0	1.018030	0.018030	2	block_computer_unfair
sub-137	older	02	371.619000	3.513230	computer	0	1.023910	0.023910	4	block_computer_unfair
sub-137	older	02	375.900000	3.528980	computer	0	1.330170	0.330170	7	block_computer_unfair
sub-137	older	02	380.196000	3.513390	computer	0	1.020070	0.020070	4	block_computer_unfair
sub-138	older	01	4.013740	3.543350	computer	1			4	block_computer_unfair
sub-138	older	01	8.325120	3.521870	computer	0	1.055390	0.055390	3	block_computer_unfair
sub-138	older	01	12.614700	3.513290	computer	0	1.437010	0.437010	6	block_computer_unfair
sub-138	older	01	16.895700	3.513150	computer	0	1.341980	0.341980	3	block_computer_unfair
sub-138	older	01	21.176600	3.513200	computer	0	2.599120	1.599120	1	block_computer_unfair
sub-138	older	01	25.457400	3.502900	computer	0	1.021400	0.021400	3	block_computer_unfair
sub-138	older	01	29.727800	3.513380	computer	0	1.020310	0.020310	8	block_computer_unfair
sub-138	older	01	34.008800	3.513330	computer	0	1.042860	0.042860	1	block_computer_unfair
sub-138	older	01	45.534500	3.511100	outgroup	0	1.026230	0.026230	10	block_outgroup_fair
sub-138	older	01	49.814700	3.527460	outgroup	0	1.033580	0.033580	8	block_outgroup_fair
sub-138	older	01	54.109900	3.513210	outgroup	0	1.024440	0.024440	7	block_outgroup_fair
sub-138	older	01	58.390800	3.513230	outgroup	0	1.030690	0.030690	9	block_outgroup_fair
sub-138	older	01	62.671700	3.513230	outgroup	0	2.805100	1.805100	4	block_outgroup_fair
sub-138	older	01	66.952600	3.513310	outgroup	0	1.159480	0.159480	6	block_outgroup_fair
sub-138	older	01	71.233600	3.513300	outgroup	0	1.115860	0.115860	8	block_outgroup_fair
sub-138	older	01	75.514500	3.513250	outgroup	0	1.137830	0.137830	8	block_outgroup_fair
sub-138	older	01	91.045700	3.512200	ingroup	0	1.019050	0.019050	10	block_ingroup_fair
sub-138	older	01	95.325700	3.513180	ingroup	0	1.025920	0.025920	9	block_ingroup_fair
sub-138	older	01	99.606500	3.513260	ingroup	0	1.182270	0.182270	10	block_ingroup_fair
sub-138	older	01	103.887000	3.513270	ingroup	0	1.822120	0.822120	2	block_ingroup_fair
sub-138	older	01	108.168000	3.513300	ingroup	0	2.995690	1.995690	9	block_ingroup_fair
sub-138	older	01	112.449000	3.513170	ingroup	0	2.634410	1.634410	9	block_ingroup_fair
sub-138	older	01	116.730000	3.513230	ingroup	0	1.089190	0.089190	10	block_ingroup_fair
sub-138	older	01	121.011000	3.513250	ingroup	0	1.128430	0.128430	5	block_ingroup_fair
sub-138	older	01	134.543000	3.511800	outgroup	0	2.208760	1.208760	5	block_outgroup_unfair
sub-138	older	01	138.822000	3.513210	outgroup	0	1.715640	0.715640	2	block_outgroup_unfair
sub-138	older	01	143.103000	3.513310	outgroup	0	1.020830	0.020830	2	block_outgroup_unfair
sub-138	older	01	147.384000	3.513310	outgroup	0	1.026820	0.026820	4	block_outgroup_unfair
sub-138	older	01	151.665000	3.528740	outgroup	0	1.032660	0.032660	8	block_outgroup_unfair
sub-138	older	01	155.962000	3.513220	outgroup	0	1.040020	0.040020	3	block_outgroup_unfair
sub-138	older	01	160.243000	3.528900	outgroup	0	1.095970	0.095970	3	block_outgroup_unfair
sub-138	older	01	164.539000	3.513340	outgroup	0	1.019360	0.019360	3	block_outgroup_unfair
sub-138	older	01	180.071000	3.511980	ingroup	0	1.184110	0.184110	10	block_ingroup_fair
sub-138	older	01	184.351000	3.513090	ingroup	0	2.008590	1.008590	9	block_ingroup_fair
sub-138	older	01	188.631000	3.513120	ingroup	0	1.030070	0.030070	10	block_ingroup_fair
sub-138	older	01	192.912000	3.513240	ingroup	0	1.870470	0.870470	2	block_ingroup_fair
sub-138	older	01	197.193000	3.528810	ingroup	0	1.876240	0.876240	7	block_ingroup_fair
sub-138	older	01	201.490000	3.528820	ingroup	0	2.017650	1.017650	5	block_ingroup_fair
sub-138	older	01	205.786000	3.513190	ingroup	0	1.206610	0.206610	9	block_ingroup_fair
sub-138	older	01	210.067000	3.513240	ingroup	0	1.029600	0.029600	10	block_ingroup_fair
sub-138	older	01	223.598000	3.512550	computer	0	1.509490	0.509490	1	block_computer_fair
sub-138	older	01	227.878000	3.513330	computer	0	1.215920	0.215920	10	block_computer_fair
sub-138	older	01	232.159000	3.513380	computer	0	1.088470	0.088470	9	block_computer_fair
sub-138	older	01	236.440000	3.513440	computer	0	1.394790	0.394790	10	block_computer_fair
sub-138	older	01	240.721000	3.529050	computer	0	1.767580	0.767580	5	block_computer_fair
sub-138	older	01	245.018000	3.513320	computer	0	1.023760	0.023760	7	block_computer_fair
sub-138	older	01	249.299000	3.513360	computer	0	1.029310	0.029310	9	block_computer_fair
sub-138	older	01	253.580000	3.513420	computer	0	1.069050	0.069050	7	block_computer_fair
sub-138	older	01	265.111000	3.512410	outgroup	0	1.464020	0.464020	8	block_outgroup_fair
sub-138	older	01	269.392000	3.512390	outgroup	0	1.019410	0.019410	10	block_outgroup_fair
sub-138	older	01	273.672000	3.513220	outgroup	0	1.193350	0.193350	7	block_outgroup_fair
sub-138	older	01	277.953000	3.528800	outgroup	0	1.031920	0.031920	9	block_outgroup_fair
sub-138	older	01	282.250000	3.513160	outgroup	0	1.022210	0.022210	8	block_outgroup_fair
sub-138	older	01	286.530000	3.528560	outgroup	1			8	block_outgroup_fair
sub-138	older	01	290.827000	3.513220	outgroup	0	2.036330	1.036330	5	block_outgroup_fair
sub-138	older	01	295.108000	3.512850	outgroup	0	1.558190	0.558190	4	block_outgroup_fair
sub-138	older	01	310.638000	3.512950	outgroup	0	1.574150	0.574150	1	block_outgroup_unfair
sub-138	older	01	314.919000	3.513230	outgroup	0	1.630420	0.630420	3	block_outgroup_unfair
sub-138	older	01	319.200000	3.513140	outgroup	0	1.336230	0.336230	5	block_outgroup_unfair
sub-138	older	01	323.481000	3.513100	outgroup	0	1.024990	0.024990	9	block_outgroup_unfair
sub-138	older	01	327.762000	3.512970	outgroup	0	2.215130	1.215130	1	block_outgroup_unfair
sub-138	older	01	332.043000	3.513140	outgroup	0	1.653930	0.653930	4	block_outgroup_unfair
sub-138	older	01	336.324000	3.528750	outgroup	0	1.360640	0.360640	1	block_outgroup_unfair
sub-138	older	01	340.620000	3.513130	outgroup	0	1.700250	0.700250	3	block_outgroup_unfair
sub-138	older	01	354.152000	3.542910	ingroup	1			6	block_ingroup_unfair
sub-138	older	01	358.463000	3.528440	ingroup	1			10	block_ingroup_unfair
sub-138	older	01	362.760000	3.513030	ingroup	0	2.413420	1.413420	4	block_ingroup_unfair
sub-138	older	01	367.040000	3.513220	ingroup	0	1.635160	0.635160	4	block_ingroup_unfair
sub-138	older	01	371.321000	3.513190	ingroup	0	2.442300	1.442300	2	block_ingroup_unfair
sub-138	older	01	375.602000	3.513190	ingroup	0	1.780530	0.780530	2	block_ingroup_unfair
sub-138	older	01	379.883000	3.513190	ingroup	0	1.069510	0.069510	2	block_ingroup_unfair
sub-138	older	01	384.164000	3.513100	ingroup	0	1.024870	0.024870	1	block_ingroup_unfair
sub-138	older	02	4.005570	3.512730	computer	0	2.160400	1.160400	10	block_computer_unfair
sub-138	older	02	8.286430	3.512640	computer	0	1.648700	0.648700	6	block_computer_unfair
sub-138	older	02	12.567100	3.512900	computer	0	2.355650	1.355650	1	block_computer_unfair
sub-138	older	02	16.847600	3.513370	computer	0	1.528040	0.528040	2	block_computer_unfair
sub-138	older	02	21.128600	3.513310	computer	0	2.384470	1.384470	4	block_computer_unfair
sub-138	older	02	25.409600	3.513210	computer	0	1.089520	0.089520	1	block_computer_unfair
sub-138	older	02	29.690400	3.513380	computer	0	2.229470	1.229470	3	block_computer_unfair
sub-138	older	02	33.971200	3.513460	computer	0	1.535270	0.535270	1	block_computer_unfair
sub-138	older	02	45.503100	3.512060	ingroup	0	1.679940	0.679940	4	block_ingroup_unfair
sub-138	older	02	49.783600	3.512460	ingroup	0	1.085700	0.085700	3	block_ingroup_unfair
sub-138	older	02	54.063800	3.513190	ingroup	0	1.058470	0.058470	4	block_ingroup_unfair
sub-138	older	02	58.344800	3.513110	ingroup	0	2.899450	1.899450	1	block_ingroup_unfair
sub-138	older	02	62.625800	3.513070	ingroup	0	1.637690	0.637690	8	block_ingroup_unfair
sub-138	older	02	66.906700	3.513140	ingroup	0	2.494220	1.494220	2	block_ingroup_unfair
sub-138	older	02	71.187500	3.528910	ingroup	0	1.266540	0.266540	4	block_ingroup_unfair
sub-138	older	02	75.484200	3.513160	ingroup	0	1.022420	0.022420	6	block_ingroup_unfair
sub-138	older	02	91.014900	3.512560	outgroup	0	1.555270	0.555270	10	block_outgroup_fair
sub-138	older	02	95.295400	3.513090	outgroup	0	1.228150	0.228150	3	block_outgroup_fair
sub-138	older	02	99.577400	3.527580	outgroup	0	1.032520	0.032520	9	block_outgroup_fair
sub-138	older	02	103.873000	3.513160	outgroup	0	1.107330	0.107330	9	block_outgroup_fair
sub-138	older	02	108.154000	3.513250	outgroup	0	1.029650	0.029650	9	block_outgroup_fair
sub-138	older	02	112.435000	3.513260	outgroup	0	1.119560	0.119560	8	block_outgroup_fair
sub-138	older	02	116.716000	3.528830	outgroup	0	1.142060	0.142060	7	block_outgroup_fair
sub-138	older	02	121.012000	3.513230	outgroup	0	2.433360	1.433360	5	block_outgroup_fair
sub-138	older	02	134.544000	3.511980	ingroup	0	2.429970	1.429970	1	block_ingroup_unfair
sub-138	older	02	138.823000	3.513110	ingroup	0	1.018630	0.018630	7	block_ingroup_unfair
sub-138	older	02	143.104000	3.513200	ingroup	0	1.024790	0.024790	6	block_ingroup_unfair
sub-138	older	02	147.385000	3.513280	ingroup	0	2.632160	1.632160	1	block_ingroup_unfair
sub-138	older	02	151.667000	3.512040	ingroup	0	1.853220	0.853220	3	block_ingroup_unfair
sub-138	older	02	155.947000	3.528480	ingroup	1			4	block_ingroup_unfair
sub-138	older	02	160.244000	3.528790	ingroup	0	1.032550	0.032550	2	block_ingroup_unfair
sub-138	older	02	164.540000	3.528810	ingroup	0	1.406670	0.406670	4	block_ingroup_unfair
sub-138	older	02	176.086000	3.528570	ingroup	1			2	block_ingroup_fair
sub-138	older	02	180.383000	3.528930	ingroup	0	1.627310	0.627310	5	block_ingroup_fair
sub-138	older	02	184.679000	3.528830	ingroup	0	1.017000	0.017000	8	block_ingroup_fair
sub-138	older	02	188.976000	3.513000	ingroup	0	1.257650	0.257650	9	block_ingroup_fair
sub-138	older	02	193.257000	3.513090	ingroup	0	2.714710	1.714710	7	block_ingroup_fair
sub-138	older	02	197.538000	3.513200	ingroup	0	1.018990	0.018990	10	block_ingroup_fair
sub-138	older	02	201.819000	3.513150	ingroup	0	1.242150	0.242150	9	block_ingroup_fair
sub-138	older	02	206.100000	3.513270	ingroup	0	1.098000	0.098000	7	block_ingroup_fair
sub-138	older	02	219.631000	3.512570	computer	0	2.913100	1.913100	3	block_computer_fair
sub-138	older	02	223.911000	3.528200	computer	0	1.016870	0.016870	8	block_computer_fair
sub-138	older	02	228.207000	3.528570	computer	1			7	block_computer_fair
sub-138	older	02	232.504000	3.513400	computer	0	2.433080	1.433080	7	block_computer_fair
sub-138	older	02	236.786000	3.512140	computer	0	1.403710	0.403710	8	block_computer_fair
sub-138	older	02	241.066000	3.513400	computer	0	2.061180	1.061180	10	block_computer_fair
sub-138	older	02	245.347000	3.529040	computer	0	1.266700	0.266700	8	block_computer_fair
sub-138	older	02	249.643000	3.528430	computer	1			6	block_computer_fair
sub-138	older	02	261.190000	3.512370	outgroup	0	2.520540	1.520540	2	block_outgroup_unfair
sub-138	older	02	265.472000	3.511880	outgroup	0	1.024260	0.024260	4	block_outgroup_unfair
sub-138	older	02	269.751000	3.513160	outgroup	0	1.315470	0.315470	3	block_outgroup_unfair
sub-138	older	02	274.032000	3.513160	outgroup	0	1.821840	0.821840	5	block_outgroup_unfair
sub-138	older	02	278.313000	3.528880	outgroup	0	1.377290	0.377290	8	block_outgroup_unfair
sub-138	older	02	282.610000	3.513220	outgroup	0	2.768860	1.768860	4	block_outgroup_unfair
sub-138	older	02	286.890000	3.513400	outgroup	0	1.090020	0.090020	2	block_outgroup_unfair
sub-138	older	02	291.172000	3.513100	outgroup	0	1.495960	0.495960	3	block_outgroup_unfair
sub-138	older	02	306.703000	3.512340	computer	0	2.612400	1.612400	6	block_computer_unfair
sub-138	older	02	310.983000	3.513230	computer	0	2.285490	1.285490	8	block_computer_unfair
sub-138	older	02	315.263000	3.513430	computer	0	2.925420	1.925420	3	block_computer_unfair
sub-138	older	02	319.544000	3.513430	computer	0	1.430080	0.430080	2	block_computer_unfair
sub-138	older	02	323.825000	3.528710	computer	1			4	block_computer_unfair
sub-138	older	02	328.122000	3.513290	computer	0	2.059790	1.059790	1	block_computer_unfair
sub-138	older	02	332.403000	3.529010	computer	0	2.533010	1.533010	2	block_computer_unfair
sub-138	older	02	336.699000	3.513390	computer	0	1.789490	0.789490	1	block_computer_unfair
sub-138	older	02	350.230000	3.528670	computer	1			5	block_computer_fair
sub-138	older	02	354.526000	3.513440	computer	0	1.493580	0.493580	7	block_computer_fair
sub-138	older	02	358.807000	3.529010	computer	0	1.049050	0.049050	8	block_computer_fair
sub-138	older	02	363.104000	3.513400	computer	0	1.072800	0.072800	4	block_computer_fair
sub-138	older	02	367.385000	3.513340	computer	0	1.028300	0.028300	10	block_computer_fair
sub-138	older	02	371.665000	3.513370	computer	0	1.285150	0.285150	7	block_computer_fair
sub-138	older	02	375.947000	3.513310	computer	0	1.957920	0.957920	9	block_computer_fair
sub-138	older	02	380.227000	3.529090	computer	0	1.096840	0.096840	7	block_computer_fair
sub-140	older	01	4.018900	3.527300	outgroup	1			7	block_outgroup_fair
sub-140	older	01	8.314430	3.512980	outgroup	0	1.746460	0.746460	8	block_outgroup_fair
sub-140	older	01	12.595100	3.528960	outgroup	0	1.736000	0.736000	4	block_outgroup_fair
sub-140	older	01	16.891600	3.513270	outgroup	0	1.192550	0.192550	7	block_outgroup_fair
sub-140	older	01	21.172600	3.513290	outgroup	0	2.215990	1.215990	7	block_outgroup_fair
sub-140	older	01	25.453600	3.513200	outgroup	0	1.354390	0.354390	6	block_outgroup_fair
sub-140	older	01	29.734600	3.513180	outgroup	0	1.543900	0.543900	8	block_outgroup_fair
sub-140	older	01	34.015400	3.513260	outgroup	0	1.132790	0.132790	9	block_outgroup_fair
sub-140	older	01	47.545600	3.513350	outgroup	0	2.882040	1.882040	2	block_outgroup_unfair
sub-140	older	01	51.826600	3.513210	outgroup	0	1.019180	0.019180	1	block_outgroup_unfair
sub-140	older	01	56.107800	3.528700	outgroup	0	1.642430	0.642430	1	block_outgroup_unfair
sub-140	older	01	60.404200	3.528840	outgroup	0	1.032160	0.032160	7	block_outgroup_unfair
sub-140	older	01	64.700700	3.513270	outgroup	0	1.289520	0.289520	1	block_outgroup_unfair
sub-140	older	01	68.981600	3.513260	outgroup	0	2.396320	1.396320	5	block_outgroup_unfair
sub-140	older	01	73.262500	3.513340	outgroup	0	1.601560	0.601560	1	block_outgroup_unfair
sub-140	older	01	77.543400	3.513390	outgroup	0	1.557840	0.557840	2	block_outgroup_unfair
sub-140	older	01	89.075600	3.527230	computer	0	1.985260	0.985260	2	block_computer_unfair
sub-140	older	01	93.371500	3.512260	computer	0	2.459580	1.459580	2	block_computer_unfair
sub-140	older	01	97.651300	3.529060	computer	0	1.299360	0.299360	1	block_computer_unfair
sub-140	older	01	101.948000	3.529090	computer	0	1.172690	0.172690	4	block_computer_unfair
sub-140	older	01	106.244000	3.529020	computer	0	1.313330	0.313330	6	block_computer_unfair
sub-140	older	01	110.541000	3.513560	computer	0	2.871540	1.871540	3	block_computer_unfair
sub-140	older	01	114.822000	3.513260	computer	0	1.809690	0.809690	2	block_computer_unfair
sub-140	older	01	119.103000	3.528970	computer	0	1.048610	0.048610	9	block_computer_unfair
sub-140	older	01	130.650000	3.511980	ingroup	0	1.494340	0.494340	1	block_ingroup_unfair
sub-140	older	01	134.931000	3.527560	ingroup	0	1.032880	0.032880	4	block_ingroup_unfair
sub-140	older	01	139.227000	3.513160	ingroup	0	1.558630	0.558630	2	block_ingroup_unfair
sub-140	older	01	143.508000	3.528740	ingroup	0	1.030540	0.030540	2	block_ingroup_unfair
sub-140	older	01	147.804000	3.513220	ingroup	0	1.121000	0.121000	5	block_ingroup_unfair
sub-140	older	01	152.085000	3.528800	ingroup	0	2.845060	1.845060	2	block_ingroup_unfair
sub-140	older	01	156.382000	3.513260	ingroup	0	1.534190	0.534190	1	block_ingroup_unfair
sub-140	older	01	160.662000	3.514920	ingroup	0	1.022780	0.022780	9	block_ingroup_unfair
sub-140	older	01	176.194000	3.513160	ingroup	0	2.321630	1.321630	9	block_ingroup_fair
sub-140	older	01	180.475000	3.513170	ingroup	0	1.476820	0.476820	5	block_ingroup_fair
sub-140	older	01	184.756000	3.528870	ingroup	0	1.049130	0.049130	9	block_ingroup_fair
sub-140	older	01	189.053000	3.513280	ingroup	0	1.039490	0.039490	9	block_ingroup_fair
sub-140	older	01	193.334000	3.513300	ingroup	0	1.228680	0.228680	4	block_ingroup_fair
sub-140	older	01	197.615000	3.513240	ingroup	0	1.301450	0.301450	10	block_ingroup_fair
sub-140	older	01	201.896000	3.528880	ingroup	0	1.157590	0.157590	7	block_ingroup_fair
sub-140	older	01	206.192000	3.513230	ingroup	0	1.214260	0.214260	8	block_ingroup_fair
sub-140	older	01	217.723000	3.512320	computer	0	1.292340	0.292340	9	block_computer_fair
sub-140	older	01	222.003000	3.528990	computer	0	1.032370	0.032370	9	block_computer_fair
sub-140	older	01	226.300000	3.513350	computer	0	1.022520	0.022520	7	block_computer_fair
sub-140	older	01	230.581000	3.513440	computer	0	1.028410	0.028410	8	block_computer_fair
sub-140	older	01	234.862000	3.513440	computer	0	1.418290	0.418290	2	block_computer_fair
sub-140	older	01	239.143000	3.513390	computer	0	1.223780	0.223780	6	block_computer_fair
sub-140	older	01	243.424000	3.513460	computer	0	1.380300	0.380300	8	block_computer_fair
sub-140	older	01	247.705000	3.511060	computer	0	1.018930	0.018930	8	block_computer_fair
sub-140	older	01	261.234000	3.512060	outgroup	0	1.901730	0.901730	4	block_outgroup_fair
sub-140	older	01	265.515000	3.512060	outgroup	0	1.023270	0.023270	10	block_outgroup_fair
sub-140	older	01	269.794000	3.513380	outgroup	0	1.030640	0.030640	9	block_outgroup_fair
sub-140	older	01	274.075000	3.529000	outgroup	0	1.203810	0.203810	7	block_outgroup_fair
sub-140	older	01	278.372000	3.513270	outgroup	0	1.043480	0.043480	7	block_outgroup_fair
sub-140	older	01	282.653000	3.513180	outgroup	0	1.199480	0.199480	7	block_outgroup_fair
sub-140	older	01	286.934000	3.513300	outgroup	0	1.155540	0.155540	8	block_outgroup_fair
sub-140	older	01	291.215000	3.513210	outgroup	0	1.461580	0.461580	5	block_outgroup_fair
sub-140	older	01	306.746000	3.511880	ingroup	0	1.309460	0.309460	10	block_ingroup_fair
sub-140	older	01	311.026000	3.528910	ingroup	0	1.032850	0.032850	10	block_ingroup_fair
sub-140	older	01	315.322000	3.513160	ingroup	0	1.557030	0.557030	2	block_ingroup_fair
sub-140	older	01	319.603000	3.513240	ingroup	0	1.029110	0.029110	9	block_ingroup_fair
sub-140	older	01	323.885000	3.528140	ingroup	0	1.017700	0.017700	9	block_ingroup_fair
sub-140	older	01	328.181000	3.528730	ingroup	0	1.142130	0.142130	6	block_ingroup_fair
sub-140	older	01	332.477000	3.528950	ingroup	0	1.032430	0.032430	7	block_ingroup_fair
sub-140	older	01	336.774000	3.513310	ingroup	0	1.022900	0.022900	10	block_ingroup_fair
sub-140	older	01	352.305000	3.527580	outgroup	0	2.689490	1.689490	1	block_outgroup_unfair
sub-140	older	01	356.601000	3.513280	outgroup	0	1.963230	0.963230	2	block_outgroup_unfair
sub-140	older	01	360.882000	3.513280	outgroup	0	1.018190	0.018190	10	block_outgroup_unfair
sub-140	older	01	365.163000	3.513160	outgroup	0	1.374470	0.374470	1	block_outgroup_unfair
sub-140	older	01	369.443000	3.513300	outgroup	0	1.430630	0.430630	4	block_outgroup_unfair
sub-140	older	01	373.724000	3.513330	outgroup	0	1.753420	0.753420	2	block_outgroup_unfair
sub-140	older	01	378.005000	3.513300	outgroup	0	1.509080	0.509080	2	block_outgroup_unfair
sub-140	older	01	382.286000	3.513380	outgroup	0	1.681900	0.681900	6	block_outgroup_unfair
sub-140	older	02	4.020780	3.512190	ingroup	0	2.118160	1.118160	4	block_ingroup_unfair
sub-140	older	02	8.302000	3.527400	ingroup	0	1.189460	0.189460	5	block_ingroup_unfair
sub-140	older	02	12.597100	3.528960	ingroup	0	2.265380	1.265380	3	block_ingroup_unfair
sub-140	older	02	16.893700	3.513220	ingroup	0	1.405030	0.405030	10	block_ingroup_unfair
sub-140	older	02	21.174500	3.513350	ingroup	0	1.227630	0.227630	4	block_ingroup_unfair
sub-140	older	02	25.455500	3.513280	ingroup	0	1.466830	0.466830	3	block_ingroup_unfair
sub-140	older	02	29.736400	3.513300	ingroup	0	1.473060	0.473060	1	block_ingroup_unfair
sub-140	older	02	34.017400	3.513210	ingroup	0	1.245270	0.245270	4	block_ingroup_unfair
sub-140	older	02	49.547900	3.512960	computer	0	1.661130	0.661130	8	block_computer_fair
sub-140	older	02	53.828700	3.528630	computer	0	1.033010	0.033010	6	block_computer_fair
sub-140	older	02	58.125000	3.513270	computer	0	1.024150	0.024150	8	block_computer_fair
sub-140	older	02	62.405800	3.513410	computer	0	1.146800	0.146800	7	block_computer_fair
sub-140	older	02	66.686700	3.513480	computer	0	1.018930	0.018930	7	block_computer_fair
sub-140	older	02	70.967700	3.521020	computer	0	1.024690	0.024690	8	block_computer_fair
sub-140	older	02	75.256200	3.525760	computer	0	1.023640	0.023640	8	block_computer_fair
sub-140	older	02	79.549500	3.513430	computer	0	1.650870	0.650870	2	block_computer_fair
sub-140	older	02	91.080000	3.528960	computer	0	2.330150	1.330150	3	block_computer_unfair
sub-140	older	02	95.376500	3.513410	computer	0	1.686690	0.686690	7	block_computer_unfair
sub-140	older	02	99.657500	3.513380	computer	0	2.493390	1.493390	2	block_computer_unfair
sub-140	older	02	103.938000	3.513430	computer	0	1.164830	0.164830	1	block_computer_unfair
sub-140	older	02	108.219000	3.513390	computer	0	1.554380	0.554380	3	block_computer_unfair
sub-140	older	02	112.500000	3.529050	computer	0	1.377150	0.377150	2	block_computer_unfair
sub-140	older	02	116.797000	3.529090	computer	0	1.267090	0.267090	3	block_computer_unfair
sub-140	older	02	121.093000	3.529010	computer	0	1.424240	0.424240	5	block_computer_unfair
sub-140	older	02	134.641000	3.515490	outgroup	0	1.971680	0.971680	2	block_outgroup_unfair
sub-140	older	02	138.925000	3.512010	outgroup	0	1.023250	0.023250	6	block_outgroup_unfair
sub-140	older	02	143.205000	3.513050	outgroup	0	2.614950	1.614950	3	block_outgroup_unfair
sub-140	older	02	147.486000	3.513330	outgroup	0	1.069880	0.069880	9	block_outgroup_unfair
sub-140	older	02	151.767000	3.513270	outgroup	0	1.476180	0.476180	1	block_outgroup_unfair
sub-140	older	02	156.048000	3.513180	outgroup	0	1.415270	0.415270	2	block_outgroup_unfair
sub-140	older	02	160.329000	3.513400	outgroup	0	1.271440	0.271440	3	block_outgroup_unfair
sub-140	older	02	164.610000	3.513130	outgroup	0	1.394750	0.394750	4	block_outgroup_unfair
sub-140	older	02	178.141000	3.511820	ingroup	0	2.073770	1.073770	1	block_ingroup_unfair
sub-140	older	02	182.421000	3.513320	ingroup	0	1.030010	0.030010	3	block_ingroup_unfair
sub-140	older	02	186.702000	3.513260	ingroup	0	1.203070	0.203070	2	block_ingroup_unfair
sub-140	older	02	190.983000	3.521230	ingroup	0	2.609930	1.609930	2	block_ingroup_unfair
sub-140	older	02	195.272000	3.513210	ingroup	0	1.340070	0.340070	4	block_ingroup_unfair
sub-140	older	02	199.553000	3.513330	ingroup	0	1.596410	0.596410	2	block_ingroup_unfair
sub-140	older	02	203.833000	3.513380	ingroup	0	1.018200	0.018200	8	block_ingroup_unfair
sub-140	older	02	208.115000	3.528840	ingroup	0	1.157840	0.157840	6	block_ingroup_unfair
sub-140	older	02	221.661000	3.512640	computer	0	2.990610	1.990610	3	block_computer_unfair
sub-140	older	02	225.941000	3.528690	computer	1			6	block_computer_unfair
sub-140	older	02	230.238000	3.513450	computer	0	1.302950	0.302950	9	block_computer_unfair
sub-140	older	02	234.519000	3.513460	computer	0	1.024830	0.024830	1	block_computer_unfair
sub-140	older	02	238.800000	3.513440	computer	0	1.097500	0.097500	4	block_computer_unfair
sub-140	older	02	243.081000	3.513360	computer	0	1.019980	0.019980	4	block_computer_unfair
sub-140	older	02	247.362000	3.513330	computer	0	1.726710	0.726710	2	block_computer_unfair
sub-140	older	02	251.643000	3.516830	computer	0	1.031990	0.031990	4	block_computer_unfair
sub-140	older	02	267.178000	3.512020	outgroup	0	1.476740	0.476740	10	block_outgroup_fair
sub-140	older	02	271.457000	3.513100	outgroup	0	1.166710	0.166710	4	block_outgroup_fair
sub-140	older	02	275.738000	3.513220	outgroup	0	1.940180	0.940180	7	block_outgroup_fair
sub-140	older	02	280.019000	3.513250	outgroup	0	1.278920	0.278920	5	block_outgroup_fair
sub-140	older	02	284.300000	3.513270	outgroup	0	1.218080	0.218080	8	block_outgroup_fair
sub-140	older	02	288.581000	3.513300	outgroup	0	1.023380	0.023380	9	block_outgroup_fair
sub-140	older	02	292.862000	3.513260	outgroup	0	1.029390	0.029390	8	block_outgroup_fair
sub-140	older	02	297.143000	3.513310	outgroup	0	1.102570	0.102570	10	block_outgroup_fair
sub-140	older	02	308.674000	3.512200	computer	0	2.081340	1.081340	8	block_computer_fair
sub-140	older	02	312.954000	3.513470	computer	0	1.020700	0.020700	7	block_computer_fair
sub-140	older	02	317.235000	3.512950	computer	0	1.159870	0.159870	6	block_computer_fair
sub-140	older	02	321.516000	3.529040	computer	0	1.032450	0.032450	7	block_computer_fair
sub-140	older	02	325.812000	3.513430	computer	0	1.239840	0.239840	1	block_computer_fair
sub-140	older	02	330.093000	3.513400	computer	0	1.045440	0.045440	9	block_computer_fair
sub-140	older	02	334.374000	3.513530	computer	0	1.201460	0.201460	10	block_computer_fair
sub-140	older	02	338.655000	3.513400	computer	0	1.023590	0.023590	8	block_computer_fair
sub-140	older	02	350.187000	3.527620	ingroup	0	1.968960	0.968960	6	block_ingroup_fair
sub-140	older	02	354.484000	3.511870	ingroup	0	1.208620	0.208620	8	block_ingroup_fair
sub-140	older	02	358.763000	3.529000	ingroup	0	1.299270	0.299270	1	block_ingroup_fair
sub-140	older	02	363.060000	3.528830	ingroup	0	1.156080	0.156080	9	block_ingroup_fair
sub-140	older	02	367.356000	3.513320	ingroup	0	1.029360	0.029360	8	block_ingroup_fair
sub-140	older	02	371.638000	3.520410	ingroup	0	1.386020	0.386020	8	block_ingroup_fair
sub-140	older	02	375.926000	3.528880	ingroup	0	1.017130	0.017130	8	block_ingroup_fair
sub-140	older	02	380.222000	3.513200	ingroup	0	1.024270	0.024270	7	block_ingroup_fair
sub-141	older	01	4.008600	3.533840	computer	1			10	block_computer_fair
sub-141	older	01	8.310460	3.507060	computer	0	1.570730	0.570730	7	block_computer_fair
sub-141	older	01	12.585100	3.521220	computer	0	1.583640	0.583640	4	block_computer_fair
sub-141	older	01	16.873900	3.507190	computer	0	1.414140	0.414140	10	block_computer_fair
sub-141	older	01	21.149700	3.516420	computer	0	2.126790	1.126790	7	block_computer_fair
sub-141	older	01	25.434000	3.508520	computer	0	1.461530	0.461530	10	block_computer_fair
sub-141	older	01	29.710000	3.529560	computer	0	1.155200	0.155200	9	block_computer_fair
sub-141	older	01	33.998300	3.526850	computer	0	1.170540	0.170540	6	block_computer_fair
sub-141	older	01	47.541100	3.526870	ingroup	0	2.556810	1.556810	2	block_ingroup_unfair
sub-141	older	01	51.837000	3.515030	ingroup	0	1.029520	0.029520	9	block_ingroup_unfair
sub-141	older	01	56.117800	3.517570	ingroup	0	1.051500	0.051500	3	block_ingroup_unfair
sub-141	older	01	60.398600	3.528760	ingroup	0	1.192700	0.192700	3	block_ingroup_unfair
sub-141	older	01	64.695500	3.517520	ingroup	0	1.330210	0.330210	1	block_ingroup_unfair
sub-141	older	01	68.976700	3.513560	ingroup	0	1.020220	0.020220	4	block_ingroup_unfair
sub-141	older	01	73.257300	3.513950	ingroup	0	1.026570	0.026570	6	block_ingroup_unfair
sub-141	older	01	77.539200	3.522670	ingroup	0	1.031540	0.031540	2	block_ingroup_unfair
sub-141	older	01	89.072900	3.510450	outgroup	0	1.374840	0.374840	10	block_outgroup_unfair
sub-141	older	01	93.352300	3.527940	outgroup	0	1.116160	0.116160	2	block_outgroup_unfair
sub-141	older	01	97.640700	3.505670	outgroup	0	1.029840	0.029840	4	block_outgroup_unfair
sub-141	older	01	101.905000	3.506050	outgroup	0	1.017100	0.017100	3	block_outgroup_unfair
sub-141	older	01	106.179000	3.514170	outgroup	0	1.031530	0.031530	4	block_outgroup_unfair
sub-141	older	01	110.462000	3.527870	outgroup	0	1.019300	0.019300	4	block_outgroup_unfair
sub-141	older	01	114.758000	3.528500	outgroup	0	1.026490	0.026490	5	block_outgroup_unfair
sub-141	older	01	119.055000	3.508020	outgroup	0	1.033770	0.033770	2	block_outgroup_unfair
sub-141	older	01	132.571000	3.527660	ingroup	0	1.279590	0.279590	3	block_ingroup_fair
sub-141	older	01	136.859000	3.522700	ingroup	0	1.027840	0.027840	7	block_ingroup_fair
sub-141	older	01	141.149000	3.512170	ingroup	0	1.074030	0.074030	10	block_ingroup_fair
sub-141	older	01	145.429000	3.529470	ingroup	0	1.080930	0.080930	10	block_ingroup_fair
sub-141	older	01	149.726000	3.521200	ingroup	0	1.738720	0.738720	9	block_ingroup_fair
sub-141	older	01	154.007000	3.529320	ingroup	0	1.594040	0.594040	8	block_ingroup_fair
sub-141	older	01	158.304000	3.529170	ingroup	0	1.033550	0.033550	7	block_ingroup_fair
sub-141	older	01	162.602000	3.511920	ingroup	0	1.589720	0.589720	5	block_ingroup_fair
sub-141	older	01	174.127000	3.519440	outgroup	0	1.274630	0.274630	7	block_outgroup_fair
sub-141	older	01	178.415000	3.511750	outgroup	0	1.021570	0.021570	7	block_outgroup_fair
sub-141	older	01	182.696000	3.525470	outgroup	0	1.028680	0.028680	10	block_outgroup_fair
sub-141	older	01	186.989000	3.523870	outgroup	0	1.021680	0.021680	7	block_outgroup_fair
sub-141	older	01	191.281000	3.505230	outgroup	0	1.131320	0.131320	6	block_outgroup_fair
sub-141	older	01	195.555000	3.530780	outgroup	0	1.029680	0.029680	10	block_outgroup_fair
sub-141	older	01	199.852000	3.501970	outgroup	0	1.019410	0.019410	9	block_outgroup_fair
sub-141	older	01	204.122000	3.509350	outgroup	0	1.136240	0.136240	1	block_outgroup_fair
sub-141	older	01	217.649000	3.512510	computer	0	1.020360	0.020360	4	block_computer_unfair
sub-141	older	01	221.931000	3.511300	computer	0	1.025840	0.025840	1	block_computer_unfair
sub-141	older	01	226.196000	3.513620	computer	0	1.030180	0.030180	6	block_computer_unfair
sub-141	older	01	230.477000	3.502360	computer	0	1.018330	0.018330	3	block_computer_unfair
sub-141	older	01	234.747000	3.507920	computer	0	1.019020	0.019020	1	block_computer_unfair
sub-141	older	01	239.023000	3.527760	computer	0	1.030360	0.030360	8	block_computer_unfair
sub-141	older	01	243.318000	3.521650	computer	0	1.322440	0.322440	1	block_computer_unfair
sub-141	older	01	247.607000	3.506560	computer	0	1.069820	0.069820	3	block_computer_unfair
sub-141	older	01	263.132000	3.516970	computer	0	1.025790	0.025790	9	block_computer_fair
sub-141	older	01	267.414000	3.512790	computer	0	1.663520	0.663520	9	block_computer_fair
sub-141	older	01	271.695000	3.530640	computer	0	1.436490	0.436490	10	block_computer_fair
sub-141	older	01	275.994000	3.508290	computer	0	1.023330	0.023330	4	block_computer_fair
sub-141	older	01	280.273000	3.522750	computer	0	1.031290	0.031290	9	block_computer_fair
sub-141	older	01	284.564000	3.519960	computer	0	1.026700	0.026700	6	block_computer_fair
sub-141	older	01	288.851000	3.529190	computer	0	1.260730	0.260730	8	block_computer_fair
sub-141	older	01	293.148000	3.529750	computer	0	1.450680	0.450680	9	block_computer_fair
sub-141	older	01	308.696000	3.515020	ingroup	0	1.782550	0.782550	1	block_ingroup_unfair
sub-141	older	01	312.979000	3.510520	ingroup	0	1.018120	0.018120	2	block_ingroup_unfair
sub-141	older	01	317.258000	3.530230	ingroup	0	1.227200	0.227200	3	block_ingroup_unfair
sub-141	older	01	321.556000	3.520340	ingroup	0	2.017840	1.017840	6	block_ingroup_unfair
sub-141	older	01	325.844000	3.526630	ingroup	0	1.665910	0.665910	4	block_ingroup_unfair
sub-141	older	01	330.139000	3.516350	ingroup	0	1.641130	0.641130	2	block_ingroup_unfair
sub-141	older	01	334.414000	3.530130	ingroup	0	1.618670	0.618670	2	block_ingroup_unfair
sub-141	older	01	338.699000	3.525160	ingroup	0	1.586500	0.586500	10	block_ingroup_unfair
sub-141	older	01	354.233000	3.515260	computer	0	1.566080	0.566080	6	block_computer_unfair
sub-141	older	01	358.515000	3.522450	computer	0	1.720710	0.720710	10	block_computer_unfair
sub-141	older	01	362.804000	3.514570	computer	0	1.718100	0.718100	3	block_computer_unfair
sub-141	older	01	367.063000	3.503780	computer	0	1.596640	0.596640	3	block_computer_unfair
sub-141	older	01	371.335000	3.524810	computer	0	1.677900	0.677900	1	block_computer_unfair
sub-141	older	01	375.628000	3.517190	computer	0	1.556480	0.556480	1	block_computer_unfair
sub-141	older	01	379.903000	3.508570	computer	0	1.033060	0.033060	1	block_computer_unfair
sub-141	older	01	384.179000	3.516950	computer	0	1.026910	0.026910	1	block_computer_unfair
sub-141	older	02	4.008380	3.513530	ingroup	0	1.677630	0.677630	8	block_ingroup_fair
sub-141	older	02	8.290750	3.512100	ingroup	0	1.081820	0.081820	9	block_ingroup_fair
sub-141	older	02	12.570900	3.513580	ingroup	0	1.021670	0.021670	8	block_ingroup_fair
sub-141	older	02	16.852300	3.513690	ingroup	0	1.193880	0.193880	8	block_ingroup_fair
sub-141	older	02	21.133400	3.529200	ingroup	0	1.533340	0.533340	8	block_ingroup_fair
sub-141	older	02	25.419200	3.515680	ingroup	0	1.500160	0.500160	6	block_ingroup_fair
sub-141	older	02	29.696000	3.514050	ingroup	0	1.160810	0.160810	3	block_ingroup_fair
sub-141	older	02	33.978000	3.527380	ingroup	0	1.549290	0.549290	9	block_ingroup_fair
sub-141	older	02	49.525300	3.511860	outgroup	0	1.230800	0.230800	2	block_outgroup_unfair
sub-141	older	02	53.806700	3.526880	outgroup	0	1.436700	0.436700	1	block_outgroup_unfair
sub-141	older	02	58.101600	3.529030	outgroup	0	1.528570	0.528570	2	block_outgroup_unfair
sub-141	older	02	62.398800	3.512850	outgroup	0	1.568170	0.568170	5	block_outgroup_unfair
sub-141	older	02	66.680500	3.512790	outgroup	0	1.690220	0.690220	9	block_outgroup_unfair
sub-141	older	02	70.961400	3.513750	outgroup	0	1.630090	0.630090	3	block_outgroup_unfair
sub-141	older	02	75.237200	3.503100	outgroup	0	1.557140	0.557140	1	block_outgroup_unfair
sub-141	older	02	79.508600	3.528490	outgroup	0	1.506310	0.506310	2	block_outgroup_unfair
sub-141	older	02	95.056800	3.512600	ingroup	0	1.854340	0.854340	2	block_ingroup_unfair
sub-141	older	02	99.336000	3.528470	ingroup	0	1.561790	0.561790	3	block_ingroup_unfair
sub-141	older	02	103.633000	3.516850	ingroup	0	1.267600	0.267600	3	block_ingroup_unfair
sub-141	older	02	107.918000	3.504900	ingroup	0	1.019470	0.019470	6	block_ingroup_unfair
sub-141	older	02	112.181000	3.511470	ingroup	0	1.026340	0.026340	4	block_ingroup_unfair
sub-141	older	02	116.461000	3.517160	ingroup	0	1.016730	0.016730	2	block_ingroup_unfair
sub-141	older	02	120.742000	3.505100	ingroup	0	1.022350	0.022350	4	block_ingroup_unfair
sub-141	older	02	125.004000	3.506060	ingroup	0	1.865480	0.865480	9	block_ingroup_unfair
sub-141	older	02	138.525000	3.528110	outgroup	0	1.271600	0.271600	8	block_outgroup_fair
sub-141	older	02	142.822000	3.514430	outgroup	0	1.594280	0.594280	10	block_outgroup_fair
sub-141	older	02	147.105000	3.525090	outgroup	0	1.064530	0.064530	5	block_outgroup_fair
sub-141	older	02	151.399000	3.517970	outgroup	0	1.223890	0.223890	7	block_outgroup_fair
sub-141	older	02	155.686000	3.522710	outgroup	0	1.124730	0.124730	9	block_outgroup_fair
sub-141	older	02	159.976000	3.513230	outgroup	0	1.170460	0.170460	9	block_outgroup_fair
sub-141	older	02	164.259000	3.527810	outgroup	0	1.025150	0.025150	10	block_outgroup_fair
sub-141	older	02	168.555000	3.516750	outgroup	0	1.750150	0.750150	4	block_outgroup_fair
sub-141	older	02	184.088000	3.506680	computer	0	1.729620	0.729620	3	block_computer_unfair
sub-141	older	02	188.352000	3.502910	computer	0	1.018340	0.018340	7	block_computer_unfair
sub-141	older	02	192.618000	3.514060	computer	0	1.138990	0.138990	4	block_computer_unfair
sub-141	older	02	196.900000	3.511710	computer	0	1.027210	0.027210	5	block_computer_unfair
sub-141	older	02	201.179000	3.513310	computer	0	1.017990	0.017990	3	block_computer_unfair
sub-141	older	02	205.454000	3.531120	computer	0	1.030430	0.030430	1	block_computer_unfair
sub-141	older	02	209.742000	3.528700	computer	0	1.028540	0.028540	3	block_computer_unfair
sub-141	older	02	214.026000	3.526040	computer	0	1.032390	0.032390	1	block_computer_unfair
sub-141	older	02	225.572000	3.523290	ingroup	0	1.712380	0.712380	8	block_ingroup_fair
sub-141	older	02	229.864000	3.513460	ingroup	0	1.022820	0.022820	1	block_ingroup_fair
sub-141	older	02	234.149000	3.528560	ingroup	0	1.025850	0.025850	9	block_ingroup_fair
sub-141	older	02	238.445000	3.517990	ingroup	0	1.016750	0.016750	6	block_ingroup_fair
sub-141	older	02	242.731000	3.505550	ingroup	0	1.568080	0.568080	8	block_ingroup_fair
sub-141	older	02	246.993000	3.510810	ingroup	0	1.025320	0.025320	7	block_ingroup_fair
sub-141	older	02	251.273000	3.528900	ingroup	0	1.032040	0.032040	10	block_ingroup_fair
sub-141	older	02	255.570000	3.524400	ingroup	0	1.622310	0.622310	10	block_ingroup_fair
sub-141	older	02	267.102000	3.519010	computer	1			10	block_computer_fair
sub-141	older	02	271.390000	3.505980	computer	0	1.031810	0.031810	10	block_computer_fair
sub-141	older	02	275.664000	3.529720	computer	0	1.028750	0.028750	6	block_computer_fair
sub-141	older	02	279.961000	3.504830	computer	0	1.234440	0.234440	7	block_computer_fair
sub-141	older	02	284.234000	3.507750	computer	0	1.031460	0.031460	3	block_computer_fair
sub-141	older	02	288.509000	3.504040	computer	0	1.644580	0.644580	9	block_computer_fair
sub-141	older	02	292.781000	3.508480	computer	0	1.726280	0.726280	9	block_computer_fair
sub-141	older	02	297.056000	3.508010	computer	0	1.087070	0.087070	10	block_computer_fair
sub-141	older	02	308.572000	3.513260	outgroup	0	1.765340	0.765340	6	block_outgroup_unfair
sub-141	older	02	312.855000	3.526330	outgroup	0	1.101450	0.101450	2	block_outgroup_unfair
sub-141	older	02	317.141000	3.507450	outgroup	0	1.251790	0.251790	1	block_outgroup_unfair
sub-141	older	02	321.408000	3.503330	outgroup	0	1.020940	0.020940	3	block_outgroup_unfair
sub-141	older	02	325.680000	3.505650	outgroup	0	1.020040	0.020040	7	block_outgroup_unfair
sub-141	older	02	329.954000	3.517450	outgroup	0	1.016390	0.016390	2	block_outgroup_unfair
sub-141	older	02	334.235000	3.504120	outgroup	0	1.021420	0.021420	4	block_outgroup_unfair
sub-141	older	02	338.509000	3.515490	outgroup	0	1.017180	0.017180	3	block_outgroup_unfair
sub-141	older	02	352.040000	3.515110	outgroup	0	1.031240	0.031240	7	block_outgroup_fair
sub-141	older	02	356.321000	3.511320	outgroup	0	1.104110	0.104110	5	block_outgroup_fair
sub-141	older	02	360.591000	3.508170	outgroup	0	1.137070	0.137070	7	block_outgroup_fair
sub-141	older	02	364.867000	3.512630	outgroup	0	1.047710	0.047710	3	block_outgroup_fair
sub-141	older	02	369.148000	3.508320	outgroup	0	1.337280	0.337280	8	block_outgroup_fair
sub-141	older	02	373.415000	3.502590	outgroup	0	1.457550	0.457550	7	block_outgroup_fair
sub-141	older	02	377.686000	3.506990	outgroup	0	1.022720	0.022720	10	block_outgroup_fair
sub-141	older	02	381.961000	3.512960	outgroup	0	1.635760	0.635760	7	block_outgroup_fair
sub-142	older	01	4.009620	3.533130	computer	1			6	block_computer_fair
sub-142	older	01	8.298520	3.516310	computer	0	2.071520	1.071520	2	block_computer_fair
sub-142	older	01	12.571700	3.515840	computer	0	1.767790	0.767790	7	block_computer_fair
sub-142	older	01	16.843100	3.517070	computer	0	1.933530	0.933530	8	block_computer_fair
sub-142	older	01	21.129500	3.518310	computer	0	1.183660	0.183660	7	block_computer_fair
sub-142	older	01	25.399400	3.526390	computer	0	2.318150	1.318150	9	block_computer_fair
sub-142	older	01	29.688500	3.518750	computer	0	1.415590	0.415590	10	block_computer_fair
sub-142	older	01	33.975000	3.519780	computer	0	1.616670	0.616670	9	block_computer_fair
sub-142	older	01	49.504400	3.516550	ingroup	0	1.815280	0.815280	1	block_ingroup_unfair
sub-142	older	01	53.790800	3.501990	ingroup	0	2.349960	1.349960	1	block_ingroup_unfair
sub-142	older	01	58.062200	3.517100	ingroup	0	1.781740	0.781740	8	block_ingroup_unfair
sub-142	older	01	62.349100	3.519610	ingroup	0	1.681640	0.681640	1	block_ingroup_unfair
sub-142	older	01	66.638300	3.520210	ingroup	0	1.612320	0.612320	4	block_ingroup_unfair
sub-142	older	01	70.926400	3.504590	ingroup	0	1.594410	0.594410	4	block_ingroup_unfair
sub-142	older	01	75.187000	3.516180	ingroup	0	1.587780	0.587780	6	block_ingroup_unfair
sub-142	older	01	79.471400	3.517870	ingroup	0	1.339770	0.339770	4	block_ingroup_unfair
sub-142	older	01	93.000300	3.509490	outgroup	0	1.672150	0.672150	7	block_outgroup_unfair
sub-142	older	01	97.282100	3.516260	outgroup	0	1.376880	0.376880	4	block_outgroup_unfair
sub-142	older	01	101.567000	3.517930	outgroup	0	1.027930	0.027930	6	block_outgroup_unfair
sub-142	older	01	105.855000	3.526920	outgroup	0	1.994630	0.994630	1	block_outgroup_unfair
sub-142	older	01	110.140000	3.505550	outgroup	0	1.863020	0.863020	1	block_outgroup_unfair
sub-142	older	01	114.415000	3.519050	outgroup	0	1.791720	0.791720	4	block_outgroup_unfair
sub-142	older	01	118.691000	3.513760	outgroup	0	1.485790	0.485790	3	block_outgroup_unfair
sub-142	older	01	122.976000	3.517290	outgroup	0	1.521250	0.521250	2	block_outgroup_unfair
sub-142	older	01	134.495000	3.511510	computer	0	2.195600	1.195600	1	block_computer_unfair
sub-142	older	01	138.766000	3.505460	computer	0	1.827430	0.827430	1	block_computer_unfair
sub-142	older	01	143.038000	3.508960	computer	0	1.591940	0.591940	3	block_computer_unfair
sub-142	older	01	147.312000	3.518530	computer	0	1.104520	0.104520	5	block_computer_unfair
sub-142	older	01	151.590000	3.512730	computer	0	1.864430	0.864430	9	block_computer_unfair
sub-142	older	01	155.871000	3.518860	computer	0	1.886760	0.886760	1	block_computer_unfair
sub-142	older	01	160.158000	3.519040	computer	0	1.753170	0.753170	1	block_computer_unfair
sub-142	older	01	164.446000	3.520870	computer	0	1.684920	0.684920	4	block_computer_unfair
sub-142	older	01	177.983000	3.510910	computer	0	2.343210	1.343210	10	block_computer_fair
sub-142	older	01	182.258000	3.503700	computer	0	1.688370	0.688370	7	block_computer_fair
sub-142	older	01	186.520000	3.513320	computer	0	1.612280	0.612280	9	block_computer_fair
sub-142	older	01	190.803000	3.518130	computer	0	1.682450	0.682450	2	block_computer_fair
sub-142	older	01	195.090000	3.518720	computer	0	1.566200	0.566200	9	block_computer_fair
sub-142	older	01	199.379000	3.502500	computer	0	1.797630	0.797630	6	block_computer_fair
sub-142	older	01	203.651000	3.518350	computer	0	1.929950	0.929950	8	block_computer_fair
sub-142	older	01	207.924000	3.515340	computer	0	1.810790	0.810790	10	block_computer_fair
sub-142	older	01	221.458000	3.505930	computer	0	1.769880	0.769880	1	block_computer_unfair
sub-142	older	01	225.733000	3.510820	computer	0	1.431780	0.431780	1	block_computer_unfair
sub-142	older	01	229.998000	3.518060	computer	0	1.670370	0.670370	2	block_computer_unfair
sub-142	older	01	234.285000	3.517790	computer	0	1.521010	0.521010	5	block_computer_unfair
sub-142	older	01	238.556000	3.518600	computer	0	1.668930	0.668930	9	block_computer_unfair
sub-142	older	01	242.844000	3.518160	computer	0	1.701760	0.701760	3	block_computer_unfair
sub-142	older	01	247.132000	3.518150	computer	0	1.516850	0.516850	4	block_computer_unfair
sub-142	older	01	251.418000	3.518040	computer	0	1.517050	0.517050	1	block_computer_unfair
sub-142	older	01	262.952000	3.516310	outgroup	0	1.810280	0.810280	8	block_outgroup_fair
sub-142	older	01	267.239000	3.517090	outgroup	0	1.443370	0.443370	1	block_outgroup_fair
sub-142	older	01	271.526000	3.518560	outgroup	0	1.576320	0.576320	7	block_outgroup_fair
sub-142	older	01	275.814000	3.505350	outgroup	0	1.593010	0.593010	10	block_outgroup_fair
sub-142	older	01	280.088000	3.518890	outgroup	0	1.754490	0.754490	9	block_outgroup_fair
sub-142	older	01	284.376000	3.503620	outgroup	0	2.472060	1.472060	5	block_outgroup_fair
sub-142	older	01	288.649000	3.516530	outgroup	0	1.617100	0.617100	8	block_outgroup_fair
sub-142	older	01	292.935000	3.517950	outgroup	0	2.034480	1.034480	8	block_outgroup_fair
sub-142	older	01	304.469000	3.517830	ingroup	0	1.777660	0.777660	7	block_ingroup_unfair
sub-142	older	01	308.756000	3.515220	ingroup	0	1.409750	0.409750	5	block_ingroup_unfair
sub-142	older	01	313.027000	3.518090	ingroup	0	1.675780	0.675780	4	block_ingroup_unfair
sub-142	older	01	317.291000	3.527020	ingroup	0	1.816210	0.816210	2	block_ingroup_unfair
sub-142	older	01	321.587000	3.519510	ingroup	0	1.640230	0.640230	3	block_ingroup_unfair
sub-142	older	01	325.874000	3.525950	ingroup	0	1.506000	0.506000	2	block_ingroup_unfair
sub-142	older	01	330.150000	3.530510	ingroup	0	1.600770	0.600770	1	block_ingroup_unfair
sub-142	older	01	334.450000	3.518350	ingroup	0	1.537100	0.537100	1	block_ingroup_unfair
sub-142	older	01	349.990000	3.511780	ingroup	0	1.993890	0.993890	6	block_ingroup_fair
sub-142	older	01	354.264000	3.523500	ingroup	0	1.573440	0.573440	7	block_ingroup_fair
sub-142	older	01	358.552000	3.517610	ingroup	0	1.589370	0.589370	8	block_ingroup_fair
sub-142	older	01	362.839000	3.520040	ingroup	0	1.638940	0.638940	10	block_ingroup_fair
sub-142	older	01	367.127000	3.517970	ingroup	0	1.787570	0.787570	8	block_ingroup_fair
sub-142	older	01	371.415000	3.518380	ingroup	0	1.952700	0.952700	7	block_ingroup_fair
sub-142	older	01	375.703000	3.519060	ingroup	0	1.601880	0.601880	10	block_ingroup_fair
sub-142	older	01	379.990000	3.519050	ingroup	0	1.651320	0.651320	2	block_ingroup_fair
sub-142	older	02	3.994750	3.517630	outgroup	0	1.603380	0.603380	10	block_outgroup_fair
sub-142	older	02	8.270900	3.527180	outgroup	0	1.213430	0.213430	10	block_outgroup_fair
sub-142	older	02	12.568800	3.517650	outgroup	0	1.502820	0.502820	10	block_outgroup_fair
sub-142	older	02	16.839500	3.510730	outgroup	0	1.752460	0.752460	7	block_outgroup_fair
sub-142	older	02	21.112500	3.518400	outgroup	0	1.349250	0.349250	7	block_outgroup_fair
sub-142	older	02	25.401600	3.501650	outgroup	0	1.897570	0.897570	6	block_outgroup_fair
sub-142	older	02	29.672700	3.507000	outgroup	0	1.596560	0.596560	7	block_outgroup_fair
sub-142	older	02	33.945600	3.508250	outgroup	0	1.293420	0.293420	1	block_outgroup_fair
sub-142	older	02	47.468300	3.516800	ingroup	0	2.149180	1.149180	2	block_ingroup_unfair
sub-142	older	02	51.755500	3.504090	ingroup	0	1.031150	0.031150	1	block_ingroup_unfair
sub-142	older	02	56.016800	3.516560	ingroup	0	1.106770	0.106770	8	block_ingroup_unfair
sub-142	older	02	60.290800	3.514130	ingroup	0	1.036510	0.036510	3	block_ingroup_unfair
sub-142	older	02	64.563300	3.511490	ingroup	0	1.134030	0.134030	5	block_ingroup_unfair
sub-142	older	02	68.843700	3.504700	ingroup	0	1.674330	0.674330	4	block_ingroup_unfair
sub-142	older	02	73.103500	3.503320	ingroup	0	1.217580	0.217580	2	block_ingroup_unfair
sub-142	older	02	77.375300	3.516160	ingroup	0	1.032200	0.032200	2	block_ingroup_unfair
sub-142	older	02	88.894500	3.525010	computer	0	1.757050	0.757050	2	block_computer_unfair
sub-142	older	02	93.184000	3.516910	computer	0	1.019920	0.019920	1	block_computer_unfair
sub-142	older	02	97.459200	3.530800	computer	0	1.248680	0.248680	8	block_computer_unfair
sub-142	older	02	101.751000	3.519120	computer	0	1.711320	0.711320	3	block_computer_unfair
sub-142	older	02	106.038000	3.519540	computer	0	1.544050	0.544050	2	block_computer_unfair
sub-142	older	02	110.326000	3.514870	computer	0	1.675470	0.675470	1	block_computer_unfair
sub-142	older	02	114.600000	3.502840	computer	0	1.689530	0.689530	4	block_computer_unfair
sub-142	older	02	118.871000	3.503510	computer	0	1.704790	0.704790	6	block_computer_unfair
sub-142	older	02	130.375000	3.518650	outgroup	0	2.210770	1.210770	5	block_outgroup_fair
sub-142	older	02	134.664000	3.516580	outgroup	0	1.491620	0.491620	7	block_outgroup_fair
sub-142	older	02	138.951000	3.518660	outgroup	0	1.490870	0.490870	7	block_outgroup_fair
sub-142	older	02	143.216000	3.523520	outgroup	0	1.696120	0.696120	3	block_outgroup_fair
sub-142	older	02	147.510000	3.518350	outgroup	0	1.105320	0.105320	9	block_outgroup_fair
sub-142	older	02	151.797000	3.504900	outgroup	0	1.122570	0.122570	10	block_outgroup_fair
sub-142	older	02	156.057000	3.515860	outgroup	0	1.715650	0.715650	8	block_outgroup_fair
sub-142	older	02	160.344000	3.517880	outgroup	0	1.748930	0.748930	8	block_outgroup_fair
sub-142	older	02	173.877000	3.520930	computer	0	1.443780	0.443780	9	block_computer_fair
sub-142	older	02	178.143000	3.527010	computer	0	1.832320	0.832320	8	block_computer_fair
sub-142	older	02	182.439000	3.520610	computer	0	1.856360	0.856360	8	block_computer_fair
sub-142	older	02	186.727000	3.518210	computer	0	1.487720	0.487720	8	block_computer_fair
sub-142	older	02	191.001000	3.517590	computer	0	1.583590	0.583590	3	block_computer_fair
sub-142	older	02	195.288000	3.518370	computer	0	1.617370	0.617370	5	block_computer_fair
sub-142	older	02	199.576000	3.518900	computer	0	1.666200	0.666200	8	block_computer_fair
sub-142	older	02	203.864000	3.503590	computer	0	1.514440	0.514440	9	block_computer_fair
sub-142	older	02	219.378000	3.515830	outgroup	0	1.847770	0.847770	7	block_outgroup_unfair
sub-142	older	02	223.664000	3.501900	outgroup	0	1.781100	0.781100	5	block_outgroup_unfair
sub-142	older	02	227.935000	3.518270	outgroup	0	1.080550	0.080550	1	block_outgroup_unfair
sub-142	older	02	232.221000	3.518140	outgroup	0	1.096950	0.096950	1	block_outgroup_unfair
sub-142	older	02	236.513000	3.515570	outgroup	0	1.025710	0.025710	2	block_outgroup_unfair
sub-142	older	02	240.798000	3.518490	outgroup	0	1.026890	0.026890	1	block_outgroup_unfair
sub-142	older	02	245.063000	3.516640	outgroup	0	1.483060	0.483060	2	block_outgroup_unfair
sub-142	older	02	249.328000	3.517870	outgroup	0	2.138070	1.138070	1	block_outgroup_unfair
sub-142	older	02	260.862000	3.516640	ingroup	0	1.997040	0.997040	8	block_ingroup_fair
sub-142	older	02	265.133000	3.508890	ingroup	0	1.779480	0.779480	7	block_ingroup_fair
sub-142	older	02	269.400000	3.512330	ingroup	0	1.699960	0.699960	9	block_ingroup_fair
sub-142	older	02	273.677000	3.518190	ingroup	0	1.676330	0.676330	10	block_ingroup_fair
sub-142	older	02	277.955000	3.528350	ingroup	0	1.467510	0.467510	10	block_ingroup_fair
sub-142	older	02	282.254000	3.517840	ingroup	0	1.889110	0.889110	10	block_ingroup_fair
sub-142	older	02	286.540000	3.519730	ingroup	0	1.856240	0.856240	6	block_ingroup_fair
sub-142	older	02	290.829000	3.518150	ingroup	0	1.704820	0.704820	4	block_ingroup_fair
sub-142	older	02	304.367000	3.515720	outgroup	0	1.911320	0.911320	4	block_outgroup_unfair
sub-142	older	02	308.645000	3.510320	outgroup	0	1.619100	0.619100	5	block_outgroup_unfair
sub-142	older	02	312.912000	3.515830	outgroup	0	1.474720	0.474720	3	block_outgroup_unfair
sub-142	older	02	317.181000	3.525560	outgroup	0	1.607810	0.607810	3	block_outgroup_unfair
sub-142	older	02	321.468000	3.503300	outgroup	0	1.673720	0.673720	2	block_outgroup_unfair
sub-142	older	02	325.741000	3.517680	outgroup	0	1.305510	0.305510	7	block_outgroup_unfair
sub-142	older	02	330.020000	3.517440	outgroup	0	1.511680	0.511680	3	block_outgroup_unfair
sub-142	older	02	334.302000	3.523090	outgroup	0	1.634120	0.634120	3	block_outgroup_unfair
sub-142	older	02	349.844000	3.516120	ingroup	0	1.821810	0.821810	8	block_ingroup_fair
sub-142	older	02	354.128000	3.521200	ingroup	0	1.774380	0.774380	9	block_ingroup_fair
sub-142	older	02	358.401000	3.513900	ingroup	0	1.671110	0.671110	7	block_ingroup_fair
sub-142	older	02	362.674000	3.503810	ingroup	0	1.752370	0.752370	6	block_ingroup_fair
sub-142	older	02	366.948000	3.517670	ingroup	0	1.915070	0.915070	3	block_ingroup_fair
sub-142	older	02	371.235000	3.516260	ingroup	0	1.764810	0.764810	7	block_ingroup_fair
sub-142	older	02	375.508000	3.518470	ingroup	0	1.661670	0.661670	7	block_ingroup_fair
sub-142	older	02	379.783000	3.516370	ingroup	0	1.640290	0.640290	9	block_ingroup_fair
sub-143	older	01	4.009860	3.517010	ingroup	0	2.910890	1.910890	1	block_ingroup_unfair
sub-143	older	01	8.284880	3.517300	ingroup	0	1.671380	0.671380	1	block_ingroup_unfair
sub-143	older	01	12.559500	3.516660	ingroup	0	2.384330	1.384330	1	block_ingroup_unfair
sub-143	older	01	16.833400	3.516530	ingroup	0	1.279720	0.279720	10	block_ingroup_unfair
sub-143	older	01	21.107500	3.516790	ingroup	0	1.659610	0.659610	1	block_ingroup_unfair
sub-143	older	01	25.381300	3.516600	ingroup	0	1.105470	0.105470	3	block_ingroup_unfair
sub-143	older	01	29.655400	3.516250	ingroup	0	1.752180	0.752180	1	block_ingroup_unfair
sub-143	older	01	33.929200	3.516530	ingroup	0	1.031260	0.031260	5	block_ingroup_unfair
sub-143	older	01	47.456200	3.516380	outgroup	0	1.032070	0.032070	8	block_outgroup_fair
sub-143	older	01	51.731400	3.517220	outgroup	0	1.026930	0.026930	10	block_outgroup_fair
sub-143	older	01	56.006800	3.516480	outgroup	0	1.188780	0.188780	5	block_outgroup_fair
sub-143	older	01	60.280800	3.516930	outgroup	0	1.034700	0.034700	7	block_outgroup_fair
sub-143	older	01	64.555300	3.516490	outgroup	0	1.030360	0.030360	9	block_outgroup_fair
sub-143	older	01	68.829300	3.516600	outgroup	0	1.026760	0.026760	8	block_outgroup_fair
sub-143	older	01	73.104200	3.515610	outgroup	0	1.022070	0.022070	4	block_outgroup_fair
sub-143	older	01	77.377700	3.516440	outgroup	0	1.018080	0.018080	7	block_outgroup_fair
sub-143	older	01	88.901800	3.516390	outgroup	0	1.020400	0.020400	4	block_outgroup_unfair
sub-143	older	01	93.175100	3.516310	outgroup	0	1.017400	0.017400	3	block_outgroup_unfair
sub-143	older	01	97.449100	3.515610	outgroup	0	1.030140	0.030140	2	block_outgroup_unfair
sub-143	older	01	101.722000	3.517000	outgroup	0	1.027180	0.027180	7	block_outgroup_unfair
sub-143	older	01	105.997000	3.515640	outgroup	0	1.022170	0.022170	4	block_outgroup_unfair
sub-143	older	01	110.271000	3.515580	outgroup	0	1.336290	0.336290	6	block_outgroup_unfair
sub-143	older	01	114.544000	3.515740	outgroup	0	2.000740	1.000740	2	block_outgroup_unfair
sub-143	older	01	118.817000	3.516440	outgroup	0	1.029360	0.029360	4	block_outgroup_unfair
sub-143	older	01	134.342000	3.516030	computer	0	1.968330	0.968330	3	block_computer_unfair
sub-143	older	01	138.615000	3.517240	computer	0	1.281650	0.281650	1	block_computer_unfair
sub-143	older	01	142.889000	3.518220	computer	0	1.026930	0.026930	3	block_computer_unfair
sub-143	older	01	147.165000	3.515790	computer	0	1.756000	0.756000	2	block_computer_unfair
sub-143	older	01	151.438000	3.516510	computer	0	1.018520	0.018520	9	block_computer_unfair
sub-143	older	01	155.713000	3.516520	computer	0	1.030600	0.030600	4	block_computer_unfair
sub-143	older	01	159.987000	3.515230	computer	0	1.027030	0.027030	6	block_computer_unfair
sub-143	older	01	164.259000	3.517360	computer	0	1.291990	0.291990	2	block_computer_unfair
sub-143	older	01	179.785000	3.516280	ingroup	0	1.078680	0.078680	7	block_ingroup_fair
sub-143	older	01	184.060000	3.516650	ingroup	0	2.090970	1.090970	2	block_ingroup_fair
sub-143	older	01	188.335000	3.515190	ingroup	0	1.020030	0.020030	8	block_ingroup_fair
sub-143	older	01	192.608000	3.517770	ingroup	0	1.032900	0.032900	9	block_ingroup_fair
sub-143	older	01	196.883000	3.517380	ingroup	0	1.027660	0.027660	5	block_ingroup_fair
sub-143	older	01	201.159000	3.516160	ingroup	0	1.022480	0.022480	7	block_ingroup_fair
sub-143	older	01	205.433000	3.515780	ingroup	0	1.018440	0.018440	9	block_ingroup_fair
sub-143	older	01	209.706000	3.516070	ingroup	0	1.032430	0.032430	7	block_ingroup_fair
sub-143	older	01	221.230000	3.517100	computer	0	1.234630	0.234630	7	block_computer_fair
sub-143	older	01	225.505000	3.516710	computer	0	1.029190	0.029190	8	block_computer_fair
sub-143	older	01	229.779000	3.516310	computer	0	1.025450	0.025450	10	block_computer_fair
sub-143	older	01	234.054000	3.516060	computer	0	1.021010	0.021010	7	block_computer_fair
sub-143	older	01	238.326000	3.516350	computer	0	1.019070	0.019070	10	block_computer_fair
sub-143	older	01	242.600000	3.515690	computer	0	1.031220	0.031220	10	block_computer_fair
sub-143	older	01	246.873000	3.517790	computer	0	1.028980	0.028980	2	block_computer_fair
sub-143	older	01	251.147000	3.516130	computer	0	1.024560	0.024560	5	block_computer_fair
sub-143	older	01	264.672000	3.516610	ingroup	0	1.661470	0.661470	3	block_ingroup_unfair
sub-143	older	01	268.947000	3.517020	ingroup	0	1.022450	0.022450	4	block_ingroup_unfair
sub-143	older	01	273.222000	3.516260	ingroup	0	1.017480	0.017480	8	block_ingroup_unfair
sub-143	older	01	277.496000	3.516780	ingroup	0	1.364430	0.364430	2	block_ingroup_unfair
sub-143	older	01	281.771000	3.516370	ingroup	0	1.026190	0.026190	5	block_ingroup_unfair
sub-143	older	01	286.045000	3.516450	ingroup	0	1.022470	0.022470	1	block_ingroup_unfair
sub-143	older	01	290.318000	3.515790	ingroup	0	1.019280	0.019280	3	block_ingroup_unfair
sub-143	older	01	294.592000	3.516730	ingroup	0	1.165960	0.165960	3	block_ingroup_unfair
sub-143	older	01	308.116000	3.516420	computer	0	1.019180	0.019180	7	block_computer_unfair
sub-143	older	01	312.391000	3.517050	computer	0	1.031510	0.031510	5	block_computer_unfair
sub-143	older	01	316.665000	3.516260	computer	0	1.027890	0.027890	4	block_computer_unfair
sub-143	older	01	320.938000	3.516580	computer	0	1.024630	0.024630	3	block_computer_unfair
sub-143	older	01	325.212000	3.517820	computer	0	1.020850	0.020850	1	block_computer_unfair
sub-143	older	01	329.487000	3.515920	computer	0	1.033110	0.033110	3	block_computer_unfair
sub-143	older	01	333.760000	3.516350	computer	0	1.263530	0.263530	4	block_computer_unfair
sub-143	older	01	338.034000	3.515890	computer	0	1.226360	0.226360	1	block_computer_unfair
sub-143	older	01	349.558000	3.516460	computer	0	1.045410	0.045410	10	block_computer_fair
sub-143	older	01	353.832000	3.516640	computer	0	1.024480	0.024480	10	block_computer_fair
sub-143	older	01	358.107000	3.516700	computer	0	1.019950	0.019950	10	block_computer_fair
sub-143	older	01	362.380000	3.514990	computer	0	1.033060	0.033060	2	block_computer_fair
sub-143	older	01	366.653000	3.515190	computer	0	1.031180	0.031180	7	block_computer_fair
sub-143	older	01	370.925000	3.516660	computer	0	1.029060	0.029060	7	block_computer_fair
sub-143	older	01	375.198000	3.515620	computer	0	1.025690	0.025690	5	block_computer_fair
sub-143	older	01	379.471000	3.516490	computer	0	1.023320	0.023320	9	block_computer_fair
sub-143	older	02	4.008260	3.517400	computer	0	1.100660	0.100660	3	block_computer_unfair
sub-143	older	02	8.282790	3.515960	computer	0	1.079510	0.079510	8	block_computer_unfair
sub-143	older	02	12.555700	3.516160	computer	0	1.026680	0.026680	4	block_computer_unfair
sub-143	older	02	16.829600	3.515860	computer	0	1.023060	0.023060	5	block_computer_unfair
sub-143	older	02	21.102500	3.516310	computer	0	1.020010	0.020010	4	block_computer_unfair
sub-143	older	02	25.376100	3.517210	computer	0	1.016900	0.016900	3	block_computer_unfair
sub-143	older	02	29.650600	3.515620	computer	0	1.029060	0.029060	3	block_computer_unfair
sub-143	older	02	33.923600	3.516180	computer	0	1.026370	0.026370	2	block_computer_unfair
sub-143	older	02	47.448800	3.513710	outgroup	0	1.030020	0.030020	9	block_outgroup_fair
sub-143	older	02	51.721200	3.516040	outgroup	0	1.026210	0.026210	10	block_outgroup_fair
sub-143	older	02	55.995300	3.516580	outgroup	0	1.022650	0.022650	8	block_outgroup_fair
sub-143	older	02	60.269100	3.517230	outgroup	0	1.018910	0.018910	8	block_outgroup_fair
sub-143	older	02	64.544300	3.517060	outgroup	0	1.030770	0.030770	5	block_outgroup_fair
sub-143	older	02	68.818800	3.516720	outgroup	0	1.026430	0.026430	10	block_outgroup_fair
sub-143	older	02	73.093700	3.517070	outgroup	0	1.021610	0.021610	10	block_outgroup_fair
sub-143	older	02	77.368600	3.517080	outgroup	0	1.016780	0.016780	2	block_outgroup_fair
sub-143	older	02	90.894200	3.516170	ingroup	0	1.019600	0.019600	10	block_ingroup_fair
sub-143	older	02	95.167800	3.517120	ingroup	0	1.032460	0.032460	8	block_ingroup_fair
sub-143	older	02	99.443300	3.516700	ingroup	0	1.027260	0.027260	8	block_ingroup_fair
sub-143	older	02	103.717000	3.515690	ingroup	0	1.107460	0.107460	3	block_ingroup_fair
sub-143	older	02	107.990000	3.516560	ingroup	0	1.020350	0.020350	9	block_ingroup_fair
sub-143	older	02	112.265000	3.516550	ingroup	0	1.032660	0.032660	8	block_ingroup_fair
sub-143	older	02	116.539000	3.515890	ingroup	0	1.029130	0.029130	5	block_ingroup_fair
sub-143	older	02	120.813000	3.515610	ingroup	0	1.025310	0.025310	9	block_ingroup_fair
sub-143	older	02	136.337000	3.517200	computer	0	1.230620	0.230620	9	block_computer_fair
sub-143	older	02	140.612000	3.516440	computer	0	1.292730	0.292730	5	block_computer_fair
sub-143	older	02	144.886000	3.516420	computer	0	1.021220	0.021220	9	block_computer_fair
sub-143	older	02	149.161000	3.515570	computer	0	1.017160	0.017160	7	block_computer_fair
sub-143	older	02	153.434000	3.516030	computer	0	1.031150	0.031150	7	block_computer_fair
sub-143	older	02	157.708000	3.516580	computer	0	1.027320	0.027320	7	block_computer_fair
sub-143	older	02	161.982000	3.516090	computer	0	1.023670	0.023670	10	block_computer_fair
sub-143	older	02	166.255000	3.516080	computer	0	1.020500	0.020500	1	block_computer_fair
sub-143	older	02	177.780000	3.516520	outgroup	0	1.855840	0.855840	2	block_outgroup_unfair
sub-143	older	02	182.055000	3.517600	outgroup	0	1.032720	0.032720	5	block_outgroup_unfair
sub-143	older	02	186.331000	3.516460	outgroup	0	1.027260	0.027260	4	block_outgroup_unfair
sub-143	older	02	190.605000	3.517280	outgroup	0	1.157070	0.157070	2	block_outgroup_unfair
sub-143	older	02	194.880000	3.516150	outgroup	0	1.018520	0.018520	4	block_outgroup_unfair
sub-143	older	02	199.154000	3.515420	outgroup	0	1.031170	0.031170	3	block_outgroup_unfair
sub-143	older	02	203.428000	3.516930	outgroup	0	1.027680	0.027680	7	block_outgroup_unfair
sub-143	older	02	207.703000	3.516460	outgroup	0	1.023090	0.023090	4	block_outgroup_unfair
sub-143	older	02	219.228000	3.516550	ingroup	0	1.040880	0.040880	5	block_ingroup_fair
sub-143	older	02	223.503000	3.516920	ingroup	0	1.019750	0.019750	9	block_ingroup_fair
sub-143	older	02	227.777000	3.515860	ingroup	0	1.032120	0.032120	9	block_ingroup_fair
sub-143	older	02	232.050000	3.515850	ingroup	0	1.029260	0.029260	9	block_ingroup_fair
sub-143	older	02	236.324000	3.517500	ingroup	0	1.025810	0.025810	3	block_ingroup_fair
sub-143	older	02	240.599000	3.515640	ingroup	0	1.021220	0.021220	7	block_ingroup_fair
sub-143	older	02	244.872000	3.516390	ingroup	0	1.017300	0.017300	7	block_ingroup_fair
sub-143	older	02	249.147000	3.517200	ingroup	0	1.029800	0.029800	10	block_ingroup_fair
sub-143	older	02	264.671000	3.516150	ingroup	0	1.034940	0.034940	4	block_ingroup_unfair
sub-143	older	02	268.945000	3.516650	ingroup	0	1.298660	0.298660	3	block_ingroup_unfair
sub-143	older	02	273.220000	3.516940	ingroup	0	1.026570	0.026570	4	block_ingroup_unfair
sub-143	older	02	277.494000	3.516360	ingroup	0	1.022710	0.022710	4	block_ingroup_unfair
sub-143	older	02	281.769000	3.516070	ingroup	0	1.017690	0.017690	4	block_ingroup_unfair
sub-143	older	02	286.043000	3.517020	ingroup	0	1.030610	0.030610	10	block_ingroup_unfair
sub-143	older	02	290.317000	3.516710	ingroup	0	1.026740	0.026740	5	block_ingroup_unfair
sub-143	older	02	294.592000	3.516990	ingroup	0	1.689720	0.689720	2	block_ingroup_unfair
sub-143	older	02	310.118000	3.516070	outgroup	0	1.259190	0.259190	10	block_outgroup_fair
sub-143	older	02	314.393000	3.516310	outgroup	0	1.020160	0.020160	6	block_outgroup_fair
sub-143	older	02	318.667000	3.516320	outgroup	0	1.033100	0.033100	8	block_outgroup_fair
sub-143	older	02	322.942000	3.517370	outgroup	0	1.027890	0.027890	8	block_outgroup_fair
sub-143	older	02	327.217000	3.517170	outgroup	0	1.023470	0.023470	10	block_outgroup_fair
sub-143	older	02	331.492000	3.515790	outgroup	0	1.019220	0.019220	1	block_outgroup_fair
sub-143	older	02	335.766000	3.517060	outgroup	0	1.031920	0.031920	10	block_outgroup_fair
sub-143	older	02	340.040000	3.517630	outgroup	0	1.027660	0.027660	9	block_outgroup_fair
sub-143	older	02	353.566000	3.515790	outgroup	0	1.714250	0.714250	1	block_outgroup_unfair
sub-143	older	02	357.839000	3.517200	outgroup	0	1.026520	0.026520	3	block_outgroup_unfair
sub-143	older	02	362.114000	3.517740	outgroup	0	1.021960	0.021960	1	block_outgroup_unfair
sub-143	older	02	366.390000	3.516540	outgroup	0	1.032880	0.032880	3	block_outgroup_unfair
sub-143	older	02	370.665000	3.516340	outgroup	0	1.028850	0.028850	5	block_outgroup_unfair
sub-143	older	02	374.938000	3.515840	outgroup	0	1.024750	0.024750	4	block_outgroup_unfair
sub-143	older	02	379.212000	3.516600	outgroup	0	1.021380	0.021380	4	block_outgroup_unfair
sub-143	older	02	383.488000	3.516780	outgroup	0	1.032800	0.032800	8	block_outgroup_unfair
sub-144	older	01	4.009860	3.517010	ingroup	0	2.910890	1.910890	1	block_ingroup_unfair
sub-144	older	01	8.284880	3.517300	ingroup	0	1.671380	0.671380	1	block_ingroup_unfair
sub-144	older	01	12.559500	3.516660	ingroup	0	2.384330	1.384330	1	block_ingroup_unfair
sub-144	older	01	16.833400	3.516530	ingroup	0	1.279720	0.279720	10	block_ingroup_unfair
sub-144	older	01	21.107500	3.516790	ingroup	0	1.659610	0.659610	1	block_ingroup_unfair
sub-144	older	01	25.381300	3.516600	ingroup	0	1.105470	0.105470	3	block_ingroup_unfair
sub-144	older	01	29.655400	3.516250	ingroup	0	1.752180	0.752180	1	block_ingroup_unfair
sub-144	older	01	33.929200	3.516530	ingroup	0	1.031260	0.031260	5	block_ingroup_unfair
sub-144	older	01	47.456200	3.516380	outgroup	0	1.032070	0.032070	8	block_outgroup_fair
sub-144	older	01	51.731400	3.517220	outgroup	0	1.026930	0.026930	10	block_outgroup_fair
sub-144	older	01	56.006800	3.516480	outgroup	0	1.188780	0.188780	5	block_outgroup_fair
sub-144	older	01	60.280800	3.516930	outgroup	0	1.034700	0.034700	7	block_outgroup_fair
sub-144	older	01	64.555300	3.516490	outgroup	0	1.030360	0.030360	9	block_outgroup_fair
sub-144	older	01	68.829300	3.516600	outgroup	0	1.026760	0.026760	8	block_outgroup_fair
sub-144	older	01	73.104200	3.515610	outgroup	0	1.022070	0.022070	4	block_outgroup_fair
sub-144	older	01	77.377700	3.516440	outgroup	0	1.018080	0.018080	7	block_outgroup_fair
sub-144	older	01	88.901800	3.516390	outgroup	0	1.020400	0.020400	4	block_outgroup_unfair
sub-144	older	01	93.175100	3.516310	outgroup	0	1.017400	0.017400	3	block_outgroup_unfair
sub-144	older	01	97.449100	3.515610	outgroup	0	1.030140	0.030140	2	block_outgroup_unfair
sub-144	older	01	101.722000	3.517000	outgroup	0	1.027180	0.027180	7	block_outgroup_unfair
sub-144	older	01	105.997000	3.515640	outgroup	0	1.022170	0.022170	4	block_outgroup_unfair
sub-144	older	01	110.271000	3.515580	outgroup	0	1.336290	0.336290	6	block_outgroup_unfair
sub-144	older	01	114.544000	3.515740	outgroup	0	2.000740	1.000740	2	block_outgroup_unfair
sub-144	older	01	118.817000	3.516440	outgroup	0	1.029360	0.029360	4	block_outgroup_unfair
sub-144	older	01	134.342000	3.516030	computer	0	1.968330	0.968330	3	block_computer_unfair
sub-144	older	01	138.615000	3.517240	computer	0	1.281650	0.281650	1	block_computer_unfair
sub-144	older	01	142.889000	3.518220	computer	0	1.026930	0.026930	3	block_computer_unfair
sub-144	older	01	147.165000	3.515790	computer	0	1.756000	0.756000	2	block_computer_unfair
sub-144	older	01	151.438000	3.516510	computer	0	1.018520	0.018520	9	block_computer_unfair
sub-144	older	01	155.713000	3.516520	computer	0	1.030600	0.030600	4	block_computer_unfair
sub-144	older	01	159.987000	3.515230	computer	0	1.027030	0.027030	6	block_computer_unfair
sub-144	older	01	164.259000	3.517360	computer	0	1.291990	0.291990	2	block_computer_unfair
sub-144	older	01	179.785000	3.516280	ingroup	0	1.078680	0.078680	7	block_ingroup_fair
sub-144	older	01	184.060000	3.516650	ingroup	0	2.090970	1.090970	2	block_ingroup_fair
sub-144	older	01	188.335000	3.515190	ingroup	0	1.020030	0.020030	8	block_ingroup_fair
sub-144	older	01	192.608000	3.517770	ingroup	0	1.032900	0.032900	9	block_ingroup_fair
sub-144	older	01	196.883000	3.517380	ingroup	0	1.027660	0.027660	5	block_ingroup_fair
sub-144	older	01	201.159000	3.516160	ingroup	0	1.022480	0.022480	7	block_ingroup_fair
sub-144	older	01	205.433000	3.515780	ingroup	0	1.018440	0.018440	9	block_ingroup_fair
sub-144	older	01	209.706000	3.516070	ingroup	0	1.032430	0.032430	7	block_ingroup_fair
sub-144	older	01	221.230000	3.517100	computer	0	1.234630	0.234630	7	block_computer_fair
sub-144	older	01	225.505000	3.516710	computer	0	1.029190	0.029190	8	block_computer_fair
sub-144	older	01	229.779000	3.516310	computer	0	1.025450	0.025450	10	block_computer_fair
sub-144	older	01	234.054000	3.516060	computer	0	1.021010	0.021010	7	block_computer_fair
sub-144	older	01	238.326000	3.516350	computer	0	1.019070	0.019070	10	block_computer_fair
sub-144	older	01	242.600000	3.515690	computer	0	1.031220	0.031220	10	block_computer_fair
sub-144	older	01	246.873000	3.517790	computer	0	1.028980	0.028980	2	block_computer_fair
sub-144	older	01	251.147000	3.516130	computer	0	1.024560	0.024560	5	block_computer_fair
sub-144	older	01	264.672000	3.516610	ingroup	0	1.661470	0.661470	3	block_ingroup_unfair
sub-144	older	01	268.947000	3.517020	ingroup	0	1.022450	0.022450	4	block_ingroup_unfair
sub-144	older	01	273.222000	3.516260	ingroup	0	1.017480	0.017480	8	block_ingroup_unfair
sub-144	older	01	277.496000	3.516780	ingroup	0	1.364430	0.364430	2	block_ingroup_unfair
sub-144	older	01	281.771000	3.516370	ingroup	0	1.026190	0.026190	5	block_ingroup_unfair
sub-144	older	01	286.045000	3.516450	ingroup	0	1.022470	0.022470	1	block_ingroup_unfair
sub-144	older	01	290.318000	3.515790	ingroup	0	1.019280	0.019280	3	block_ingroup_unfair
sub-144	older	01	294.592000	3.516730	ingroup	0	1.165960	0.165960	3	block_ingroup_unfair
sub-144	older	01	308.116000	3.516420	computer	0	1.019180	0.019180	7	block_computer_unfair
sub-144	older	01	312.391000	3.517050	computer	0	1.031510	0.031510	5	block_computer_unfair
sub-144	older	01	316.665000	3.516260	computer	0	1.027890	0.027890	4	block_computer_unfair
sub-144	older	01	320.938000	3.516580	computer	0	1.024630	0.024630	3	block_computer_unfair
sub-144	older	01	325.212000	3.517820	computer	0	1.020850	0.020850	1	block_computer_unfair
sub-144	older	01	329.487000	3.515920	computer	0	1.033110	0.033110	3	block_computer_unfair
sub-144	older	01	333.760000	3.516350	computer	0	1.263530	0.263530	4	block_computer_unfair
sub-144	older	01	338.034000	3.515890	computer	0	1.226360	0.226360	1	block_computer_unfair
sub-144	older	01	349.558000	3.516460	computer	0	1.045410	0.045410	10	block_computer_fair
sub-144	older	01	353.832000	3.516640	computer	0	1.024480	0.024480	10	block_computer_fair
sub-144	older	01	358.107000	3.516700	computer	0	1.019950	0.019950	10	block_computer_fair
sub-144	older	01	362.380000	3.514990	computer	0	1.033060	0.033060	2	block_computer_fair
sub-144	older	01	366.653000	3.515190	computer	0	1.031180	0.031180	7	block_computer_fair
sub-144	older	01	370.925000	3.516660	computer	0	1.029060	0.029060	7	block_computer_fair
sub-144	older	01	375.198000	3.515620	computer	0	1.025690	0.025690	5	block_computer_fair
sub-144	older	01	379.471000	3.516490	computer	0	1.023320	0.023320	9	block_computer_fair
sub-144	older	02	4.008260	3.517400	computer	0	1.100660	0.100660	3	block_computer_unfair
sub-144	older	02	8.282790	3.515960	computer	0	1.079510	0.079510	8	block_computer_unfair
sub-144	older	02	12.555700	3.516160	computer	0	1.026680	0.026680	4	block_computer_unfair
sub-144	older	02	16.829600	3.515860	computer	0	1.023060	0.023060	5	block_computer_unfair
sub-144	older	02	21.102500	3.516310	computer	0	1.020010	0.020010	4	block_computer_unfair
sub-144	older	02	25.376100	3.517210	computer	0	1.016900	0.016900	3	block_computer_unfair
sub-144	older	02	29.650600	3.515620	computer	0	1.029060	0.029060	3	block_computer_unfair
sub-144	older	02	33.923600	3.516180	computer	0	1.026370	0.026370	2	block_computer_unfair
sub-144	older	02	47.448800	3.513710	outgroup	0	1.030020	0.030020	9	block_outgroup_fair
sub-144	older	02	51.721200	3.516040	outgroup	0	1.026210	0.026210	10	block_outgroup_fair
sub-144	older	02	55.995300	3.516580	outgroup	0	1.022650	0.022650	8	block_outgroup_fair
sub-144	older	02	60.269100	3.517230	outgroup	0	1.018910	0.018910	8	block_outgroup_fair
sub-144	older	02	64.544300	3.517060	outgroup	0	1.030770	0.030770	5	block_outgroup_fair
sub-144	older	02	68.818800	3.516720	outgroup	0	1.026430	0.026430	10	block_outgroup_fair
sub-144	older	02	73.093700	3.517070	outgroup	0	1.021610	0.021610	10	block_outgroup_fair
sub-144	older	02	77.368600	3.517080	outgroup	0	1.016780	0.016780	2	block_outgroup_fair
sub-144	older	02	90.894200	3.516170	ingroup	0	1.019600	0.019600	10	block_ingroup_fair
sub-144	older	02	95.167800	3.517120	ingroup	0	1.032460	0.032460	8	block_ingroup_fair
sub-144	older	02	99.443300	3.516700	ingroup	0	1.027260	0.027260	8	block_ingroup_fair
sub-144	older	02	103.717000	3.515690	ingroup	0	1.107460	0.107460	3	block_ingroup_fair
sub-144	older	02	107.990000	3.516560	ingroup	0	1.020350	0.020350	9	block_ingroup_fair
sub-144	older	02	112.265000	3.516550	ingroup	0	1.032660	0.032660	8	block_ingroup_fair
sub-144	older	02	116.539000	3.515890	ingroup	0	1.029130	0.029130	5	block_ingroup_fair
sub-144	older	02	120.813000	3.515610	ingroup	0	1.025310	0.025310	9	block_ingroup_fair
sub-144	older	02	136.337000	3.517200	computer	0	1.230620	0.230620	9	block_computer_fair
sub-144	older	02	140.612000	3.516440	computer	0	1.292730	0.292730	5	block_computer_fair
sub-144	older	02	144.886000	3.516420	computer	0	1.021220	0.021220	9	block_computer_fair
sub-144	older	02	149.161000	3.515570	computer	0	1.017160	0.017160	7	block_computer_fair
sub-144	older	02	153.434000	3.516030	computer	0	1.031150	0.031150	7	block_computer_fair
sub-144	older	02	157.708000	3.516580	computer	0	1.027320	0.027320	7	block_computer_fair
sub-144	older	02	161.982000	3.516090	computer	0	1.023670	0.023670	10	block_computer_fair
sub-144	older	02	166.255000	3.516080	computer	0	1.020500	0.020500	1	block_computer_fair
sub-144	older	02	177.780000	3.516520	outgroup	0	1.855840	0.855840	2	block_outgroup_unfair
sub-144	older	02	182.055000	3.517600	outgroup	0	1.032720	0.032720	5	block_outgroup_unfair
sub-144	older	02	186.331000	3.516460	outgroup	0	1.027260	0.027260	4	block_outgroup_unfair
sub-144	older	02	190.605000	3.517280	outgroup	0	1.157070	0.157070	2	block_outgroup_unfair
sub-144	older	02	194.880000	3.516150	outgroup	0	1.018520	0.018520	4	block_outgroup_unfair
sub-144	older	02	199.154000	3.515420	outgroup	0	1.031170	0.031170	3	block_outgroup_unfair
sub-144	older	02	203.428000	3.516930	outgroup	0	1.027680	0.027680	7	block_outgroup_unfair
sub-144	older	02	207.703000	3.516460	outgroup	0	1.023090	0.023090	4	block_outgroup_unfair
sub-144	older	02	219.228000	3.516550	ingroup	0	1.040880	0.040880	5	block_ingroup_fair
sub-144	older	02	223.503000	3.516920	ingroup	0	1.019750	0.019750	9	block_ingroup_fair
sub-144	older	02	227.777000	3.515860	ingroup	0	1.032120	0.032120	9	block_ingroup_fair
sub-144	older	02	232.050000	3.515850	ingroup	0	1.029260	0.029260	9	block_ingroup_fair
sub-144	older	02	236.324000	3.517500	ingroup	0	1.025810	0.025810	3	block_ingroup_fair
sub-144	older	02	240.599000	3.515640	ingroup	0	1.021220	0.021220	7	block_ingroup_fair
sub-144	older	02	244.872000	3.516390	ingroup	0	1.017300	0.017300	7	block_ingroup_fair
sub-144	older	02	249.147000	3.517200	ingroup	0	1.029800	0.029800	10	block_ingroup_fair
sub-144	older	02	264.671000	3.516150	ingroup	0	1.034940	0.034940	4	block_ingroup_unfair
sub-144	older	02	268.945000	3.516650	ingroup	0	1.298660	0.298660	3	block_ingroup_unfair
sub-144	older	02	273.220000	3.516940	ingroup	0	1.026570	0.026570	4	block_ingroup_unfair
sub-144	older	02	277.494000	3.516360	ingroup	0	1.022710	0.022710	4	block_ingroup_unfair
sub-144	older	02	281.769000	3.516070	ingroup	0	1.017690	0.017690	4	block_ingroup_unfair
sub-144	older	02	286.043000	3.517020	ingroup	0	1.030610	0.030610	10	block_ingroup_unfair
sub-144	older	02	290.317000	3.516710	ingroup	0	1.026740	0.026740	5	block_ingroup_unfair
sub-144	older	02	294.592000	3.516990	ingroup	0	1.689720	0.689720	2	block_ingroup_unfair
sub-144	older	02	310.118000	3.516070	outgroup	0	1.259190	0.259190	10	block_outgroup_fair
sub-144	older	02	314.393000	3.516310	outgroup	0	1.020160	0.020160	6	block_outgroup_fair
sub-144	older	02	318.667000	3.516320	outgroup	0	1.033100	0.033100	8	block_outgroup_fair
sub-144	older	02	322.942000	3.517370	outgroup	0	1.027890	0.027890	8	block_outgroup_fair
sub-144	older	02	327.217000	3.517170	outgroup	0	1.023470	0.023470	10	block_outgroup_fair
sub-144	older	02	331.492000	3.515790	outgroup	0	1.019220	0.019220	1	block_outgroup_fair
sub-144	older	02	335.766000	3.517060	outgroup	0	1.031920	0.031920	10	block_outgroup_fair
sub-144	older	02	340.040000	3.517630	outgroup	0	1.027660	0.027660	9	block_outgroup_fair
sub-144	older	02	353.566000	3.515790	outgroup	0	1.714250	0.714250	1	block_outgroup_unfair
sub-144	older	02	357.839000	3.517200	outgroup	0	1.026520	0.026520	3	block_outgroup_unfair
sub-144	older	02	362.114000	3.517740	outgroup	0	1.021960	0.021960	1	block_outgroup_unfair
sub-144	older	02	366.390000	3.516540	outgroup	0	1.032880	0.032880	3	block_outgroup_unfair
sub-144	older	02	370.665000	3.516340	outgroup	0	1.028850	0.028850	5	block_outgroup_unfair
sub-144	older	02	374.938000	3.515840	outgroup	0	1.024750	0.024750	4	block_outgroup_unfair
sub-144	older	02	379.212000	3.516600	outgroup	0	1.021380	0.021380	4	block_outgroup_unfair
sub-144	older	02	383.488000	3.516780	outgroup	0	1.032800	0.032800	8	block_outgroup_unfair
sub-147	older	01	4.015530	3.512300	computer	0	2.668130	1.668130	4	block_computer_unfair
sub-147	older	01	8.295520	3.513040	computer	0	2.324770	1.324770	5	block_computer_unfair
sub-147	older	01	12.576100	3.513450	computer	0	2.481190	1.481190	10	block_computer_unfair
sub-147	older	01	16.857100	3.513370	computer	0	1.853200	0.853200	2	block_computer_unfair
sub-147	older	01	21.138100	3.528910	computer	0	1.391950	0.391950	4	block_computer_unfair
sub-147	older	01	25.434500	3.529040	computer	0	2.266510	1.266510	3	block_computer_unfair
sub-147	older	01	29.731200	3.513260	computer	0	1.739440	0.739440	4	block_computer_unfair
sub-147	older	01	34.012000	3.513410	computer	0	2.613130	1.613130	3	block_computer_unfair
sub-147	older	01	49.545000	3.510540	ingroup	0	2.225650	1.225650	4	block_ingroup_fair
sub-147	older	01	53.824800	3.527320	ingroup	0	1.749170	0.749170	9	block_ingroup_fair
sub-147	older	01	58.119900	3.528730	ingroup	0	1.423940	0.423940	8	block_ingroup_fair
sub-147	older	01	62.416600	3.513050	ingroup	0	1.447380	0.447380	10	block_ingroup_fair
sub-147	older	01	66.697500	3.513090	ingroup	0	1.370000	0.370000	10	block_ingroup_fair
sub-147	older	01	70.978400	3.528730	ingroup	0	1.609390	0.609390	10	block_ingroup_fair
sub-147	older	01	75.274900	3.513120	ingroup	0	1.416370	0.416370	6	block_ingroup_fair
sub-147	older	01	79.556000	3.513010	ingroup	0	1.839260	0.839260	8	block_ingroup_fair
sub-147	older	01	93.086200	3.528700	ingroup	0	1.486340	0.486340	9	block_ingroup_unfair
sub-147	older	01	97.382600	3.513210	ingroup	0	2.144000	1.144000	2	block_ingroup_unfair
sub-147	older	01	101.664000	3.513160	ingroup	0	1.949820	0.949820	3	block_ingroup_unfair
sub-147	older	01	105.945000	3.512980	ingroup	0	1.388330	0.388330	4	block_ingroup_unfair
sub-147	older	01	110.226000	3.513070	ingroup	0	1.411110	0.411110	6	block_ingroup_unfair
sub-147	older	01	114.506000	3.513080	ingroup	0	2.917810	1.917810	2	block_ingroup_unfair
sub-147	older	01	118.787000	3.513140	ingroup	0	1.239530	0.239530	4	block_ingroup_unfair
sub-147	older	01	123.068000	3.513000	ingroup	0	1.712260	0.712260	3	block_ingroup_unfair
sub-147	older	01	136.599000	3.528250	computer	0	1.642480	0.642480	4	block_computer_fair
sub-147	older	01	140.895000	3.528960	computer	0	1.250000	0.250000	8	block_computer_fair
sub-147	older	01	145.191000	3.513450	computer	0	1.023170	0.023170	10	block_computer_fair
sub-147	older	01	149.473000	3.513210	computer	0	1.396370	0.396370	5	block_computer_fair
sub-147	older	01	153.753000	3.513360	computer	0	1.018590	0.018590	8	block_computer_fair
sub-147	older	01	158.034000	3.513420	computer	0	1.458360	0.458360	10	block_computer_fair
sub-147	older	01	162.315000	3.513450	computer	0	1.397500	0.397500	8	block_computer_fair
sub-147	older	01	166.596000	3.513490	computer	0	1.153160	0.153160	7	block_computer_fair
sub-147	older	01	178.128000	3.511510	outgroup	0	1.864340	0.864340	3	block_outgroup_unfair
sub-147	older	01	182.409000	3.527220	outgroup	0	1.420190	0.420190	6	block_outgroup_unfair
sub-147	older	01	186.704000	3.512870	outgroup	0	1.294690	0.294690	4	block_outgroup_unfair
sub-147	older	01	190.985000	3.512850	outgroup	0	1.300670	0.300670	9	block_outgroup_unfair
sub-147	older	01	195.266000	3.528240	outgroup	1			1	block_outgroup_unfair
sub-147	older	01	199.563000	3.543850	outgroup	1			2	block_outgroup_unfair
sub-147	older	01	203.875000	3.512890	outgroup	0	2.222440	1.222440	4	block_outgroup_unfair
sub-147	older	01	208.156000	3.512940	outgroup	0	1.777800	0.777800	3	block_outgroup_unfair
sub-147	older	01	219.686000	3.528560	outgroup	0	2.874530	1.874530	10	block_outgroup_fair
sub-147	older	01	223.983000	3.528550	outgroup	0	1.063360	0.063360	7	block_outgroup_fair
sub-147	older	01	228.280000	3.512630	outgroup	0	1.403670	0.403670	8	block_outgroup_fair
sub-147	older	01	232.560000	3.512930	outgroup	0	2.043610	1.043610	9	block_outgroup_fair
sub-147	older	01	236.841000	3.512830	outgroup	0	1.482380	0.482380	1	block_outgroup_fair
sub-147	older	01	241.122000	3.512830	outgroup	0	1.254780	0.254780	8	block_outgroup_fair
sub-147	older	01	245.403000	3.512940	outgroup	0	1.277570	0.277570	5	block_outgroup_fair
sub-147	older	01	249.684000	3.512970	outgroup	0	1.383350	0.383350	9	block_outgroup_fair
sub-147	older	01	265.215000	3.511850	ingroup	0	1.681970	0.681970	4	block_ingroup_unfair
sub-147	older	01	269.495000	3.513100	ingroup	0	2.740060	1.740060	2	block_ingroup_unfair
sub-147	older	01	273.776000	3.513130	ingroup	0	1.112060	0.112060	5	block_ingroup_unfair
sub-147	older	01	278.057000	3.512970	ingroup	0	1.083650	0.083650	4	block_ingroup_unfair
sub-147	older	01	282.338000	3.513140	ingroup	0	1.256540	0.256540	2	block_ingroup_unfair
sub-147	older	01	286.619000	3.513140	ingroup	0	1.929610	0.929610	2	block_ingroup_unfair
sub-147	older	01	290.900000	3.528710	ingroup	0	1.468460	0.468460	2	block_ingroup_unfair
sub-147	older	01	295.196000	3.513170	ingroup	0	1.358610	0.358610	10	block_ingroup_unfair
sub-147	older	01	310.727000	3.512400	computer	0	1.357220	0.357220	10	block_computer_fair
sub-147	older	01	315.007000	3.513370	computer	0	1.030300	0.030300	10	block_computer_fair
sub-147	older	01	319.288000	3.513380	computer	0	1.103150	0.103150	8	block_computer_fair
sub-147	older	01	323.569000	3.513150	computer	0	1.025640	0.025640	10	block_computer_fair
sub-147	older	01	327.850000	3.529010	computer	0	1.031270	0.031270	8	block_computer_fair
sub-147	older	01	332.146000	3.513450	computer	0	1.021790	0.021790	1	block_computer_fair
sub-147	older	01	336.427000	3.529080	computer	0	1.328060	0.328060	6	block_computer_fair
sub-147	older	01	340.724000	3.528980	computer	0	1.017970	0.017970	7	block_computer_fair
sub-147	older	01	352.270000	3.513420	computer	0	2.249400	1.249400	1	block_computer_unfair
sub-147	older	01	356.551000	3.513460	computer	0	2.505640	1.505640	3	block_computer_unfair
sub-147	older	01	360.832000	3.513420	computer	0	1.243480	0.243480	8	block_computer_unfair
sub-147	older	01	365.113000	3.513360	computer	0	1.065860	0.065860	6	block_computer_unfair
sub-147	older	01	369.394000	3.513350	computer	0	1.105220	0.105220	1	block_computer_unfair
sub-147	older	01	373.675000	3.513390	computer	0	1.895230	0.895230	3	block_computer_unfair
sub-147	older	01	377.956000	3.513470	computer	0	1.400940	0.400940	3	block_computer_unfair
sub-147	older	01	382.236000	3.513450	computer	0	1.556460	0.556460	3	block_computer_unfair
sub-147	older	02	4.011080	3.512190	ingroup	0	1.885300	0.885300	10	block_ingroup_fair
sub-147	older	02	8.292110	3.512010	ingroup	0	1.274270	0.274270	10	block_ingroup_fair
sub-147	older	02	12.571900	3.513170	ingroup	0	1.131160	0.131160	6	block_ingroup_fair
sub-147	older	02	16.852800	3.513210	ingroup	0	1.604240	0.604240	10	block_ingroup_fair
sub-147	older	02	21.133800	3.528730	ingroup	0	1.126040	0.126040	8	block_ingroup_fair
sub-147	older	02	25.430300	3.513160	ingroup	0	1.784020	0.784020	10	block_ingroup_fair
sub-147	older	02	29.711300	3.513100	ingroup	0	1.572780	0.572780	4	block_ingroup_fair
sub-147	older	02	33.992300	3.528780	ingroup	0	1.345090	0.345090	8	block_ingroup_fair
sub-147	older	02	45.539900	3.511580	outgroup	0	1.823990	0.823990	8	block_outgroup_fair
sub-147	older	02	49.820800	3.511570	outgroup	0	1.230090	0.230090	7	block_outgroup_fair
sub-147	older	02	54.100400	3.528210	outgroup	1			9	block_outgroup_fair
sub-147	older	02	58.397000	3.528490	outgroup	0	1.377090	0.377090	2	block_outgroup_fair
sub-147	older	02	62.693500	3.512960	outgroup	0	1.184010	0.184010	5	block_outgroup_fair
sub-147	older	02	66.974400	3.512980	outgroup	0	1.139930	0.139930	8	block_outgroup_fair
sub-147	older	02	71.255400	3.512940	outgroup	0	1.028730	0.028730	8	block_outgroup_fair
sub-147	older	02	75.536300	3.513070	outgroup	0	1.018440	0.018440	7	block_outgroup_fair
sub-147	older	02	91.067600	3.511790	ingroup	0	1.300160	0.300160	4	block_ingroup_unfair
sub-147	older	02	95.347300	3.513100	ingroup	0	1.056980	0.056980	7	block_ingroup_unfair
sub-147	older	02	99.628100	3.528880	ingroup	0	2.047110	1.047110	3	block_ingroup_unfair
sub-147	older	02	103.925000	3.528700	ingroup	0	1.703960	0.703960	1	block_ingroup_unfair
sub-147	older	02	108.221000	3.513070	ingroup	0	1.510550	0.510550	3	block_ingroup_unfair
sub-147	older	02	112.502000	3.513170	ingroup	0	1.316480	0.316480	2	block_ingroup_unfair
sub-147	older	02	116.783000	3.513130	ingroup	0	1.055380	0.055380	5	block_ingroup_unfair
sub-147	older	02	121.064000	3.513160	ingroup	0	1.027250	0.027250	2	block_ingroup_unfair
sub-147	older	02	134.596000	3.511640	outgroup	0	1.457580	0.457580	6	block_outgroup_unfair
sub-147	older	02	138.877000	3.511690	outgroup	0	2.230820	1.230820	3	block_outgroup_unfair
sub-147	older	02	143.156000	3.512900	outgroup	0	1.620830	0.620830	4	block_outgroup_unfair
sub-147	older	02	147.437000	3.512840	outgroup	0	1.326480	0.326480	3	block_outgroup_unfair
sub-147	older	02	151.718000	3.512990	outgroup	0	1.149110	0.149110	2	block_outgroup_unfair
sub-147	older	02	155.999000	3.512940	outgroup	0	1.104780	0.104780	8	block_outgroup_unfair
sub-147	older	02	160.280000	3.512990	outgroup	0	1.027120	0.027120	4	block_outgroup_unfair
sub-147	older	02	164.561000	3.512930	outgroup	0	1.434300	0.434300	3	block_outgroup_unfair
sub-147	older	02	180.092000	3.512440	computer	0	1.432390	0.432390	7	block_computer_fair
sub-147	older	02	184.372000	3.513400	computer	0	1.088980	0.088980	9	block_computer_fair
sub-147	older	02	188.653000	3.513460	computer	0	1.027740	0.027740	7	block_computer_fair
sub-147	older	02	192.934000	3.529040	computer	0	1.017270	0.017270	8	block_computer_fair
sub-147	older	02	197.230000	3.513320	computer	0	1.024110	0.024110	7	block_computer_fair
sub-147	older	02	201.511000	3.513420	computer	0	1.030120	0.030120	9	block_computer_fair
sub-147	older	02	205.792000	3.513490	computer	0	1.019440	0.019440	6	block_computer_fair
sub-147	older	02	210.073000	3.513390	computer	0	1.809410	0.809410	2	block_computer_fair
sub-147	older	02	223.604000	3.512280	ingroup	0	1.305370	0.305370	8	block_ingroup_fair
sub-147	older	02	227.885000	3.512040	ingroup	0	1.027620	0.027620	10	block_ingroup_fair
sub-147	older	02	232.165000	3.513120	ingroup	0	1.100890	0.100890	9	block_ingroup_fair
sub-147	older	02	236.446000	3.513040	ingroup	0	1.307310	0.307310	5	block_ingroup_fair
sub-147	older	02	240.727000	3.513060	ingroup	0	1.129740	0.129740	8	block_ingroup_fair
sub-147	older	02	245.008000	3.513180	ingroup	0	1.018840	0.018840	9	block_ingroup_fair
sub-147	older	02	249.289000	3.513130	ingroup	0	1.024660	0.024660	7	block_ingroup_fair
sub-147	older	02	253.570000	3.528690	ingroup	0	1.314300	0.314300	1	block_ingroup_fair
sub-147	older	02	269.117000	3.511560	outgroup	0	1.630100	0.630100	5	block_outgroup_unfair
sub-147	older	02	273.398000	3.527180	outgroup	0	1.469140	0.469140	3	block_outgroup_unfair
sub-147	older	02	277.693000	3.512990	outgroup	0	1.327370	0.327370	4	block_outgroup_unfair
sub-147	older	02	281.974000	3.528460	outgroup	0	1.032670	0.032670	2	block_outgroup_unfair
sub-147	older	02	286.271000	3.512840	outgroup	0	1.023160	0.023160	2	block_outgroup_unfair
sub-147	older	02	290.552000	3.528520	outgroup	0	1.329550	0.329550	10	block_outgroup_unfair
sub-147	older	02	294.848000	3.513010	outgroup	0	1.253210	0.253210	1	block_outgroup_unfair
sub-147	older	02	299.130000	3.528360	outgroup	0	1.375600	0.375600	3	block_outgroup_unfair
sub-147	older	02	310.676000	3.512370	computer	0	1.622260	0.622260	5	block_computer_unfair
sub-147	older	02	314.956000	3.513380	computer	0	1.028370	0.028370	2	block_computer_unfair
sub-147	older	02	319.237000	3.529080	computer	0	2.218870	1.218870	1	block_computer_unfair
sub-147	older	02	323.533000	3.513340	computer	0	1.191730	0.191730	1	block_computer_unfair
sub-147	older	02	327.814000	3.513440	computer	0	1.081400	0.081400	4	block_computer_unfair
sub-147	older	02	332.095000	3.513430	computer	0	1.336910	0.336910	3	block_computer_unfair
sub-147	older	02	336.376000	3.513410	computer	0	1.025620	0.025620	7	block_computer_unfair
sub-147	older	02	340.657000	3.513430	computer	0	1.148680	0.148680	3	block_computer_unfair
sub-147	older	02	354.189000	3.527250	outgroup	0	1.578100	0.578100	8	block_outgroup_fair
sub-147	older	02	358.486000	3.511550	outgroup	0	1.051210	0.051210	9	block_outgroup_fair
sub-147	older	02	362.765000	3.528460	outgroup	0	1.158480	0.158480	1	block_outgroup_fair
sub-147	older	02	367.062000	3.512940	outgroup	0	1.182160	0.182160	8	block_outgroup_fair
sub-147	older	02	371.343000	3.512820	outgroup	0	1.021040	0.021040	10	block_outgroup_fair
sub-147	older	02	375.624000	3.512860	outgroup	0	1.026770	0.026770	7	block_outgroup_fair
sub-147	older	02	379.905000	3.528510	outgroup	0	1.032680	0.032680	8	block_outgroup_fair
sub-147	older	02	384.201000	3.512940	outgroup	0	1.090130	0.090130	6	block_outgroup_fair
sub-149	older	01	4.008930	3.533510	outgroup	1			3	block_outgroup_unfair
sub-149	older	01	8.300050	3.525580	outgroup	1			6	block_outgroup_unfair
sub-149	older	01	12.582700	3.529240	outgroup	1			1	block_outgroup_unfair
sub-149	older	01	16.869000	3.516670	outgroup	0	1.995740	0.995740	2	block_outgroup_unfair
sub-149	older	01	21.142900	3.516210	outgroup	0	1.908370	0.908370	10	block_outgroup_unfair
sub-149	older	01	25.416900	3.517040	outgroup	0	2.238910	1.238910	2	block_outgroup_unfair
sub-149	older	01	29.691700	3.517330	outgroup	0	2.483990	1.483990	2	block_outgroup_unfair
sub-149	older	01	33.965900	3.531060	outgroup	1			2	block_outgroup_unfair
sub-149	older	01	47.504000	3.515950	outgroup	0	2.636960	1.636960	7	block_outgroup_fair
sub-149	older	01	51.777800	3.515630	outgroup	0	1.782160	0.782160	5	block_outgroup_fair
sub-149	older	01	56.050600	3.516740	outgroup	0	1.195730	0.195730	7	block_outgroup_fair
sub-149	older	01	60.324000	3.516550	outgroup	0	1.759610	0.759610	3	block_outgroup_fair
sub-149	older	01	64.598500	3.517220	outgroup	0	1.671880	0.671880	9	block_outgroup_fair
sub-149	older	01	68.873300	3.516520	outgroup	0	1.033070	0.033070	7	block_outgroup_fair
sub-149	older	01	73.146700	3.516750	outgroup	0	1.213620	0.213620	9	block_outgroup_fair
sub-149	older	01	77.421500	3.516570	outgroup	0	1.025330	0.025330	7	block_outgroup_fair
sub-149	older	01	92.947700	3.516010	ingroup	0	1.679240	0.679240	4	block_ingroup_unfair
sub-149	older	01	97.222200	3.515990	ingroup	0	1.024200	0.024200	8	block_ingroup_unfair
sub-149	older	01	101.496000	3.517350	ingroup	0	1.020550	0.020550	4	block_ingroup_unfair
sub-149	older	01	105.771000	3.515980	ingroup	0	1.316040	0.316040	2	block_ingroup_unfair
sub-149	older	01	110.045000	3.531010	ingroup	1			1	block_ingroup_unfair
sub-149	older	01	114.334000	3.517640	ingroup	0	2.394860	1.394860	2	block_ingroup_unfair
sub-149	older	01	118.607000	3.516560	ingroup	0	1.023050	0.023050	4	block_ingroup_unfair
sub-149	older	01	122.881000	3.515960	ingroup	0	1.086260	0.086260	5	block_ingroup_unfair
sub-149	older	01	138.405000	3.516380	computer	0	2.492990	1.492990	8	block_computer_fair
sub-149	older	01	142.679000	3.515550	computer	0	1.856090	0.856090	1	block_computer_fair
sub-149	older	01	146.952000	3.516320	computer	0	1.102080	0.102080	7	block_computer_fair
sub-149	older	01	151.225000	3.516420	computer	0	1.432760	0.432760	9	block_computer_fair
sub-149	older	01	155.499000	3.516210	computer	0	1.028300	0.028300	8	block_computer_fair
sub-149	older	01	159.772000	3.515430	computer	0	1.243380	0.243380	7	block_computer_fair
sub-149	older	01	164.044000	3.516600	computer	0	1.073970	0.073970	8	block_computer_fair
sub-149	older	01	168.318000	3.516470	computer	0	1.036980	0.036980	6	block_computer_fair
sub-149	older	01	179.841000	3.525500	computer	1			2	block_computer_unfair
sub-149	older	01	184.123000	3.515840	computer	0	1.145080	0.145080	4	block_computer_unfair
sub-149	older	01	188.395000	3.516310	computer	0	1.026580	0.026580	4	block_computer_unfair
sub-149	older	01	192.669000	3.516780	computer	0	1.506840	0.506840	3	block_computer_unfair
sub-149	older	01	196.942000	3.516490	computer	0	1.169850	0.169850	1	block_computer_unfair
sub-149	older	01	201.217000	3.516210	computer	0	1.032690	0.032690	9	block_computer_unfair
sub-149	older	01	205.490000	3.515880	computer	0	1.262650	0.262650	2	block_computer_unfair
sub-149	older	01	209.763000	3.515700	computer	0	1.025440	0.025440	6	block_computer_unfair
sub-149	older	01	223.287000	3.516200	computer	0	1.413990	0.413990	2	block_computer_fair
sub-149	older	01	227.560000	3.515940	computer	0	1.027080	0.027080	10	block_computer_fair
sub-149	older	01	231.833000	3.517100	computer	0	1.023950	0.023950	7	block_computer_fair
sub-149	older	01	236.108000	3.517250	computer	0	1.019950	0.019950	9	block_computer_fair
sub-149	older	01	240.384000	3.515810	computer	0	1.030560	0.030560	10	block_computer_fair
sub-149	older	01	244.656000	3.516540	computer	0	1.028270	0.028270	8	block_computer_fair
sub-149	older	01	248.929000	3.516350	computer	0	1.025380	0.025380	6	block_computer_fair
sub-149	older	01	253.203000	3.515820	computer	0	1.022220	0.022220	9	block_computer_fair
sub-149	older	01	268.727000	3.516320	ingroup	0	2.695640	1.695640	7	block_ingroup_unfair
sub-149	older	01	273.002000	3.516430	ingroup	0	1.022470	0.022470	2	block_ingroup_unfair
sub-149	older	01	277.275000	3.515690	ingroup	0	1.019250	0.019250	4	block_ingroup_unfair
sub-149	older	01	281.548000	3.516740	ingroup	0	1.117330	0.117330	1	block_ingroup_unfair
sub-149	older	01	285.822000	3.515410	ingroup	0	1.030450	0.030450	4	block_ingroup_unfair
sub-149	older	01	290.093000	3.516580	ingroup	0	1.028570	0.028570	4	block_ingroup_unfair
sub-149	older	01	294.367000	3.515840	ingroup	0	1.024430	0.024430	2	block_ingroup_unfair
sub-149	older	01	298.641000	3.517280	ingroup	0	1.021610	0.021610	6	block_ingroup_unfair
sub-149	older	01	310.165000	3.516510	ingroup	0	1.657640	0.657640	5	block_ingroup_fair
sub-149	older	01	314.438000	3.517740	ingroup	0	1.019810	0.019810	8	block_ingroup_fair
sub-149	older	01	318.713000	3.516940	ingroup	0	1.032280	0.032280	9	block_ingroup_fair
sub-149	older	01	322.987000	3.516000	ingroup	0	1.028460	0.028460	9	block_ingroup_fair
sub-149	older	01	327.260000	3.516770	ingroup	0	1.025000	0.025000	4	block_ingroup_fair
sub-149	older	01	331.534000	3.517220	ingroup	0	1.021390	0.021390	10	block_ingroup_fair
sub-149	older	01	335.808000	3.517010	ingroup	0	1.017480	0.017480	7	block_ingroup_fair
sub-149	older	01	340.083000	3.516880	ingroup	0	1.029330	0.029330	10	block_ingroup_fair
sub-149	older	01	353.607000	3.516290	computer	0	1.017280	0.017280	7	block_computer_unfair
sub-149	older	01	357.880000	3.517110	computer	0	1.030800	0.030800	2	block_computer_unfair
sub-149	older	01	362.153000	3.516420	computer	0	1.027710	0.027710	3	block_computer_unfair
sub-149	older	01	366.427000	3.516110	computer	0	1.024260	0.024260	2	block_computer_unfair
sub-149	older	01	370.700000	3.516740	computer	0	1.021050	0.021050	2	block_computer_unfair
sub-149	older	01	374.974000	3.516770	computer	0	1.017020	0.017020	5	block_computer_unfair
sub-149	older	01	379.248000	3.517560	computer	0	1.029980	0.029980	2	block_computer_unfair
sub-149	older	01	383.523000	3.517590	computer	0	1.025740	0.025740	2	block_computer_unfair
sub-149	older	02	4.010410	3.516510	ingroup	0	2.288380	1.288380	7	block_ingroup_fair
sub-149	older	02	8.285150	3.515820	ingroup	0	1.116630	0.116630	10	block_ingroup_fair
sub-149	older	02	12.558000	3.516400	ingroup	0	1.046930	0.046930	10	block_ingroup_fair
sub-149	older	02	16.830800	3.516640	ingroup	0	1.027210	0.027210	6	block_ingroup_fair
sub-149	older	02	21.104900	3.515450	ingroup	0	1.140310	0.140310	9	block_ingroup_fair
sub-149	older	02	25.377500	3.517530	ingroup	0	1.020780	0.020780	9	block_ingroup_fair
sub-149	older	02	29.651600	3.516030	ingroup	0	1.017060	0.017060	4	block_ingroup_fair
sub-149	older	02	33.924500	3.517570	ingroup	0	1.030980	0.030980	10	block_ingroup_fair
sub-149	older	02	47.449200	3.515210	computer	0	1.535880	0.535880	7	block_computer_fair
sub-149	older	02	51.721400	3.516180	computer	0	1.032030	0.032030	9	block_computer_fair
sub-149	older	02	55.995100	3.516640	computer	0	1.028620	0.028620	5	block_computer_fair
sub-149	older	02	60.268700	3.515890	computer	0	1.025050	0.025050	4	block_computer_fair
sub-149	older	02	64.542800	3.515950	computer	0	1.021160	0.021160	8	block_computer_fair
sub-149	older	02	68.816300	3.517730	computer	0	1.017910	0.017910	7	block_computer_fair
sub-149	older	02	73.091000	3.515960	computer	0	1.030030	0.030030	8	block_computer_fair
sub-149	older	02	77.364800	3.516480	computer	0	1.026460	0.026460	7	block_computer_fair
sub-149	older	02	92.889200	3.516310	outgroup	0	1.031560	0.031560	8	block_outgroup_fair
sub-149	older	02	97.162700	3.516740	outgroup	0	1.028190	0.028190	10	block_outgroup_fair
sub-149	older	02	101.437000	3.517500	outgroup	0	1.024870	0.024870	5	block_outgroup_fair
sub-149	older	02	105.712000	3.516140	outgroup	0	1.019070	0.019070	10	block_outgroup_fair
sub-149	older	02	109.985000	3.516920	outgroup	0	1.032730	0.032730	7	block_outgroup_fair
sub-149	older	02	114.259000	3.516910	outgroup	0	1.028750	0.028750	8	block_outgroup_fair
sub-149	older	02	118.534000	3.516260	outgroup	0	1.024270	0.024270	4	block_outgroup_fair
sub-149	older	02	122.808000	3.517080	outgroup	0	1.020520	0.020520	8	block_outgroup_fair
sub-149	older	02	136.333000	3.515980	outgroup	0	1.541280	0.541280	1	block_outgroup_unfair
sub-149	older	02	140.606000	3.516510	outgroup	0	1.037850	0.037850	3	block_outgroup_unfair
sub-149	older	02	144.879000	3.516510	outgroup	0	1.017430	0.017430	2	block_outgroup_unfair
sub-149	older	02	149.153000	3.517600	outgroup	0	1.030700	0.030700	3	block_outgroup_unfair
sub-149	older	02	153.428000	3.516710	outgroup	0	1.025440	0.025440	6	block_outgroup_unfair
sub-149	older	02	157.702000	3.516670	outgroup	0	1.105670	0.105670	1	block_outgroup_unfair
sub-149	older	02	161.975000	3.516600	outgroup	0	1.135760	0.135760	1	block_outgroup_unfair
sub-149	older	02	166.249000	3.516340	outgroup	0	1.032120	0.032120	7	block_outgroup_unfair
sub-149	older	02	177.773000	3.515120	computer	0	1.017470	0.017470	4	block_computer_unfair
sub-149	older	02	182.044000	3.517340	computer	0	1.032700	0.032700	4	block_computer_unfair
sub-149	older	02	186.318000	3.516460	computer	0	1.029500	0.029500	5	block_computer_unfair
sub-149	older	02	190.592000	3.516770	computer	0	1.025990	0.025990	3	block_computer_unfair
sub-149	older	02	194.866000	3.515840	computer	0	1.122130	0.122130	2	block_computer_unfair
sub-149	older	02	199.139000	3.516880	computer	0	1.252730	0.252730	1	block_computer_unfair
sub-149	older	02	203.413000	3.516990	computer	0	1.031910	0.031910	7	block_computer_unfair
sub-149	older	02	207.686000	3.516960	computer	0	1.029060	0.029060	3	block_computer_unfair
sub-149	older	02	223.212000	3.516610	outgroup	0	1.316760	0.316760	9	block_outgroup_fair
sub-149	older	02	227.487000	3.516650	outgroup	0	1.027190	0.027190	8	block_outgroup_fair
sub-149	older	02	231.762000	3.515300	outgroup	0	1.390360	0.390360	3	block_outgroup_fair
sub-149	older	02	236.034000	3.517820	outgroup	0	1.020820	0.020820	9	block_outgroup_fair
sub-149	older	02	240.309000	3.516150	outgroup	0	1.033020	0.033020	8	block_outgroup_fair
sub-149	older	02	244.583000	3.515490	outgroup	0	1.029200	0.029200	7	block_outgroup_fair
sub-149	older	02	248.855000	3.516980	outgroup	0	1.027440	0.027440	10	block_outgroup_fair
sub-149	older	02	253.129000	3.516190	outgroup	0	1.023090	0.023090	5	block_outgroup_fair
sub-149	older	02	264.655000	3.516720	ingroup	0	1.023770	0.023770	7	block_ingroup_fair
sub-149	older	02	268.929000	3.515920	ingroup	0	1.020030	0.020030	2	block_ingroup_fair
sub-149	older	02	273.202000	3.515880	ingroup	0	1.017210	0.017210	8	block_ingroup_fair
sub-149	older	02	277.474000	3.516560	ingroup	0	1.031610	0.031610	10	block_ingroup_fair
sub-149	older	02	281.748000	3.515590	ingroup	0	1.028300	0.028300	8	block_ingroup_fair
sub-149	older	02	286.019000	3.516310	ingroup	0	1.026590	0.026590	10	block_ingroup_fair
sub-149	older	02	290.293000	3.516630	ingroup	0	1.023610	0.023610	5	block_ingroup_fair
sub-149	older	02	294.566000	3.516980	ingroup	0	1.020990	0.020990	8	block_ingroup_fair
sub-149	older	02	308.091000	3.516560	outgroup	0	1.624730	0.624730	1	block_outgroup_unfair
sub-149	older	02	312.364000	3.516010	outgroup	0	1.738490	0.738490	2	block_outgroup_unfair
sub-149	older	02	316.637000	3.515980	outgroup	0	1.134650	0.134650	2	block_outgroup_unfair
sub-149	older	02	320.910000	3.516000	outgroup	0	1.081310	0.081310	3	block_outgroup_unfair
sub-149	older	02	325.185000	3.516260	outgroup	0	1.110680	0.110680	10	block_outgroup_unfair
sub-149	older	02	329.458000	3.516300	outgroup	0	1.040900	0.040900	6	block_outgroup_unfair
sub-149	older	02	333.732000	3.517030	outgroup	0	1.087310	0.087310	1	block_outgroup_unfair
sub-149	older	02	338.006000	3.516930	outgroup	0	1.032820	0.032820	4	block_outgroup_unfair
sub-149	older	02	353.532000	3.516600	ingroup	0	1.219800	0.219800	4	block_ingroup_unfair
sub-149	older	02	357.806000	3.516360	ingroup	0	1.032330	0.032330	9	block_ingroup_unfair
sub-149	older	02	362.080000	3.517200	ingroup	0	1.128520	0.128520	1	block_ingroup_unfair
sub-149	older	02	366.355000	3.515230	ingroup	0	1.091090	0.091090	4	block_ingroup_unfair
sub-149	older	02	370.628000	3.516790	ingroup	0	1.021170	0.021170	6	block_ingroup_unfair
sub-149	older	02	374.902000	3.516410	ingroup	0	1.033590	0.033590	2	block_ingroup_unfair
sub-149	older	02	379.176000	3.516650	ingroup	0	1.030020	0.030020	2	block_ingroup_unfair
sub-149	older	02	383.449000	3.516950	ingroup	0	1.026860	0.026860	3	block_ingroup_unfair
sub-150	younger	01	4.018840	3.512720	computer	0	2.957880	1.957880	8	block_computer_fair
sub-150	younger	01	8.299150	3.513230	computer	0	1.680000	0.680000	7	block_computer_fair
sub-150	younger	01	12.579900	3.513470	computer	0	1.619310	0.619310	8	block_computer_fair
sub-150	younger	01	16.860800	3.513410	computer	0	1.341650	0.341650	9	block_computer_fair
sub-150	younger	01	21.141800	3.529030	computer	0	1.548240	0.548240	2	block_computer_fair
sub-150	younger	01	25.438400	3.513330	computer	0	1.538210	0.538210	5	block_computer_fair
sub-150	younger	01	29.719400	3.513320	computer	0	1.744190	0.744190	8	block_computer_fair
sub-150	younger	01	34.000300	3.513440	computer	0	1.399660	0.399660	7	block_computer_fair
sub-150	younger	01	47.533400	3.510540	outgroup	0	1.944840	0.944840	6	block_outgroup_fair
sub-150	younger	01	51.812600	3.512410	outgroup	0	1.385530	0.385530	9	block_outgroup_fair
sub-150	younger	01	56.092700	3.528760	outgroup	0	1.608930	0.608930	7	block_outgroup_fair
sub-150	younger	01	60.389300	3.513130	outgroup	0	1.499050	0.499050	7	block_outgroup_fair
sub-150	younger	01	64.670200	3.513060	outgroup	0	1.471690	0.471690	8	block_outgroup_fair
sub-150	younger	01	68.951200	3.513110	outgroup	0	1.461240	0.461240	7	block_outgroup_fair
sub-150	younger	01	73.232000	3.513210	outgroup	0	1.700390	0.700390	10	block_outgroup_fair
sub-150	younger	01	77.512900	3.513160	outgroup	0	1.372770	0.372770	2	block_outgroup_fair
sub-150	younger	01	89.043600	3.512850	computer	0	1.451550	0.451550	3	block_computer_unfair
sub-150	younger	01	93.325000	3.528100	computer	0	1.423730	0.423730	1	block_computer_unfair
sub-150	younger	01	97.620700	3.513320	computer	0	2.866110	1.866110	4	block_computer_unfair
sub-150	younger	01	101.902000	3.529000	computer	0	1.470970	0.470970	8	block_computer_unfair
sub-150	younger	01	106.198000	3.529120	computer	0	1.611710	0.611710	4	block_computer_unfair
sub-150	younger	01	110.495000	3.513440	computer	0	1.401520	0.401520	3	block_computer_unfair
sub-150	younger	01	114.776000	3.513420	computer	0	1.307280	0.307280	5	block_computer_unfair
sub-150	younger	01	119.057000	3.513340	computer	0	1.847000	0.847000	3	block_computer_unfair
sub-150	younger	01	134.589000	3.526910	ingroup	0	1.627490	0.627490	4	block_ingroup_unfair
sub-150	younger	01	138.885000	3.511550	ingroup	0	1.367650	0.367650	1	block_ingroup_unfair
sub-150	younger	01	143.165000	3.512690	ingroup	0	2.292270	1.292270	2	block_ingroup_unfair
sub-150	younger	01	147.446000	3.512990	ingroup	0	1.480980	0.480980	7	block_ingroup_unfair
sub-150	younger	01	151.727000	3.512850	ingroup	0	1.653600	0.653600	4	block_ingroup_unfair
sub-150	younger	01	156.008000	3.512920	ingroup	0	1.526270	0.526270	4	block_ingroup_unfair
sub-150	younger	01	160.288000	3.512910	ingroup	0	1.365240	0.365240	5	block_ingroup_unfair
sub-150	younger	01	164.570000	3.512530	ingroup	0	1.387660	0.387660	3	block_ingroup_unfair
sub-150	younger	01	180.101000	3.511790	outgroup	0	1.352660	0.352660	6	block_outgroup_unfair
sub-150	younger	01	184.380000	3.513160	outgroup	0	1.710330	0.710330	3	block_outgroup_unfair
sub-150	younger	01	188.662000	3.512870	outgroup	0	1.448950	0.448950	1	block_outgroup_unfair
sub-150	younger	01	192.942000	3.513210	outgroup	0	1.522100	0.522100	4	block_outgroup_unfair
sub-150	younger	01	197.223000	3.528740	outgroup	0	1.377780	0.377780	8	block_outgroup_unfair
sub-150	younger	01	201.520000	3.528760	outgroup	0	1.735110	0.735110	3	block_outgroup_unfair
sub-150	younger	01	205.816000	3.528770	outgroup	0	1.391690	0.391690	1	block_outgroup_unfair
sub-150	younger	01	210.113000	3.513210	outgroup	0	1.432100	0.432100	3	block_outgroup_unfair
sub-150	younger	01	225.643000	3.513120	outgroup	0	1.581450	0.581450	10	block_outgroup_fair
sub-150	younger	01	229.924000	3.513030	outgroup	0	1.387040	0.387040	1	block_outgroup_fair
sub-150	younger	01	234.205000	3.513200	outgroup	0	1.710110	0.710110	10	block_outgroup_fair
sub-150	younger	01	238.486000	3.513130	outgroup	0	1.415340	0.415340	10	block_outgroup_fair
sub-150	younger	01	242.767000	3.513190	outgroup	0	1.588190	0.588190	6	block_outgroup_fair
sub-150	younger	01	247.048000	3.513110	outgroup	0	1.444210	0.444210	7	block_outgroup_fair
sub-150	younger	01	251.329000	3.513070	outgroup	0	1.383410	0.383410	8	block_outgroup_fair
sub-150	younger	01	255.610000	3.513130	outgroup	0	1.556110	0.556110	9	block_outgroup_fair
sub-150	younger	01	267.142000	3.511370	ingroup	0	1.416690	0.416690	8	block_ingroup_fair
sub-150	younger	01	271.423000	3.527160	ingroup	0	1.889530	0.889530	10	block_ingroup_fair
sub-150	younger	01	275.718000	3.512840	ingroup	0	1.397640	0.397640	6	block_ingroup_fair
sub-150	younger	01	279.999000	3.528560	ingroup	0	1.453780	0.453780	7	block_ingroup_fair
sub-150	younger	01	284.295000	3.512860	ingroup	0	1.477270	0.477270	2	block_ingroup_fair
sub-150	younger	01	288.576000	3.512720	ingroup	0	1.432710	0.432710	9	block_ingroup_fair
sub-150	younger	01	292.857000	3.528560	ingroup	0	2.423150	1.423150	8	block_ingroup_fair
sub-150	younger	01	297.154000	3.512940	ingroup	0	1.462630	0.462630	9	block_ingroup_fair
sub-150	younger	01	310.685000	3.512050	outgroup	0	1.726540	0.726540	2	block_outgroup_unfair
sub-150	younger	01	314.965000	3.513140	outgroup	0	1.383880	0.383880	4	block_outgroup_unfair
sub-150	younger	01	319.246000	3.513160	outgroup	0	1.388820	0.388820	7	block_outgroup_unfair
sub-150	younger	01	323.527000	3.513080	outgroup	0	1.378130	0.378130	6	block_outgroup_unfair
sub-150	younger	01	327.807000	3.513200	outgroup	0	1.350750	0.350750	2	block_outgroup_unfair
sub-150	younger	01	332.089000	3.528660	outgroup	0	1.406760	0.406760	3	block_outgroup_unfair
sub-150	younger	01	336.385000	3.513060	outgroup	0	1.913990	0.913990	3	block_outgroup_unfair
sub-150	younger	01	340.666000	3.513120	outgroup	0	1.386130	0.386130	1	block_outgroup_unfair
sub-150	younger	01	354.197000	3.527310	ingroup	1			10	block_ingroup_fair
sub-150	younger	01	358.494000	3.511550	ingroup	0	1.339140	0.339140	7	block_ingroup_fair
sub-150	younger	01	362.774000	3.512690	ingroup	0	1.396240	0.396240	1	block_ingroup_fair
sub-150	younger	01	367.055000	3.528570	ingroup	0	1.469170	0.469170	9	block_ingroup_fair
sub-150	younger	01	371.352000	3.512780	ingroup	0	1.525970	0.525970	9	block_ingroup_fair
sub-150	younger	01	375.632000	3.512900	ingroup	0	1.431830	0.431830	6	block_ingroup_fair
sub-150	younger	01	379.913000	3.528600	ingroup	0	1.454510	0.454510	7	block_ingroup_fair
sub-150	younger	01	384.210000	3.528470	ingroup	0	1.611890	0.611890	10	block_ingroup_fair
sub-150	younger	02	4.015640	3.512760	computer	0	1.472720	0.472720	2	block_computer_unfair
sub-150	younger	02	8.296940	3.527860	computer	0	1.344910	0.344910	5	block_computer_unfair
sub-150	younger	02	12.592300	3.529170	computer	0	1.720190	0.720190	3	block_computer_unfair
sub-150	younger	02	16.888900	3.513440	computer	0	1.443550	0.443550	2	block_computer_unfair
sub-150	younger	02	21.169900	3.513470	computer	0	1.482740	0.482740	9	block_computer_unfair
sub-150	younger	02	25.450900	3.513420	computer	0	1.405120	0.405120	1	block_computer_unfair
sub-150	younger	02	29.731900	3.513370	computer	0	1.311190	0.311190	4	block_computer_unfair
sub-150	younger	02	34.012700	3.513440	computer	0	1.383770	0.383770	4	block_computer_unfair
sub-150	younger	02	49.544800	3.527100	ingroup	0	3.015700	2.015700	3	block_ingroup_unfair
sub-150	younger	02	53.841300	3.527130	ingroup	0	1.421420	0.421420	8	block_ingroup_unfair
sub-150	younger	02	58.137000	3.512420	ingroup	0	2.163380	1.163380	3	block_ingroup_unfair
sub-150	younger	02	62.417500	3.512850	ingroup	0	1.685770	0.685770	3	block_ingroup_unfair
sub-150	younger	02	66.698600	3.512670	ingroup	0	1.458100	0.458100	3	block_ingroup_unfair
sub-150	younger	02	70.979300	3.512920	ingroup	0	1.381140	0.381140	3	block_ingroup_unfair
sub-150	younger	02	75.260200	3.512970	ingroup	0	1.420160	0.420160	1	block_ingroup_unfair
sub-150	younger	02	79.541300	3.512770	ingroup	0	1.559270	0.559270	5	block_ingroup_unfair
sub-150	younger	02	95.072000	3.512260	computer	0	1.758200	0.758200	8	block_computer_fair
sub-150	younger	02	99.352900	3.512300	computer	0	1.513920	0.513920	1	block_computer_fair
sub-150	younger	02	103.633000	3.513420	computer	0	1.387550	0.387550	10	block_computer_fair
sub-150	younger	02	107.914000	3.513420	computer	0	1.443520	0.443520	9	block_computer_fair
sub-150	younger	02	112.195000	3.513470	computer	0	1.916730	0.916730	6	block_computer_fair
sub-150	younger	02	116.476000	3.513430	computer	0	1.371950	0.371950	10	block_computer_fair
sub-150	younger	02	120.756000	3.513350	computer	0	1.394600	0.394600	8	block_computer_fair
sub-150	younger	02	125.037000	3.513460	computer	0	1.367390	0.367390	8	block_computer_fair
sub-150	younger	02	136.569000	3.527410	outgroup	0	1.611440	0.611440	3	block_outgroup_fair
sub-150	younger	02	140.866000	3.511870	outgroup	0	1.401340	0.401340	9	block_outgroup_fair
sub-150	younger	02	145.146000	3.528780	outgroup	0	1.392320	0.392320	8	block_outgroup_fair
sub-150	younger	02	149.442000	3.513160	outgroup	0	1.349300	0.349300	7	block_outgroup_fair
sub-150	younger	02	153.723000	3.528800	outgroup	0	1.438550	0.438550	8	block_outgroup_fair
sub-150	younger	02	158.020000	3.513250	outgroup	0	1.478650	0.478650	6	block_outgroup_fair
sub-150	younger	02	162.301000	3.513080	outgroup	0	1.451280	0.451280	9	block_outgroup_fair
sub-150	younger	02	166.582000	3.513120	outgroup	0	1.457470	0.457470	10	block_outgroup_fair
sub-150	younger	02	178.112000	3.528510	computer	0	1.469410	0.469410	1	block_computer_unfair
sub-150	younger	02	182.408000	3.513410	computer	0	1.344080	0.344080	4	block_computer_unfair
sub-150	younger	02	186.689000	3.513420	computer	0	1.315980	0.315980	1	block_computer_unfair
sub-150	younger	02	190.970000	3.513410	computer	0	1.355330	0.355330	1	block_computer_unfair
sub-150	younger	02	195.251000	3.528910	computer	0	1.377800	0.377800	3	block_computer_unfair
sub-150	younger	02	199.548000	3.513340	computer	0	1.468190	0.468190	9	block_computer_unfair
sub-150	younger	02	203.829000	3.513300	computer	0	1.824300	0.824300	3	block_computer_unfair
sub-150	younger	02	208.110000	3.513440	computer	0	1.029440	0.029440	6	block_computer_unfair
sub-150	younger	02	219.642000	3.511690	outgroup	0	1.457340	0.457340	5	block_outgroup_unfair
sub-150	younger	02	223.922000	3.511890	outgroup	0	1.380060	0.380060	1	block_outgroup_unfair
sub-150	younger	02	228.202000	3.513200	outgroup	0	1.370690	0.370690	1	block_outgroup_unfair
sub-150	younger	02	232.483000	3.513200	outgroup	0	1.394010	0.394010	3	block_outgroup_unfair
sub-150	younger	02	236.764000	3.513170	outgroup	0	1.382420	0.382420	1	block_outgroup_unfair
sub-150	younger	02	241.045000	3.513030	outgroup	0	1.521630	0.521630	10	block_outgroup_unfair
sub-150	younger	02	245.326000	3.528730	outgroup	0	1.611030	0.611030	2	block_outgroup_unfair
sub-150	younger	02	249.622000	3.528790	outgroup	0	1.501320	0.501320	4	block_outgroup_unfair
sub-150	younger	02	263.170000	3.527160	ingroup	0	1.498270	0.498270	7	block_ingroup_fair
sub-150	younger	02	267.466000	3.511760	ingroup	0	1.505440	0.505440	9	block_ingroup_fair
sub-150	younger	02	271.746000	3.512930	ingroup	0	1.379080	0.379080	8	block_ingroup_fair
sub-150	younger	02	276.027000	3.512860	ingroup	0	1.351700	0.351700	9	block_ingroup_fair
sub-150	younger	02	280.308000	3.512800	ingroup	0	1.357320	0.357320	6	block_ingroup_fair
sub-150	younger	02	284.589000	3.512800	ingroup	0	1.413320	0.413320	1	block_ingroup_fair
sub-150	younger	02	288.870000	3.512970	ingroup	0	1.586300	0.586300	8	block_ingroup_fair
sub-150	younger	02	293.151000	3.512870	ingroup	0	1.442190	0.442190	10	block_ingroup_fair
sub-150	younger	02	306.682000	3.512390	ingroup	0	1.388890	0.388890	4	block_ingroup_unfair
sub-150	younger	02	310.962000	3.528510	ingroup	0	1.311960	0.311960	9	block_ingroup_unfair
sub-150	younger	02	315.259000	3.512950	ingroup	0	1.335780	0.335780	3	block_ingroup_unfair
sub-150	younger	02	319.540000	3.528480	ingroup	0	1.424700	0.424700	2	block_ingroup_unfair
sub-150	younger	02	323.836000	3.512870	ingroup	0	1.431790	0.431790	4	block_ingroup_unfair
sub-150	younger	02	328.117000	3.512820	ingroup	0	1.020530	0.020530	2	block_ingroup_unfair
sub-150	younger	02	332.398000	3.512960	ingroup	0	1.727400	0.727400	4	block_ingroup_unfair
sub-150	younger	02	336.679000	3.512720	ingroup	0	1.816430	0.816430	6	block_ingroup_unfair
sub-150	younger	02	350.210000	3.512520	computer	0	1.479950	0.479950	10	block_computer_fair
sub-150	younger	02	354.490000	3.513370	computer	0	1.353660	0.353660	9	block_computer_fair
sub-150	younger	02	358.771000	3.529050	computer	0	1.376050	0.376050	1	block_computer_fair
sub-150	younger	02	363.067000	3.513480	computer	0	1.366360	0.366360	10	block_computer_fair
sub-150	younger	02	367.348000	3.513340	computer	0	1.872580	0.872580	5	block_computer_fair
sub-150	younger	02	371.629000	3.513460	computer	0	1.461570	0.461570	8	block_computer_fair
sub-150	younger	02	375.910000	3.513400	computer	0	1.417390	0.417390	7	block_computer_fair
sub-150	younger	02	380.191000	3.513500	computer	0	1.740240	0.740240	8	block_computer_fair
sub-151	older	01	4.006470	3.511480	outgroup	0	2.662950	1.662950	5	block_outgroup_unfair
sub-151	older	01	8.286140	3.512630	outgroup	0	1.602670	0.602670	9	block_outgroup_unfair
sub-151	older	01	12.566900	3.512780	outgroup	0	1.024520	0.024520	2	block_outgroup_unfair
sub-151	older	01	16.847800	3.528450	outgroup	0	1.030620	0.030620	1	block_outgroup_unfair
sub-151	older	01	21.144400	3.512800	outgroup	0	1.021050	0.021050	1	block_outgroup_unfair
sub-151	older	01	25.425200	3.512930	outgroup	0	1.026940	0.026940	1	block_outgroup_unfair
sub-151	older	01	29.706100	3.512940	outgroup	0	1.416770	0.416770	4	block_outgroup_unfair
sub-151	older	01	33.987100	3.512840	outgroup	0	1.038910	0.038910	4	block_outgroup_unfair
sub-151	older	01	45.518900	3.527070	computer	0	1.049980	0.049980	5	block_computer_unfair
sub-151	older	01	49.814700	3.512270	computer	0	1.024050	0.024050	4	block_computer_unfair
sub-151	older	01	54.094700	3.528780	computer	0	1.030760	0.030760	3	block_computer_unfair
sub-151	older	01	58.391100	3.513320	computer	0	1.021500	0.021500	3	block_computer_unfair
sub-151	older	01	62.671900	3.513450	computer	0	1.027430	0.027430	2	block_computer_unfair
sub-151	older	01	66.952900	3.529010	computer	0	1.033520	0.033520	3	block_computer_unfair
sub-151	older	01	71.249400	3.513470	computer	0	1.023620	0.023620	4	block_computer_unfair
sub-151	older	01	75.530400	3.513430	computer	0	1.029450	0.029450	10	block_computer_unfair
sub-151	older	01	87.062900	3.511370	outgroup	0	1.306940	0.306940	2	block_outgroup_unfair
sub-151	older	01	91.343600	3.527220	outgroup	0	1.029310	0.029310	3	block_outgroup_unfair
sub-151	older	01	95.638900	3.512870	outgroup	0	1.020900	0.020900	4	block_outgroup_unfair
sub-151	older	01	99.919900	3.512740	outgroup	0	1.026610	0.026610	6	block_outgroup_unfair
sub-151	older	01	104.201000	3.528510	outgroup	0	1.032630	0.032630	2	block_outgroup_unfair
sub-151	older	01	108.497000	3.512820	outgroup	0	1.022960	0.022960	7	block_outgroup_unfair
sub-151	older	01	112.778000	3.512800	outgroup	0	1.196150	0.196150	1	block_outgroup_unfair
sub-151	older	01	117.059000	3.512850	outgroup	0	1.618860	0.618860	4	block_outgroup_unfair
sub-151	older	01	130.590000	3.527730	computer	0	1.248630	0.248630	7	block_computer_fair
sub-151	older	01	134.885000	3.513330	computer	0	1.023030	0.023030	8	block_computer_fair
sub-151	older	01	139.166000	3.513470	computer	0	1.029250	0.029250	10	block_computer_fair
sub-151	older	01	143.447000	3.513420	computer	0	1.018690	0.018690	8	block_computer_fair
sub-151	older	01	147.728000	3.529030	computer	0	1.157720	0.157720	5	block_computer_fair
sub-151	older	01	152.025000	3.529070	computer	0	1.031180	0.031180	7	block_computer_fair
sub-151	older	01	156.321000	3.513360	computer	0	1.021450	0.021450	8	block_computer_fair
sub-151	older	01	160.602000	3.513450	computer	0	1.027500	0.027500	3	block_computer_fair
sub-151	older	01	174.134000	3.527200	outgroup	0	1.407160	0.407160	7	block_outgroup_fair
sub-151	older	01	178.431000	3.511380	outgroup	0	1.196360	0.196360	3	block_outgroup_fair
sub-151	older	01	182.711000	3.512800	outgroup	0	1.137540	0.137540	8	block_outgroup_fair
sub-151	older	01	186.992000	3.512810	outgroup	0	1.025710	0.025710	8	block_outgroup_fair
sub-151	older	01	191.273000	3.528440	outgroup	0	1.032350	0.032350	10	block_outgroup_fair
sub-151	older	01	195.569000	3.512890	outgroup	0	1.022730	0.022730	7	block_outgroup_fair
sub-151	older	01	199.850000	3.512840	outgroup	0	1.028670	0.028670	9	block_outgroup_fair
sub-151	older	01	204.131000	3.512910	outgroup	0	1.435350	0.435350	5	block_outgroup_fair
sub-151	older	01	219.662000	3.511690	ingroup	0	1.183080	0.183080	10	block_ingroup_fair
sub-151	older	01	223.942000	3.513030	ingroup	0	1.290430	0.290430	6	block_ingroup_fair
sub-151	older	01	228.223000	3.519000	ingroup	0	1.028900	0.028900	7	block_ingroup_fair
sub-151	older	01	232.510000	3.513090	ingroup	0	1.028670	0.028670	8	block_ingroup_fair
sub-151	older	01	236.791000	3.513120	ingroup	0	1.018420	0.018420	10	block_ingroup_fair
sub-151	older	01	241.072000	3.513090	ingroup	0	1.024150	0.024150	8	block_ingroup_fair
sub-151	older	01	245.353000	3.513090	ingroup	0	1.030150	0.030150	3	block_ingroup_fair
sub-151	older	01	249.633000	3.513160	ingroup	0	1.119610	0.119610	9	block_ingroup_fair
sub-151	older	01	261.165000	3.511610	outgroup	0	1.214010	0.214010	3	block_outgroup_fair
sub-151	older	01	265.446000	3.511580	outgroup	0	1.553480	0.553480	8	block_outgroup_fair
sub-151	older	01	269.726000	3.512780	outgroup	0	1.026650	0.026650	10	block_outgroup_fair
sub-151	older	01	274.007000	3.512790	outgroup	0	1.149390	0.149390	8	block_outgroup_fair
sub-151	older	01	278.288000	3.512910	outgroup	0	1.138990	0.138990	5	block_outgroup_fair
sub-151	older	01	282.569000	3.512780	outgroup	0	1.027600	0.027600	8	block_outgroup_fair
sub-151	older	01	286.850000	3.528500	outgroup	0	1.016830	0.016830	8	block_outgroup_fair
sub-151	older	01	291.146000	3.512790	outgroup	0	1.224020	0.224020	7	block_outgroup_fair
sub-151	older	01	304.678000	3.527150	ingroup	0	1.186930	0.186930	10	block_ingroup_unfair
sub-151	older	01	308.973000	3.513060	ingroup	0	1.028560	0.028560	3	block_ingroup_unfair
sub-151	older	01	313.254000	3.528740	ingroup	0	1.018000	0.018000	3	block_ingroup_unfair
sub-151	older	01	317.550000	3.513170	ingroup	0	1.024880	0.024880	4	block_ingroup_unfair
sub-151	older	01	321.831000	3.528610	ingroup	0	1.030890	0.030890	2	block_ingroup_unfair
sub-151	older	01	326.128000	3.513110	ingroup	0	1.021360	0.021360	4	block_ingroup_unfair
sub-151	older	01	330.409000	3.528650	ingroup	0	1.110590	0.110590	5	block_ingroup_unfair
sub-151	older	01	334.705000	3.528680	ingroup	0	1.017180	0.017180	3	block_ingroup_unfair
sub-151	older	01	350.251000	3.513120	ingroup	0	2.068840	1.068840	6	block_ingroup_fair
sub-151	older	01	354.532000	3.528550	ingroup	0	1.390350	0.390350	7	block_ingroup_fair
sub-151	older	01	358.829000	3.512940	ingroup	0	1.030380	0.030380	9	block_ingroup_fair
sub-151	older	01	363.109000	3.513110	ingroup	0	1.019970	0.019970	9	block_ingroup_fair
sub-151	older	01	367.390000	3.513080	ingroup	0	1.025780	0.025780	9	block_ingroup_fair
sub-151	older	01	371.671000	3.513190	ingroup	0	1.115430	0.115430	4	block_ingroup_fair
sub-151	older	01	375.952000	3.513160	ingroup	0	1.171270	0.171270	8	block_ingroup_fair
sub-151	older	01	380.233000	3.513150	ingroup	0	1.027000	0.027000	8	block_ingroup_fair
sub-151	older	02	4.018530	3.527730	ingroup	0	1.798330	0.798330	5	block_ingroup_unfair
sub-151	older	02	8.313960	3.513110	ingroup	0	1.022050	0.022050	3	block_ingroup_unfair
sub-151	older	02	12.594900	3.513090	ingroup	0	1.027950	0.027950	2	block_ingroup_unfair
sub-151	older	02	16.875900	3.528740	ingroup	0	1.017120	0.017120	3	block_ingroup_unfair
sub-151	older	02	21.172400	3.517490	ingroup	0	1.050330	0.050330	1	block_ingroup_unfair
sub-151	older	02	25.457700	3.513210	ingroup	0	1.059310	0.059310	2	block_ingroup_unfair
sub-151	older	02	29.738600	3.528790	ingroup	0	1.031760	0.031760	4	block_ingroup_unfair
sub-151	older	02	34.035300	3.513110	ingroup	0	1.305860	0.305860	7	block_ingroup_unfair
sub-151	older	02	49.565800	3.512640	computer	0	1.120970	0.120970	3	block_computer_unfair
sub-151	older	02	53.846100	3.513330	computer	0	1.027380	0.027380	1	block_computer_unfair
sub-151	older	02	58.126900	3.529040	computer	0	1.033480	0.033480	2	block_computer_unfair
sub-151	older	02	62.423500	3.513430	computer	0	1.023620	0.023620	7	block_computer_unfair
sub-151	older	02	66.704400	3.529050	computer	0	1.096570	0.096570	5	block_computer_unfair
sub-151	older	02	71.001000	3.513460	computer	0	1.019880	0.019880	2	block_computer_unfair
sub-151	older	02	75.282000	3.513320	computer	0	1.025580	0.025580	2	block_computer_unfair
sub-151	older	02	79.562900	3.528960	computer	0	1.031770	0.031770	4	block_computer_unfair
sub-151	older	02	95.110400	3.525670	outgroup	0	1.030100	0.030100	3	block_outgroup_unfair
sub-151	older	02	99.405300	3.511770	outgroup	0	1.022200	0.022200	3	block_outgroup_unfair
sub-151	older	02	103.685000	3.512610	outgroup	0	1.646400	0.646400	6	block_outgroup_unfair
sub-151	older	02	107.966000	3.512880	outgroup	0	1.018450	0.018450	2	block_outgroup_unfair
sub-151	older	02	112.247000	3.512870	outgroup	0	1.024400	0.024400	3	block_outgroup_unfair
sub-151	older	02	116.528000	3.528500	outgroup	0	1.030180	0.030180	2	block_outgroup_unfair
sub-151	older	02	120.825000	3.512860	outgroup	0	1.154150	0.154150	9	block_outgroup_unfair
sub-151	older	02	125.105000	3.512970	outgroup	0	1.026080	0.026080	2	block_outgroup_unfair
sub-151	older	02	140.636000	3.512620	computer	0	1.292650	0.292650	6	block_computer_unfair
sub-151	older	02	144.916000	3.528990	computer	0	1.032380	0.032380	3	block_computer_unfair
sub-151	older	02	149.213000	3.513400	computer	0	1.206190	0.206190	8	block_computer_unfair
sub-151	older	02	153.493000	3.513490	computer	0	1.028450	0.028450	3	block_computer_unfair
sub-151	older	02	157.774000	3.513350	computer	0	1.034660	0.034660	3	block_computer_unfair
sub-151	older	02	162.055000	3.513520	computer	0	1.023420	0.023420	1	block_computer_unfair
sub-151	older	02	166.336000	3.513410	computer	0	1.029580	0.029580	2	block_computer_unfair
sub-151	older	02	170.618000	3.528200	computer	0	1.017900	0.017900	3	block_computer_unfair
sub-151	older	02	184.163000	3.513400	computer	0	1.334610	0.334610	8	block_computer_fair
sub-151	older	02	188.444000	3.513300	computer	0	1.223610	0.223610	9	block_computer_fair
sub-151	older	02	192.725000	3.513390	computer	0	1.029170	0.029170	3	block_computer_fair
sub-151	older	02	197.006000	3.513380	computer	0	1.035240	0.035240	9	block_computer_fair
sub-151	older	02	201.287000	3.513410	computer	0	1.024220	0.024220	8	block_computer_fair
sub-151	older	02	205.568000	3.513410	computer	0	1.030190	0.030190	10	block_computer_fair
sub-151	older	02	209.849000	3.513440	computer	0	1.803700	0.803700	7	block_computer_fair
sub-151	older	02	214.130000	3.513370	computer	0	1.025340	0.025340	5	block_computer_fair
sub-151	older	02	225.662000	3.527360	ingroup	0	1.470060	0.470060	10	block_ingroup_unfair
sub-151	older	02	229.958000	3.512110	ingroup	0	1.026700	0.026700	4	block_ingroup_unfair
sub-151	older	02	234.238000	3.528870	ingroup	0	1.017110	0.017110	1	block_ingroup_unfair
sub-151	older	02	238.534000	3.513020	ingroup	0	1.023990	0.023990	4	block_ingroup_unfair
sub-151	older	02	242.815000	3.513050	ingroup	0	1.029790	0.029790	3	block_ingroup_unfair
sub-151	older	02	247.096000	3.513050	ingroup	0	1.019300	0.019300	2	block_ingroup_unfair
sub-151	older	02	251.377000	3.513020	ingroup	0	1.024960	0.024960	1	block_ingroup_unfair
sub-151	older	02	255.658000	3.528790	ingroup	0	1.064720	0.064720	5	block_ingroup_unfair
sub-151	older	02	269.206000	3.511340	outgroup	0	1.528410	0.528410	10	block_outgroup_fair
sub-151	older	02	273.486000	3.527240	outgroup	0	2.001740	1.001740	6	block_outgroup_fair
sub-151	older	02	277.782000	3.512760	outgroup	0	1.025440	0.025440	8	block_outgroup_fair
sub-151	older	02	282.063000	3.528590	outgroup	0	1.031640	0.031640	3	block_outgroup_fair
sub-151	older	02	286.359000	3.512940	outgroup	0	1.021810	0.021810	10	block_outgroup_fair
sub-151	older	02	290.640000	3.512920	outgroup	0	1.278080	0.278080	8	block_outgroup_fair
sub-151	older	02	294.922000	3.527890	outgroup	0	1.033110	0.033110	9	block_outgroup_fair
sub-151	older	02	299.218000	3.512900	outgroup	0	1.023820	0.023820	9	block_outgroup_fair
sub-151	older	02	312.748000	3.512390	computer	0	1.404470	0.404470	7	block_computer_fair
sub-151	older	02	317.028000	3.513340	computer	0	1.061330	0.061330	8	block_computer_fair
sub-151	older	02	321.309000	3.529070	computer	0	1.016950	0.016950	9	block_computer_fair
sub-151	older	02	325.606000	3.513200	computer	0	1.023980	0.023980	4	block_computer_fair
sub-151	older	02	329.887000	3.513330	computer	0	1.029740	0.029740	8	block_computer_fair
sub-151	older	02	334.168000	3.513370	computer	0	1.019300	0.019300	8	block_computer_fair
sub-151	older	02	338.449000	3.513530	computer	0	1.024840	0.024840	10	block_computer_fair
sub-151	older	02	342.730000	3.512990	computer	0	1.180890	0.180890	6	block_computer_fair
sub-151	older	02	354.262000	3.527460	ingroup	0	1.142180	0.142180	5	block_ingroup_fair
sub-151	older	02	358.558000	3.527480	ingroup	0	1.032010	0.032010	2	block_ingroup_fair
sub-151	older	02	362.853000	3.513010	ingroup	0	1.123820	0.123820	8	block_ingroup_fair
sub-151	older	02	367.134000	3.513180	ingroup	0	1.029560	0.029560	7	block_ingroup_fair
sub-151	older	02	371.415000	3.513140	ingroup	0	1.019230	0.019230	10	block_ingroup_fair
sub-151	older	02	375.696000	3.512960	ingroup	0	1.024600	0.024600	7	block_ingroup_fair
sub-151	older	02	379.977000	3.528710	ingroup	0	1.030630	0.030630	7	block_ingroup_fair
sub-151	older	02	384.274000	3.513090	ingroup	0	1.020760	0.020760	10	block_ingroup_fair
sub-152	older	01	4.008730	3.518550	ingroup	1			1	block_ingroup_unfair
sub-152	older	01	8.296620	3.519220	ingroup	0	1.698210	0.698210	1	block_ingroup_unfair
sub-152	older	01	12.574200	3.528820	ingroup	0	1.273930	0.273930	4	block_ingroup_unfair
sub-152	older	01	16.871700	3.504910	ingroup	0	1.029320	0.029320	2	block_ingroup_unfair
sub-152	older	01	21.127900	3.521570	ingroup	0	1.293780	0.293780	8	block_ingroup_unfair
sub-152	older	01	25.404800	3.513390	ingroup	0	1.019980	0.019980	4	block_ingroup_unfair
sub-152	older	01	29.687200	3.518800	ingroup	0	1.024450	0.024450	6	block_ingroup_unfair
sub-152	older	01	33.974400	3.518430	ingroup	0	1.024150	0.024150	4	block_ingroup_unfair
sub-152	older	01	45.508100	3.531410	computer	0	2.918400	1.918400	6	block_computer_unfair
sub-152	older	01	49.810500	3.518930	computer	0	2.652750	1.652750	4	block_computer_unfair
sub-152	older	01	54.097100	3.521600	computer	0	1.017830	0.017830	4	block_computer_unfair
sub-152	older	01	58.387400	3.518720	computer	0	1.097920	0.097920	2	block_computer_unfair
sub-152	older	01	62.673400	3.518700	computer	0	1.031790	0.031790	1	block_computer_unfair
sub-152	older	01	66.960700	3.518750	computer	0	1.031450	0.031450	2	block_computer_unfair
sub-152	older	01	71.248100	3.504250	computer	0	1.031040	0.031040	3	block_computer_unfair
sub-152	older	01	75.508100	3.506490	computer	0	1.024200	0.024200	8	block_computer_unfair
sub-152	older	01	87.025000	3.517030	outgroup	0	1.117130	0.117130	4	block_outgroup_unfair
sub-152	older	01	91.312000	3.517840	outgroup	0	1.016900	0.016900	3	block_outgroup_unfair
sub-152	older	01	95.582000	3.504010	outgroup	0	1.017110	0.017110	5	block_outgroup_unfair
sub-152	older	01	99.854200	3.502850	outgroup	0	1.031630	0.031630	3	block_outgroup_unfair
sub-152	older	01	104.127000	3.517970	outgroup	0	1.029250	0.029250	3	block_outgroup_unfair
sub-152	older	01	108.400000	3.516910	outgroup	0	1.026060	0.026060	4	block_outgroup_unfair
sub-152	older	01	112.677000	3.513100	outgroup	0	1.019580	0.019580	8	block_outgroup_unfair
sub-152	older	01	116.947000	3.514220	outgroup	0	1.019260	0.019260	2	block_outgroup_unfair
sub-152	older	01	132.464000	3.518330	ingroup	0	1.165650	0.165650	1	block_ingroup_unfair
sub-152	older	01	136.751000	3.502460	ingroup	0	1.032240	0.032240	4	block_ingroup_unfair
sub-152	older	01	141.023000	3.519550	ingroup	0	1.029980	0.029980	6	block_ingroup_unfair
sub-152	older	01	145.288000	3.510700	ingroup	0	1.018050	0.018050	1	block_ingroup_unfair
sub-152	older	01	149.566000	3.520920	ingroup	0	1.027730	0.027730	3	block_ingroup_unfair
sub-152	older	01	153.855000	3.518090	ingroup	0	1.025120	0.025120	3	block_ingroup_unfair
sub-152	older	01	158.143000	3.517870	ingroup	0	1.023860	0.023860	4	block_ingroup_unfair
sub-152	older	01	162.430000	3.518070	ingroup	0	1.024200	0.024200	7	block_ingroup_unfair
sub-152	older	01	173.948000	3.517370	computer	1			6	block_computer_fair
sub-152	older	01	178.234000	3.501440	computer	0	1.033260	0.033260	7	block_computer_fair
sub-152	older	01	182.490000	3.519530	computer	0	1.030170	0.030170	10	block_computer_fair
sub-152	older	01	186.765000	3.505360	computer	0	1.025380	0.025380	3	block_computer_fair
sub-152	older	01	191.034000	3.518820	computer	0	1.026300	0.026300	9	block_computer_fair
sub-152	older	01	195.311000	3.514800	computer	0	1.389060	0.389060	7	block_computer_fair
sub-152	older	01	199.593000	3.520990	computer	0	1.024310	0.024310	7	block_computer_fair
sub-152	older	01	203.882000	3.519420	computer	0	1.022190	0.022190	10	block_computer_fair
sub-152	older	01	217.417000	3.523970	outgroup	0	2.917160	1.917160	1	block_outgroup_fair
sub-152	older	01	221.700000	3.502360	outgroup	0	1.019090	0.019090	8	block_outgroup_fair
sub-152	older	01	225.958000	3.505280	outgroup	0	1.031030	0.031030	6	block_outgroup_fair
sub-152	older	01	230.222000	3.511430	outgroup	0	1.020910	0.020910	7	block_outgroup_fair
sub-152	older	01	234.502000	3.505000	outgroup	0	1.027660	0.027660	10	block_outgroup_fair
sub-152	older	01	238.773000	3.519510	outgroup	0	1.026420	0.026420	9	block_outgroup_fair
sub-152	older	01	243.062000	3.520280	outgroup	0	1.024420	0.024420	8	block_outgroup_fair
sub-152	older	01	247.351000	3.517380	outgroup	0	1.022780	0.022780	8	block_outgroup_fair
sub-152	older	01	260.879000	3.526010	computer	0	1.372520	0.372520	5	block_computer_unfair
sub-152	older	01	265.165000	3.513980	computer	0	1.023290	0.023290	3	block_computer_unfair
sub-152	older	01	269.430000	3.505720	computer	0	1.028030	0.028030	4	block_computer_unfair
sub-152	older	01	273.704000	3.518250	computer	0	1.024900	0.024900	4	block_computer_unfair
sub-152	older	01	277.992000	3.519370	computer	0	1.023550	0.023550	2	block_computer_unfair
sub-152	older	01	282.280000	3.518190	computer	0	1.022550	0.022550	8	block_computer_unfair
sub-152	older	01	286.568000	3.519220	computer	0	1.021300	0.021300	4	block_computer_unfair
sub-152	older	01	290.839000	3.518930	computer	0	1.020380	0.020380	3	block_computer_unfair
sub-152	older	01	306.379000	3.518440	computer	0	2.010620	1.010620	6	block_computer_fair
sub-152	older	01	310.657000	3.511940	computer	0	1.018860	0.018860	9	block_computer_fair
sub-152	older	01	314.937000	3.519470	computer	0	1.025130	0.025130	10	block_computer_fair
sub-152	older	01	319.225000	3.518090	computer	0	1.024130	0.024130	7	block_computer_fair
sub-152	older	01	323.514000	3.518630	computer	0	1.022230	0.022230	8	block_computer_fair
sub-152	older	01	327.801000	3.518510	computer	0	1.472610	0.472610	9	block_computer_fair
sub-152	older	01	332.090000	3.516990	computer	0	1.020180	0.020180	2	block_computer_fair
sub-152	older	01	336.376000	3.518230	computer	0	1.020950	0.020950	7	block_computer_fair
sub-152	older	01	351.904000	3.502510	ingroup	0	1.021880	0.021880	9	block_ingroup_fair
sub-152	older	01	356.175000	3.518610	ingroup	0	1.020940	0.020940	8	block_ingroup_fair
sub-152	older	01	360.463000	3.517500	ingroup	0	1.020040	0.020040	4	block_ingroup_fair
sub-152	older	01	364.750000	3.517910	ingroup	0	1.020680	0.020680	9	block_ingroup_fair
sub-152	older	01	369.037000	3.514370	ingroup	0	1.019270	0.019270	8	block_ingroup_fair
sub-152	older	01	373.310000	3.518690	ingroup	1			7	block_ingroup_fair
sub-152	older	01	377.583000	3.524440	ingroup	1			8	block_ingroup_fair
sub-152	older	01	381.870000	3.517840	ingroup	0	1.030930	0.030930	5	block_ingroup_fair
sub-152	older	02	3.996410	3.521500	ingroup	0	1.069440	0.069440	9	block_ingroup_fair
sub-152	older	02	8.285470	3.519780	ingroup	0	1.033410	0.033410	7	block_ingroup_fair
sub-152	older	02	12.564800	3.512410	ingroup	0	1.391720	0.391720	9	block_ingroup_fair
sub-152	older	02	16.844600	3.509680	ingroup	0	1.265000	0.265000	8	block_ingroup_fair
sub-152	older	02	21.116400	3.510970	ingroup	0	1.029520	0.029520	8	block_ingroup_fair
sub-152	older	02	25.390200	3.518510	ingroup	0	1.025950	0.025950	4	block_ingroup_fair
sub-152	older	02	29.677700	3.518690	ingroup	0	1.025450	0.025450	5	block_ingroup_fair
sub-152	older	02	33.964900	3.518830	ingroup	0	1.025270	0.025270	9	block_ingroup_fair
sub-152	older	02	47.500200	3.518200	ingroup	0	1.017560	0.017560	7	block_ingroup_unfair
sub-152	older	02	51.788200	3.518450	ingroup	0	1.033040	0.033040	1	block_ingroup_unfair
sub-152	older	02	56.074300	3.519500	ingroup	0	1.016990	0.016990	6	block_ingroup_unfair
sub-152	older	02	60.364300	3.509020	ingroup	0	1.030590	0.030590	4	block_ingroup_unfair
sub-152	older	02	64.641600	3.513990	ingroup	0	1.023550	0.023550	2	block_ingroup_unfair
sub-152	older	02	68.924400	3.525610	ingroup	1			2	block_ingroup_unfair
sub-152	older	02	73.218100	3.530580	ingroup	1			1	block_ingroup_unfair
sub-152	older	02	77.518800	3.533950	ingroup	1			1	block_ingroup_unfair
sub-152	older	02	89.074500	3.531000	outgroup	1			1	block_outgroup_unfair
sub-152	older	02	93.370100	3.518150	outgroup	1			1	block_outgroup_unfair
sub-152	older	02	97.659000	3.518450	outgroup	0	1.483530	0.483530	4	block_outgroup_unfair
sub-152	older	02	101.946000	3.520380	outgroup	0	1.032480	0.032480	2	block_outgroup_unfair
sub-152	older	02	106.233000	3.505300	outgroup	0	1.032930	0.032930	7	block_outgroup_unfair
sub-152	older	02	110.507000	3.519390	outgroup	0	1.029490	0.029490	3	block_outgroup_unfair
sub-152	older	02	114.796000	3.517550	outgroup	0	1.027030	0.027030	6	block_outgroup_unfair
sub-152	older	02	119.083000	3.519940	outgroup	0	1.027130	0.027130	2	block_outgroup_unfair
sub-152	older	02	134.623000	3.502020	ingroup	0	1.032960	0.032960	7	block_ingroup_fair
sub-152	older	02	138.895000	3.517560	ingroup	0	1.031160	0.031160	10	block_ingroup_fair
sub-152	older	02	143.182000	3.517300	ingroup	0	1.031260	0.031260	9	block_ingroup_fair
sub-152	older	02	147.469000	3.519590	ingroup	0	1.030930	0.030930	8	block_ingroup_fair
sub-152	older	02	151.757000	3.502970	ingroup	0	1.029750	0.029750	3	block_ingroup_fair
sub-152	older	02	156.029000	3.519590	ingroup	0	1.027750	0.027750	10	block_ingroup_fair
sub-152	older	02	160.316000	3.521350	ingroup	0	1.027510	0.027510	10	block_ingroup_fair
sub-152	older	02	164.607000	3.510720	ingroup	0	1.023850	0.023850	6	block_ingroup_fair
sub-152	older	02	176.125000	3.517080	outgroup	0	1.031880	0.031880	5	block_outgroup_fair
sub-152	older	02	180.413000	3.518130	outgroup	0	1.029990	0.029990	7	block_outgroup_fair
sub-152	older	02	184.688000	3.530850	outgroup	1			9	block_outgroup_fair
sub-152	older	02	188.990000	3.519310	outgroup	0	1.026920	0.026920	7	block_outgroup_fair
sub-152	older	02	193.262000	3.510150	outgroup	0	1.025820	0.025820	8	block_outgroup_fair
sub-152	older	02	197.527000	3.516320	outgroup	0	1.030150	0.030150	9	block_outgroup_fair
sub-152	older	02	201.807000	3.519350	outgroup	1			9	block_outgroup_fair
sub-152	older	02	206.095000	3.519610	outgroup	0	1.053370	0.053370	1	block_outgroup_fair
sub-152	older	02	219.616000	3.533270	outgroup	1			4	block_outgroup_unfair
sub-152	older	02	223.920000	3.533210	outgroup	1			8	block_outgroup_unfair
sub-152	older	02	228.223000	3.518260	outgroup	0	1.026700	0.026700	4	block_outgroup_unfair
sub-152	older	02	232.511000	3.508360	outgroup	0	1.025320	0.025320	3	block_outgroup_unfair
sub-152	older	02	236.773000	3.529570	outgroup	0	1.032870	0.032870	2	block_outgroup_unfair
sub-152	older	02	241.062000	3.512400	outgroup	0	1.031440	0.031440	6	block_outgroup_unfair
sub-152	older	02	245.328000	3.518120	outgroup	0	1.018410	0.018410	3	block_outgroup_unfair
sub-152	older	02	249.613000	3.520500	outgroup	0	1.019880	0.019880	3	block_outgroup_unfair
sub-152	older	02	265.145000	3.518060	computer	0	1.018130	0.018130	7	block_computer_fair
sub-152	older	02	269.421000	3.505860	computer	0	1.028630	0.028630	7	block_computer_fair
sub-152	older	02	273.690000	3.517190	computer	0	1.029690	0.029690	5	block_computer_fair
sub-152	older	02	277.977000	3.518560	computer	0	1.030010	0.030010	10	block_computer_fair
sub-152	older	02	282.265000	3.534610	computer	1			1	block_computer_fair
sub-152	older	02	286.568000	3.517450	computer	0	1.029070	0.029070	8	block_computer_fair
sub-152	older	02	290.854000	3.504200	computer	0	1.030010	0.030010	9	block_computer_fair
sub-152	older	02	295.126000	3.518820	computer	0	1.028260	0.028260	10	block_computer_fair
sub-152	older	02	306.660000	3.518730	outgroup	0	1.020050	0.020050	4	block_outgroup_fair
sub-152	older	02	310.949000	3.520890	outgroup	1			7	block_outgroup_fair
sub-152	older	02	315.235000	3.518390	outgroup	0	2.153520	1.153520	9	block_outgroup_fair
sub-152	older	02	319.512000	3.527970	outgroup	0	1.028610	0.028610	7	block_outgroup_fair
sub-152	older	02	323.810000	3.518640	outgroup	0	1.018010	0.018010	6	block_outgroup_fair
sub-152	older	02	328.096000	3.518890	outgroup	0	1.018470	0.018470	10	block_outgroup_fair
sub-152	older	02	332.384000	3.519360	outgroup	0	1.017650	0.017650	9	block_outgroup_fair
sub-152	older	02	336.671000	3.504050	outgroup	0	1.017080	0.017080	9	block_outgroup_fair
sub-152	older	02	350.193000	3.518420	computer	0	2.324510	1.324510	3	block_computer_unfair
sub-152	older	02	354.469000	3.530130	computer	1			1	block_computer_unfair
sub-152	older	02	358.767000	3.521870	computer	0	1.022370	0.022370	1	block_computer_unfair
sub-152	older	02	363.056000	3.517900	computer	0	1.020340	0.020340	1	block_computer_unfair
sub-152	older	02	367.345000	3.519730	computer	0	1.018260	0.018260	5	block_computer_unfair
sub-152	older	02	371.632000	3.521700	computer	0	1.018370	0.018370	4	block_computer_unfair
sub-152	older	02	375.922000	3.503500	computer	0	1.031400	0.031400	3	block_computer_unfair
sub-152	older	02	380.194000	3.517790	computer	0	1.029570	0.029570	7	block_computer_unfair
sub-153	younger	01	4.009160	3.527790	computer	1			6	block_computer_unfair
sub-153	younger	01	8.305030	3.513140	computer	0	1.198600	0.198600	4	block_computer_unfair
sub-153	younger	01	12.585700	3.513430	computer	0	1.755240	0.755240	4	block_computer_unfair
sub-153	younger	01	16.866700	3.513360	computer	0	2.411770	1.411770	4	block_computer_unfair
sub-153	younger	01	21.147500	3.529060	computer	0	1.517270	0.517270	8	block_computer_unfair
sub-153	younger	01	25.444100	3.513410	computer	0	1.390440	0.390440	3	block_computer_unfair
sub-153	younger	01	29.725000	3.513440	computer	0	1.379770	0.379770	2	block_computer_unfair
sub-153	younger	01	34.006100	3.513260	computer	0	1.385320	0.385320	2	block_computer_unfair
sub-153	younger	01	47.538000	3.511580	ingroup	0	1.497910	0.497910	5	block_ingroup_unfair
sub-153	younger	01	51.818800	3.511860	ingroup	0	2.771870	1.771870	1	block_ingroup_unfair
sub-153	younger	01	56.098300	3.528810	ingroup	0	1.327930	0.327930	4	block_ingroup_unfair
sub-153	younger	01	60.394700	3.513350	ingroup	0	1.852280	0.852280	10	block_ingroup_unfair
sub-153	younger	01	64.675700	3.513300	ingroup	0	1.441050	0.441050	4	block_ingroup_unfair
sub-153	younger	01	68.956500	3.513380	ingroup	0	1.513690	0.513690	2	block_ingroup_unfair
sub-153	younger	01	73.237500	3.513330	ingroup	0	1.269490	0.269490	4	block_ingroup_unfair
sub-153	younger	01	77.518600	3.513200	ingroup	0	1.341820	0.341820	4	block_ingroup_unfair
sub-153	younger	01	93.049600	3.512250	outgroup	0	1.790650	0.790650	2	block_outgroup_unfair
sub-153	younger	01	97.329500	3.513300	outgroup	0	1.196970	0.196970	9	block_outgroup_unfair
sub-153	younger	01	101.610000	3.513310	outgroup	0	1.319780	0.319780	3	block_outgroup_unfair
sub-153	younger	01	105.892000	3.513220	outgroup	0	1.292210	0.292210	4	block_outgroup_unfair
sub-153	younger	01	110.172000	3.528920	outgroup	0	1.048140	0.048140	1	block_outgroup_unfair
sub-153	younger	01	114.469000	3.513390	outgroup	0	1.021670	0.021670	5	block_outgroup_unfair
sub-153	younger	01	118.750000	3.512780	outgroup	0	1.211220	0.211220	4	block_outgroup_unfair
sub-153	younger	01	123.031000	3.528940	outgroup	0	1.533940	0.533940	3	block_outgroup_unfair
sub-153	younger	01	136.577000	3.513230	outgroup	0	1.349070	0.349070	8	block_outgroup_fair
sub-153	younger	01	140.858000	3.513230	outgroup	0	1.354850	0.354850	8	block_outgroup_fair
sub-153	younger	01	145.138000	3.513290	outgroup	0	1.026920	0.026920	8	block_outgroup_fair
sub-153	younger	01	149.419000	3.513310	outgroup	0	1.450050	0.450050	7	block_outgroup_fair
sub-153	younger	01	153.700000	3.513230	outgroup	0	1.355790	0.355790	1	block_outgroup_fair
sub-153	younger	01	157.981000	3.513310	outgroup	0	1.295190	0.295190	8	block_outgroup_fair
sub-153	younger	01	162.262000	3.513350	outgroup	0	1.184410	0.184410	6	block_outgroup_fair
sub-153	younger	01	166.543000	3.513290	outgroup	0	1.140190	0.140190	9	block_outgroup_fair
sub-153	younger	01	182.073000	3.513290	outgroup	0	1.022680	0.022680	9	block_outgroup_unfair
sub-153	younger	01	186.354000	3.513330	outgroup	0	1.028560	0.028560	1	block_outgroup_unfair
sub-153	younger	01	190.635000	3.528980	outgroup	0	1.017620	0.017620	2	block_outgroup_unfair
sub-153	younger	01	194.932000	3.528960	outgroup	0	1.124870	0.124870	1	block_outgroup_unfair
sub-153	younger	01	199.228000	3.528920	outgroup	0	1.031480	0.031480	5	block_outgroup_unfair
sub-153	younger	01	203.525000	3.513260	outgroup	0	1.389090	0.389090	3	block_outgroup_unfair
sub-153	younger	01	207.806000	3.513160	outgroup	0	2.162300	1.162300	4	block_outgroup_unfair
sub-153	younger	01	212.087000	3.513340	outgroup	0	2.218290	1.218290	3	block_outgroup_unfair
sub-153	younger	01	227.618000	3.511990	ingroup	0	1.448970	0.448970	7	block_ingroup_fair
sub-153	younger	01	231.898000	3.513260	ingroup	0	1.639490	0.639490	2	block_ingroup_fair
sub-153	younger	01	236.179000	3.513270	ingroup	0	1.161950	0.161950	7	block_ingroup_fair
sub-153	younger	01	240.459000	3.529030	ingroup	0	1.017420	0.017420	5	block_ingroup_fair
sub-153	younger	01	244.756000	3.513330	ingroup	0	1.575120	0.575120	10	block_ingroup_fair
sub-153	younger	01	249.037000	3.528880	ingroup	0	1.080500	0.080500	9	block_ingroup_fair
sub-153	younger	01	253.334000	3.513310	ingroup	0	1.020550	0.020550	10	block_ingroup_fair
sub-153	younger	01	257.614000	3.513320	ingroup	0	1.393740	0.393740	9	block_ingroup_fair
sub-153	younger	01	269.146000	3.511900	outgroup	0	1.254600	0.254600	8	block_outgroup_fair
sub-153	younger	01	273.427000	3.512040	outgroup	0	1.026740	0.026740	9	block_outgroup_fair
sub-153	younger	01	277.707000	3.513300	outgroup	0	1.351230	0.351230	7	block_outgroup_fair
sub-153	younger	01	281.988000	3.513320	outgroup	0	1.023020	0.023020	10	block_outgroup_fair
sub-153	younger	01	286.269000	3.513330	outgroup	0	1.463120	0.463120	4	block_outgroup_fair
sub-153	younger	01	290.550000	3.513300	outgroup	0	1.102040	0.102040	5	block_outgroup_fair
sub-153	younger	01	294.831000	3.513180	outgroup	0	1.024220	0.024220	7	block_outgroup_fair
sub-153	younger	01	299.111000	3.513310	outgroup	0	1.030260	0.030260	10	block_outgroup_fair
sub-153	younger	01	310.643000	3.512580	ingroup	0	1.092130	0.092130	8	block_ingroup_fair
sub-153	younger	01	314.923000	3.528800	ingroup	0	1.031850	0.031850	7	block_ingroup_fair
sub-153	younger	01	319.219000	3.513300	ingroup	0	1.022220	0.022220	9	block_ingroup_fair
sub-153	younger	01	323.500000	3.528960	ingroup	0	1.345340	0.345340	5	block_ingroup_fair
sub-153	younger	01	327.797000	3.513350	ingroup	0	1.018480	0.018480	8	block_ingroup_fair
sub-153	younger	01	332.078000	3.513330	ingroup	0	1.024350	0.024350	7	block_ingroup_fair
sub-153	younger	01	336.359000	3.513340	ingroup	0	1.464340	0.464340	1	block_ingroup_fair
sub-153	younger	01	340.640000	3.513300	ingroup	0	1.487010	0.487010	9	block_ingroup_fair
sub-153	younger	01	354.171000	3.512460	computer	0	2.200600	1.200600	5	block_computer_fair
sub-153	younger	01	358.451000	3.513300	computer	0	1.023110	0.023110	8	block_computer_fair
sub-153	younger	01	362.732000	3.513440	computer	0	1.028850	0.028850	3	block_computer_fair
sub-153	younger	01	367.012000	3.513410	computer	0	1.018360	0.018360	7	block_computer_fair
sub-153	younger	01	371.293000	3.513440	computer	0	1.024140	0.024140	10	block_computer_fair
sub-153	younger	01	375.574000	3.513450	computer	0	1.880930	0.880930	9	block_computer_fair
sub-153	younger	01	379.855000	3.513480	computer	0	1.019280	0.019280	7	block_computer_fair
sub-153	younger	01	384.136000	3.513390	computer	0	1.025140	0.025140	10	block_computer_fair
sub-153	younger	02	4.004830	3.512650	computer	0	1.317650	0.317650	2	block_computer_unfair
sub-153	younger	02	8.284860	3.513420	computer	0	1.023980	0.023980	1	block_computer_unfair
sub-153	younger	02	12.565800	3.513460	computer	0	1.030010	0.030010	2	block_computer_unfair
sub-153	younger	02	16.846800	3.513380	computer	0	1.019120	0.019120	5	block_computer_unfair
sub-153	younger	02	21.127700	3.513370	computer	0	1.025250	0.025250	3	block_computer_unfair
sub-153	younger	02	25.408600	3.513430	computer	0	1.364830	0.364830	3	block_computer_unfair
sub-153	younger	02	29.689500	3.513410	computer	0	1.370600	0.370600	3	block_computer_unfair
sub-153	younger	02	33.970500	3.513350	computer	0	1.026530	0.026530	7	block_computer_unfair
sub-153	younger	02	45.502200	3.512090	ingroup	0	1.020680	0.020680	6	block_ingroup_unfair
sub-153	younger	02	49.783200	3.511980	ingroup	0	1.026290	0.026290	2	block_ingroup_unfair
sub-153	younger	02	54.062900	3.513240	ingroup	0	1.100390	0.100390	3	block_ingroup_unfair
sub-153	younger	02	58.343800	3.513320	ingroup	0	1.022860	0.022860	7	block_ingroup_unfair
sub-153	younger	02	62.624600	3.513370	ingroup	0	1.028740	0.028740	1	block_ingroup_unfair
sub-153	younger	02	66.905600	3.513280	ingroup	0	1.018090	0.018090	4	block_ingroup_unfair
sub-153	younger	02	71.186500	3.513340	ingroup	0	1.040840	0.040840	4	block_ingroup_unfair
sub-153	younger	02	75.467500	3.513240	ingroup	0	1.029660	0.029660	1	block_ingroup_unfair
sub-153	younger	02	90.998300	3.528200	computer	0	1.329260	0.329260	8	block_computer_fair
sub-153	younger	02	95.294000	3.513430	computer	0	1.019580	0.019580	10	block_computer_fair
sub-153	younger	02	99.575000	3.513480	computer	0	1.109180	0.109180	8	block_computer_fair
sub-153	younger	02	103.856000	3.528970	computer	0	1.031230	0.031230	9	block_computer_fair
sub-153	younger	02	108.152000	3.513440	computer	0	1.021620	0.021620	7	block_computer_fair
sub-153	younger	02	112.433000	3.513430	computer	0	1.027520	0.027520	9	block_computer_fair
sub-153	younger	02	116.714000	3.529100	computer	0	1.016820	0.016820	1	block_computer_fair
sub-153	younger	02	121.011000	3.513460	computer	0	1.023870	0.023870	5	block_computer_fair
sub-153	younger	02	134.542000	3.512090	outgroup	0	1.019880	0.019880	7	block_outgroup_fair
sub-153	younger	02	138.824000	3.511840	outgroup	0	1.025550	0.025550	10	block_outgroup_fair
sub-153	younger	02	143.103000	3.528880	outgroup	0	1.032860	0.032860	8	block_outgroup_fair
sub-153	younger	02	147.400000	3.513270	outgroup	0	1.023200	0.023200	2	block_outgroup_fair
sub-153	younger	02	151.681000	3.513200	outgroup	0	1.196170	0.196170	9	block_outgroup_fair
sub-153	younger	02	155.961000	3.513350	outgroup	0	1.018500	0.018500	9	block_outgroup_fair
sub-153	younger	02	160.242000	3.513330	outgroup	0	1.324840	0.324840	6	block_outgroup_fair
sub-153	younger	02	164.523000	3.513320	outgroup	0	1.030210	0.030210	7	block_outgroup_fair
sub-153	younger	02	176.055000	3.512020	ingroup	0	1.024690	0.024690	10	block_ingroup_fair
sub-153	younger	02	180.335000	3.528890	ingroup	0	1.031850	0.031850	2	block_ingroup_fair
sub-153	younger	02	184.631000	3.513250	ingroup	0	1.022050	0.022050	5	block_ingroup_fair
sub-153	younger	02	188.912000	3.513290	ingroup	0	1.028300	0.028300	8	block_ingroup_fair
sub-153	younger	02	193.193000	3.528870	ingroup	0	1.234350	0.234350	8	block_ingroup_fair
sub-153	younger	02	197.490000	3.513340	ingroup	0	1.024480	0.024480	8	block_ingroup_fair
sub-153	younger	02	201.771000	3.513320	ingroup	0	1.030170	0.030170	7	block_ingroup_fair
sub-153	younger	02	206.052000	3.513330	ingroup	0	1.019460	0.019460	7	block_ingroup_fair
sub-153	younger	02	221.583000	3.527920	computer	0	1.251620	0.251620	9	block_computer_fair
sub-153	younger	02	225.878000	3.528980	computer	0	1.142680	0.142680	6	block_computer_fair
sub-153	younger	02	230.175000	3.529000	computer	0	1.032710	0.032710	3	block_computer_fair
sub-153	younger	02	234.471000	3.513410	computer	0	1.023110	0.023110	8	block_computer_fair
sub-153	younger	02	238.752000	3.513420	computer	0	1.029010	0.029010	10	block_computer_fair
sub-153	younger	02	243.033000	3.513470	computer	0	1.018290	0.018290	8	block_computer_fair
sub-153	younger	02	247.314000	3.513370	computer	0	1.024110	0.024110	9	block_computer_fair
sub-153	younger	02	251.595000	3.513490	computer	0	1.246850	0.246850	8	block_computer_fair
sub-153	younger	02	263.125000	3.513500	computer	0	1.076080	0.076080	2	block_computer_unfair
sub-153	younger	02	267.406000	3.513460	computer	0	2.182910	1.182910	6	block_computer_unfair
sub-153	younger	02	271.687000	3.513400	computer	0	1.021340	0.021340	3	block_computer_unfair
sub-153	younger	02	275.968000	3.513410	computer	0	1.026800	0.026800	7	block_computer_unfair
sub-153	younger	02	280.249000	3.529110	computer	0	1.032820	0.032820	1	block_computer_unfair
sub-153	younger	02	284.546000	3.513500	computer	0	1.022970	0.022970	4	block_computer_unfair
sub-153	younger	02	288.827000	3.513430	computer	0	1.028810	0.028810	2	block_computer_unfair
sub-153	younger	02	293.107000	3.513460	computer	0	1.185370	0.185370	2	block_computer_unfair
sub-153	younger	02	308.639000	3.527870	ingroup	0	1.033110	0.033110	7	block_ingroup_unfair
sub-153	younger	02	312.934000	3.513300	ingroup	0	1.024400	0.024400	1	block_ingroup_unfair
sub-153	younger	02	317.215000	3.513360	ingroup	0	1.030320	0.030320	1	block_ingroup_unfair
sub-153	younger	02	321.496000	3.513380	ingroup	0	1.019750	0.019750	1	block_ingroup_unfair
sub-153	younger	02	325.777000	3.529050	ingroup	0	1.142570	0.142570	5	block_ingroup_unfair
sub-153	younger	02	330.074000	3.529000	ingroup	0	1.032430	0.032430	1	block_ingroup_unfair
sub-153	younger	02	334.370000	3.528950	ingroup	0	2.891220	1.891220	3	block_ingroup_unfair
sub-153	younger	02	338.667000	3.513320	ingroup	0	1.029620	0.029620	3	block_ingroup_unfair
sub-153	younger	02	352.198000	3.511980	outgroup	0	1.242980	0.242980	6	block_outgroup_unfair
sub-153	younger	02	356.478000	3.528870	outgroup	0	1.033210	0.033210	7	block_outgroup_unfair
sub-153	younger	02	360.775000	3.513260	outgroup	0	1.023410	0.023410	3	block_outgroup_unfair
sub-153	younger	02	365.055000	3.513220	outgroup	0	1.029190	0.029190	4	block_outgroup_unfair
sub-153	younger	02	369.336000	3.513300	outgroup	0	1.018570	0.018570	4	block_outgroup_unfair
sub-153	younger	02	373.617000	3.513210	outgroup	0	1.024450	0.024450	4	block_outgroup_unfair
sub-153	younger	02	377.898000	3.513150	outgroup	0	1.030140	0.030140	2	block_outgroup_unfair
sub-153	younger	02	382.179000	3.513250	outgroup	0	1.019560	0.019560	3	block_outgroup_unfair
sub-154	older	01	4.013940	3.526820	ingroup	1			3	block_ingroup_unfair
sub-154	older	01	8.309090	3.512910	ingroup	0	2.614680	1.614680	2	block_ingroup_unfair
sub-154	older	01	12.589900	3.513140	ingroup	0	2.987900	1.987900	5	block_ingroup_unfair
sub-154	older	01	16.870900	3.512950	ingroup	0	1.409080	0.409080	2	block_ingroup_unfair
sub-154	older	01	21.151800	3.513060	ingroup	0	1.565180	0.565180	4	block_ingroup_unfair
sub-154	older	01	25.432700	3.513040	ingroup	0	1.621130	0.621130	8	block_ingroup_unfair
sub-154	older	01	29.713600	3.528670	ingroup	0	1.360080	0.360080	4	block_ingroup_unfair
sub-154	older	01	34.010100	3.513140	ingroup	0	1.067010	0.067010	3	block_ingroup_unfair
sub-154	older	01	45.542500	3.511120	computer	0	2.979010	1.979010	1	block_computer_unfair
sub-154	older	01	49.822100	3.528150	computer	0	1.501790	0.501790	7	block_computer_unfair
sub-154	older	01	54.117800	3.513330	computer	0	1.526130	0.526130	2	block_computer_unfair
sub-154	older	01	58.398700	3.528980	computer	0	1.765480	0.765480	4	block_computer_unfair
sub-154	older	01	62.695100	3.513500	computer	0	2.073010	1.073010	6	block_computer_unfair
sub-154	older	01	66.976100	3.529090	computer	0	1.328280	0.328280	4	block_computer_unfair
sub-154	older	01	71.272800	3.528940	computer	0	1.234850	0.234850	3	block_computer_unfair
sub-154	older	01	75.569300	3.513330	computer	0	1.024830	0.024830	4	block_computer_unfair
sub-154	older	01	89.099400	3.513450	computer	0	2.540500	1.540500	8	block_computer_fair
sub-154	older	01	93.380500	3.513320	computer	0	1.228670	0.228670	5	block_computer_fair
sub-154	older	01	97.661300	3.513500	computer	0	1.451450	0.451450	9	block_computer_fair
sub-154	older	01	101.942000	3.513420	computer	0	1.540920	0.540920	9	block_computer_fair
sub-154	older	01	106.223000	3.513260	computer	0	1.212800	0.212800	2	block_computer_fair
sub-154	older	01	110.504000	3.513370	computer	0	1.118950	0.118950	10	block_computer_fair
sub-154	older	01	114.785000	3.513320	computer	0	1.324860	0.324860	9	block_computer_fair
sub-154	older	01	119.066000	3.513460	computer	0	1.030600	0.030600	7	block_computer_fair
sub-154	older	01	134.596000	3.513310	computer	0	1.146760	0.146760	1	block_computer_unfair
sub-154	older	01	138.877000	3.513430	computer	0	1.019140	0.019140	1	block_computer_unfair
sub-154	older	01	143.158000	3.513400	computer	0	1.058620	0.058620	5	block_computer_unfair
sub-154	older	01	147.439000	3.529000	computer	0	1.064500	0.064500	2	block_computer_unfair
sub-154	older	01	151.735000	3.513380	computer	0	1.021150	0.021150	4	block_computer_unfair
sub-154	older	01	156.016000	3.513400	computer	0	1.027260	0.027260	2	block_computer_unfair
sub-154	older	01	160.297000	3.529080	computer	0	1.767130	0.767130	9	block_computer_unfair
sub-154	older	01	164.594000	3.513500	computer	0	1.023380	0.023380	1	block_computer_unfair
sub-154	older	01	178.126000	3.511720	outgroup	0	2.287110	1.287110	10	block_outgroup_fair
sub-154	older	01	182.407000	3.511910	outgroup	0	2.243050	1.243050	7	block_outgroup_fair
sub-154	older	01	186.686000	3.512960	outgroup	0	1.599690	0.599690	9	block_outgroup_fair
sub-154	older	01	190.967000	3.512980	outgroup	0	1.021440	0.021440	7	block_outgroup_fair
sub-154	older	01	195.248000	3.512900	outgroup	0	1.027210	0.027210	7	block_outgroup_fair
sub-154	older	01	199.529000	3.528550	outgroup	0	1.033270	0.033270	6	block_outgroup_fair
sub-154	older	01	203.826000	3.512810	outgroup	0	1.023490	0.023490	10	block_outgroup_fair
sub-154	older	01	208.107000	3.512870	outgroup	0	1.029360	0.029360	3	block_outgroup_fair
sub-154	older	01	221.638000	3.511720	ingroup	0	1.776730	0.776730	8	block_ingroup_fair
sub-154	older	01	225.918000	3.513090	ingroup	0	2.818210	1.818210	9	block_ingroup_fair
sub-154	older	01	230.199000	3.513150	ingroup	0	1.022270	0.022270	5	block_ingroup_fair
sub-154	older	01	234.480000	3.512960	ingroup	0	1.027970	0.027970	8	block_ingroup_fair
sub-154	older	01	238.761000	3.528660	ingroup	0	1.017290	0.017290	7	block_ingroup_fair
sub-154	older	01	243.057000	3.513090	ingroup	0	1.024290	0.024290	8	block_ingroup_fair
sub-154	older	01	247.338000	3.513050	ingroup	0	1.030570	0.030570	3	block_ingroup_fair
sub-154	older	01	251.619000	3.513150	ingroup	0	1.019490	0.019490	7	block_ingroup_fair
sub-154	older	01	263.150000	3.543760	computer	1			7	block_computer_fair
sub-154	older	01	267.461000	3.513350	computer	0	1.040520	0.040520	2	block_computer_fair
sub-154	older	01	271.742000	3.513360	computer	0	1.029380	0.029380	6	block_computer_fair
sub-154	older	01	276.023000	3.513430	computer	0	1.018730	0.018730	8	block_computer_fair
sub-154	older	01	280.304000	3.513260	computer	0	1.024460	0.024460	10	block_computer_fair
sub-154	older	01	284.585000	3.513460	computer	0	1.030550	0.030550	8	block_computer_fair
sub-154	older	01	288.866000	3.513460	computer	0	1.136900	0.136900	9	block_computer_fair
sub-154	older	01	293.147000	3.513340	computer	0	2.276930	1.276930	8	block_computer_fair
sub-154	older	01	304.679000	3.511540	outgroup	0	1.253440	0.253440	2	block_outgroup_unfair
sub-154	older	01	308.960000	3.511590	outgroup	0	1.025800	0.025800	1	block_outgroup_unfair
sub-154	older	01	313.240000	3.528560	outgroup	0	1.032880	0.032880	5	block_outgroup_unfair
sub-154	older	01	317.536000	3.512890	outgroup	0	1.023220	0.023220	2	block_outgroup_unfair
sub-154	older	01	321.817000	3.512790	outgroup	0	1.896640	0.896640	9	block_outgroup_unfair
sub-154	older	01	326.098000	3.512870	outgroup	0	1.018340	0.018340	4	block_outgroup_unfair
sub-154	older	01	330.379000	3.512800	outgroup	0	1.024000	0.024000	2	block_outgroup_unfair
sub-154	older	01	334.660000	3.512960	outgroup	0	1.030160	0.030160	4	block_outgroup_unfair
sub-154	older	01	350.191000	3.527470	ingroup	0	1.045450	0.045450	3	block_ingroup_unfair
sub-154	older	01	354.486000	3.513120	ingroup	0	1.019830	0.019830	1	block_ingroup_unfair
sub-154	older	01	358.767000	3.513090	ingroup	0	1.025690	0.025690	5	block_ingroup_unfair
sub-154	older	01	363.048000	3.528820	ingroup	0	1.031780	0.031780	2	block_ingroup_unfair
sub-154	older	01	367.345000	3.512960	ingroup	0	1.021890	0.021890	1	block_ingroup_unfair
sub-154	older	01	371.626000	3.528810	ingroup	0	1.595340	0.595340	8	block_ingroup_unfair
sub-154	older	01	375.922000	3.513140	ingroup	0	1.018280	0.018280	2	block_ingroup_unfair
sub-154	older	01	380.203000	3.513080	ingroup	0	1.257900	0.257900	3	block_ingroup_unfair
sub-154	older	02	4.008930	3.527270	outgroup	0	2.202240	1.202240	5	block_outgroup_fair
sub-154	older	02	8.305540	3.511440	outgroup	0	1.241940	0.241940	8	block_outgroup_fair
sub-154	older	02	12.585000	3.528590	outgroup	0	1.049130	0.049130	8	block_outgroup_fair
sub-154	older	02	16.881500	3.512960	outgroup	0	1.089430	0.089430	2	block_outgroup_fair
sub-154	older	02	21.162400	3.513010	outgroup	0	1.295290	0.295290	9	block_outgroup_fair
sub-154	older	02	25.443400	3.512920	outgroup	0	1.568310	0.568310	9	block_outgroup_fair
sub-154	older	02	29.724400	3.512900	outgroup	0	1.023460	0.023460	8	block_outgroup_fair
sub-154	older	02	34.005300	3.512910	outgroup	0	1.029380	0.029380	7	block_outgroup_fair
sub-154	older	02	49.536400	3.511870	ingroup	0	1.978620	0.978620	9	block_ingroup_fair
sub-154	older	02	53.816200	3.513020	ingroup	0	1.084990	0.084990	6	block_ingroup_fair
sub-154	older	02	58.097100	3.513090	ingroup	0	1.558080	0.558080	8	block_ingroup_fair
sub-154	older	02	62.378100	3.512970	ingroup	0	1.029840	0.029840	7	block_ingroup_fair
sub-154	older	02	66.659000	3.513040	ingroup	0	1.303030	0.303030	9	block_ingroup_fair
sub-154	older	02	70.939900	3.513060	ingroup	0	1.025130	0.025130	7	block_ingroup_fair
sub-154	older	02	75.220700	3.513190	ingroup	0	1.381840	0.381840	1	block_ingroup_fair
sub-154	older	02	79.501800	3.528700	ingroup	0	1.220640	0.220640	8	block_ingroup_fair
sub-154	older	02	95.049100	3.511460	outgroup	0	1.569730	0.569730	2	block_outgroup_unfair
sub-154	older	02	99.330100	3.511450	outgroup	0	1.025000	0.025000	1	block_outgroup_unfair
sub-154	older	02	103.610000	3.528520	outgroup	0	1.032230	0.032230	4	block_outgroup_unfair
sub-154	older	02	107.906000	3.512990	outgroup	0	1.022570	0.022570	2	block_outgroup_unfair
sub-154	older	02	112.187000	3.512810	outgroup	0	1.028270	0.028270	3	block_outgroup_unfair
sub-154	older	02	116.468000	3.512950	outgroup	0	1.167960	0.167960	8	block_outgroup_unfair
sub-154	older	02	120.749000	3.512900	outgroup	0	1.757810	0.757810	6	block_outgroup_unfair
sub-154	older	02	125.030000	3.512780	outgroup	0	1.379950	0.379950	1	block_outgroup_unfair
sub-154	older	02	136.561000	3.527990	computer	0	1.892800	0.892800	5	block_computer_fair
sub-154	older	02	140.856000	3.513380	computer	0	1.600120	0.600120	7	block_computer_fair
sub-154	older	02	145.137000	3.513330	computer	0	1.389060	0.389060	9	block_computer_fair
sub-154	older	02	149.418000	3.513430	computer	0	1.561770	0.561770	9	block_computer_fair
sub-154	older	02	153.699000	3.513460	computer	0	1.584800	0.584800	1	block_computer_fair
sub-154	older	02	157.980000	3.513310	computer	0	1.540210	0.540210	8	block_computer_fair
sub-154	older	02	162.261000	3.513490	computer	0	1.546560	0.546560	7	block_computer_fair
sub-154	older	02	166.542000	3.513440	computer	0	1.835750	0.835750	9	block_computer_fair
sub-154	older	02	180.072000	3.513310	computer	0	1.916550	0.916550	6	block_computer_unfair
sub-154	older	02	184.353000	3.513350	computer	0	1.522180	0.522180	7	block_computer_unfair
sub-154	older	02	188.634000	3.529080	computer	0	1.578290	0.578290	3	block_computer_unfair
sub-154	older	02	192.930000	3.513490	computer	0	1.385000	0.385000	1	block_computer_unfair
sub-154	older	02	197.212000	3.513310	computer	0	1.557630	0.557630	4	block_computer_unfair
sub-154	older	02	201.492000	3.529060	computer	0	1.563710	0.563710	1	block_computer_unfair
sub-154	older	02	205.789000	3.513440	computer	0	1.987630	0.987630	3	block_computer_unfair
sub-154	older	02	210.070000	3.513390	computer	0	1.509700	0.509700	2	block_computer_unfair
sub-154	older	02	223.602000	3.511440	outgroup	0	1.838940	0.838940	4	block_outgroup_unfair
sub-154	older	02	227.883000	3.511660	outgroup	0	1.528090	0.528090	1	block_outgroup_unfair
sub-154	older	02	232.163000	3.512750	outgroup	0	1.518520	0.518520	1	block_outgroup_unfair
sub-154	older	02	236.443000	3.512920	outgroup	0	1.524410	0.524410	2	block_outgroup_unfair
sub-154	older	02	240.724000	3.513020	outgroup	0	1.730660	0.730660	5	block_outgroup_unfair
sub-154	older	02	245.005000	3.513010	outgroup	0	1.569680	0.569680	4	block_outgroup_unfair
sub-154	older	02	249.286000	3.512740	outgroup	0	1.792280	0.792280	7	block_outgroup_unfair
sub-154	older	02	253.567000	3.528470	outgroup	0	1.798240	0.798240	1	block_outgroup_unfair
sub-154	older	02	265.113000	3.528400	outgroup	0	2.595700	1.595700	8	block_outgroup_fair
sub-154	older	02	269.410000	3.512970	outgroup	0	1.819270	0.819270	9	block_outgroup_fair
sub-154	older	02	273.691000	3.512830	outgroup	0	1.524440	0.524440	8	block_outgroup_fair
sub-154	older	02	277.972000	3.512950	outgroup	0	1.480440	0.480440	7	block_outgroup_fair
sub-154	older	02	282.253000	3.528500	outgroup	0	1.486640	0.486640	5	block_outgroup_fair
sub-154	older	02	286.549000	3.512810	outgroup	0	1.526500	0.526500	9	block_outgroup_fair
sub-154	older	02	290.830000	3.512890	outgroup	0	1.449120	0.449120	7	block_outgroup_fair
sub-154	older	02	295.111000	3.512920	outgroup	0	1.371910	0.371910	3	block_outgroup_fair
sub-154	older	02	306.642000	3.511960	ingroup	0	1.583380	0.583380	3	block_ingroup_fair
sub-154	older	02	310.922000	3.528700	ingroup	0	1.640190	0.640190	10	block_ingroup_fair
sub-154	older	02	315.219000	3.513120	ingroup	0	1.530620	0.530620	10	block_ingroup_fair
sub-154	older	02	319.500000	3.528630	ingroup	0	1.719970	0.719970	8	block_ingroup_fair
sub-154	older	02	323.796000	3.513200	ingroup	0	1.427270	0.427270	7	block_ingroup_fair
sub-154	older	02	328.077000	3.513110	ingroup	0	1.482730	0.482730	6	block_ingroup_fair
sub-154	older	02	332.358000	3.513180	ingroup	0	1.521990	0.521990	8	block_ingroup_fair
sub-154	older	02	336.639000	3.513210	ingroup	0	1.511120	0.511120	7	block_ingroup_fair
sub-154	older	02	352.169000	3.513110	ingroup	0	1.677240	0.677240	2	block_ingroup_unfair
sub-154	older	02	356.450000	3.513140	ingroup	0	1.566500	0.566500	1	block_ingroup_unfair
sub-154	older	02	360.731000	3.528810	ingroup	0	1.455880	0.455880	1	block_ingroup_unfair
sub-154	older	02	365.027000	3.513060	ingroup	0	1.479280	0.479280	4	block_ingroup_unfair
sub-154	older	02	369.308000	3.528450	ingroup	1			8	block_ingroup_unfair
sub-154	older	02	373.605000	3.528440	ingroup	1			3	block_ingroup_unfair
sub-154	older	02	377.901000	3.528390	ingroup	1			5	block_ingroup_unfair
sub-154	older	02	382.198000	3.528360	ingroup	1			3	block_ingroup_unfair
sub-155	younger	01	4.014480	3.528430	computer	0	2.877580	1.877580	4	block_computer_unfair
sub-155	younger	01	8.310540	3.513110	computer	0	1.967110	0.967110	4	block_computer_unfair
sub-155	younger	01	12.591200	3.513370	computer	0	1.706830	0.706830	2	block_computer_unfair
sub-155	younger	01	16.872200	3.513330	computer	0	2.413570	1.413570	1	block_computer_unfair
sub-155	younger	01	21.153000	3.513440	computer	0	1.368550	0.368550	3	block_computer_unfair
sub-155	younger	01	25.434200	3.513280	computer	0	1.774430	0.774430	10	block_computer_unfair
sub-155	younger	01	29.715100	3.513340	computer	0	1.463680	0.463680	5	block_computer_unfair
sub-155	younger	01	33.996000	3.513380	computer	0	1.636370	0.636370	2	block_computer_unfair
sub-155	younger	01	47.526200	3.529100	computer	0	1.750920	0.750920	9	block_computer_fair
sub-155	younger	01	51.822800	3.513460	computer	0	1.457520	0.457520	10	block_computer_fair
sub-155	younger	01	56.103800	3.513420	computer	0	1.529960	0.529960	5	block_computer_fair
sub-155	younger	01	60.384800	3.513440	computer	0	1.385830	0.385830	10	block_computer_fair
sub-155	younger	01	64.665800	3.528980	computer	0	1.374850	0.374850	10	block_computer_fair
sub-155	younger	01	68.962300	3.513410	computer	0	1.348730	0.348730	1	block_computer_fair
sub-155	younger	01	73.243200	3.513460	computer	0	1.387900	0.387900	10	block_computer_fair
sub-155	younger	01	77.524100	3.529130	computer	0	1.343850	0.343850	9	block_computer_fair
sub-155	younger	01	91.072600	3.526520	ingroup	0	1.656890	0.656890	3	block_ingroup_unfair
sub-155	younger	01	95.368000	3.527870	ingroup	0	1.564990	0.564990	1	block_ingroup_unfair
sub-155	younger	01	99.663500	3.513320	ingroup	0	1.389500	0.389500	9	block_ingroup_unfair
sub-155	younger	01	103.945000	3.528820	ingroup	0	1.345290	0.345290	3	block_ingroup_unfair
sub-155	younger	01	108.241000	3.513130	ingroup	0	1.318820	0.318820	2	block_ingroup_unfair
sub-155	younger	01	112.522000	3.513340	ingroup	0	1.441630	0.441630	4	block_ingroup_unfair
sub-155	younger	01	116.803000	3.513340	ingroup	0	1.381020	0.381020	3	block_ingroup_unfair
sub-155	younger	01	121.084000	3.513430	ingroup	0	1.353280	0.353280	6	block_ingroup_unfair
sub-155	younger	01	132.616000	3.511930	outgroup	0	1.364340	0.364340	3	block_outgroup_unfair
sub-155	younger	01	136.895000	3.513310	outgroup	0	1.488500	0.488500	8	block_outgroup_unfair
sub-155	younger	01	141.176000	3.513230	outgroup	0	1.460660	0.460660	1	block_outgroup_unfair
sub-155	younger	01	145.457000	3.528920	outgroup	0	1.516840	0.516840	4	block_outgroup_unfair
sub-155	younger	01	149.754000	3.513310	outgroup	0	1.490520	0.490520	3	block_outgroup_unfair
sub-155	younger	01	154.035000	3.513260	outgroup	0	1.446370	0.446370	3	block_outgroup_unfair
sub-155	younger	01	158.316000	3.513290	outgroup	0	1.369030	0.369030	3	block_outgroup_unfair
sub-155	younger	01	162.597000	3.513230	outgroup	0	1.341350	0.341350	5	block_outgroup_unfair
sub-155	younger	01	178.128000	3.511840	ingroup	0	1.472530	0.472530	9	block_ingroup_fair
sub-155	younger	01	182.408000	3.513300	ingroup	0	1.379910	0.379910	2	block_ingroup_fair
sub-155	younger	01	186.689000	3.513310	ingroup	0	1.369250	0.369250	8	block_ingroup_fair
sub-155	younger	01	190.970000	3.513220	ingroup	0	1.225200	0.225200	5	block_ingroup_fair
sub-155	younger	01	195.251000	3.528860	ingroup	0	1.314170	0.314170	9	block_ingroup_fair
sub-155	younger	01	199.547000	3.513200	ingroup	0	1.337720	0.337720	7	block_ingroup_fair
sub-155	younger	01	203.828000	3.513230	ingroup	0	1.460620	0.460620	10	block_ingroup_fair
sub-155	younger	01	208.109000	3.513340	ingroup	0	1.316370	0.316370	7	block_ingroup_fair
sub-155	younger	01	221.641000	3.527710	outgroup	0	1.546180	0.546180	6	block_outgroup_fair
sub-155	younger	01	225.936000	3.513240	outgroup	0	1.271000	0.271000	8	block_outgroup_fair
sub-155	younger	01	230.217000	3.513220	outgroup	0	1.443210	0.443210	7	block_outgroup_fair
sub-155	younger	01	234.498000	3.513260	outgroup	0	1.332350	0.332350	9	block_outgroup_fair
sub-155	younger	01	238.779000	3.513370	outgroup	0	1.255410	0.255410	9	block_outgroup_fair
sub-155	younger	01	243.060000	3.528940	outgroup	0	1.377460	0.377460	8	block_outgroup_fair
sub-155	younger	01	247.357000	3.513380	outgroup	0	1.417880	0.417880	9	block_outgroup_fair
sub-155	younger	01	251.638000	3.529060	outgroup	0	1.407170	0.407170	4	block_outgroup_fair
sub-155	younger	01	267.185000	3.511820	ingroup	0	1.355990	0.355990	1	block_ingroup_unfair
sub-155	younger	01	271.465000	3.513130	ingroup	0	1.363250	0.363250	8	block_ingroup_unfair
sub-155	younger	01	275.746000	3.513260	ingroup	0	1.335890	0.335890	3	block_ingroup_unfair
sub-155	younger	01	280.027000	3.513110	ingroup	0	1.291740	0.291740	5	block_ingroup_unfair
sub-155	younger	01	284.308000	3.513200	ingroup	0	1.447710	0.447710	1	block_ingroup_unfair
sub-155	younger	01	288.589000	3.528810	ingroup	0	1.453320	0.453320	4	block_ingroup_unfair
sub-155	younger	01	292.885000	3.513270	ingroup	0	1.393850	0.393850	2	block_ingroup_unfair
sub-155	younger	01	297.166000	3.528890	ingroup	0	1.283040	0.283040	3	block_ingroup_unfair
sub-155	younger	01	308.713000	3.512290	computer	0	1.428910	0.428910	6	block_computer_unfair
sub-155	younger	01	312.993000	3.513320	computer	0	1.352650	0.352650	3	block_computer_unfair
sub-155	younger	01	317.274000	3.529050	computer	0	1.391590	0.391590	3	block_computer_unfair
sub-155	younger	01	321.571000	3.513280	computer	0	1.865960	0.865960	2	block_computer_unfair
sub-155	younger	01	325.851000	3.513310	computer	0	1.471530	0.471530	4	block_computer_unfair
sub-155	younger	01	330.132000	3.513440	computer	0	1.494070	0.494070	4	block_computer_unfair
sub-155	younger	01	334.413000	3.513440	computer	0	1.366540	0.366540	1	block_computer_unfair
sub-155	younger	01	338.694000	3.529090	computer	0	1.455790	0.455790	8	block_computer_unfair
sub-155	younger	01	354.240000	3.513370	computer	0	1.356030	0.356030	2	block_computer_fair
sub-155	younger	01	358.521000	3.528910	computer	0	1.361890	0.361890	10	block_computer_fair
sub-155	younger	01	362.818000	3.513380	computer	0	1.302440	0.302440	9	block_computer_fair
sub-155	younger	01	367.099000	3.513200	computer	0	1.741550	0.741550	6	block_computer_fair
sub-155	younger	01	371.379000	3.513380	computer	0	1.430820	0.430820	7	block_computer_fair
sub-155	younger	01	375.660000	3.513470	computer	0	1.403150	0.403150	8	block_computer_fair
sub-155	younger	01	379.941000	3.513330	computer	0	1.309260	0.309260	9	block_computer_fair
sub-155	younger	01	384.222000	3.513420	computer	0	1.332090	0.332090	8	block_computer_fair
sub-155	younger	02	4.009110	3.512140	ingroup	0	2.398130	1.398130	2	block_ingroup_unfair
sub-155	younger	02	8.290190	3.511850	ingroup	0	1.353030	0.353030	2	block_ingroup_unfair
sub-155	younger	02	12.569700	3.528940	ingroup	0	1.343750	0.343750	9	block_ingroup_unfair
sub-155	younger	02	16.866300	3.513260	ingroup	0	1.317600	0.317600	2	block_ingroup_unfair
sub-155	younger	02	21.147300	3.513200	ingroup	0	1.022490	0.022490	1	block_ingroup_unfair
sub-155	younger	02	25.428300	3.513150	ingroup	0	1.479420	0.479420	6	block_ingroup_unfair
sub-155	younger	02	29.709400	3.513130	ingroup	0	1.284620	0.284620	2	block_ingroup_unfair
sub-155	younger	02	33.990200	3.513190	ingroup	0	1.357310	0.357310	4	block_ingroup_unfair
sub-155	younger	02	45.522100	3.527380	outgroup	0	1.468660	0.468660	9	block_outgroup_fair
sub-155	younger	02	49.817200	3.513280	outgroup	0	1.393730	0.393730	9	block_outgroup_fair
sub-155	younger	02	54.098100	3.513420	outgroup	0	1.583220	0.583220	6	block_outgroup_fair
sub-155	younger	02	58.379100	3.513280	outgroup	0	1.372160	0.372160	7	block_outgroup_fair
sub-155	younger	02	62.660000	3.513380	outgroup	0	1.411770	0.411770	10	block_outgroup_fair
sub-155	younger	02	66.941000	3.513300	outgroup	0	1.534360	0.534360	7	block_outgroup_fair
sub-155	younger	02	71.221900	3.513390	outgroup	0	1.306670	0.306670	9	block_outgroup_fair
sub-155	younger	02	75.503000	3.513230	outgroup	0	1.429470	0.429470	1	block_outgroup_fair
sub-155	younger	02	87.034600	3.527740	ingroup	0	1.623870	0.623870	4	block_ingroup_fair
sub-155	younger	02	91.330100	3.513240	ingroup	0	1.381620	0.381620	10	block_ingroup_fair
sub-155	younger	02	95.611000	3.513250	ingroup	0	1.320990	0.320990	8	block_ingroup_fair
sub-155	younger	02	99.892000	3.513270	ingroup	0	1.410050	0.410050	6	block_ingroup_fair
sub-155	younger	02	104.173000	3.513310	ingroup	0	1.349240	0.349240	8	block_ingroup_fair
sub-155	younger	02	108.454000	3.513240	ingroup	0	1.372270	0.372270	9	block_ingroup_fair
sub-155	younger	02	112.735000	3.528840	ingroup	0	1.611210	0.611210	8	block_ingroup_fair
sub-155	younger	02	117.031000	3.513220	ingroup	0	1.384510	0.384510	9	block_ingroup_fair
sub-155	younger	02	132.563000	3.511740	outgroup	0	1.632860	0.632860	1	block_outgroup_unfair
sub-155	younger	02	136.844000	3.511950	outgroup	0	1.288730	0.288730	3	block_outgroup_unfair
sub-155	younger	02	141.123000	3.513530	outgroup	0	1.412580	0.412580	8	block_outgroup_unfair
sub-155	younger	02	145.405000	3.528790	outgroup	0	1.468410	0.468410	3	block_outgroup_unfair
sub-155	younger	02	149.701000	3.528830	outgroup	0	1.375610	0.375610	4	block_outgroup_unfair
sub-155	younger	02	153.998000	3.513180	outgroup	0	1.465780	0.465780	6	block_outgroup_unfair
sub-155	younger	02	158.279000	3.513110	outgroup	0	1.571690	0.571690	4	block_outgroup_unfair
sub-155	younger	02	162.560000	3.528920	outgroup	0	1.377750	0.377750	1	block_outgroup_unfair
sub-155	younger	02	178.107000	3.512270	ingroup	0	1.543530	0.543530	5	block_ingroup_fair
sub-155	younger	02	182.387000	3.513180	ingroup	0	1.566700	0.566700	7	block_ingroup_fair
sub-155	younger	02	186.668000	3.513260	ingroup	0	1.873300	0.873300	8	block_ingroup_fair
sub-155	younger	02	190.948000	3.513260	ingroup	0	1.395480	0.395480	8	block_ingroup_fair
sub-155	younger	02	195.230000	3.513120	ingroup	0	1.551440	0.551440	9	block_ingroup_fair
sub-155	younger	02	199.510000	3.513240	ingroup	0	1.357000	0.357000	9	block_ingroup_fair
sub-155	younger	02	203.791000	3.513190	ingroup	0	1.463160	0.463160	8	block_ingroup_fair
sub-155	younger	02	208.072000	3.513320	ingroup	0	1.435480	0.435480	1	block_ingroup_fair
sub-155	younger	02	219.603000	3.512600	computer	0	1.981270	0.981270	10	block_computer_unfair
sub-155	younger	02	223.883000	3.513430	computer	0	1.354360	0.354360	3	block_computer_unfair
sub-155	younger	02	228.165000	3.513340	computer	0	1.326840	0.326840	3	block_computer_unfair
sub-155	younger	02	232.445000	3.513420	computer	0	1.483000	0.483000	2	block_computer_unfair
sub-155	younger	02	236.726000	3.513440	computer	0	1.421970	0.421970	1	block_computer_unfair
sub-155	younger	02	241.007000	3.513530	computer	0	1.294290	0.294290	5	block_computer_unfair
sub-155	younger	02	245.289000	3.528930	computer	0	1.250140	0.250140	4	block_computer_unfair
sub-155	younger	02	249.585000	3.513440	computer	0	1.323950	0.323950	4	block_computer_unfair
sub-155	younger	02	263.117000	3.527590	outgroup	0	1.419790	0.419790	1	block_outgroup_fair
sub-155	younger	02	267.414000	3.511780	outgroup	0	1.293400	0.293400	7	block_outgroup_fair
sub-155	younger	02	271.693000	3.513270	outgroup	0	1.351050	0.351050	8	block_outgroup_fair
sub-155	younger	02	275.974000	3.513210	outgroup	0	1.440240	0.440240	6	block_outgroup_fair
sub-155	younger	02	280.255000	3.513170	outgroup	0	1.045900	0.045900	7	block_outgroup_fair
sub-155	younger	02	284.536000	3.513140	outgroup	0	1.018220	0.018220	7	block_outgroup_fair
sub-155	younger	02	288.817000	3.513300	outgroup	0	1.024110	0.024110	8	block_outgroup_fair
sub-155	younger	02	293.098000	3.513350	outgroup	0	1.029970	0.029970	8	block_outgroup_fair
sub-155	younger	02	308.628000	3.513200	outgroup	0	1.029170	0.029170	4	block_outgroup_unfair
sub-155	younger	02	312.909000	3.513080	outgroup	0	1.051790	0.051790	3	block_outgroup_unfair
sub-155	younger	02	317.190000	3.513220	outgroup	0	1.024080	0.024080	1	block_outgroup_unfair
sub-155	younger	02	321.471000	3.513310	outgroup	0	1.030360	0.030360	3	block_outgroup_unfair
sub-155	younger	02	325.752000	3.513360	outgroup	0	1.019460	0.019460	1	block_outgroup_unfair
sub-155	younger	02	330.033000	3.513240	outgroup	0	1.025410	0.025410	7	block_outgroup_unfair
sub-155	younger	02	334.314000	3.513110	outgroup	0	1.364920	0.364920	6	block_outgroup_unfair
sub-155	younger	02	338.595000	3.513220	outgroup	0	1.354100	0.354100	1	block_outgroup_unfair
sub-155	younger	02	352.126000	3.527760	computer	0	1.467680	0.467680	4	block_computer_fair
sub-155	younger	02	356.422000	3.513220	computer	0	1.242160	0.242160	9	block_computer_fair
sub-155	younger	02	360.702000	3.513400	computer	0	1.398650	0.398650	9	block_computer_fair
sub-155	younger	02	364.983000	3.513520	computer	0	1.387690	0.387690	8	block_computer_fair
sub-155	younger	02	369.264000	3.513400	computer	0	1.526950	0.526950	8	block_computer_fair
sub-155	younger	02	373.545000	3.513320	computer	0	1.449790	0.449790	8	block_computer_fair
sub-155	younger	02	377.826000	3.528950	computer	0	1.455550	0.455550	8	block_computer_fair
sub-155	younger	02	382.123000	3.528960	computer	0	1.562480	0.562480	6	block_computer_fair
sub-156	younger	01	4.017660	3.511800	ingroup	0	2.489090	1.489090	8	block_ingroup_fair
sub-156	younger	01	8.297210	3.528210	ingroup	0	1.595930	0.595930	7	block_ingroup_fair
sub-156	younger	01	12.593600	3.512940	ingroup	0	2.020200	1.020200	7	block_ingroup_fair
sub-156	younger	01	16.874500	3.512880	ingroup	0	1.809010	0.809010	6	block_ingroup_fair
sub-156	younger	01	21.155500	3.512890	ingroup	0	1.414700	0.414700	4	block_ingroup_fair
sub-156	younger	01	25.436500	3.512830	ingroup	0	1.587410	0.587410	9	block_ingroup_fair
sub-156	younger	01	29.717600	3.512650	ingroup	0	1.542950	0.542950	8	block_ingroup_fair
sub-156	younger	01	33.998400	3.512820	ingroup	0	1.416130	0.416130	7	block_ingroup_fair
sub-156	younger	01	49.530800	3.526360	outgroup	0	1.329350	0.329350	2	block_outgroup_unfair
sub-156	younger	01	53.826300	3.511780	outgroup	0	1.571130	0.571130	6	block_outgroup_unfair
sub-156	younger	01	58.105900	3.513160	outgroup	0	1.444950	0.444950	7	block_outgroup_unfair
sub-156	younger	01	62.387000	3.512970	outgroup	0	1.450610	0.450610	2	block_outgroup_unfair
sub-156	younger	01	66.667800	3.513130	outgroup	0	1.356720	0.356720	3	block_outgroup_unfair
sub-156	younger	01	70.948700	3.513230	outgroup	0	1.596520	0.596520	3	block_outgroup_unfair
sub-156	younger	01	75.229600	3.513220	outgroup	0	1.518700	0.518700	2	block_outgroup_unfair
sub-156	younger	01	79.510800	3.512940	outgroup	0	1.023850	0.023850	4	block_outgroup_unfair
sub-156	younger	01	93.041000	3.528770	outgroup	0	1.421880	0.421880	4	block_outgroup_fair
sub-156	younger	01	97.337500	3.528820	outgroup	0	1.328890	0.328890	5	block_outgroup_fair
sub-156	younger	01	101.634000	3.513150	outgroup	0	1.619390	0.619390	8	block_outgroup_fair
sub-156	younger	01	105.915000	3.528720	outgroup	0	1.658540	0.658540	8	block_outgroup_fair
sub-156	younger	01	110.212000	3.513210	outgroup	0	1.482170	0.482170	10	block_outgroup_fair
sub-156	younger	01	114.493000	3.513050	outgroup	0	1.738110	0.738110	7	block_outgroup_fair
sub-156	younger	01	118.774000	3.528740	outgroup	0	1.610690	0.610690	8	block_outgroup_fair
sub-156	younger	01	123.070000	3.513230	outgroup	0	1.350890	0.350890	8	block_outgroup_fair
sub-156	younger	01	136.601000	3.512800	computer	0	1.948340	0.948340	10	block_computer_fair
sub-156	younger	01	140.881000	3.513320	computer	0	1.488080	0.488080	2	block_computer_fair
sub-156	younger	01	145.162000	3.513430	computer	0	1.477290	0.477290	7	block_computer_fair
sub-156	younger	01	149.443000	3.529080	computer	0	1.499750	0.499750	7	block_computer_fair
sub-156	younger	01	153.740000	3.513410	computer	0	1.606570	0.606570	10	block_computer_fair
sub-156	younger	01	158.021000	3.513410	computer	0	1.429300	0.429300	9	block_computer_fair
sub-156	younger	01	162.302000	3.513340	computer	0	1.651980	0.651980	9	block_computer_fair
sub-156	younger	01	166.583000	3.513220	computer	0	1.340880	0.340880	6	block_computer_fair
sub-156	younger	01	178.115000	3.511330	ingroup	0	1.568030	0.568030	3	block_ingroup_fair
sub-156	younger	01	182.396000	3.527260	ingroup	0	1.658090	0.658090	8	block_ingroup_fair
sub-156	younger	01	186.691000	3.512820	ingroup	0	1.833060	0.833060	9	block_ingroup_fair
sub-156	younger	01	190.972000	3.512910	ingroup	0	1.655300	0.655300	5	block_ingroup_fair
sub-156	younger	01	195.253000	3.512840	ingroup	0	1.778110	0.778110	7	block_ingroup_fair
sub-156	younger	01	199.534000	3.512700	ingroup	0	1.433590	0.433590	9	block_ingroup_fair
sub-156	younger	01	203.815000	3.512720	ingroup	0	1.522610	0.522610	7	block_ingroup_fair
sub-156	younger	01	208.096000	3.512900	ingroup	0	1.478940	0.478940	8	block_ingroup_fair
sub-156	younger	01	221.627000	3.512410	computer	0	1.592510	0.592510	5	block_computer_unfair
sub-156	younger	01	225.907000	3.513310	computer	0	1.449240	0.449240	4	block_computer_unfair
sub-156	younger	01	230.187000	3.513390	computer	0	1.588800	0.588800	3	block_computer_unfair
sub-156	younger	01	234.468000	3.513420	computer	0	1.477880	0.477880	7	block_computer_unfair
sub-156	younger	01	238.749000	3.513440	computer	0	1.634470	0.634470	1	block_computer_unfair
sub-156	younger	01	243.030000	3.513470	computer	0	1.589480	0.589480	1	block_computer_unfair
sub-156	younger	01	247.311000	3.513320	computer	0	1.612330	0.612330	4	block_computer_unfair
sub-156	younger	01	251.592000	3.529020	computer	0	1.484800	0.484800	4	block_computer_unfair
sub-156	younger	01	263.140000	3.511980	outgroup	0	1.497310	0.497310	1	block_outgroup_unfair
sub-156	younger	01	267.421000	3.511800	outgroup	0	1.402770	0.402770	3	block_outgroup_unfair
sub-156	younger	01	271.701000	3.528660	outgroup	0	1.626760	0.626760	2	block_outgroup_unfair
sub-156	younger	01	275.997000	3.513090	outgroup	0	1.400120	0.400120	9	block_outgroup_unfair
sub-156	younger	01	280.278000	3.528720	outgroup	0	1.439270	0.439270	3	block_outgroup_unfair
sub-156	younger	01	284.575000	3.513150	outgroup	0	1.346150	0.346150	6	block_outgroup_unfair
sub-156	younger	01	288.855000	3.513180	outgroup	0	1.335980	0.335980	1	block_outgroup_unfair
sub-156	younger	01	293.137000	3.512980	outgroup	0	1.357810	0.357810	1	block_outgroup_unfair
sub-156	younger	01	308.668000	3.511610	ingroup	0	1.555710	0.555710	6	block_ingroup_unfair
sub-156	younger	01	312.949000	3.511590	ingroup	0	1.395060	0.395060	2	block_ingroup_unfair
sub-156	younger	01	317.229000	3.512760	ingroup	0	1.401540	0.401540	2	block_ingroup_unfair
sub-156	younger	01	321.510000	3.528460	ingroup	0	1.407990	0.407990	1	block_ingroup_unfair
sub-156	younger	01	325.807000	3.512840	ingroup	0	1.381450	0.381450	3	block_ingroup_unfair
sub-156	younger	01	330.088000	3.528340	ingroup	0	1.454110	0.454110	2	block_ingroup_unfair
sub-156	younger	01	334.384000	3.528560	ingroup	0	1.611440	0.611440	2	block_ingroup_unfair
sub-156	younger	01	338.681000	3.512650	ingroup	0	1.651130	0.651130	10	block_ingroup_unfair
sub-156	younger	01	350.212000	3.511800	outgroup	0	1.412940	0.412940	10	block_outgroup_fair
sub-156	younger	01	354.492000	3.513170	outgroup	0	1.570080	0.570080	10	block_outgroup_fair
sub-156	younger	01	358.773000	3.528590	outgroup	0	1.642450	0.642450	7	block_outgroup_fair
sub-156	younger	01	363.069000	3.528790	outgroup	0	1.533240	0.533240	8	block_outgroup_fair
sub-156	younger	01	367.366000	3.512990	outgroup	0	1.556290	0.556290	2	block_outgroup_fair
sub-156	younger	01	371.647000	3.513110	outgroup	0	1.495670	0.495670	7	block_outgroup_fair
sub-156	younger	01	375.928000	3.513150	outgroup	0	1.518730	0.518730	6	block_outgroup_fair
sub-156	younger	01	380.209000	3.513130	outgroup	0	1.540850	0.540850	7	block_outgroup_fair
sub-156	younger	02	4.007280	3.512400	computer	0	1.774640	0.774640	7	block_computer_fair
sub-156	younger	02	8.288440	3.512070	computer	0	1.446960	0.446960	10	block_computer_fair
sub-156	younger	02	12.568000	3.513440	computer	0	1.020370	0.020370	6	block_computer_fair
sub-156	younger	02	16.849000	3.513550	computer	0	1.025890	0.025890	10	block_computer_fair
sub-156	younger	02	21.130000	3.529010	computer	0	1.515900	0.515900	7	block_computer_fair
sub-156	younger	02	25.426600	3.513310	computer	0	1.022130	0.022130	10	block_computer_fair
sub-156	younger	02	29.707600	3.513350	computer	0	1.462110	0.462110	7	block_computer_fair
sub-156	younger	02	33.988400	3.513490	computer	0	1.768510	0.768510	1	block_computer_fair
sub-156	younger	02	45.521000	3.526960	ingroup	0	1.611970	0.611970	1	block_ingroup_unfair
sub-156	younger	02	49.817300	3.511550	ingroup	0	1.369030	0.369030	2	block_ingroup_unfair
sub-156	younger	02	54.097100	3.512670	ingroup	0	1.409260	0.409260	4	block_ingroup_unfair
sub-156	younger	02	58.378000	3.512780	ingroup	0	1.565500	0.565500	1	block_ingroup_unfair
sub-156	younger	02	62.658800	3.528470	ingroup	0	1.421000	0.421000	1	block_ingroup_unfair
sub-156	younger	02	66.955500	3.512860	ingroup	0	1.411550	0.411550	5	block_ingroup_unfair
sub-156	younger	02	71.236400	3.512870	ingroup	0	1.417430	0.417430	9	block_ingroup_unfair
sub-156	younger	02	75.517300	3.528610	ingroup	0	1.640140	0.640140	1	block_ingroup_unfair
sub-156	younger	02	91.064500	3.511490	outgroup	0	1.505400	0.505400	10	block_outgroup_fair
sub-156	younger	02	95.344500	3.512440	outgroup	0	1.362470	0.362470	10	block_outgroup_fair
sub-156	younger	02	99.624800	3.513160	outgroup	0	1.386070	0.386070	1	block_outgroup_fair
sub-156	younger	02	103.906000	3.513000	outgroup	0	1.491660	0.491660	6	block_outgroup_fair
sub-156	younger	02	108.187000	3.513130	outgroup	0	1.447500	0.447500	7	block_outgroup_fair
sub-156	younger	02	112.468000	3.513200	outgroup	0	1.837030	0.837030	7	block_outgroup_fair
sub-156	younger	02	116.749000	3.513230	outgroup	0	1.576030	0.576030	7	block_outgroup_fair
sub-156	younger	02	121.031000	3.511340	outgroup	0	1.446640	0.446640	8	block_outgroup_fair
sub-156	younger	02	134.560000	3.513160	outgroup	0	1.529470	0.529470	2	block_outgroup_unfair
sub-156	younger	02	138.841000	3.513100	outgroup	0	2.069190	1.069190	3	block_outgroup_unfair
sub-156	younger	02	143.122000	3.512990	outgroup	0	1.858150	0.858150	1	block_outgroup_unfair
sub-156	younger	02	147.403000	3.513270	outgroup	0	1.363600	0.363600	8	block_outgroup_unfair
sub-156	younger	02	151.684000	3.513210	outgroup	0	1.920270	0.920270	5	block_outgroup_unfair
sub-156	younger	02	155.965000	3.513030	outgroup	0	1.442260	0.442260	2	block_outgroup_unfair
sub-156	younger	02	160.246000	3.513160	outgroup	0	1.615080	0.615080	2	block_outgroup_unfair
sub-156	younger	02	164.527000	3.513200	outgroup	0	1.554220	0.554220	3	block_outgroup_unfair
sub-156	younger	02	178.058000	3.527900	computer	0	1.517540	0.517540	4	block_computer_unfair
sub-156	younger	02	182.353000	3.513260	computer	0	1.024820	0.024820	2	block_computer_unfair
sub-156	younger	02	186.634000	3.513440	computer	0	1.331390	0.331390	4	block_computer_unfair
sub-156	younger	02	190.915000	3.513440	computer	0	1.620790	0.620790	3	block_computer_unfair
sub-156	younger	02	195.196000	3.513220	computer	0	1.709980	0.709980	10	block_computer_unfair
sub-156	younger	02	199.477000	3.513440	computer	0	1.632530	0.632530	4	block_computer_unfair
sub-156	younger	02	203.758000	3.513420	computer	0	1.538550	0.538550	5	block_computer_unfair
sub-156	younger	02	208.039000	3.513450	computer	0	1.477610	0.477610	3	block_computer_unfair
sub-156	younger	02	219.571000	3.527030	ingroup	0	1.438090	0.438090	3	block_ingroup_unfair
sub-156	younger	02	223.868000	3.511680	ingroup	0	1.862190	0.862190	8	block_ingroup_unfair
sub-156	younger	02	228.148000	3.512700	ingroup	0	1.452210	0.452210	5	block_ingroup_unfair
sub-156	younger	02	232.429000	3.512630	ingroup	0	1.574650	0.574650	2	block_ingroup_unfair
sub-156	younger	02	236.710000	3.528450	ingroup	0	1.580990	0.580990	1	block_ingroup_unfair
sub-156	younger	02	241.006000	3.528580	ingroup	0	1.454460	0.454460	2	block_ingroup_unfair
sub-156	younger	02	245.303000	3.512720	ingroup	0	1.477640	0.477640	3	block_ingroup_unfair
sub-156	younger	02	249.584000	3.527940	ingroup	0	1.533870	0.533870	1	block_ingroup_unfair
sub-156	younger	02	265.130000	3.528280	ingroup	0	1.517720	0.517720	9	block_ingroup_fair
sub-156	younger	02	269.426000	3.512760	ingroup	0	1.474520	0.474520	3	block_ingroup_fair
sub-156	younger	02	273.707000	3.512920	ingroup	0	1.380940	0.380940	7	block_ingroup_fair
sub-156	younger	02	277.988000	3.512840	ingroup	0	1.553820	0.553820	7	block_ingroup_fair
sub-156	younger	02	282.269000	3.528490	ingroup	0	1.642590	0.642590	5	block_ingroup_fair
sub-156	younger	02	286.565000	3.512860	ingroup	0	1.732990	0.732990	7	block_ingroup_fair
sub-156	younger	02	290.846000	3.528510	ingroup	0	1.438540	0.438540	10	block_ingroup_fair
sub-156	younger	02	295.143000	3.512810	ingroup	0	1.528930	0.528930	8	block_ingroup_fair
sub-156	younger	02	308.673000	3.512670	computer	0	1.676150	0.676150	1	block_computer_unfair
sub-156	younger	02	312.954000	3.513430	computer	0	1.482730	0.482730	4	block_computer_unfair
sub-156	younger	02	317.235000	3.513420	computer	0	1.388680	0.388680	3	block_computer_unfair
sub-156	younger	02	321.517000	3.527410	computer	0	1.826660	0.826660	5	block_computer_unfair
sub-156	younger	02	325.812000	3.513480	computer	0	1.318260	0.318260	4	block_computer_unfair
sub-156	younger	02	330.093000	3.513280	computer	0	1.557410	0.557410	9	block_computer_unfair
sub-156	younger	02	334.374000	3.513350	computer	0	1.596890	0.596890	4	block_computer_unfair
sub-156	younger	02	338.655000	3.513440	computer	0	1.786370	0.786370	1	block_computer_unfair
sub-156	younger	02	350.185000	3.529070	computer	0	1.031510	0.031510	9	block_computer_fair
sub-156	younger	02	354.482000	3.513390	computer	0	1.906060	0.906060	5	block_computer_fair
sub-156	younger	02	358.763000	3.529180	computer	0	1.594850	0.594850	8	block_computer_fair
sub-156	younger	02	363.060000	3.513370	computer	0	1.601820	0.601820	10	block_computer_fair
sub-156	younger	02	367.341000	3.513380	computer	0	1.473930	0.473930	8	block_computer_fair
sub-156	younger	02	371.622000	3.529020	computer	0	1.563610	0.563610	4	block_computer_fair
sub-156	younger	02	375.918000	3.513320	computer	0	1.503740	0.503740	10	block_computer_fair
sub-156	younger	02	380.199000	3.513400	computer	0	1.526470	0.526470	7	block_computer_fair
sub-157	younger	01	4.007780	3.512160	outgroup	0	1.092060	0.092060	4	block_outgroup_unfair
sub-157	younger	01	8.287770	3.513020	outgroup	0	1.399190	0.399190	4	block_outgroup_unfair
sub-157	younger	01	12.568500	3.513270	outgroup	0	1.405390	0.405390	5	block_outgroup_unfair
sub-157	younger	01	16.849400	3.513300	outgroup	0	2.195190	1.195190	3	block_outgroup_unfair
sub-157	younger	01	21.130600	3.528460	outgroup	1			1	block_outgroup_unfair
sub-157	younger	01	25.427000	3.513290	outgroup	0	1.107130	0.107130	1	block_outgroup_unfair
sub-157	younger	01	29.707900	3.513340	outgroup	0	1.430090	0.430090	9	block_outgroup_unfair
sub-157	younger	01	33.989000	3.513180	outgroup	0	1.902880	0.902880	3	block_outgroup_unfair
sub-157	younger	01	49.521500	3.526420	ingroup	0	2.283310	1.283310	5	block_ingroup_fair
sub-157	younger	01	53.816900	3.527660	ingroup	0	1.390800	0.390800	7	block_ingroup_fair
sub-157	younger	01	58.112200	3.513300	ingroup	0	1.415990	0.415990	10	block_ingroup_fair
sub-157	younger	01	62.393200	3.513350	ingroup	0	1.321670	0.321670	9	block_ingroup_fair
sub-157	younger	01	66.674100	3.528960	ingroup	0	1.861560	0.861560	3	block_ingroup_fair
sub-157	younger	01	70.971000	3.511110	ingroup	0	1.400950	0.400950	9	block_ingroup_fair
sub-157	younger	01	75.249900	3.513190	ingroup	0	1.025130	0.025130	8	block_ingroup_fair
sub-157	younger	01	79.530700	3.513320	ingroup	0	1.398420	0.398420	8	block_ingroup_fair
sub-157	younger	01	95.061700	3.528170	computer	0	1.547350	0.547350	3	block_computer_unfair
sub-157	younger	01	99.357400	3.513370	computer	0	1.538260	0.538260	1	block_computer_unfair
sub-157	younger	01	103.638000	3.513430	computer	0	1.827460	0.827460	6	block_computer_unfair
sub-157	younger	01	107.919000	3.529040	computer	0	1.499900	0.499900	3	block_computer_unfair
sub-157	younger	01	112.216000	3.513430	computer	0	1.340100	0.340100	9	block_computer_unfair
sub-157	younger	01	116.497000	3.513420	computer	0	1.412550	0.412550	1	block_computer_unfair
sub-157	younger	01	120.778000	3.513390	computer	0	2.202640	1.202640	1	block_computer_unfair
sub-157	younger	01	125.059000	3.513330	computer	0	1.340990	0.340990	2	block_computer_unfair
sub-157	younger	01	138.590000	3.512120	outgroup	0	1.654320	0.654320	4	block_outgroup_unfair
sub-157	younger	01	142.871000	3.511900	outgroup	0	1.409850	0.409850	4	block_outgroup_unfair
sub-157	younger	01	147.151000	3.521690	outgroup	0	1.400320	0.400320	1	block_outgroup_unfair
sub-157	younger	01	151.441000	3.513260	outgroup	0	1.431070	0.431070	8	block_outgroup_unfair
sub-157	younger	01	155.722000	3.513330	outgroup	0	1.337150	0.337150	6	block_outgroup_unfair
sub-157	younger	01	160.002000	3.513350	outgroup	0	1.443220	0.443220	3	block_outgroup_unfair
sub-157	younger	01	164.283000	3.528970	outgroup	0	2.749960	1.749960	2	block_outgroup_unfair
sub-157	younger	01	168.580000	3.513330	outgroup	0	1.322280	0.322280	2	block_outgroup_unfair
sub-157	younger	01	180.111000	3.512290	computer	0	1.350460	0.350460	9	block_computer_fair
sub-157	younger	01	184.392000	3.512580	computer	0	1.339990	0.339990	7	block_computer_fair
sub-157	younger	01	188.672000	3.529060	computer	0	1.296830	0.296830	3	block_computer_fair
sub-157	younger	01	192.969000	3.513430	computer	0	1.353640	0.353640	9	block_computer_fair
sub-157	younger	01	197.250000	3.513360	computer	0	1.342720	0.342720	5	block_computer_fair
sub-157	younger	01	201.531000	3.513420	computer	0	1.382080	0.382080	8	block_computer_fair
sub-157	younger	01	205.812000	3.513380	computer	0	1.137920	0.137920	10	block_computer_fair
sub-157	younger	01	210.093000	3.513450	computer	0	1.293820	0.293820	9	block_computer_fair
sub-157	younger	01	225.624000	3.511940	outgroup	0	1.491940	0.491940	8	block_outgroup_fair
sub-157	younger	01	229.905000	3.527600	outgroup	0	1.297930	0.297930	10	block_outgroup_fair
sub-157	younger	01	234.200000	3.513330	outgroup	0	1.356120	0.356120	5	block_outgroup_fair
sub-157	younger	01	238.481000	3.513320	outgroup	0	1.395350	0.395350	9	block_outgroup_fair
sub-157	younger	01	242.762000	3.513280	outgroup	0	1.317700	0.317700	10	block_outgroup_fair
sub-157	younger	01	247.043000	3.513280	outgroup	0	1.357130	0.357130	7	block_outgroup_fair
sub-157	younger	01	251.324000	3.513320	outgroup	0	1.596810	0.596810	2	block_outgroup_fair
sub-157	younger	01	255.605000	3.513350	outgroup	0	1.335630	0.335630	7	block_outgroup_fair
sub-157	younger	01	269.137000	3.527780	ingroup	0	1.765900	0.765900	3	block_ingroup_unfair
sub-157	younger	01	273.432000	3.513180	ingroup	0	1.022570	0.022570	4	block_ingroup_unfair
sub-157	younger	01	277.713000	3.513290	ingroup	0	1.262670	0.262670	4	block_ingroup_unfair
sub-157	younger	01	281.994000	3.513230	ingroup	0	1.318530	0.318530	4	block_ingroup_unfair
sub-157	younger	01	286.275000	3.513110	ingroup	0	1.457790	0.457790	2	block_ingroup_unfair
sub-157	younger	01	290.556000	3.513290	ingroup	0	1.380380	0.380380	6	block_ingroup_unfair
sub-157	younger	01	294.837000	3.513260	ingroup	0	1.269870	0.269870	7	block_ingroup_unfair
sub-157	younger	01	299.118000	3.513180	ingroup	0	1.292130	0.292130	2	block_ingroup_unfair
sub-157	younger	01	310.648000	3.518180	ingroup	0	1.571540	0.571540	10	block_ingroup_fair
sub-157	younger	01	314.934000	3.513370	ingroup	0	1.255460	0.255460	7	block_ingroup_fair
sub-157	younger	01	319.215000	3.513190	ingroup	0	1.244570	0.244570	2	block_ingroup_fair
sub-157	younger	01	323.497000	3.512860	ingroup	0	1.433650	0.433650	6	block_ingroup_fair
sub-157	younger	01	327.777000	3.513230	ingroup	0	1.022980	0.022980	10	block_ingroup_fair
sub-157	younger	01	332.058000	3.513280	ingroup	0	1.028660	0.028660	7	block_ingroup_fair
sub-157	younger	01	336.339000	3.513160	ingroup	0	1.018170	0.018170	8	block_ingroup_fair
sub-157	younger	01	340.620000	3.513130	ingroup	0	1.023980	0.023980	10	block_ingroup_fair
sub-157	younger	01	354.152000	3.511950	outgroup	0	1.020210	0.020210	8	block_outgroup_fair
sub-157	younger	01	358.431000	3.513260	outgroup	0	1.261030	0.261030	5	block_outgroup_fair
sub-157	younger	01	362.712000	3.513370	outgroup	0	1.350290	0.350290	8	block_outgroup_fair
sub-157	younger	01	366.993000	3.513310	outgroup	0	1.356330	0.356330	10	block_outgroup_fair
sub-157	younger	01	371.274000	3.513180	outgroup	0	1.378600	0.378600	8	block_outgroup_fair
sub-157	younger	01	375.555000	3.513360	outgroup	0	1.401650	0.401650	9	block_outgroup_fair
sub-157	younger	01	379.836000	3.513300	outgroup	0	1.207360	0.207360	8	block_outgroup_fair
sub-157	younger	01	384.117000	3.513230	outgroup	0	1.596810	0.596810	1	block_outgroup_fair
sub-157	younger	02	4.020170	3.528090	computer	0	1.032590	0.032590	4	block_computer_unfair
sub-157	younger	02	8.316950	3.512100	computer	0	1.022310	0.022310	2	block_computer_unfair
sub-157	younger	02	12.596600	3.513390	computer	0	1.663720	0.663720	3	block_computer_unfair
sub-157	younger	02	16.877500	3.513530	computer	0	1.169120	0.169120	1	block_computer_unfair
sub-157	younger	02	21.158600	3.513290	computer	0	1.308030	0.308030	5	block_computer_unfair
sub-157	younger	02	25.439400	3.513540	computer	0	1.030670	0.030670	10	block_computer_unfair
sub-157	younger	02	29.720500	3.513430	computer	0	1.019760	0.019760	2	block_computer_unfair
sub-157	younger	02	34.001400	3.513400	computer	0	1.426120	0.426120	4	block_computer_unfair
sub-157	younger	02	49.533300	3.511710	ingroup	0	1.507300	0.507300	3	block_ingroup_fair
sub-157	younger	02	53.813800	3.527770	ingroup	0	1.029820	0.029820	9	block_ingroup_fair
sub-157	younger	02	58.109400	3.513060	ingroup	0	1.020940	0.020940	10	block_ingroup_fair
sub-157	younger	02	62.390200	3.513330	ingroup	0	1.026940	0.026940	10	block_ingroup_fair
sub-157	younger	02	66.671200	3.528800	ingroup	0	1.299940	0.299940	9	block_ingroup_fair
sub-157	younger	02	70.967700	3.528890	ingroup	0	1.157030	0.157030	8	block_ingroup_fair
sub-157	younger	02	75.264500	3.513090	ingroup	0	1.029820	0.029820	7	block_ingroup_fair
sub-157	younger	02	79.545300	3.528780	ingroup	0	1.469990	0.469990	6	block_ingroup_fair
sub-157	younger	02	95.092100	3.512180	outgroup	0	2.603710	1.603710	5	block_outgroup_unfair
sub-157	younger	02	99.373700	3.511600	outgroup	0	1.224610	0.224610	4	block_outgroup_unfair
sub-157	younger	02	103.653000	3.513270	outgroup	0	1.198580	0.198580	2	block_outgroup_unfair
sub-157	younger	02	107.934000	3.513200	outgroup	0	1.071080	0.071080	1	block_outgroup_unfair
sub-157	younger	02	112.215000	3.528860	outgroup	0	1.343810	0.343810	3	block_outgroup_unfair
sub-157	younger	02	116.511000	3.528830	outgroup	0	1.016970	0.016970	4	block_outgroup_unfair
sub-157	younger	02	120.808000	3.528730	outgroup	0	1.407690	0.407690	2	block_outgroup_unfair
sub-157	younger	02	125.105000	3.513230	outgroup	0	1.398130	0.398130	9	block_outgroup_unfair
sub-157	younger	02	140.636000	3.512320	computer	0	1.029330	0.029330	9	block_computer_fair
sub-157	younger	02	144.916000	3.513350	computer	0	1.336700	0.336700	4	block_computer_fair
sub-157	younger	02	149.197000	3.513290	computer	0	1.025370	0.025370	10	block_computer_fair
sub-157	younger	02	153.477000	3.513390	computer	0	1.382060	0.382060	6	block_computer_fair
sub-157	younger	02	157.758000	3.513520	computer	0	1.354640	0.354640	9	block_computer_fair
sub-157	younger	02	162.039000	3.513380	computer	0	1.026230	0.026230	7	block_computer_fair
sub-157	younger	02	166.320000	3.529070	computer	0	1.032910	0.032910	8	block_computer_fair
sub-157	younger	02	170.617000	3.513380	computer	0	1.056540	0.056540	10	block_computer_fair
sub-157	younger	02	182.147000	3.513370	computer	0	1.018600	0.018600	5	block_computer_unfair
sub-157	younger	02	186.428000	3.513260	computer	0	1.491760	0.491760	3	block_computer_unfair
sub-157	younger	02	190.709000	3.529040	computer	0	1.297510	0.297510	2	block_computer_unfair
sub-157	younger	02	195.006000	3.513350	computer	0	1.070960	0.070960	2	block_computer_unfair
sub-157	younger	02	199.287000	3.513470	computer	0	1.026460	0.026460	1	block_computer_unfair
sub-157	younger	02	203.568000	3.513340	computer	0	1.099320	0.099320	8	block_computer_unfair
sub-157	younger	02	207.849000	3.513360	computer	0	1.405500	0.405500	4	block_computer_unfair
sub-157	younger	02	212.130000	3.513280	computer	0	1.027370	0.027370	1	block_computer_unfair
sub-157	younger	02	225.660000	3.528930	computer	0	1.609260	0.609260	9	block_computer_fair
sub-157	younger	02	229.957000	3.528880	computer	0	1.031850	0.031850	10	block_computer_fair
sub-157	younger	02	234.253000	3.513090	computer	0	1.272390	0.272390	7	block_computer_fair
sub-157	younger	02	238.534000	3.513400	computer	0	1.028270	0.028270	5	block_computer_fair
sub-157	younger	02	242.815000	3.513480	computer	0	1.067830	0.067830	10	block_computer_fair
sub-157	younger	02	247.096000	3.513290	computer	0	1.507570	0.507570	8	block_computer_fair
sub-157	younger	02	251.377000	3.513410	computer	0	1.413290	0.413290	8	block_computer_fair
sub-157	younger	02	255.658000	3.513240	computer	0	1.419510	0.419510	4	block_computer_fair
sub-157	younger	02	267.190000	3.512030	ingroup	0	2.447810	1.447810	3	block_ingroup_unfair
sub-157	younger	02	271.471000	3.511930	ingroup	0	1.335890	0.335890	1	block_ingroup_unfair
sub-157	younger	02	275.751000	3.528830	ingroup	0	1.593290	0.593290	4	block_ingroup_unfair
sub-157	younger	02	280.047000	3.513210	ingroup	0	1.316580	0.316580	3	block_ingroup_unfair
sub-157	younger	02	284.328000	3.528780	ingroup	0	1.439400	0.439400	7	block_ingroup_unfair
sub-157	younger	02	288.625000	3.513220	ingroup	0	1.246180	0.246180	6	block_ingroup_unfair
sub-157	younger	02	292.905000	3.513270	ingroup	0	1.619170	0.619170	4	block_ingroup_unfair
sub-157	younger	02	297.187000	3.508530	ingroup	0	1.274660	0.274660	1	block_ingroup_unfair
sub-157	younger	02	310.713000	3.512320	outgroup	0	1.509610	0.509610	6	block_outgroup_fair
sub-157	younger	02	314.995000	3.511890	outgroup	0	1.464980	0.464980	7	block_outgroup_fair
sub-157	younger	02	319.274000	3.513280	outgroup	0	1.388770	0.388770	10	block_outgroup_fair
sub-157	younger	02	323.555000	3.528850	outgroup	0	1.611280	0.611280	4	block_outgroup_fair
sub-157	younger	02	327.852000	3.513310	outgroup	0	1.418420	0.418420	10	block_outgroup_fair
sub-157	younger	02	332.133000	3.513230	outgroup	0	1.307700	0.307700	10	block_outgroup_fair
sub-157	younger	02	336.414000	3.513190	outgroup	0	1.046460	0.046460	10	block_outgroup_fair
sub-157	younger	02	340.694000	3.513330	outgroup	0	1.019010	0.019010	8	block_outgroup_fair
sub-157	younger	02	354.226000	3.511760	ingroup	0	1.365510	0.365510	4	block_ingroup_unfair
sub-157	younger	02	358.506000	3.513260	ingroup	0	1.522920	0.522920	3	block_ingroup_unfair
sub-157	younger	02	362.787000	3.513100	ingroup	0	2.012270	1.012270	2	block_ingroup_unfair
sub-157	younger	02	367.068000	3.513240	ingroup	0	1.384610	0.384610	2	block_ingroup_unfair
sub-157	younger	02	371.349000	3.513230	ingroup	0	1.323580	0.323580	8	block_ingroup_unfair
sub-157	younger	02	375.630000	3.513190	ingroup	0	1.429710	0.429710	5	block_ingroup_unfair
sub-157	younger	02	379.911000	3.528440	ingroup	1			4	block_ingroup_unfair
sub-157	younger	02	384.207000	3.513210	ingroup	0	1.425900	0.425900	2	block_ingroup_unfair
sub-158	younger	01	4.005700	3.543320	outgroup	1			2	block_outgroup_unfair
sub-158	younger	01	8.317230	3.528630	outgroup	0	1.687060	0.687060	3	block_outgroup_unfair
sub-158	younger	01	12.613500	3.513320	outgroup	0	2.011350	1.011350	2	block_outgroup_unfair
sub-158	younger	01	16.894500	3.513260	outgroup	0	2.317540	1.317540	3	block_outgroup_unfair
sub-158	younger	01	21.175500	3.513240	outgroup	0	1.756200	0.756200	4	block_outgroup_unfair
sub-158	younger	01	25.456400	3.513270	outgroup	0	2.262430	1.262430	7	block_outgroup_unfair
sub-158	younger	01	29.737500	3.525430	outgroup	0	2.202140	1.202140	5	block_outgroup_unfair
sub-158	younger	01	34.030600	3.513270	outgroup	0	1.744910	0.744910	2	block_outgroup_unfair
sub-158	younger	01	45.561100	3.528840	outgroup	0	1.156910	0.156910	9	block_outgroup_fair
sub-158	younger	01	49.857600	3.513340	outgroup	0	2.681710	1.681710	7	block_outgroup_fair
sub-158	younger	01	54.138700	3.513260	outgroup	0	1.436550	0.436550	10	block_outgroup_fair
sub-158	younger	01	58.419800	3.528690	outgroup	0	1.609140	0.609140	8	block_outgroup_fair
sub-158	younger	01	62.716100	3.513290	outgroup	0	1.399340	0.399340	10	block_outgroup_fair
sub-158	younger	01	66.997200	3.513180	outgroup	0	1.255150	0.255150	6	block_outgroup_fair
sub-158	younger	01	71.278200	3.513130	outgroup	0	1.944940	0.944940	4	block_outgroup_fair
sub-158	younger	01	75.559000	3.513290	outgroup	0	1.417120	0.417120	8	block_outgroup_fair
sub-158	younger	01	91.090800	3.513110	computer	0	1.681420	0.681420	1	block_computer_unfair
sub-158	younger	01	95.372500	3.527920	computer	0	1.453410	0.453410	4	block_computer_unfair
sub-158	younger	01	99.668000	3.513500	computer	0	1.161000	0.161000	1	block_computer_unfair
sub-158	younger	01	103.949000	3.513520	computer	0	1.018210	0.018210	5	block_computer_unfair
sub-158	younger	01	108.230000	3.513020	computer	0	1.022240	0.022240	2	block_computer_unfair
sub-158	younger	01	112.511000	3.513350	computer	0	1.178910	0.178910	9	block_computer_unfair
sub-158	younger	01	116.792000	3.529080	computer	0	1.017940	0.017940	1	block_computer_unfair
sub-158	younger	01	121.089000	3.513330	computer	0	1.024630	0.024630	1	block_computer_unfair
sub-158	younger	01	132.620000	3.512480	outgroup	0	1.920610	0.920610	1	block_outgroup_unfair
sub-158	younger	01	136.901000	3.512300	outgroup	0	1.292400	0.292400	2	block_outgroup_unfair
sub-158	younger	01	141.181000	3.513110	outgroup	0	1.866160	0.866160	5	block_outgroup_unfair
sub-158	younger	01	145.462000	3.513300	outgroup	0	2.355990	1.355990	4	block_outgroup_unfair
sub-158	younger	01	149.743000	3.528940	outgroup	0	2.078100	1.078100	3	block_outgroup_unfair
sub-158	younger	01	154.039000	3.513380	outgroup	0	1.384960	0.384960	8	block_outgroup_unfair
sub-158	younger	01	158.320000	3.513320	outgroup	0	1.506970	0.506970	4	block_outgroup_unfair
sub-158	younger	01	162.601000	3.513310	outgroup	0	2.280410	1.280410	4	block_outgroup_unfair
sub-158	younger	01	178.133000	3.512100	ingroup	0	1.778070	0.778070	7	block_ingroup_fair
sub-158	younger	01	182.413000	3.513250	ingroup	0	1.101520	0.101520	10	block_ingroup_fair
sub-158	younger	01	186.694000	3.513180	ingroup	0	1.491030	0.491030	8	block_ingroup_fair
sub-158	younger	01	190.974000	3.513280	ingroup	0	2.464560	1.464560	7	block_ingroup_fair
sub-158	younger	01	195.255000	3.513250	ingroup	0	1.336180	0.336180	5	block_ingroup_fair
sub-158	younger	01	199.536000	3.513200	ingroup	0	1.024740	0.024740	10	block_ingroup_fair
sub-158	younger	01	203.817000	3.513260	ingroup	0	1.681530	0.681530	2	block_ingroup_fair
sub-158	younger	01	208.098000	3.509930	ingroup	0	1.771000	0.771000	7	block_ingroup_fair
sub-158	younger	01	221.626000	3.512590	ingroup	0	1.253830	0.253830	2	block_ingroup_unfair
sub-158	younger	01	225.906000	3.513160	ingroup	0	1.560290	0.560290	2	block_ingroup_unfair
sub-158	younger	01	230.187000	3.513280	ingroup	0	1.099560	0.099560	1	block_ingroup_unfair
sub-158	younger	01	234.468000	3.513250	ingroup	0	1.072400	0.072400	4	block_ingroup_unfair
sub-158	younger	01	238.749000	3.513250	ingroup	0	1.545110	0.545110	6	block_ingroup_unfair
sub-158	younger	01	243.030000	3.513220	ingroup	0	1.651260	0.651260	2	block_ingroup_unfair
sub-158	younger	01	247.311000	3.512940	ingroup	0	1.856600	0.856600	9	block_ingroup_unfair
sub-158	younger	01	251.592000	3.513280	ingroup	0	1.396350	0.396350	2	block_ingroup_unfair
sub-158	younger	01	265.124000	3.511970	outgroup	0	1.459300	0.459300	10	block_outgroup_fair
sub-158	younger	01	269.403000	3.528890	outgroup	0	1.749640	0.749640	8	block_outgroup_fair
sub-158	younger	01	273.700000	3.528940	outgroup	0	1.172890	0.172890	8	block_outgroup_fair
sub-158	younger	01	277.996000	3.513340	outgroup	0	1.446580	0.446580	7	block_outgroup_fair
sub-158	younger	01	282.277000	3.528880	outgroup	0	1.736060	0.736060	2	block_outgroup_fair
sub-158	younger	01	286.574000	3.513290	outgroup	0	1.826450	0.826450	7	block_outgroup_fair
sub-158	younger	01	290.855000	3.513140	outgroup	0	1.748970	0.748970	10	block_outgroup_fair
sub-158	younger	01	295.136000	3.513140	outgroup	0	1.521320	0.521320	5	block_outgroup_fair
sub-158	younger	01	310.667000	3.511990	ingroup	0	1.869770	0.869770	1	block_ingroup_fair
sub-158	younger	01	314.947000	3.513230	ingroup	0	1.076280	0.076280	5	block_ingroup_fair
sub-158	younger	01	319.228000	3.513290	ingroup	0	1.482680	0.482680	8	block_ingroup_fair
sub-158	younger	01	323.509000	3.513300	ingroup	0	1.888830	0.888830	9	block_ingroup_fair
sub-158	younger	01	327.790000	3.520440	ingroup	0	1.344180	0.344180	10	block_ingroup_fair
sub-158	younger	01	332.078000	3.531340	ingroup	0	1.642970	0.642970	8	block_ingroup_fair
sub-158	younger	01	336.377000	3.513110	ingroup	0	1.380540	0.380540	9	block_ingroup_fair
sub-158	younger	01	340.658000	3.513320	ingroup	0	1.920760	0.920760	8	block_ingroup_fair
sub-158	younger	01	352.190000	3.527880	computer	0	1.514890	0.514890	9	block_computer_fair
sub-158	younger	01	356.485000	3.513360	computer	0	2.123290	1.123290	3	block_computer_fair
sub-158	younger	01	360.766000	3.528930	computer	0	1.595400	0.595400	8	block_computer_fair
sub-158	younger	01	365.063000	3.513300	computer	0	1.552430	0.552430	7	block_computer_fair
sub-158	younger	01	369.344000	3.513450	computer	0	1.024090	0.024090	9	block_computer_fair
sub-158	younger	01	373.625000	3.513390	computer	0	1.030230	0.030230	5	block_computer_fair
sub-158	younger	01	377.905000	3.513480	computer	0	1.870610	0.870610	9	block_computer_fair
sub-158	younger	01	382.187000	3.528990	computer	0	1.876170	0.876170	8	block_computer_fair
sub-158	younger	02	4.018420	3.527870	ingroup	0	1.217150	0.217150	6	block_ingroup_fair
sub-158	younger	02	8.315210	3.511950	ingroup	0	1.057310	0.057310	4	block_ingroup_fair
sub-158	younger	02	12.595000	3.513100	ingroup	0	1.665000	0.665000	8	block_ingroup_fair
sub-158	younger	02	16.876000	3.513080	ingroup	0	1.019930	0.019930	8	block_ingroup_fair
sub-158	younger	02	21.156700	3.513240	ingroup	0	1.026030	0.026030	9	block_ingroup_fair
sub-158	younger	02	25.437700	3.513240	ingroup	0	1.599390	0.599390	8	block_ingroup_fair
sub-158	younger	02	29.718600	3.513280	ingroup	0	1.772130	0.772130	8	block_ingroup_fair
sub-158	younger	02	33.999600	3.528900	ingroup	0	1.611290	0.611290	7	block_ingroup_fair
sub-158	younger	02	49.546300	3.527980	computer	0	1.127100	0.127100	10	block_computer_fair
sub-158	younger	02	53.841900	3.513290	computer	0	1.535240	0.535240	10	block_computer_fair
sub-158	younger	02	58.122800	3.513400	computer	0	1.124080	0.124080	5	block_computer_fair
sub-158	younger	02	62.403700	3.513470	computer	0	1.513910	0.513910	10	block_computer_fair
sub-158	younger	02	66.684600	3.506300	computer	0	1.536520	0.536520	9	block_computer_fair
sub-158	younger	02	70.958500	3.508420	computer	0	1.566270	0.566270	9	block_computer_fair
sub-158	younger	02	75.234400	3.513440	computer	0	1.343620	0.343620	1	block_computer_fair
sub-158	younger	02	79.515400	3.529050	computer	0	2.283750	1.283750	9	block_computer_fair
sub-158	younger	02	91.063200	3.511680	ingroup	0	1.294520	0.294520	9	block_ingroup_unfair
sub-158	younger	02	95.344000	3.511770	ingroup	0	1.133700	0.133700	2	block_ingroup_unfair
sub-158	younger	02	99.623800	3.512920	ingroup	0	1.457700	0.457700	1	block_ingroup_unfair
sub-158	younger	02	103.904000	3.513310	ingroup	0	1.247080	0.247080	1	block_ingroup_unfair
sub-158	younger	02	108.185000	3.513180	ingroup	0	1.018900	0.018900	3	block_ingroup_unfair
sub-158	younger	02	112.466000	3.513280	ingroup	0	1.325410	0.325410	6	block_ingroup_unfair
sub-158	younger	02	116.747000	3.528890	ingroup	0	1.531790	0.531790	2	block_ingroup_unfair
sub-158	younger	02	121.044000	3.528760	ingroup	0	1.438520	0.438520	3	block_ingroup_unfair
sub-158	younger	02	132.591000	3.512760	computer	0	1.151000	0.151000	4	block_computer_unfair
sub-158	younger	02	136.871000	3.513290	computer	0	1.975310	0.975310	4	block_computer_unfair
sub-158	younger	02	141.152000	3.513430	computer	0	2.181290	1.181290	1	block_computer_unfair
sub-158	younger	02	145.433000	3.513170	computer	0	1.886760	0.886760	1	block_computer_unfair
sub-158	younger	02	149.714000	3.513320	computer	0	1.725990	0.725990	2	block_computer_unfair
sub-158	younger	02	153.995000	3.529110	computer	0	1.531910	0.531910	1	block_computer_unfair
sub-158	younger	02	158.291000	3.513370	computer	0	1.555560	0.555560	5	block_computer_unfair
sub-158	younger	02	162.572000	3.513470	computer	0	1.244370	0.244370	8	block_computer_unfair
sub-158	younger	02	176.104000	3.511670	outgroup	0	1.023110	0.023110	1	block_outgroup_unfair
sub-158	younger	02	180.385000	3.511650	outgroup	0	1.396250	0.396250	10	block_outgroup_unfair
sub-158	younger	02	184.665000	3.528900	outgroup	0	1.937610	0.937610	1	block_outgroup_unfair
sub-158	younger	02	188.961000	3.513140	outgroup	0	1.810850	0.810850	1	block_outgroup_unfair
sub-158	younger	02	193.242000	3.513330	outgroup	0	2.200540	1.200540	3	block_outgroup_unfair
sub-158	younger	02	197.523000	3.513280	outgroup	0	1.389010	0.389010	1	block_outgroup_unfair
sub-158	younger	02	201.804000	3.513240	outgroup	0	1.478690	0.478690	6	block_outgroup_unfair
sub-158	younger	02	206.085000	3.513160	outgroup	0	1.100720	0.100720	1	block_outgroup_unfair
sub-158	younger	02	219.615000	3.513350	outgroup	0	1.515230	0.515230	10	block_outgroup_fair
sub-158	younger	02	223.896000	3.528920	outgroup	0	1.454440	0.454440	4	block_outgroup_fair
sub-158	younger	02	228.193000	3.513150	outgroup	0	1.394740	0.394740	6	block_outgroup_fair
sub-158	younger	02	232.474000	3.513250	outgroup	0	1.433910	0.433910	8	block_outgroup_fair
sub-158	younger	02	236.755000	3.513340	outgroup	0	1.556610	0.556610	10	block_outgroup_fair
sub-158	younger	02	241.036000	3.513190	outgroup	0	1.545650	0.545650	9	block_outgroup_fair
sub-158	younger	02	245.317000	3.513250	outgroup	0	1.701810	0.701810	8	block_outgroup_fair
sub-158	younger	02	249.598000	3.513180	outgroup	0	1.607470	0.607470	7	block_outgroup_fair
sub-158	younger	02	263.129000	3.527590	ingroup	0	1.220350	0.220350	1	block_ingroup_unfair
sub-158	younger	02	267.425000	3.513140	ingroup	0	1.461870	0.461870	9	block_ingroup_unfair
sub-158	younger	02	271.705000	3.518900	ingroup	0	1.568860	0.568860	4	block_ingroup_unfair
sub-158	younger	02	275.993000	3.518250	ingroup	0	1.434250	0.434250	2	block_ingroup_unfair
sub-158	younger	02	280.279000	3.513120	ingroup	0	1.418340	0.418340	2	block_ingroup_unfair
sub-158	younger	02	284.559000	3.513270	ingroup	0	1.374600	0.374600	2	block_ingroup_unfair
sub-158	younger	02	288.840000	3.513240	ingroup	0	1.029910	0.029910	4	block_ingroup_unfair
sub-158	younger	02	293.121000	3.513250	ingroup	0	2.404040	1.404040	5	block_ingroup_unfair
sub-158	younger	02	308.652000	3.528000	computer	0	1.468160	0.468160	9	block_computer_fair
sub-158	younger	02	312.948000	3.521330	computer	0	1.526300	0.526300	9	block_computer_fair
sub-158	younger	02	317.237000	3.513380	computer	0	1.490540	0.490540	2	block_computer_fair
sub-158	younger	02	321.518000	3.513320	computer	0	1.463350	0.463350	10	block_computer_fair
sub-158	younger	02	325.799000	3.529030	computer	0	1.486080	0.486080	10	block_computer_fair
sub-158	younger	02	330.095000	3.529000	computer	0	1.392850	0.392850	5	block_computer_fair
sub-158	younger	02	334.392000	3.513450	computer	0	2.067240	1.067240	8	block_computer_fair
sub-158	younger	02	338.673000	3.513490	computer	0	1.572670	0.572670	8	block_computer_fair
sub-158	younger	02	350.203000	3.528930	computer	0	1.017440	0.017440	4	block_computer_unfair
sub-158	younger	02	354.500000	3.513400	computer	0	1.425080	0.425080	2	block_computer_unfair
sub-158	younger	02	358.781000	3.513460	computer	0	1.647890	0.647890	5	block_computer_unfair
sub-158	younger	02	363.062000	3.513470	computer	0	1.303690	0.303690	3	block_computer_unfair
sub-158	younger	02	367.343000	3.513410	computer	0	1.025730	0.025730	1	block_computer_unfair
sub-158	younger	02	371.624000	3.513420	computer	0	1.448920	0.448920	2	block_computer_unfair
sub-158	younger	02	375.905000	3.513510	computer	0	1.404970	0.404970	2	block_computer_unfair
sub-158	younger	02	380.186000	3.513480	computer	0	1.560790	0.560790	8	block_computer_unfair
sub-159	younger	01	4.014070	3.527120	ingroup	0	2.674000	1.674000	5	block_ingroup_unfair
sub-159	younger	01	8.309530	3.512450	ingroup	0	2.231250	1.231250	1	block_ingroup_unfair
sub-159	younger	01	12.590100	3.512850	ingroup	0	1.419860	0.419860	8	block_ingroup_unfair
sub-159	younger	01	16.871100	3.512820	ingroup	0	1.310160	0.310160	4	block_ingroup_unfair
sub-159	younger	01	21.152100	3.512810	ingroup	0	1.098720	0.098720	2	block_ingroup_unfair
sub-159	younger	01	25.433000	3.512880	ingroup	0	1.271480	0.271480	4	block_ingroup_unfair
sub-159	younger	01	29.713900	3.512870	ingroup	0	2.278140	1.278140	3	block_ingroup_unfair
sub-159	younger	01	33.995000	3.528460	ingroup	0	1.299840	0.299840	3	block_ingroup_unfair
sub-159	younger	01	45.543000	3.526470	outgroup	0	1.611660	0.611660	8	block_outgroup_fair
sub-159	younger	01	49.838500	3.527480	outgroup	0	1.252660	0.252660	9	block_outgroup_fair
sub-159	younger	01	54.134000	3.528650	outgroup	0	1.377250	0.377250	6	block_outgroup_fair
sub-159	younger	01	58.430400	3.528760	outgroup	0	1.017640	0.017640	4	block_outgroup_fair
sub-159	younger	01	62.726900	3.513190	outgroup	0	2.042190	1.042190	8	block_outgroup_fair
sub-159	younger	01	67.008000	3.513050	outgroup	0	1.197330	0.197330	10	block_outgroup_fair
sub-159	younger	01	71.288900	3.513050	outgroup	0	1.286480	0.286480	7	block_outgroup_fair
sub-159	younger	01	75.569800	3.513160	outgroup	0	1.075450	0.075450	9	block_outgroup_fair
sub-159	younger	01	89.101000	3.512320	computer	0	1.289250	0.289250	10	block_computer_fair
sub-159	younger	01	93.380900	3.528970	computer	0	1.312950	0.312950	8	block_computer_fair
sub-159	younger	01	97.677400	3.513440	computer	0	1.253240	0.253240	4	block_computer_fair
sub-159	younger	01	101.958000	3.513420	computer	0	1.309140	0.309140	6	block_computer_fair
sub-159	younger	01	106.239000	3.513450	computer	0	1.364980	0.364980	9	block_computer_fair
sub-159	younger	01	110.520000	3.513200	computer	0	1.571190	0.571190	8	block_computer_fair
sub-159	younger	01	114.801000	3.513340	computer	0	1.192840	0.192840	9	block_computer_fair
sub-159	younger	01	119.082000	3.528960	computer	0	1.049160	0.049160	9	block_computer_fair
sub-159	younger	01	134.630000	3.527180	ingroup	0	1.297920	0.297920	6	block_ingroup_fair
sub-159	younger	01	138.926000	3.511600	ingroup	0	1.271560	0.271560	9	block_ingroup_fair
sub-159	younger	01	143.206000	3.512830	ingroup	0	1.278890	0.278890	7	block_ingroup_fair
sub-159	younger	01	147.487000	3.512880	ingroup	0	1.201270	0.201270	7	block_ingroup_fair
sub-159	younger	01	151.768000	3.512830	ingroup	0	1.540650	0.540650	3	block_ingroup_fair
sub-159	younger	01	156.049000	3.512750	ingroup	0	1.379760	0.379760	9	block_ingroup_fair
sub-159	younger	01	160.330000	3.512870	ingroup	0	1.569360	0.569360	8	block_ingroup_fair
sub-159	younger	01	164.611000	3.512820	ingroup	0	1.108410	0.108410	8	block_ingroup_fair
sub-159	younger	01	180.142000	3.512090	outgroup	0	1.257070	0.257070	1	block_outgroup_unfair
sub-159	younger	01	184.422000	3.513150	outgroup	0	1.280600	0.280600	4	block_outgroup_unfair
sub-159	younger	01	188.703000	3.513180	outgroup	0	1.103110	0.103110	6	block_outgroup_unfair
sub-159	younger	01	192.984000	3.513210	outgroup	0	1.025450	0.025450	4	block_outgroup_unfair
sub-159	younger	01	197.264000	3.528860	outgroup	0	1.298410	0.298410	1	block_outgroup_unfair
sub-159	younger	01	201.561000	3.513180	outgroup	0	1.255260	0.255260	4	block_outgroup_unfair
sub-159	younger	01	205.842000	3.513150	outgroup	0	1.144300	0.144300	3	block_outgroup_unfair
sub-159	younger	01	210.123000	3.513000	outgroup	0	1.450370	0.450370	9	block_outgroup_unfair
sub-159	younger	01	221.653000	3.513200	outgroup	0	1.546040	0.546040	8	block_outgroup_fair
sub-159	younger	01	225.934000	3.513030	outgroup	0	1.301980	0.301980	5	block_outgroup_fair
sub-159	younger	01	230.215000	3.513150	outgroup	0	1.224650	0.224650	4	block_outgroup_fair
sub-159	younger	01	234.496000	3.513160	outgroup	0	1.347410	0.347410	8	block_outgroup_fair
sub-159	younger	01	238.777000	3.513130	outgroup	0	1.086160	0.086160	7	block_outgroup_fair
sub-159	younger	01	243.058000	3.513140	outgroup	0	1.442380	0.442380	7	block_outgroup_fair
sub-159	younger	01	247.339000	3.513200	outgroup	0	1.114810	0.114810	9	block_outgroup_fair
sub-159	younger	01	251.620000	3.513210	outgroup	0	1.337380	0.337380	7	block_outgroup_fair
sub-159	younger	01	265.150000	3.513130	outgroup	0	1.334850	0.334850	8	block_outgroup_unfair
sub-159	younger	01	269.431000	3.513190	outgroup	0	1.023750	0.023750	3	block_outgroup_unfair
sub-159	younger	01	273.712000	3.528860	outgroup	0	1.063220	0.063220	4	block_outgroup_unfair
sub-159	younger	01	278.009000	3.513170	outgroup	0	1.053470	0.053470	5	block_outgroup_unfair
sub-159	younger	01	282.290000	3.513120	outgroup	0	1.025540	0.025540	2	block_outgroup_unfair
sub-159	younger	01	286.571000	3.528760	outgroup	0	1.031860	0.031860	2	block_outgroup_unfair
sub-159	younger	01	290.867000	3.513160	outgroup	0	1.272610	0.272610	4	block_outgroup_unfair
sub-159	younger	01	295.148000	3.528840	outgroup	0	1.078160	0.078160	2	block_outgroup_unfair
sub-159	younger	01	308.695000	3.512610	computer	0	1.160090	0.160090	3	block_computer_unfair
sub-159	younger	01	312.975000	3.529010	computer	0	1.032700	0.032700	2	block_computer_unfair
sub-159	younger	01	317.272000	3.513310	computer	0	1.456730	0.456730	7	block_computer_unfair
sub-159	younger	01	321.552000	3.513460	computer	0	1.396320	0.396320	3	block_computer_unfair
sub-159	younger	01	325.833000	3.513390	computer	0	1.285320	0.285320	1	block_computer_unfair
sub-159	younger	01	330.114000	3.513370	computer	0	1.191130	0.191130	4	block_computer_unfair
sub-159	younger	01	334.395000	3.513370	computer	0	1.213750	0.213750	6	block_computer_unfair
sub-159	younger	01	338.676000	3.513350	computer	0	1.987030	0.987030	4	block_computer_unfair
sub-159	younger	01	354.208000	3.511420	ingroup	0	1.366970	0.366970	3	block_ingroup_fair
sub-159	younger	01	358.489000	3.527070	ingroup	0	1.156410	0.156410	8	block_ingroup_fair
sub-159	younger	01	362.785000	3.512910	ingroup	0	1.214750	0.214750	7	block_ingroup_fair
sub-159	younger	01	367.065000	3.512860	ingroup	0	1.020420	0.020420	7	block_ingroup_fair
sub-159	younger	01	371.346000	3.512850	ingroup	0	1.026010	0.026010	6	block_ingroup_fair
sub-159	younger	01	375.627000	3.528580	ingroup	0	1.265900	0.265900	7	block_ingroup_fair
sub-159	younger	01	379.924000	3.528480	ingroup	0	1.189360	0.189360	10	block_ingroup_fair
sub-159	younger	01	384.221000	3.512750	ingroup	0	1.212990	0.212990	8	block_ingroup_fair
sub-159	younger	02	4.018570	3.512480	computer	0	1.258860	0.258860	8	block_computer_fair
sub-159	younger	02	8.299030	3.528450	computer	0	1.031610	0.031610	8	block_computer_fair
sub-159	younger	02	12.595000	3.513510	computer	0	1.223040	0.223040	5	block_computer_fair
sub-159	younger	02	16.875900	3.513430	computer	0	1.212320	0.212320	9	block_computer_fair
sub-159	younger	02	21.156900	3.513420	computer	0	1.418170	0.418170	8	block_computer_fair
sub-159	younger	02	25.437900	3.513420	computer	0	1.373840	0.373840	2	block_computer_fair
sub-159	younger	02	29.718800	3.513430	computer	0	1.246360	0.246360	9	block_computer_fair
sub-159	younger	02	33.999700	3.513470	computer	0	1.302840	0.302840	9	block_computer_fair
sub-159	younger	02	47.531700	3.511820	outgroup	0	1.116110	0.116110	5	block_outgroup_unfair
sub-159	younger	02	51.812200	3.512270	outgroup	0	1.020800	0.020800	3	block_outgroup_unfair
sub-159	younger	02	56.092300	3.513110	outgroup	0	1.144820	0.144820	2	block_outgroup_unfair
sub-159	younger	02	60.373600	3.528450	outgroup	0	1.033600	0.033600	3	block_outgroup_unfair
sub-159	younger	02	64.669800	3.513160	outgroup	0	1.124230	0.124230	3	block_outgroup_unfair
sub-159	younger	02	68.950800	3.513160	outgroup	0	2.364570	1.364570	8	block_outgroup_unfair
sub-159	younger	02	73.231700	3.513180	outgroup	0	1.019520	0.019520	1	block_outgroup_unfair
sub-159	younger	02	77.512700	3.513170	outgroup	0	1.308780	0.308780	4	block_outgroup_unfair
sub-159	younger	02	93.043600	3.528080	computer	0	1.140730	0.140730	3	block_computer_unfair
sub-159	younger	02	97.339300	3.528900	computer	0	1.031310	0.031310	1	block_computer_unfair
sub-159	younger	02	101.636000	3.513230	computer	0	1.155390	0.155390	9	block_computer_unfair
sub-159	younger	02	105.917000	3.513270	computer	0	1.494970	0.494970	3	block_computer_unfair
sub-159	younger	02	110.198000	3.513400	computer	0	1.100480	0.100480	4	block_computer_unfair
sub-159	younger	02	114.479000	3.513410	computer	0	1.023350	0.023350	4	block_computer_unfair
sub-159	younger	02	118.760000	3.513360	computer	0	1.028760	0.028760	5	block_computer_unfair
sub-159	younger	02	123.041000	3.513380	computer	0	1.018090	0.018090	4	block_computer_unfair
sub-159	younger	02	134.573000	3.511470	ingroup	0	1.212590	0.212590	9	block_ingroup_fair
sub-159	younger	02	138.854000	3.511450	ingroup	0	1.435200	0.435200	7	block_ingroup_fair
sub-159	younger	02	143.133000	3.512800	ingroup	0	1.025110	0.025110	10	block_ingroup_fair
sub-159	younger	02	147.414000	3.528470	ingroup	0	1.030720	0.030720	7	block_ingroup_fair
sub-159	younger	02	151.711000	3.512970	ingroup	0	1.021570	0.021570	9	block_ingroup_fair
sub-159	younger	02	155.992000	3.512830	ingroup	0	1.027360	0.027360	2	block_ingroup_fair
sub-159	younger	02	160.273000	3.512900	ingroup	0	1.100440	0.100440	9	block_ingroup_fair
sub-159	younger	02	164.554000	3.512790	ingroup	0	1.089580	0.089580	5	block_ingroup_fair
sub-159	younger	02	178.085000	3.511740	outgroup	0	1.019020	0.019020	2	block_outgroup_fair
sub-159	younger	02	182.365000	3.512960	outgroup	0	1.025420	0.025420	5	block_outgroup_fair
sub-159	younger	02	186.646000	3.513190	outgroup	0	1.432610	0.432610	7	block_outgroup_fair
sub-159	younger	02	190.927000	3.513030	outgroup	0	1.137960	0.137960	10	block_outgroup_fair
sub-159	younger	02	195.208000	3.513100	outgroup	0	1.060750	0.060750	8	block_outgroup_fair
sub-159	younger	02	199.489000	3.512920	outgroup	0	1.099790	0.099790	8	block_outgroup_fair
sub-159	younger	02	203.770000	3.513150	outgroup	0	1.022620	0.022620	7	block_outgroup_fair
sub-159	younger	02	208.051000	3.513110	outgroup	0	1.028060	0.028060	7	block_outgroup_fair
sub-159	younger	02	219.581000	3.512880	computer	0	1.023660	0.023660	2	block_computer_unfair
sub-159	younger	02	223.862000	3.513270	computer	0	1.030050	0.030050	3	block_computer_unfair
sub-159	younger	02	228.143000	3.513420	computer	0	1.036100	0.036100	3	block_computer_unfair
sub-159	younger	02	232.424000	3.513370	computer	0	1.292500	0.292500	1	block_computer_unfair
sub-159	younger	02	236.704000	3.529080	computer	0	1.032490	0.032490	1	block_computer_unfair
sub-159	younger	02	241.001000	3.513480	computer	0	1.138560	0.138560	10	block_computer_unfair
sub-159	younger	02	245.282000	3.513380	computer	0	1.378180	0.378180	5	block_computer_unfair
sub-159	younger	02	249.563000	3.529050	computer	0	1.033610	0.033610	2	block_computer_unfair
sub-159	younger	02	263.111000	3.511540	ingroup	0	1.380590	0.380590	2	block_ingroup_unfair
sub-159	younger	02	267.392000	3.511350	ingroup	0	1.019070	0.019070	6	block_ingroup_unfair
sub-159	younger	02	271.672000	3.512700	ingroup	0	1.026580	0.026580	1	block_ingroup_unfair
sub-159	younger	02	275.952000	3.512900	ingroup	0	1.333180	0.333180	4	block_ingroup_unfair
sub-159	younger	02	280.233000	3.512940	ingroup	0	1.021660	0.021660	1	block_ingroup_unfair
sub-159	younger	02	284.514000	3.528390	ingroup	0	1.094260	0.094260	9	block_ingroup_unfair
sub-159	younger	02	288.811000	3.512900	ingroup	0	1.034810	0.034810	4	block_ingroup_unfair
sub-159	younger	02	293.092000	3.512930	ingroup	0	1.023800	0.023800	4	block_ingroup_unfair
sub-159	younger	02	304.623000	3.512460	computer	0	1.369650	0.369650	5	block_computer_fair
sub-159	younger	02	308.903000	3.528880	computer	0	1.142830	0.142830	10	block_computer_fair
sub-159	younger	02	313.199000	3.529000	computer	0	1.249740	0.249740	7	block_computer_fair
sub-159	younger	02	317.496000	3.513360	computer	0	1.023080	0.023080	9	block_computer_fair
sub-159	younger	02	321.777000	3.513460	computer	0	1.229760	0.229760	8	block_computer_fair
sub-159	younger	02	326.058000	3.513400	computer	0	1.302100	0.302100	7	block_computer_fair
sub-159	younger	02	330.339000	3.529050	computer	0	1.391530	0.391530	3	block_computer_fair
sub-159	younger	02	334.635000	3.513420	computer	0	1.131680	0.131680	8	block_computer_fair
sub-159	younger	02	350.167000	3.511730	ingroup	0	1.028500	0.028500	3	block_ingroup_unfair
sub-159	younger	02	354.448000	3.527170	ingroup	0	1.017760	0.017760	4	block_ingroup_unfair
sub-159	younger	02	358.743000	3.512850	ingroup	0	1.026330	0.026330	6	block_ingroup_unfair
sub-159	younger	02	363.024000	3.512860	ingroup	0	1.132390	0.132390	3	block_ingroup_unfair
sub-159	younger	02	367.305000	3.512970	ingroup	0	1.505300	0.505300	4	block_ingroup_unfair
sub-159	younger	02	371.586000	3.512860	ingroup	0	1.411150	0.411150	4	block_ingroup_unfair
sub-159	younger	02	375.867000	3.512940	ingroup	0	1.684110	0.684110	4	block_ingroup_unfair
sub-159	younger	02	380.148000	3.512800	ingroup	0	1.255930	0.255930	7	block_ingroup_unfair
