subjID	offer	accept	response_time	human	ingroup	block_fair
sub-106	3	0	1.06745	1	0	0
sub-106	2	0	0.56093	1	0	0
sub-106	4	0	0.42044	1	0	0
sub-106	2	0	0.54413	1	0	0
sub-106	4	0	0.494	1	0	0
sub-106	6	1	0.78594	1	0	0
sub-106	4	0	0.25812	1	0	0
sub-106	10	1	0.34166	1	0	0
sub-106	7	1	0.53621	1	0	1
sub-106	5	0	0.41046	1	0	1
sub-106	10	1	0.02033	1	0	1
sub-106	10	1	0.37983	1	0	1
sub-106	8	1	0.2049	1	0	1
sub-106	3	0	0.01945	1	0	1
sub-106	10	1	0.0278499999999999	1	0	1
sub-106	10	1	0.25503	1	0	1
sub-106	9	1	0.27622	1	1	1
sub-106	10	1	0.36399	1	1	1
sub-106	2	0	0.0890299999999999	1	1	1
sub-106	10	1	0.31823	1	1	1
sub-106	7	1	0.38061	1	1	1
sub-106	8	1	0.30179	1	1	1
sub-106	8	1	0.22531	1	1	1
sub-106	5	0	0.41223	1	1	1
sub-106	8	1	0.39347	1	0	1
sub-106	9	1	0.36493	1	0	1
sub-106	7	1	0.9853	1	0	1
sub-106	8	1	0.24661	1	0	1
sub-106	2	0	0.0285	1	0	1
sub-106	5	0	0.0566199999999999	1	0	1
sub-106	9	1	0.24085	1	0	1
sub-106	9	1	0.0235399999999999	1	0	1
sub-106	9	1	0.4179	1	1	1
sub-106	9	1	0.32259	1	1	1
sub-106	9	1	0.02085	1	1	1
sub-106	6	0	0.54758	1	1	1
sub-106	7	1	0.41683	1	1	1
sub-106	10	1	0.03128	1	1	1
sub-106	4	0	0.06382	1	1	1
sub-106	7	1	0.32073	1	1	1
sub-106	3	0	0.37831	1	0	0
sub-106	4	0	0.38636	1	0	0
sub-106	5	0	0.0247200000000001	1	0	0
sub-106	9	1	0.26125	1	0	0
sub-106	2	0	0.28887	1	0	0
sub-106	1	0	0.02538	1	0	0
sub-106	1	0	0.02058	1	0	0
sub-106	1	0	0.0280199999999999	1	0	0
sub-106	5	0	0.4877	1	1	0
sub-106	3	0	0.58459	1	1	0
sub-106	1	0	0.2615	1	1	0
sub-106	1	0	0.36031	1	1	0
sub-106	2	0	0.16563	1	1	0
sub-106	7	1	0.51088	1	1	0
sub-106	4	0	0.30687	1	1	0
sub-106	1	0	0.38429	1	1	0
sub-106	10	1	0.72729	1	0	1
sub-106	7	1	0.38326	1	0	1
sub-106	9	1	0.02121	1	0	1
sub-106	9	1	0.263	1	0	1
sub-106	3	0	0.23828	1	0	1
sub-106	8	0	0.0190300000000001	1	0	1
sub-106	5	0	0.3617	1	0	1
sub-106	7	1	0.0948199999999999	1	0	1
sub-106	4	0	0.37365	1	0	0
sub-106	1	0	0.31589	1	0	0
sub-106	9	1	0.30655	1	0	0
sub-106	2	0	0.38757	1	0	0
sub-106	1	0	0.0499799999999999	1	0	0
sub-106	5	0	0.75299	1	0	0
sub-106	4	0	0.40082	1	0	0
sub-106	3	0	0.03233	1	0	0
sub-106	7	1	0.48313	1	1	1
sub-106	7	1	0.02264	1	1	1
sub-106	9	1	1.1757	1	1	1
sub-106	7	1	0.0724499999999999	1	1	1
sub-106	9	1	0.56845	1	1	1
sub-106	2	0	0.55138	1	1	1
sub-106	8	1	0.44993	1	1	1
sub-106	6	0	0.38192	1	1	1
sub-106	4	0	0.2892	1	1	0
sub-106	3	0	0.0267999999999999	1	1	0
sub-106	8	1	0.1591	1	1	0
sub-106	2	0	0.01841	1	1	0
sub-106	3	0	0.02152	1	1	0
sub-106	1	0	0.33334	1	1	0
sub-106	5	0	0.1101	1	1	0
sub-106	4	0	0.27222	1	1	0
sub-106	4	0	0.23688	1	1	0
sub-106	4	0	0.03162	1	1	0
sub-106	4	0	0.0184800000000001	1	1	0
sub-106	1	0	0.01878	1	1	0
sub-106	4	0	0.6869	1	1	0
sub-106	6	0	0.15663	1	1	0
sub-106	8	1	0.92843	1	1	0
sub-106	2	0	0.02518	1	1	0
sub-109	10	1	1.44422	1	1	1
sub-109	7	1	0.78732	1	1	1
sub-109	4	1	0.83442	1	1	1
sub-109	10	1	0.45152	1	1	1
sub-109	7	1	0.59231	1	1	1
sub-109	6	1	0.23	1	1	1
sub-109	9	1	1.33518	1	1	1
sub-109	7	1	1.08889	1	1	1
sub-109	5	1	1.60534	1	0	1
sub-109	10	1	0.38356	1	0	1
sub-109	8	1	1.01899	1	0	1
sub-109	10	1	0.71702	1	0	1
sub-109	8	1	0.60508	1	0	1
sub-109	10	1	0.76476	1	0	1
sub-109	2	1	1.34071	1	0	1
sub-109	8	1	0.8808	1	0	1
sub-109	6	1	1.04018	1	0	0
sub-109	3	1	1.86638	1	0	0
sub-109	1	0	1.78265	1	0	0
sub-109	2	1	0.99855	1	0	0
sub-109	8	1	0.77617	1	0	0
sub-109	2	1	0.47303	1	0	0
sub-109	3	1	0.51062	1	0	0
sub-109	6	1	1.06013	1	1	1
sub-109	8	1	1.5469	1	1	1
sub-109	9	1	0.5428	1	1	1
sub-109	10	1	1.02079	1	1	1
sub-109	7	1	0.90987	1	1	1
sub-109	4	1	0.38709	1	1	1
sub-109	9	1	0.35057	1	1	1
sub-109	2	1	1.31259	1	0	1
sub-109	8	1	1.03626	1	0	1
sub-109	6	1	0.76573	1	0	1
sub-109	10	1	0.93301	1	0	1
sub-109	7	1	0.25397	1	0	1
sub-109	9	1	0.40647	1	0	1
sub-109	10	1	1.06098	1	0	1
sub-109	3	1	1.56351	1	0	0
sub-109	4	1	0.70283	1	0	0
sub-109	7	1	0.34356	1	0	0
sub-109	3	1	1.85633	1	0	0
sub-109	2	1	0.38246	1	0	0
sub-109	4	1	1.51582	1	0	0
sub-109	2	1	0.36619	1	0	0
sub-109	3	1	1.34722	1	1	0
sub-109	10	1	0.77781	1	1	0
sub-109	1	1	1.18504	1	1	0
sub-109	1	0	0.40646	1	1	0
sub-109	2	1	0.45965	1	1	0
sub-109	3	1	1.18244	1	1	0
sub-109	4	1	1.171	1	1	0
sub-109	6	1	1.21521	1	1	0
sub-109	1	0	0.17271	1	1	0
sub-109	9	1	0.70886	1	1	0
sub-109	1	0	0.3381	1	1	0
sub-109	2	1	0.50739	1	1	0
sub-109	1	0	0.82401	1	1	0
sub-109	1	0	1.48628	1	1	0
sub-109	7	1	1.58041	1	0	1
sub-109	7	1	0.39774	1	0	1
sub-109	1	0	0.27585	1	0	1
sub-109	8	1	0.37722	1	0	1
sub-109	7	1	1.81049	1	0	1
sub-109	10	1	0.43227	1	0	1
sub-109	7	1	0.30862	1	0	1
sub-109	6	1	0.06566	1	0	1
sub-109	4	1	0.53904	1	1	0
sub-109	2	1	0.33721	1	1	0
sub-109	6	1	0.1553	1	1	0
sub-109	4	1	0.17562	1	1	0
sub-109	4	1	0.0312399999999999	1	1	0
sub-109	1	0	1.08836	1	1	0
sub-109	8	1	1.18707	1	1	1
sub-109	9	1	1.09472	1	1	1
sub-109	8	1	0.43019	1	1	1
sub-109	3	1	1.57411	1	1	1
sub-109	10	1	0.9966	1	1	1
sub-109	7	1	0.23458	1	1	1
sub-109	9	1	1.63908	1	1	1
sub-109	2	1	0.49792	1	0	0
sub-109	1	0	0.0351699999999999	1	0	0
sub-109	4	1	0.67393	1	0	0
sub-109	3	1	1.3579	1	0	0
sub-109	3	1	0.28838	1	0	0
sub-109	9	1	0.48947	1	0	0
sub-110	3	0	0.18654	1	0	0
sub-110	5	1	0.0281199999999999	1	0	0
sub-110	9	1	0.01695	1	0	0
sub-110	2	0	0.02383	1	0	0
sub-110	1	0	0.03095	1	0	0
sub-110	2	1	0.0173399999999999	1	0	0
sub-110	1	0	0.02118	1	0	0
sub-110	3	0	0.03061	1	0	0
sub-110	7	1	0.0517399999999999	0	0	1
sub-110	9	1	0.0281800000000001	0	0	1
sub-110	9	1	0.0177700000000001	0	0	1
sub-110	9	1	0.0262800000000001	0	0	1
sub-110	2	1	0.03068	0	0	1
sub-110	10	1	0.0196000000000001	0	0	1
sub-110	8	1	0.0268900000000001	0	0	1
sub-110	6	1	0.0325599999999999	0	0	1
sub-110	10	1	0.03234	1	0	1
sub-110	3	0	0.0223500000000001	1	0	1
sub-110	9	1	0.0315099999999999	1	0	1
sub-110	9	1	0.02234	1	0	1
sub-110	7	1	0.0268600000000001	1	0	1
sub-110	9	1	0.03226	1	0	1
sub-110	6	1	0.0218700000000001	1	0	1
sub-110	9	1	0.0288900000000001	1	0	1
sub-110	5	1	0.0646199999999999	1	0	1
sub-110	7	1	0.02214	1	0	1
sub-110	9	1	0.0297499999999999	1	0	1
sub-110	7	1	0.0183500000000001	1	0	1
sub-110	9	1	0.0249699999999999	1	0	1
sub-110	10	1	0.0328999999999999	1	0	1
sub-110	2	0	0.0208699999999999	1	0	1
sub-110	10	1	0.0276700000000001	1	0	1
sub-110	6	1	0.06274	1	0	0
sub-110	2	0	0.0214300000000001	1	0	0
sub-110	7	1	0.02813	1	0	0
sub-110	1	0	0.03342	1	0	0
sub-110	3	0	0.0235099999999999	1	0	0
sub-110	1	0	0.0289200000000001	1	0	0
sub-110	4	1	0.0206599999999999	1	0	0
sub-110	3	1	0.0274099999999999	1	0	0
sub-110	3	1	0.01813	1	0	1
sub-110	7	1	0.0265500000000001	1	0	1
sub-110	7	1	0.03298	1	0	1
sub-110	7	1	0.02372	1	0	1
sub-110	10	1	0.0308299999999999	1	0	1
sub-110	5	0	0.02	1	0	1
sub-110	8	1	0.02738	1	0	1
sub-110	9	1	0.0302100000000001	1	0	1
sub-110	3	0	0.03311	0	0	0
sub-110	5	1	0.0242599999999999	0	0	0
sub-110	2	0	0.0314399999999999	0	0	0
sub-110	2	0	0.0325800000000001	0	0	0
sub-110	4	0	0.0256099999999999	0	0	0
sub-110	2	0	0.03088	0	0	0
sub-110	8	1	0.0187900000000001	0	0	0
sub-110	1	0	0.02607	0	0	0
sub-110	10	1	0.0237799999999999	1	1	0
sub-110	5	1	0.0315099999999999	1	1	0
sub-110	3	0	0.01827	1	1	0
sub-110	4	1	0.02075	1	1	0
sub-110	3	0	0.1808	1	1	0
sub-110	1	0	0.02031	1	1	0
sub-110	1	0	0.0281400000000001	1	1	0
sub-110	4	0	0.01719	1	1	0
sub-110	3	1	0.02292	0	0	0
sub-110	8	1	0.03094	0	0	0
sub-110	4	0	0.0206500000000001	0	0	0
sub-110	5	1	0.02908	0	0	0
sub-110	1	0	0.03209	0	0	0
sub-110	1	0	0.02044	0	0	0
sub-110	4	1	0.02722	0	0	0
sub-110	1	0	0.0332699999999999	0	0	0
sub-110	2	1	0.04542	1	0	0
sub-110	4	1	0.01901	1	0	0
sub-110	3	0	0.0289699999999999	1	0	0
sub-110	2	0	0.0336399999999999	1	0	0
sub-110	2	0	0.0199400000000001	1	0	0
sub-110	10	1	0.0279100000000001	1	0	0
sub-110	6	1	0.03305	1	0	0
sub-110	2	0	0.0241800000000001	1	0	0
sub-110	1	0	0.0298799999999999	1	1	0
sub-110	1	0	0.01921	1	1	0
sub-110	1	0	0.0248299999999999	1	1	0
sub-110	2	1	0.0294300000000001	1	1	0
sub-110	1	0	0.0209999999999999	1	1	0
sub-110	9	1	0.0253399999999999	1	1	0
sub-110	4	0	0.0327	1	1	0
sub-110	6	1	0.0226999999999999	1	1	0
sub-110	9	1	0.02868	0	0	1
sub-110	7	1	0.0210999999999999	0	0	1
sub-110	2	0	0.0244	0	0	1
sub-110	8	1	0.0327500000000001	0	0	1
sub-110	9	1	0.0228299999999999	0	0	1
sub-110	6	1	0.07528	0	0	1
sub-110	8	1	0.0333300000000001	0	0	1
sub-110	9	1	0.0220800000000001	0	0	1
sub-105	2	0	1.62583	1	0	0
sub-105	2	0	1.24474	1	0	0
sub-105	2	0	1.49753	1	0	0
sub-105	6	1	0.61842	1	0	0
sub-105	9	1	0.48054	1	0	0
sub-105	4	1	0.55544	1	0	0
sub-105	2	0	0.47326	1	0	0
sub-105	2	0	0.53166	1	0	0
sub-105	7	1	0.6749	1	1	1
sub-105	9	1	0.52165	1	1	1
sub-105	2	0	0.52015	1	1	1
sub-105	8	1	0.45953	1	1	1
sub-105	9	1	0.50555	1	1	1
sub-105	9	1	0.59205	1	1	1
sub-105	6	1	0.61124	1	1	1
sub-105	8	1	0.74925	1	1	1
sub-105	8	1	0.92652	0	0	1
sub-105	6	1	0.74851	0	0	1
sub-105	9	1	0.52338	0	0	1
sub-105	8	1	0.44987	0	0	1
sub-105	2	0	0.555	0	0	1
sub-105	10	1	0.48891	0	0	1
sub-105	7	1	0.54241	0	0	1
sub-105	7	1	0.57875	0	0	1
sub-105	10	1	0.59314	1	1	1
sub-105	6	0	1.25638	1	1	1
sub-105	9	1	0.46647	1	1	1
sub-105	3	0	0.43522	1	1	1
sub-105	7	1	0.49731	1	1	1
sub-105	9	1	0.58805	1	1	1
sub-105	8	1	0.97627	1	1	1
sub-105	7	1	0.59602	1	1	1
sub-105	2	0	0.60124	0	0	0
sub-105	4	0	1.64881	0	0	0
sub-105	10	1	0.44642	0	0	0
sub-105	1	0	0.55066	0	0	0
sub-105	6	1	0.42104	0	0	0
sub-105	1	0	0.45935	0	0	0
sub-105	1	0	0.36715	0	0	0
sub-105	2	0	1.19017	1	1	0
sub-105	2	1	0.65613	1	1	0
sub-105	3	1	0.71519	1	1	0
sub-105	6	1	0.51297	1	1	0
sub-105	3	0	0.52079	1	1	0
sub-105	4	0	0.47639	1	1	0
sub-105	10	1	0.43965	1	1	0
sub-105	4	0	0.48855	1	1	0
sub-105	9	1	1.03429	1	0	1
sub-105	4	1	0.58483	1	0	1
sub-105	10	1	0.45823	1	0	1
sub-105	5	1	1.1182	1	0	1
sub-105	9	1	0.45067	1	0	1
sub-105	10	1	0.49416	1	0	1
sub-105	8	1	0.49619	1	0	1
sub-105	9	1	0.43442	1	0	1
sub-105	1	0	0.52187	1	0	0
sub-105	4	1	0.55032	1	1	0
sub-105	1	0	0.45791	1	1	0
sub-105	2	0	0.48977	1	1	0
sub-105	5	1	0.46071	1	1	0
sub-105	8	1	0.81888	1	1	0
sub-105	2	0	0.4505	1	1	0
sub-105	2	0	0.43172	1	1	0
sub-105	10	1	0.59705	0	0	1
sub-105	7	1	0.50394	1	1	1
sub-105	8	1	0.4157	1	1	1
sub-105	7	1	0.55023	1	1	1
sub-105	9	1	0.58373	1	1	1
sub-105	9	1	0.94586	1	1	1
sub-105	3	0	0.73488	1	1	1
sub-105	6	1	0.58207	1	1	1
sub-105	3	0	0.94671	0	0	0
sub-105	1	0	0.44648	0	0	1
sub-105	8	1	0.4323	0	0	1
sub-105	10	1	0.49958	0	0	1
sub-105	8	1	0.65467	0	0	1
sub-105	10	1	0.4348	0	0	1
sub-105	5	1	0.41696	0	0	1
sub-105	8	1	0.4589	0	0	1
sub-105	9	1	0.7121	1	0	1
sub-105	5	0	1.48169	0	0	0
sub-105	3	0	0.39121	0	0	0
sub-105	1	0	0.45563	0	0	0
sub-105	1	0	0.45001	0	0	0
sub-105	2	0	1.30076	0	0	0
sub-105	3	1	1.30932	0	0	0
sub-105	9	1	0.43347	0	0	0
sub-105	8	1	0.72839	1	0	0
sub-105	4	1	0.97557	1	0	0
sub-105	1	0	0.41498	1	0	0
sub-105	3	1	1.23336	1	0	0
sub-105	1	0	0.59777	1	0	0
sub-105	4	1	1.18786	1	0	0
sub-105	4	1	0.96018	1	0	0
sub-105	5	1	0.48938	1	0	0
sub-105	4	1	1.11484	1	1	0
sub-108	9	1	0.51657	0	0	0
sub-108	3	0	0.51134	0	0	0
sub-108	3	0	0.37696	0	0	0
sub-108	2	0	0.40984	0	0	0
sub-108	2	0	0.39879	0	0	0
sub-108	3	0	0.41548	0	0	0
sub-108	5	1	0.40014	0	0	0
sub-108	5	1	0.7524	1	1	1
sub-108	2	0	0.68528	1	1	1
sub-108	7	1	0.40206	1	1	1
sub-108	7	1	0.48605	1	1	1
sub-108	9	1	0.45215	1	1	1
sub-108	10	1	0.46762	1	1	1
sub-108	8	1	0.56805	1	1	1
sub-108	7	1	0.43222	1	1	1
sub-108	3	0	0.67909	0	0	0
sub-108	2	0	0.53076	0	0	0
sub-108	1	0	0.39569	0	0	0
sub-108	6	1	0.49543	0	0	0
sub-108	1	0	1.56336	0	0	0
sub-108	4	0	0.74622	0	0	0
sub-108	8	1	0.3952	0	0	0
sub-108	2	0	0.36266	0	0	0
sub-108	7	1	0.49664	1	0	1
sub-108	4	0	0.34833	0	0	1
sub-108	10	1	0.83041	0	0	1
sub-108	6	1	0.37786	0	0	1
sub-108	10	0	0.02793	0	0	1
sub-108	7	1	0.39586	0	0	1
sub-108	8	1	0.54449	0	0	1
sub-108	10	1	0.02691	0	0	1
sub-108	3	0	0.58394	1	1	0
sub-108	8	1	0.10342	0	0	1
sub-108	9	1	0.02094	0	0	1
sub-108	9	1	0.03345	0	0	1
sub-108	6	1	0.08429	0	0	1
sub-108	8	1	0.01793	0	0	1
sub-108	8	1	0.03318	0	0	1
sub-108	3	0	0.0320400000000001	0	0	1
sub-108	9	1	0.0326299999999999	0	0	1
sub-108	10	1	0.02549	1	1	0
sub-108	5	1	0.0598399999999999	1	1	0
sub-108	4	1	0.0231699999999999	1	1	0
sub-108	4	1	0.03335	1	1	0
sub-108	4	1	0.0218	1	1	0
sub-108	2	0	0.02075	1	1	0
sub-108	2	0	0.01776	1	1	0
sub-108	3	0	0.0180899999999999	1	1	0
sub-108	3	0	0.0294399999999999	1	0	0
sub-108	4	0	0.02935	1	0	0
sub-108	4	0	0.0301100000000001	1	0	0
sub-108	6	0	0.0288600000000001	1	0	0
sub-108	4	0	0.0270699999999999	1	0	0
sub-108	4	1	0.0258	1	0	0
sub-108	9	1	0.03026	1	0	0
sub-108	4	0	0.02539	1	0	0
sub-108	2	0	0.0300400000000001	1	1	0
sub-108	3	0	0.01955	1	1	0
sub-108	3	0	0.0306900000000001	1	1	0
sub-108	9	1	0.01735	1	1	0
sub-108	2	0	0.0256799999999999	1	1	0
sub-108	1	1	0.03304	1	1	0
sub-108	1	0	0.0330600000000001	1	1	0
sub-108	6	1	0.01806	1	1	0
sub-108	8	1	0.02915	1	0	1
sub-108	9	1	0.02858	1	0	1
sub-108	9	1	0.02864	1	0	1
sub-108	10	1	0.0293699999999999	1	0	1
sub-108	8	1	0.0230999999999999	1	0	1
sub-108	10	1	0.0288600000000001	1	0	1
sub-108	4	0	0.02894	1	0	1
sub-108	6	1	0.0252600000000001	1	0	1
sub-108	1	0	0.0255099999999999	0	0	0
sub-108	3	0	0.0259100000000001	0	0	0
sub-108	4	0	0.0175799999999999	0	0	0
sub-108	3	0	0.01694	0	0	0
sub-108	4	0	0.0208200000000001	0	0	0
sub-108	3	0	0.0177700000000001	0	0	0
sub-108	5	1	0.01762	0	0	0
sub-108	9	1	0.03155	0	0	0
sub-108	3	0	0.0224800000000001	1	0	0
sub-108	8	1	0.0223500000000001	1	0	0
sub-108	4	0	0.0209699999999999	1	0	0
sub-108	1	0	0.0182500000000001	1	0	0
sub-108	4	0	0.0248600000000001	1	0	0
sub-108	4	0	0.01736	1	0	0
sub-108	1	0	0.0320499999999999	1	0	0
sub-108	5	1	0.0316700000000001	1	0	0
sub-108	8	1	0.03243	1	1	1
sub-108	9	0	0.0219100000000001	1	1	1
sub-108	8	1	0.02254	1	1	1
sub-108	9	1	0.02142	1	1	1
sub-108	2	1	0.02013	1	1	1
sub-108	7	1	0.0195000000000001	1	1	1
sub-108	6	1	0.0325599999999999	1	1	1
sub-108	10	1	0.0200400000000001	1	1	1
sub-107	9	1	1.41862	0	0	1
sub-107	7	0	0.30756	0	0	1
sub-107	7	0	1.3519	0	0	1
sub-107	7	0	1.33924	0	0	1
sub-107	1	0	0.34293	0	0	1
sub-107	7	1	0.7848	0	0	1
sub-107	6	0	0.32971	0	0	1
sub-107	10	1	0.31225	0	0	1
sub-107	1	0	0.31694	0	0	0
sub-107	4	1	1.69117	0	0	0
sub-107	7	1	0.3202	0	0	0
sub-107	3	0	0.33573	0	0	0
sub-107	4	0	0.84051	0	0	0
sub-107	1	0	1.1828	0	0	0
sub-107	6	1	0.25552	0	0	0
sub-107	3	0	1.3963	0	0	0
sub-107	8	1	0.32933	1	1	1
sub-107	2	0	1.01891	1	1	1
sub-107	7	1	0.27415	1	1	1
sub-107	7	1	0.34687	1	1	1
sub-107	9	1	1.18618	1	1	1
sub-107	8	1	0.92387	1	1	1
sub-107	6	0	1.6469	1	1	1
sub-107	9	1	0.33326	1	1	1
sub-107	8	1	1.67464	0	0	1
sub-107	3	0	0.76405	0	0	1
sub-107	8	1	0.28765	0	0	1
sub-107	9	1	0.29264	0	0	1
sub-107	7	0	0.231	0	0	1
sub-107	7	0	0.37271	0	0	1
sub-107	8	1	0.16918	0	0	1
sub-107	5	0	0.08535	0	0	1
sub-107	3	0	0.37992	1	1	0
sub-107	2	0	0.30038	1	1	0
sub-107	1	0	0.54018	1	1	0
sub-107	5	1	0.74654	1	1	0
sub-107	2	0	0.24444	1	1	0
sub-107	2	0	0.26151	1	1	0
sub-107	9	1	0.29939	1	1	0
sub-107	4	1	1.82264	1	1	0
sub-107	2	0	0.35159	1	0	0
sub-107	2	0	0.30813	1	0	0
sub-107	4	1	0.61576	1	0	0
sub-107	9	1	0.25306	1	0	0
sub-107	1	0	0.439	1	0	0
sub-107	5	1	1.3828	1	0	0
sub-107	2	0	0.17027	1	0	0
sub-107	3	0	0.30508	1	0	0
sub-107	10	1	0.3497	1	0	1
sub-107	7	1	0.98293	1	0	1
sub-107	10	1	0.16352	1	0	1
sub-107	5	1	0.87662	1	0	1
sub-107	7	1	0.61394	1	0	1
sub-107	9	1	0.29774	1	0	1
sub-107	7	1	0.7778	1	0	1
sub-107	4	0	1.53294	1	1	1
sub-107	8	1	0.27946	1	1	1
sub-107	7	1	0.15093	1	1	1
sub-107	7	1	0.28371	1	1	1
sub-107	10	1	0.29713	1	1	1
sub-107	5	0	0.5701	1	1	1
sub-107	8	1	0.30924	1	1	1
sub-107	9	1	0.31411	1	1	1
sub-107	1	0	0.37125	0	0	1
sub-107	7	1	0.33002	0	0	1
sub-107	9	1	0.2698	0	0	1
sub-107	7	1	0.39191	0	0	1
sub-107	10	1	0.89935	0	0	1
sub-107	10	1	0.25321	0	0	1
sub-107	7	0	1.68556	0	0	1
sub-107	6	0	0.23184	0	0	1
sub-107	2	0	0.82733	1	0	1
sub-107	8	1	0.09972	1	0	1
sub-107	5	0	0.25536	1	0	1
sub-107	10	1	0.08205	1	0	1
sub-107	10	1	0.2881	1	0	1
sub-107	8	0	0.46286	1	0	1
sub-107	9	1	0.50144	1	0	1
sub-107	8	1	0.29242	1	0	1
sub-107	6	0	0.69464	1	0	0
sub-107	1	0	0.01766	1	1	0
sub-107	1	0	0.47729	1	1	0
sub-107	4	1	0.71851	1	1	0
sub-107	1	0	0.0246	1	1	0
sub-107	3	0	0.79109	1	1	0
sub-107	8	1	0.22075	1	1	0
sub-107	6	1	1.28703	0	0	0
sub-107	9	1	0.24886	0	0	0
sub-107	1	0	0.02332	0	0	0
sub-107	4	0	0.0277099999999999	0	0	0
sub-107	3	0	0.96738	0	0	0
sub-107	1	0	0.39177	0	0	0
sub-107	1	0	0.71645	0	0	0
sub-107	1	0	0.33838	0	0	0
sub-111	1	0	1.64755	1	1	1
sub-111	7	0	1.78899	1	1	1
sub-111	6	0	1.66891	1	1	1
sub-111	7	1	1.16751	1	1	1
sub-111	9	1	1.11025	1	1	1
sub-111	8	1	0.59365	1	1	1
sub-111	9	1	0.80173	1	1	1
sub-111	10	1	0.32174	1	1	1
sub-111	6	0	1.67311	1	0	1
sub-111	9	1	0.40857	1	0	1
sub-111	3	1	0.20708	1	0	0
sub-111	2	0	0.03094	1	0	0
sub-111	6	1	0.03064	1	0	0
sub-111	2	0	0.0305	1	0	0
sub-111	8	1	0.30439	1	0	0
sub-111	2	0	0.33608	0	0	0
sub-111	9	1	0.16185	0	0	0
sub-111	1	0	0.19662	0	0	0
sub-111	8	1	0.02874	1	1	0
sub-111	3	0	0.0220199999999999	1	1	0
sub-111	4	0	0.01877	1	1	0
sub-111	2	0	0.03224	1	1	0
sub-111	5	0	0.21858	1	1	0
sub-111	5	1	1.33212	1	0	0
sub-111	1	0	0.0247999999999999	1	0	0
sub-111	8	1	0.0250900000000001	1	0	0
sub-111	1	0	0.0331699999999999	1	0	0
sub-111	2	0	0.02562	1	0	0
sub-111	1	0	0.0315399999999999	1	0	0
sub-111	3	1	0.0182599999999999	1	0	0
sub-111	2	0	0.71041	1	0	0
sub-111	10	1	2.00178	0	0	1
sub-111	8	1	0.0170600000000001	0	0	1
sub-111	9	1	0.02285	0	0	1
sub-111	9	1	0.02183	1	1	1
sub-111	8	1	0.44804	1	1	1
sub-111	7	1	0.01919	1	1	1
sub-111	1	0	0.46127	1	1	1
sub-111	9	1	0.01962	1	1	1
sub-111	5	1	1.27591	0	0	1
sub-111	8	1	0.0313000000000001	0	0	1
sub-111	7	1	0.02122	0	0	1
sub-111	8	1	0.0296099999999999	0	0	1
sub-111	2	0	0.12127	0	0	1
sub-111	10	1	0.02942	0	0	1
sub-111	7	1	0.0311699999999999	0	0	1
sub-111	9	1	0.0269900000000001	0	0	1
sub-111	1	0	0.0820799999999999	0	0	0
sub-111	7	1	0.0183	0	0	0
sub-111	1	0	0.02536	0	0	0
sub-111	1	0	0.0320199999999999	0	0	0
sub-111	2	0	0.0245899999999999	0	0	0
sub-111	4	1	0.01817	0	0	0
sub-111	1	0	0.0181100000000001	0	0	0
sub-111	6	1	0.03318	0	0	0
sub-111	6	1	0.44671	1	1	0
sub-111	1	0	0.0187999999999999	1	1	0
sub-111	4	1	0.02997	1	1	0
sub-111	2	0	0.02965	1	1	0
sub-111	4	0	0.13566	1	1	0
sub-111	2	0	0.32619	1	1	0
sub-111	10	1	0.03302	1	1	0
sub-111	1	0	0.17165	1	1	0
sub-111	10	1	0.0306200000000001	1	1	1
sub-111	7	1	0.02881	1	1	1
sub-111	5	1	0.03304	1	0	1
sub-111	4	1	0.0298799999999999	1	0	1
sub-111	8	1	0.0213000000000001	1	0	1
sub-111	7	1	0.02688	1	0	1
sub-111	7	1	0.01759	1	0	1
sub-111	8	1	0.0175000000000001	1	0	1
sub-111	8	1	0.16155	0	0	1
sub-111	1	0	0.17455	0	0	1
sub-111	6	1	0.0177400000000001	0	0	1
sub-111	8	1	0.0166299999999999	0	0	1
sub-111	7	1	0.0329600000000001	0	0	1
sub-111	9	1	0.0328999999999999	0	0	1
sub-111	8	1	0.0240800000000001	0	0	1
sub-111	8	1	0.03017	0	0	1
sub-111	2	0	0.6943	1	1	0
sub-111	6	1	0.0317000000000001	1	1	0
sub-111	7	1	0.0183899999999999	1	1	0
sub-111	4	1	0.0322199999999999	1	1	0
sub-111	3	0	0.0238	1	1	0
sub-111	4	1	0.0235099999999999	1	1	0
sub-111	1	0	0.0305	1	1	0
sub-111	1	0	0.02007	1	1	0
sub-111	7	1	0.6093	0	0	0
sub-111	6	1	0.02919	0	0	0
sub-111	4	1	0.10916	0	0	0
sub-111	4	1	0.01885	0	0	0
sub-111	4	1	0.0245299999999999	0	0	0
sub-111	4	1	0.03173	0	0	0
sub-111	4	1	0.02304	0	0	0
sub-111	1	0	0.53122	0	0	0
sub-111	3	1	1.13739	1	0	0
sub-112	2	1	0.02982	0	0	0
sub-112	2	1	1.02059	0	0	0
sub-112	6	1	0.79325	0	0	0
sub-112	4	1	0.59883	0	0	0
sub-112	4	1	1.22173	0	0	0
sub-112	1	0	0.61048	0	0	0
sub-112	8	1	0.5004	0	0	0
sub-112	4	1	1.11567	1	0	0
sub-112	3	1	0.60537	1	0	0
sub-112	3	1	0.92957	1	0	0
sub-112	6	1	1.08561	1	0	0
sub-112	8	1	0.82455	1	0	0
sub-112	4	1	0.79718	1	0	0
sub-112	3	1	0.58728	1	0	0
sub-112	1	0	0.34307	1	0	0
sub-112	4	1	0.38912	1	1	0
sub-112	4	1	0.59681	1	1	0
sub-112	1	0	0.35324	1	1	0
sub-112	10	1	0.52601	1	1	0
sub-112	2	0	0.94897	1	1	0
sub-112	5	1	0.75474	1	1	0
sub-112	4	1	0.84413	1	1	0
sub-112	3	1	0.45064	1	1	0
sub-112	5	1	0.68648	0	0	0
sub-112	4	1	0.42754	0	0	0
sub-112	3	1	0.65007	0	0	0
sub-112	4	1	0.55602	0	0	0
sub-112	2	0	0.96228	0	0	0
sub-112	2	0	0.88479	0	0	0
sub-112	4	1	0.4405	0	0	0
sub-112	10	1	0.57966	0	0	0
sub-112	1	0	0.42824	1	0	1
sub-112	7	1	0.51789	1	0	1
sub-112	7	1	0.44273	1	0	1
sub-112	10	1	0.49842	1	0	1
sub-112	10	1	0.92147	1	0	1
sub-112	5	1	0.66142	1	0	1
sub-112	7	1	0.43393	1	0	1
sub-112	8	1	0.79033	1	0	1
sub-112	2	0	0.35565	1	1	0
sub-112	4	1	0.47812	1	1	0
sub-112	1	0	0.93612	1	1	0
sub-112	5	1	0.45835	1	1	0
sub-112	4	1	1.04812	1	1	0
sub-112	1	0	0.55462	1	1	0
sub-112	2	0	0.7438	1	1	0
sub-112	8	1	0.46654	1	1	0
sub-112	7	1	0.44492	0	0	1
sub-112	7	1	0.01692	0	0	1
sub-112	10	1	0.42544	0	0	1
sub-112	2	0	0.43148	0	0	1
sub-112	6	1	0.43734	0	0	1
sub-112	10	1	0.47749	0	0	1
sub-112	9	1	0.7505	0	0	1
sub-112	7	1	1.19154	0	0	1
sub-112	4	1	0.5999	1	0	0
sub-112	2	0	0.33857	1	0	0
sub-112	9	1	0.36127	1	0	0
sub-112	4	1	0.78541	1	0	0
sub-112	6	1	0.92498	1	0	0
sub-112	1	0	0.33089	1	0	0
sub-112	3	0	0.95558	1	0	0
sub-112	4	1	0.41172	1	0	0
sub-112	10	1	0.35953	1	1	1
sub-112	6	1	0.31772	1	1	1
sub-112	8	1	0.35701	1	1	1
sub-112	3	0	0.51312	1	1	1
sub-112	9	1	1.30297	1	1	1
sub-112	10	1	0.45791	1	1	1
sub-112	8	1	0.36388	1	1	1
sub-112	7	1	0.01929	1	1	1
sub-112	7	1	0.4832	1	0	1
sub-112	7	1	0.07422	1	0	1
sub-112	9	1	0.41392	1	0	1
sub-112	8	1	0.38648	1	0	1
sub-112	9	1	0.45918	1	0	1
sub-112	2	0	0.41516	1	0	1
sub-112	5	1	0.62089	1	0	1
sub-112	9	1	0.59377	1	0	1
sub-112	8	1	0.45826	0	0	0
sub-112	4	1	0.58092	0	0	0
sub-112	6	1	0.40436	0	0	0
sub-112	3	1	0.62718	0	0	0
sub-112	4	1	0.41735	0	0	0
sub-112	4	1	0.35643	0	0	0
sub-112	4	1	0.51244	0	0	0
sub-112	2	0	0.33977	1	1	0
sub-112	8	1	0.15228	1	0	0
sub-112	4	1	0.60842	1	0	0
sub-112	6	1	0.61455	1	0	0
sub-112	3	0	0.32005	1	0	0
sub-112	4	1	0.59243	1	0	0
sub-112	3	0	0.36512	1	0	0
sub-112	4	1	0.68827	1	0	0
sub-113	3	0	1.19739	0	0	0
sub-113	7	1	0.6118	1	0	0
sub-113	2	0	0.41978	1	0	0
sub-113	6	1	0.90913	1	0	0
sub-113	4	0	0.5816	1	0	0
sub-113	4	0	0.52076	1	0	0
sub-113	1	0	0.46037	1	0	0
sub-113	1	0	0.48256	1	0	0
sub-113	4	0	0.77678	1	1	0
sub-113	1	0	0.38372	1	1	0
sub-113	4	0	0.69037	1	1	0
sub-113	3	0	0.42922	1	1	0
sub-113	8	1	0.68513	1	1	0
sub-113	1	0	0.42268	1	1	0
sub-113	6	1	0.41465	1	1	0
sub-113	4	0	0.38707	1	1	0
sub-113	4	0	0.41768	0	0	0
sub-113	8	1	0.62473	0	0	0
sub-113	1	0	0.46358	0	0	0
sub-113	4	0	0.41956	0	0	0
sub-113	4	0	0.94249	0	0	0
sub-113	2	0	0.38162	0	0	0
sub-113	1	0	0.3874	0	0	0
sub-113	5	1	0.72664	0	0	0
sub-113	8	1	0.65937	0	0	1
sub-113	2	0	0.38053	1	1	0
sub-113	2	0	0.72127	1	1	0
sub-113	2	0	0.55764	1	1	0
sub-113	7	1	0.64683	1	1	0
sub-113	2	0	0.46957	1	1	0
sub-113	2	0	0.45963	1	1	0
sub-113	1	0	0.78245	1	1	0
sub-113	1	0	0.54741	1	1	1
sub-113	8	1	0.89067	1	0	1
sub-113	10	1	0.64744	1	0	1
sub-113	4	0	0.41985	1	0	1
sub-113	10	1	0.64232	1	0	1
sub-113	9	1	0.49923	1	0	1
sub-113	10	1	0.45527	1	0	1
sub-113	7	1	1.49618	1	0	1
sub-113	10	1	0.25891	0	0	1
sub-113	10	1	0.4722	1	0	1
sub-113	8	1	0.49544	1	0	1
sub-113	8	1	0.41816	1	0	1
sub-113	5	1	0.84086	1	0	1
sub-113	9	1	0.41328	1	0	1
sub-113	7	1	0.46929	1	0	1
sub-113	4	0	0.42611	1	0	1
sub-113	1	0	0.52376	1	1	1
sub-113	10	1	0.42966	1	1	1
sub-113	7	1	0.55379	1	1	1
sub-113	9	1	0.69298	1	1	1
sub-113	7	1	0.46481	1	1	1
sub-113	10	1	0.488	1	1	1
sub-113	6	1	0.76071	1	1	1
sub-113	8	1	0.28293	1	1	1
sub-113	10	1	0.63061	1	0	1
sub-113	9	1	0.58654	1	0	1
sub-113	10	1	0.37838	1	0	1
sub-113	9	1	0.41753	1	0	1
sub-113	6	1	0.15676	1	0	1
sub-113	3	0	0.39689	1	0	1
sub-113	8	1	0.61967	1	0	1
sub-113	8	1	0.60884	1	0	1
sub-113	4	0	0.55912	1	0	0
sub-113	5	0	0.34833	1	0	0
sub-113	3	0	0.35421	1	0	0
sub-113	1	0	0.36045	1	0	0
sub-113	8	1	0.45056	1	0	0
sub-113	1	0	0.55662	1	0	0
sub-113	3	0	0.67944	1	0	0
sub-113	3	0	0.73534	1	0	0
sub-113	4	0	1.03233	1	1	0
sub-113	2	0	0.4056	1	1	0
sub-113	7	1	0.48069	1	1	0
sub-113	1	0	0.38615	1	1	0
sub-113	6	0	1.12622	1	1	0
sub-113	3	0	0.39871	1	1	0
sub-113	2	0	0.33851	1	1	0
sub-113	2	0	0.39464	1	1	0
sub-113	8	1	0.92525	0	0	1
sub-113	8	1	0.0505899999999999	1	0	0
sub-113	4	0	0.39048	1	0	0
sub-113	3	0	0.56516	1	0	0
sub-113	3	0	0.45406	1	0	0
sub-113	2	0	0.4448	1	0	0
sub-113	1	0	0.48366	1	0	0
sub-113	6	1	1.07342	1	0	0
sub-113	1	0	0.5623	1	0	0
sub-113	9	1	0.4575	1	1	1
sub-113	1	0	0.0295799999999999	1	1	1
sub-113	8	1	0.3212	1	1	1
sub-113	9	1	0.39386	1	1	1
sub-113	8	1	0.58363	1	1	1
sub-113	10	1	0.47261	1	1	1
sub-113	6	0	0.94549	1	1	1
sub-113	9	1	0.40097	1	1	1
sub-115	1	0	1.13559	1	0	1
sub-115	8	1	0.66052	1	0	1
sub-115	7	1	1.16613	1	0	1
sub-115	8	1	0.57357	1	0	1
sub-115	9	1	0.46122	1	0	1
sub-115	5	1	0.48436	1	0	1
sub-115	7	0	0.52565	1	0	1
sub-115	8	1	0.5766	1	1	0
sub-115	3	1	0.79754	1	1	0
sub-115	4	0	0.44001	1	1	0
sub-115	1	0	0.59557	1	1	0
sub-115	3	1	0.93577	1	1	0
sub-115	3	0	1.17637	1	1	0
sub-115	3	0	0.23393	1	1	0
sub-115	5	1	0.53808	1	1	0
sub-115	1	1	0.57378	1	0	0
sub-115	3	0	0.80545	1	0	1
sub-115	9	1	0.47837	1	0	1
sub-115	7	0	0.90286	1	0	1
sub-115	8	1	0.42679	1	0	1
sub-115	9	1	0.56161	1	0	1
sub-115	8	1	0.48633	1	0	1
sub-115	6	0	0.42423	1	0	1
sub-115	6	0	1.52704	1	1	1
sub-115	9	1	1.02977	1	1	1
sub-115	8	1	0.9892	1	1	1
sub-115	10	1	0.57791	1	1	1
sub-115	7	0	0.68274	1	1	1
sub-115	9	1	0.42307	1	1	1
sub-115	2	0	0.84534	1	1	1
sub-115	7	0	0.45254	1	1	1
sub-115	4	0	0.80749	1	0	0
sub-115	3	1	0.3827	1	0	0
sub-115	7	0	0.4408	1	0	0
sub-115	4	0	0.6132	1	0	0
sub-115	5	1	0.44967	1	0	0
sub-115	2	0	0.4572	1	0	0
sub-115	3	1	0.54656	1	0	0
sub-115	3	1	0.40335	1	0	0
sub-115	2	0	1.1621	0	0	0
sub-115	8	1	0.57381	0	0	0
sub-115	2	0	0.63304	0	0	0
sub-115	2	0	0.34916	0	0	0
sub-115	2	0	0.02535	0	0	0
sub-115	2	0	0.36541	0	0	0
sub-115	5	1	0.48658	0	0	0
sub-115	3	1	0.5763	0	0	0
sub-115	4	0	0.40332	1	0	0
sub-115	3	1	0.43121	1	0	0
sub-115	1	1	0.62227	1	0	0
sub-115	3	1	0.42752	1	0	0
sub-115	5	1	0.40107	1	0	0
sub-115	1	1	0.49048	1	0	0
sub-115	10	1	0.53014	1	0	0
sub-115	3	1	0.40383	1	0	0
sub-115	4	0	0.41868	1	1	1
sub-115	10	1	0.45885	1	1	1
sub-115	10	1	0.51769	1	1	1
sub-115	9	1	0.4382	1	1	1
sub-115	6	0	0.61341	1	1	1
sub-115	8	1	0.4524	1	1	1
sub-115	7	0	0.40847	1	1	1
sub-115	7	1	0.49949	1	1	1
sub-115	9	1	0.4776	0	0	1
sub-115	8	1	0.4415	0	0	1
sub-115	8	1	0.64853	0	0	1
sub-115	10	1	0.38943	0	0	1
sub-115	5	1	0.47866	0	0	1
sub-115	8	1	0.38388	0	0	1
sub-115	4	0	0.35848	0	0	1
sub-115	7	0	0.42818	1	0	1
sub-115	8	1	0.53508	1	0	1
sub-115	6	0	0.59354	1	0	1
sub-115	2	0	0.61464	1	0	1
sub-115	7	0	0.45532	1	0	1
sub-115	7	0	0.41121	1	0	1
sub-115	8	1	0.49991	1	0	1
sub-115	9	1	0.50803	1	0	1
sub-115	9	1	0.47957	0	0	1
sub-115	6	0	0.71994	0	0	1
sub-115	1	1	0.3583	0	0	0
sub-115	3	1	0.44771	0	0	0
sub-115	5	1	0.48814	0	0	0
sub-115	4	0	0.37386	0	0	0
sub-115	1	1	0.69914	0	0	0
sub-115	2	0	0.41491	1	1	0
sub-115	1	1	0.40433	1	1	0
sub-115	3	1	0.61159	1	1	0
sub-115	1	1	0.43418	1	1	0
sub-115	6	0	1.04036	1	1	0
sub-115	4	0	0.49658	1	1	0
sub-115	8	1	0.46981	1	1	0
sub-115	1	1	0.44281	1	1	0
sub-116	6	1	0.04643	1	0	0
sub-116	3	0	1.17723	1	0	0
sub-116	1	0	0.49356	1	0	0
sub-116	7	1	0.31634	1	1	1
sub-116	4	0	0.38314	1	1	1
sub-116	8	1	0.32908	1	1	1
sub-116	7	1	0.32754	1	1	1
sub-116	8	1	0.29444	1	1	1
sub-116	7	1	0.92967	0	0	1
sub-116	1	0	0.96428	0	0	1
sub-116	7	1	0.33149	0	0	1
sub-116	8	1	0.31335	0	0	1
sub-116	6	0	0.52844	0	0	1
sub-116	10	1	0.34203	0	0	1
sub-116	7	1	0.32412	0	0	1
sub-116	8	1	0.3562	0	0	1
sub-116	10	1	0.3722	1	0	1
sub-116	7	1	0.32071	1	0	1
sub-116	4	0	0.28876	1	0	1
sub-116	6	0	0.4233	1	0	1
sub-116	8	1	0.3044	1	0	1
sub-116	8	1	0.28838	1	0	1
sub-116	7	1	0.28952	1	0	1
sub-116	10	1	0.32308	1	0	1
sub-116	2	0	0.33223	1	0	0
sub-116	4	0	0.31103	1	0	0
sub-116	7	1	0.3099	1	0	0
sub-116	3	0	0.34143	1	0	0
sub-116	6	0	0.62184	1	0	0
sub-116	2	0	0.30646	1	0	0
sub-116	2	0	0.32274	1	0	0
sub-116	2	0	0.33766	1	0	0
sub-116	1	0	0.39304	0	0	0
sub-116	1	0	0.31028	0	0	0
sub-116	6	0	0.35656	0	0	0
sub-116	4	0	0.30613	0	0	0
sub-116	1	0	0.33801	0	0	0
sub-116	7	1	0.40424	0	0	0
sub-116	4	0	0.33341	0	0	0
sub-116	4	0	0.33338	0	0	0
sub-116	8	1	0.4039	1	1	1
sub-116	10	1	0.30145	1	1	1
sub-116	10	1	0.30143	1	1	1
sub-116	10	1	0.34705	1	1	1
sub-116	10	1	0.33394	1	1	1
sub-116	5	0	0.38357	1	1	1
sub-116	7	1	0.39694	1	1	1
sub-116	3	0	0.32992	1	1	1
sub-116	3	0	0.43606	1	1	0
sub-116	3	0	0.34862	1	1	0
sub-116	7	1	0.37859	1	1	0
sub-116	3	0	0.47694	1	1	0
sub-116	6	0	0.35994	1	1	0
sub-116	3	0	0.30992	1	1	0
sub-116	1	0	0.30667	1	1	0
sub-116	4	0	0.3083	1	1	0
sub-116	9	1	0.45135	1	0	1
sub-116	8	1	0.29957	1	0	1
sub-116	8	1	0.35139	1	0	1
sub-116	9	1	0.33567	0	0	1
sub-116	4	0	0.43366	0	0	1
sub-116	9	1	0.32742	0	0	1
sub-116	6	0	0.47392	0	0	1
sub-116	10	1	0.34417	0	0	1
sub-116	1	0	0.55806	1	1	0
sub-116	5	0	0.32186	1	1	0
sub-116	4	0	0.37212	1	1	0
sub-116	1	0	0.30567	1	1	0
sub-116	2	0	0.33882	1	1	0
sub-116	1	0	0.42038	1	1	0
sub-116	7	1	0.51901	1	1	0
sub-116	2	0	0.43411	1	1	0
sub-116	7	1	0.54488	0	0	1
sub-116	6	0	0.3287	0	0	1
sub-116	8	1	0.34422	0	0	1
sub-116	3	0	0.30057	0	0	0
sub-116	1	0	0.39872	0	0	0
sub-116	4	0	0.30225	0	0	0
sub-116	2	0	0.33323	0	0	0
sub-116	1	0	0.34613	0	0	0
sub-116	10	1	0.65998	0	0	0
sub-116	3	0	0.35494	1	1	0
sub-116	2	0	0.33314	1	1	0
sub-116	10	1	0.34419	1	0	0
sub-116	1	0	0.32536	1	0	0
sub-116	1	0	0.35858	1	0	0
sub-116	6	0	0.3378	1	0	0
sub-116	1	0	0.33266	1	0	0
sub-116	4	0	0.50289	1	0	0
sub-116	9	1	0.42261	1	0	1
sub-116	4	0	0.40984	0	0	0
sub-116	2	0	0.33995	0	0	0
sub-116	2	0	0.37175	0	0	0
sub-116	6	0	0.35007	0	0	0
sub-116	4	0	0.32965	0	0	0
sub-116	9	1	0.36038	0	0	0
sub-116	3	0	0.30736	0	0	0
sub-117	3	1	0.93465	1	0	0
sub-117	2	1	0.47002	1	0	0
sub-117	4	1	0.4145	1	0	0
sub-117	8	1	0.42858	1	0	0
sub-117	2	0	0.69523	1	0	0
sub-117	5	1	0.35829	1	0	0
sub-117	4	1	0.49133	1	0	0
sub-117	2	1	0.39324	1	0	0
sub-117	3	1	0.48174	0	0	0
sub-117	2	1	0.63382	0	0	0
sub-117	6	1	0.36577	0	0	0
sub-117	7	1	0.44842	0	0	0
sub-117	4	1	0.41646	0	0	0
sub-117	2	0	0.74682	0	0	0
sub-117	1	0	0.34726	0	0	0
sub-117	2	1	0.39673	0	0	0
sub-117	4	1	0.54718	0	0	0
sub-117	1	0	0.41283	0	0	0
sub-117	3	1	0.36187	0	0	0
sub-117	6	1	0.02748	0	0	0
sub-117	1	0	0.34614	0	0	0
sub-117	2	1	0.36127	0	0	0
sub-117	4	1	0.34197	0	0	0
sub-117	10	1	0.32328	0	0	0
sub-117	8	1	0.46323	1	1	1
sub-117	10	1	0.36292	1	1	1
sub-117	5	1	0.347	1	1	1
sub-117	7	1	0.31465	1	1	1
sub-117	10	1	0.93096	1	1	1
sub-117	1	0	0.52867	1	1	1
sub-117	9	1	0.38309	1	1	1
sub-117	10	1	0.36749	1	1	1
sub-117	2	0	0.51581	1	1	0
sub-117	4	1	0.47005	1	1	0
sub-117	10	1	0.40384	1	1	0
sub-117	2	1	0.45138	1	1	0
sub-117	1	0	0.36557	1	1	0
sub-117	5	1	0.31846	1	1	0
sub-117	2	1	0.33885	1	1	0
sub-117	2	1	0.37207	1	1	0
sub-117	8	1	0.44261	1	0	1
sub-117	6	1	0.0255099999999999	1	0	1
sub-117	7	1	0.42372	1	0	1
sub-117	7	1	0.29028	1	0	1
sub-117	3	1	0.37118	1	0	1
sub-117	8	1	0.33686	1	0	1
sub-117	8	1	0.38668	1	0	1
sub-117	9	1	0.33721	1	0	1
sub-117	8	1	0.42113	1	1	0
sub-117	4	1	0.50662	1	1	0
sub-117	1	0	0.48843	1	1	0
sub-117	4	1	0.28794	1	1	0
sub-117	5	1	0.33475	1	1	0
sub-117	4	1	0.38713	1	1	0
sub-117	1	0	0.41617	1	1	0
sub-117	3	1	0.27896	1	1	0
sub-117	8	1	0.54853	0	0	1
sub-117	9	1	0.37888	0	0	1
sub-117	7	1	0.43058	0	0	1
sub-117	6	1	0.31252	0	0	1
sub-117	10	1	0.32482	0	0	1
sub-117	3	1	0.32572	0	0	1
sub-117	8	1	0.27833	0	0	1
sub-117	8	1	0.37768	0	0	1
sub-117	5	1	0.49074	1	1	1
sub-117	10	1	0.31995	1	1	1
sub-117	1	0	0.37002	1	1	1
sub-117	9	1	0.3033	1	1	1
sub-117	10	1	0.28479	1	1	1
sub-117	9	1	0.571	1	1	1
sub-117	10	1	0.32156	1	1	1
sub-117	10	1	0.48465	1	1	1
sub-117	7	1	0.6057	1	0	1
sub-117	8	1	0.85364	1	0	1
sub-117	8	1	0.60154	1	0	1
sub-117	9	1	0.36837	1	0	1
sub-117	3	1	0.22008	1	0	1
sub-117	6	1	0.02176	1	0	1
sub-117	9	1	0.39011	1	0	1
sub-117	10	1	0.37525	1	0	1
sub-117	10	1	0.37741	1	0	0
sub-117	4	1	0.34298	1	0	0
sub-117	3	1	0.29315	1	0	0
sub-117	3	1	0.29551	1	0	0
sub-117	2	1	0.34277	1	0	0
sub-117	4	1	0.27366	1	0	0
sub-117	5	1	0.34033	1	0	0
sub-117	2	1	0.40748	1	0	0
sub-117	9	1	0.55422	1	1	1
sub-117	9	1	0.37289	1	1	1
sub-117	9	1	0.29117	1	1	1
sub-117	7	1	0.31302	1	1	1
sub-117	7	1	0.31011	1	1	1
sub-117	5	1	0.30661	1	1	1
sub-117	10	1	0.27188	1	1	1
sub-117	1	0	0.32297	1	1	1
sub-118	10	1	1.90067	0	0	1
sub-118	6	1	1.82321	0	0	1
sub-118	7	1	0.74941	0	0	1
sub-118	1	0	0.60799	0	0	1
sub-118	10	1	0.4755	0	0	1
sub-118	8	0	1.75303	0	0	1
sub-118	8	1	0.65543	0	0	1
sub-118	7	0	0.68874	0	0	1
sub-118	8	1	0.53967	1	1	1
sub-118	8	1	0.32627	1	1	1
sub-118	5	1	0.4805	1	1	1
sub-118	9	1	0.30064	1	1	1
sub-118	9	1	0.30264	1	1	1
sub-118	8	1	0.34329	1	1	1
sub-118	4	0	0.44898	1	1	1
sub-118	7	0	0.49146	1	1	1
sub-118	1	0	0.35515	1	1	1
sub-118	9	0	0.0242500000000001	1	1	1
sub-118	6	1	0.31651	1	1	1
sub-118	10	1	0.38519	1	1	1
sub-118	9	1	0.9137	1	1	1
sub-118	7	1	0.29975	1	1	1
sub-118	10	1	0.28525	1	1	1
sub-118	9	1	0.34169	1	1	1
sub-118	1	0	0.35126	1	0	1
sub-118	6	1	0.38037	1	0	1
sub-118	10	1	0.30442	1	0	1
sub-118	8	1	0.34466	1	0	1
sub-118	9	1	0.41511	1	0	1
sub-118	9	1	0.28772	1	0	1
sub-118	7	1	0.51588	1	0	1
sub-118	10	1	0.45146	1	0	1
sub-118	2	0	0.30678	1	1	0
sub-118	6	0	0.52253	1	1	0
sub-118	4	1	0.90396	1	1	0
sub-118	1	0	0.3749	1	1	0
sub-118	9	0	0.02366	1	1	0
sub-118	1	1	0.38369	1	1	0
sub-118	4	1	0.33121	1	1	0
sub-118	4	1	0.0321800000000001	1	1	0
sub-118	4	0	0.6541	0	0	0
sub-118	5	1	0.43643	0	0	0
sub-118	2	1	0.0323800000000001	0	0	0
sub-118	1	1	0.4195	0	0	0
sub-118	2	1	0.46734	0	0	0
sub-118	3	1	0.40299	0	0	0
sub-118	4	1	0.3482	0	0	0
sub-118	10	1	0.3726	0	0	0
sub-118	4	1	0.3549	1	0	0
sub-118	1	1	0.35757	1	0	0
sub-118	9	1	0.31019	1	0	0
sub-118	1	1	0.33579	1	0	0
sub-118	3	1	0.3936	1	0	0
sub-118	5	1	0.58152	1	0	0
sub-118	4	1	0.3661	1	0	0
sub-118	3	1	0.55735	1	0	0
sub-118	7	1	0.41431	0	0	1
sub-118	4	1	0.02996	0	0	1
sub-118	9	1	0.11471	0	0	1
sub-118	7	1	0.31923	0	0	1
sub-118	5	1	0.34719	0	0	1
sub-118	10	1	0.48567	0	0	1
sub-118	8	1	0.87282	0	0	1
sub-118	7	1	0.32036	0	0	1
sub-118	10	1	0.29753	1	1	1
sub-118	10	1	0.43238	1	1	1
sub-118	8	1	0.29747	1	1	1
sub-118	1	1	0.37663	1	1	1
sub-118	7	1	0.46243	1	1	1
sub-118	9	1	0.28533	1	1	1
sub-118	5	1	0.8913	1	1	1
sub-118	10	1	0.54421	1	1	1
sub-118	1	1	0.22362	1	1	0
sub-118	3	1	0.01915	1	1	0
sub-118	2	0	0.0168699999999999	1	1	0
sub-118	4	0	0.02983	1	1	0
sub-118	3	0	0.0177700000000001	1	1	0
sub-118	7	1	0.02162	1	1	0
sub-118	6	1	0.11477	1	1	0
sub-118	1	1	0.0286900000000001	1	1	0
sub-118	10	1	0.29904	1	0	1
sub-118	7	1	0.12162	1	0	1
sub-118	7	1	0.02182	1	0	1
sub-118	10	0	0.0301	1	0	1
sub-118	4	1	0.01905	1	0	1
sub-118	7	1	0.0244599999999999	1	0	1
sub-118	8	1	0.0324500000000001	1	0	1
sub-118	5	0	0.0246	1	0	1
sub-118	3	1	0.20226	0	0	0
sub-118	4	1	0.0240899999999999	0	0	0
sub-118	3	1	0.32266	0	0	0
sub-118	3	1	0.30254	0	0	0
sub-118	9	1	0.25165	0	0	0
sub-118	1	1	0.55166	0	0	0
sub-118	6	1	0.0199400000000001	0	0	0
sub-118	1	0	0.02346	0	0	0
sub-120	2	0	0.01844	1	1	1
sub-120	10	1	0.02417	1	1	1
sub-120	6	0	0.29843	1	1	1
sub-120	8	1	0.10562	1	1	1
sub-120	8	1	0.0276000000000001	1	1	1
sub-120	9	1	0.21726	1	1	1
sub-120	9	1	0.48993	1	1	1
sub-120	9	1	0.17903	1	1	1
sub-120	3	0	0.0565800000000001	1	0	0
sub-120	6	0	0.29752	1	0	0
sub-120	1	0	0.0206999999999999	1	0	0
sub-120	4	0	0.0264200000000001	1	0	0
sub-120	1	0	0.0325599999999999	1	0	0
sub-120	7	1	0.23977	1	0	0
sub-120	4	0	0.0285899999999999	1	0	0
sub-120	4	0	0.35163	1	0	0
sub-120	4	0	0.0308200000000001	1	1	0
sub-120	2	0	0.27272	1	1	0
sub-120	2	0	0.0450900000000001	1	1	0
sub-120	3	0	0.65165	1	1	0
sub-120	3	1	0.0235000000000001	1	1	0
sub-120	8	1	0.02911	1	1	0
sub-120	5	0	0.0184899999999999	1	1	0
sub-120	1	0	0.0240899999999999	1	1	0
sub-120	9	1	0.03315	0	0	0
sub-120	5	1	0.29454	0	0	0
sub-120	4	0	0.18359	0	0	0
sub-120	4	0	0.0227299999999999	0	0	0
sub-120	4	0	0.26218	0	0	0
sub-120	4	0	0.30158	0	0	0
sub-120	1	0	0.42414	0	0	0
sub-120	2	0	0.28106	0	0	0
sub-120	5	1	0.26306	1	0	1
sub-120	2	0	0.38619	1	0	1
sub-120	9	1	0.57665	1	0	1
sub-120	9	1	0.73252	1	0	1
sub-120	10	1	0.12132	1	0	1
sub-120	8	1	0.0269699999999999	1	0	1
sub-120	7	1	0.03291	1	0	1
sub-120	10	1	0.0232699999999999	1	0	1
sub-120	5	1	0.3354	0	0	0
sub-120	10	1	0.6093	0	0	0
sub-120	4	0	0.03087	0	0	0
sub-120	3	0	0.02128	0	0	0
sub-120	1	0	0.34433	0	0	0
sub-120	2	0	0.01738	0	0	0
sub-120	1	0	0.3415	0	0	0
sub-120	3	0	0.83096	0	0	0
sub-120	7	1	0.03044	0	0	1
sub-120	6	1	0.0198700000000001	0	0	1
sub-120	10	1	0.20932	0	0	1
sub-120	2	0	0.28228	0	0	1
sub-120	8	1	0.0220400000000001	0	0	1
sub-120	9	1	0.0280800000000001	0	0	1
sub-120	10	1	0.01718	0	0	1
sub-120	7	1	0.02424	0	0	1
sub-120	2	0	0.02637	1	0	0
sub-120	1	0	0.16739	1	0	0
sub-120	6	1	0.0228900000000001	1	0	0
sub-120	2	0	0.02888	1	0	0
sub-120	1	0	0.40194	1	0	0
sub-120	10	1	0.24101	1	0	0
sub-120	4	0	0.0299100000000001	1	0	0
sub-120	4	0	0.01929	1	0	0
sub-120	7	1	0.02023	1	1	1
sub-120	8	1	0.02728	1	1	1
sub-120	7	1	0.03335	1	1	1
sub-120	10	1	0.02342	1	1	1
sub-120	3	0	0.02962	1	1	1
sub-120	9	1	0.01881	1	1	1
sub-120	5	0	0.0245500000000001	1	1	1
sub-120	7	1	0.03017	1	1	1
sub-120	10	1	0.0265299999999999	0	0	1
sub-120	5	1	0.21706	0	0	1
sub-120	10	0	0.02267	0	0	1
sub-120	9	1	0.0285899999999999	0	0	1
sub-120	3	0	0.01789	0	0	1
sub-120	10	1	0.19182	0	0	1
sub-120	10	1	0.0304899999999999	0	0	1
sub-120	7	1	0.01996	0	0	1
sub-120	5	0	0.38528	1	1	1
sub-120	10	1	0.0237700000000001	1	1	1
sub-120	4	0	0.71491	1	1	1
sub-120	9	1	0.0200400000000001	1	1	1
sub-120	10	1	0.0260400000000001	1	1	1
sub-120	9	1	0.03196	1	1	1
sub-120	10	1	0.02233	1	1	1
sub-120	10	1	0.0282	1	1	1
sub-120	2	0	0.0261	1	0	0
sub-120	3	0	0.48401	1	0	0
sub-120	1	0	0.02295	1	0	0
sub-120	5	0	0.0285899999999999	1	0	0
sub-120	2	0	0.3183	1	0	0
sub-120	1	0	0.02363	1	0	0
sub-120	8	1	0.0299199999999999	1	0	0
sub-120	2	0	0.01892	1	0	0
sub-121	10	1	1.18822	0	0	1
sub-121	8	1	1.04931	0	0	1
sub-121	7	0	0.45751	0	0	1
sub-121	8	1	1.29801	0	0	1
sub-121	5	0	0.44592	0	0	1
sub-121	9	1	0.65999	0	0	1
sub-121	3	0	0.59605	0	0	1
sub-121	8	1	0.92944	0	0	1
sub-121	3	0	1.17162	1	1	0
sub-121	2	0	0.32863	1	1	0
sub-121	2	0	0.34237	1	1	0
sub-121	1	0	0.45472	1	1	0
sub-121	1	0	0.0915600000000001	1	1	0
sub-121	7	1	0.38265	1	1	0
sub-121	5	1	0.37249	1	1	0
sub-121	2	1	0.75425	1	1	0
sub-121	1	0	0.27621	1	0	0
sub-121	3	1	0.60738	1	0	0
sub-121	3	1	0.35665	1	0	0
sub-121	4	0	0.87441	1	0	0
sub-121	5	1	0.35593	1	0	0
sub-121	10	1	0.32264	1	0	0
sub-121	3	0	0.52092	1	0	0
sub-121	1	0	0.37126	1	0	0
sub-121	7	1	0.59822	0	0	1
sub-121	9	1	0.3305	0	0	1
sub-121	8	1	0.44765	0	0	1
sub-121	7	1	0.40584	0	0	1
sub-121	7	1	0.45421	0	0	1
sub-121	8	1	0.45445	0	0	1
sub-121	5	1	0.40996	0	0	1
sub-121	2	0	0.44201	0	0	1
sub-121	3	0	0.61304	1	1	1
sub-121	9	1	0.38597	1	1	1
sub-121	9	1	0.2939	1	1	1
sub-121	5	1	0.3597	1	1	1
sub-121	7	1	0.3762	1	1	1
sub-121	8	1	0.39209	1	1	1
sub-121	7	1	0.37544	1	1	1
sub-121	9	1	0.33683	1	1	1
sub-121	8	1	0.36021	1	1	1
sub-121	8	1	0.27247	1	1	1
sub-121	8	1	0.35877	1	1	1
sub-121	8	1	0.35793	1	1	1
sub-121	8	1	0.32268	1	1	1
sub-121	6	1	0.32281	1	1	1
sub-121	10	1	0.33854	1	1	1
sub-121	1	0	0.32108	1	1	1
sub-121	1	0	0.59483	1	0	0
sub-121	2	0	0.27103	1	0	0
sub-121	9	1	0.14501	1	0	0
sub-121	2	0	0.26232	1	0	0
sub-121	2	0	0.0250600000000001	1	0	0
sub-121	3	0	0.47482	1	0	0
sub-121	5	1	0.28844	1	0	0
sub-121	4	1	0.31813	1	0	0
sub-121	4	1	0.32346	1	0	1
sub-121	10	1	0.3385	1	0	1
sub-121	8	1	0.28795	1	0	1
sub-121	9	1	0.31991	1	0	1
sub-121	9	1	0.3041	1	0	1
sub-121	8	1	0.1203	1	0	1
sub-121	10	1	0.32033	1	0	1
sub-121	5	1	0.33616	1	0	1
sub-121	1	0	0.29235	1	1	0
sub-121	3	0	0.38989	1	1	0
sub-121	4	1	0.22564	1	1	0
sub-121	5	1	0.38772	1	1	0
sub-121	10	1	0.50429	1	1	0
sub-121	3	1	0.90288	1	1	0
sub-121	3	1	0.39762	1	1	0
sub-121	1	0	0.2827	1	1	0
sub-121	9	1	0.42215	1	0	0
sub-121	6	1	0.28814	1	0	0
sub-121	4	1	0.46638	1	0	0
sub-121	2	0	0.21748	1	0	0
sub-121	2	0	0.40945	1	0	0
sub-121	2	0	0.31156	1	0	0
sub-121	1	0	0.64676	1	0	0
sub-121	3	0	0.34314	1	0	0
sub-121	3	0	0.26397	1	1	1
sub-121	10	1	0.45239	1	1	1
sub-121	8	1	0.26875	1	1	1
sub-121	8	1	0.31911	1	1	1
sub-121	7	1	0.23467	1	1	1
sub-121	5	1	0.36594	1	1	1
sub-121	10	1	0.0306500000000001	1	1	1
sub-121	7	1	0.0987800000000001	1	1	1
sub-121	1	0	0.19734	1	0	1
sub-121	5	1	0.21361	1	0	1
sub-121	8	1	0.0334700000000001	1	0	1
sub-121	8	1	0.0312600000000001	1	0	1
sub-121	10	1	0.02776	1	0	1
sub-121	7	1	0.32999	1	0	1
sub-121	8	1	0.37699	1	0	1
sub-121	8	1	0.3098	1	0	1
sub-122	9	1	0.51281	0	0	1
sub-122	9	1	0.66894	0	0	1
sub-122	9	1	0.71225	0	0	1
sub-122	3	1	0.65189	0	0	1
sub-122	10	1	0.55896	0	0	1
sub-122	9	1	0.75121	0	0	1
sub-122	6	1	0.68656	0	0	1
sub-122	10	1	0.76608	1	0	1
sub-122	6	1	0.72397	1	0	1
sub-122	9	1	0.60086	1	0	1
sub-122	10	1	0.64059	1	0	1
sub-122	10	1	0.74428	1	0	1
sub-122	2	0	0.66664	1	0	1
sub-122	10	1	0.42259	1	0	1
sub-122	9	1	0.58028	1	0	1
sub-122	10	1	0.67937	1	1	1
sub-122	10	1	0.75092	0	0	1
sub-122	1	1	1.05964	0	0	1
sub-122	10	1	0.51441	0	0	1
sub-122	10	1	0.63988	0	0	1
sub-122	8	1	0.62024	0	0	1
sub-122	8	1	1.0347	0	0	1
sub-122	8	1	0.69278	0	0	1
sub-122	7	1	0.67736	0	0	0
sub-122	2	1	1.06812	0	0	0
sub-122	3	1	0.67611	0	0	0
sub-122	3	0	0.47782	0	0	0
sub-122	3	0	0.44019	0	0	0
sub-122	1	0	0.41523	0	0	0
sub-122	1	1	1.43614	0	0	0
sub-122	5	1	1.09042	0	0	0
sub-122	6	1	0.68836	1	1	0
sub-122	9	1	0.81142	1	1	0
sub-122	1	1	0.40446	1	1	0
sub-122	4	1	0.4123	1	1	0
sub-122	4	1	0.54726	1	1	0
sub-122	3	1	0.53402	1	1	0
sub-122	3	1	0.40832	1	1	0
sub-122	2	1	0.4659	1	1	0
sub-122	5	1	0.88903	1	1	0
sub-122	4	1	0.77891	1	1	0
sub-122	7	1	0.48847	1	1	0
sub-122	1	0	0.69678	1	1	0
sub-122	3	1	0.41974	1	1	0
sub-122	1	0	0.85603	1	1	0
sub-122	1	1	0.57858	1	1	0
sub-122	1	1	0.48423	1	1	0
sub-122	5	1	0.6625	1	0	1
sub-122	9	1	0.43442	1	0	1
sub-122	9	1	0.49456	1	0	1
sub-122	7	1	0.56786	1	0	1
sub-122	7	1	0.42514	1	0	1
sub-122	8	1	0.86108	1	0	1
sub-122	3	1	0.91587	1	0	1
sub-122	9	1	0.48903	1	0	1
sub-122	4	1	0.82952	0	0	0
sub-122	4	1	0.53337	0	0	0
sub-122	1	1	0.58593	0	0	0
sub-122	1	1	0.64345	0	0	0
sub-122	6	1	0.68404	0	0	0
sub-122	2	1	0.79026	0	0	0
sub-122	2	1	0.63162	0	0	0
sub-122	9	1	0.48776	0	0	0
sub-122	9	1	0.58332	1	0	1
sub-122	10	1	0.48807	1	0	1
sub-122	9	1	0.48077	1	0	1
sub-122	6	1	0.77079	1	0	1
sub-122	7	1	0.45978	1	0	1
sub-122	2	1	0.6015	1	0	1
sub-122	8	1	0.65732	1	0	1
sub-122	10	1	0.59924	1	0	1
sub-122	4	1	0.54312	1	0	0
sub-122	4	1	0.02386	1	0	0
sub-122	4	1	0.83234	1	0	0
sub-122	4	1	0.45509	1	0	0
sub-122	5	1	0.64458	1	0	0
sub-122	9	1	0.41931	1	0	0
sub-122	3	0	0.75952	1	0	0
sub-122	3	0	0.51853	1	0	0
sub-122	5	1	0.52466	1	1	1
sub-122	1	1	0.61731	1	0	0
sub-122	5	1	0.57609	1	0	0
sub-122	4	1	0.4317	1	0	0
sub-122	3	1	0.72374	1	0	0
sub-122	3	1	1.03192	1	0	0
sub-122	9	1	0.0197499999999999	1	0	0
sub-122	2	1	0.64594	1	0	0
sub-122	9	1	0.44391	0	0	1
sub-122	8	1	0.38645	0	0	1
sub-122	7	1	0.42322	0	0	1
sub-122	1	0	0.58445	0	0	1
sub-122	9	1	0.77289	0	0	1
sub-122	6	1	0.51735	0	0	1
sub-122	8	1	0.75818	0	0	1
sub-122	10	1	0.44043	0	0	1
sub-122	9	1	0.59577	1	1	1
sub-124	3	1	0.42345	0	0	0
sub-124	3	1	0.34684	0	0	0
sub-124	5	1	0.31986	0	0	0
sub-124	1	1	0.36015	0	0	0
sub-124	1	1	0.41459	0	0	0
sub-124	2	1	0.52179	0	0	0
sub-124	5	1	0.55884	0	0	1
sub-124	10	1	0.66487	0	0	1
sub-124	3	1	0.53562	0	0	1
sub-124	10	1	0.54228	0	0	1
sub-124	7	1	0.03006	0	0	1
sub-124	8	1	0.47244	0	0	1
sub-124	9	1	0.72824	0	0	1
sub-124	9	1	0.36695	0	0	1
sub-124	3	1	1.1786	1	0	0
sub-124	6	1	0.31212	1	1	1
sub-124	8	1	0.0175700000000001	1	1	1
sub-124	7	1	0.34001	1	1	1
sub-124	10	1	0.44677	1	1	1
sub-124	7	1	0.42024	1	1	1
sub-124	3	1	0.32551	1	1	1
sub-124	10	1	0.567	1	1	1
sub-124	9	1	0.73774	0	0	1
sub-124	5	1	0.43029	0	0	1
sub-124	7	1	0.11869	0	0	1
sub-124	9	1	0.47401	0	0	1
sub-124	8	1	0.71511	0	0	1
sub-124	7	1	0.70505	0	0	1
sub-124	8	1	0.52417	0	0	1
sub-124	3	1	0.29775	0	0	1
sub-124	3	1	0.68183	1	1	0
sub-124	1	0	0.6504	0	0	0
sub-124	4	1	0.0221499999999999	0	0	0
sub-124	1	0	0.02966	0	0	0
sub-124	5	1	0.36851	0	0	0
sub-124	2	1	0.44276	0	0	0
sub-124	2	1	0.39662	0	0	0
sub-124	7	1	0.50621	0	0	0
sub-124	7	1	0.02332	1	0	1
sub-124	5	1	0.46532	1	0	1
sub-124	9	1	0.32392	1	0	1
sub-124	2	1	0.34612	1	0	1
sub-124	7	1	0.48687	1	0	1
sub-124	9	1	0.34237	1	0	1
sub-124	7	1	0.03078	1	0	1
sub-124	9	1	0.62201	1	0	1
sub-124	9	1	0.89353	1	1	1
sub-124	2	1	0.84867	1	1	1
sub-124	7	1	0.49053	1	1	1
sub-124	7	1	0.49734	1	1	1
sub-124	10	1	0.46739	1	1	1
sub-124	10	1	0.75607	1	1	1
sub-124	9	1	0.36197	1	1	1
sub-124	6	1	0.31828	1	1	1
sub-124	9	1	1.36357	1	0	1
sub-124	5	1	0.61337	0	0	0
sub-124	2	1	0.0194799999999999	0	0	0
sub-124	9	1	0.3269	0	0	0
sub-124	1	0	0.51628	0	0	0
sub-124	1	0	0.0226299999999999	0	0	0
sub-124	4	1	0.39281	0	0	0
sub-124	2	1	0.41896	0	0	0
sub-124	1	0	0.6221	1	0	0
sub-124	1	0	0.37821	1	0	0
sub-124	1	0	0.23397	1	0	0
sub-124	4	1	0.32336	1	0	0
sub-124	7	1	0.71454	1	0	0
sub-124	4	1	0.48617	1	0	0
sub-124	5	1	0.37596	1	0	0
sub-124	2	1	0.39991	1	0	0
sub-124	2	1	0.36653	1	1	0
sub-124	5	1	0.30771	1	1	0
sub-124	2	1	0.33152	1	1	0
sub-124	2	1	0.02241	1	1	0
sub-124	3	1	0.47509	1	1	0
sub-124	10	1	0.33525	1	1	0
sub-124	4	1	0.47592	1	1	0
sub-124	1	0	0.4624	1	1	0
sub-124	10	1	0.43631	0	0	1
sub-124	9	1	0.59552	0	0	1
sub-124	7	1	0.31695	0	0	1
sub-124	5	1	0.45495	0	0	1
sub-124	7	1	0.31239	0	0	1
sub-124	2	1	0.28419	0	0	1
sub-124	7	1	0.10786	0	0	1
sub-124	7	1	0.56459	0	0	1
sub-124	9	1	0.34685	1	1	1
sub-124	5	1	1.09403	1	0	0
sub-124	8	1	0.51834	1	0	0
sub-124	2	1	0.29058	1	0	0
sub-124	1	0	0.0312399999999999	1	0	0
sub-124	3	1	0.0328200000000001	1	0	0
sub-124	3	1	0.0264200000000001	1	0	0
sub-124	3	1	0.74779	1	0	0
sub-125	4	0	1.08264	1	1	0
sub-125	1	0	0.4638	1	1	0
sub-125	4	1	0.56394	1	1	0
sub-125	4	0	1.03412	1	1	0
sub-125	3	0	0.43518	1	1	0
sub-125	5	1	1.06869	1	1	0
sub-125	3	0	0.95221	1	1	0
sub-125	5	1	1.26308	0	0	0
sub-125	3	0	0.35238	0	0	0
sub-125	10	1	0.46901	0	0	0
sub-125	2	0	0.42122	0	0	0
sub-125	3	0	0.58796	0	0	0
sub-125	4	0	0.71752	0	0	0
sub-125	1	0	0.51583	0	0	0
sub-125	1	0	0.89954	0	0	0
sub-125	9	1	0.77569	0	0	1
sub-125	7	1	0.57486	0	0	1
sub-125	1	0	0.42346	1	0	0
sub-125	3	1	0.37044	1	0	0
sub-125	6	1	0.62082	1	0	0
sub-125	3	0	0.52359	1	0	0
sub-125	4	0	0.71984	1	0	0
sub-125	9	1	0.57044	1	0	0
sub-125	7	1	0.54213	0	0	1
sub-125	7	1	0.45833	0	0	1
sub-125	8	1	0.52511	0	0	1
sub-125	7	1	0.40509	0	0	1
sub-125	6	1	0.55658	0	0	1
sub-125	7	1	0.44135	0	0	1
sub-125	8	1	0.45752	0	0	1
sub-125	4	1	0.44151	0	0	1
sub-125	10	1	0.77842	1	1	1
sub-125	8	1	0.65892	1	1	1
sub-125	6	1	0.52671	1	1	1
sub-125	7	1	0.59267	1	1	1
sub-125	1	0	1.15879	1	1	1
sub-125	9	1	0.61189	1	1	1
sub-125	9	1	0.99335	1	1	1
sub-125	10	1	0.92366	1	1	1
sub-125	9	1	0.44506	0	0	0
sub-125	1	0	0.6639	0	0	0
sub-125	8	1	0.76036	1	0	1
sub-125	1	0	0.6567	1	0	1
sub-125	9	1	0.922	1	0	1
sub-125	9	1	1.03945	1	0	1
sub-125	7	1	1.12194	1	0	1
sub-125	7	1	0.87321	1	0	1
sub-125	2	0	0.8238	1	0	0
sub-125	1	0	0.9721	1	0	0
sub-125	3	0	1.17054	1	0	0
sub-125	1	0	0.87077	1	0	0
sub-125	7	1	0.81681	1	0	0
sub-125	2	0	1.08334	1	0	0
sub-125	5	1	1.16655	1	0	0
sub-125	2	0	0.96765	1	0	0
sub-125	2	0	0.78393	0	0	0
sub-125	2	0	0.68441	0	0	0
sub-125	6	1	1.0355	0	0	0
sub-125	1	0	0.52941	0	0	0
sub-125	3	1	0.69557	0	0	0
sub-125	9	0	0.96269	0	0	0
sub-125	1	0	0.89532	0	0	0
sub-125	4	0	1.04585	0	0	0
sub-125	9	0	1.06644	1	1	1
sub-125	9	1	0.48103	1	1	1
sub-125	9	1	1.17934	1	1	0
sub-125	1	0	0.54237	1	1	0
sub-125	1	0	0.6102	1	1	0
sub-125	2	0	0.45709	1	1	0
sub-125	3	0	0.64203	1	1	0
sub-125	6	1	0.84196	1	1	0
sub-125	9	1	0.87738	1	0	1
sub-125	4	1	1.1292	1	0	1
sub-125	9	1	0.79481	1	0	1
sub-125	7	1	0.76096	1	0	1
sub-125	8	1	0.4787	1	0	1
sub-125	5	0	0.49673	1	0	1
sub-125	9	1	0.69837	1	0	1
sub-125	7	1	0.98125	1	0	1
sub-125	7	1	0.68448	0	0	1
sub-125	7	1	0.73425	0	0	1
sub-125	1	0	0.53559	1	0	0
sub-125	4	1	0.91587	1	0	0
sub-125	1	0	0.56502	1	0	0
sub-125	1	0	1.16605	1	0	0
sub-125	6	0	1.20334	1	0	0
sub-125	4	0	0.58638	1	0	0
sub-125	5	1	0.58517	1	1	1
sub-125	3	0	0.46463	1	1	1
sub-125	7	1	1.13324	1	1	1
sub-125	7	1	0.85017	1	1	1
sub-125	10	1	0.45257	1	1	1
sub-125	7	1	1.22191	1	1	1
sub-125	9	1	1.02177	1	1	1
sub-125	9	1	0.63724	1	1	1
sub-127	3	0	1.52151	0	0	0
sub-127	4	0	1.00903	0	0	0
sub-127	2	0	0.68264	0	0	0
sub-127	10	1	0.5716	0	0	0
sub-127	1	0	0.0271399999999999	0	0	0
sub-127	1	0	0.6836	0	0	0
sub-127	2	0	0.47287	0	0	0
sub-127	6	1	1.55319	1	0	1
sub-127	7	1	0.7598	1	0	1
sub-127	9	1	0.61685	1	0	1
sub-127	9	1	0.0888199999999999	1	0	1
sub-127	8	1	0.61214	1	0	1
sub-127	7	0	0.51807	1	0	1
sub-127	4	0	0.52386	1	0	1
sub-127	8	1	0.67983	1	0	1
sub-127	10	1	0.4766	0	0	1
sub-127	6	0	0.66744	0	0	1
sub-127	8	1	0.57285	0	0	1
sub-127	1	0	0.52869	0	0	1
sub-127	9	1	0.48462	0	0	1
sub-127	8	1	0.54153	0	0	1
sub-127	7	0	1.01465	0	0	1
sub-127	8	1	0.537	0	0	1
sub-127	6	0	0.73264	1	1	0
sub-127	9	1	0.46625	1	1	1
sub-127	7	0	0.45668	1	1	1
sub-127	4	0	0.46265	1	1	1
sub-127	7	0	0.43498	1	1	1
sub-127	6	0	0.47441	1	1	1
sub-127	8	1	0.56374	1	1	1
sub-127	10	1	0.38719	1	1	1
sub-127	4	0	0.43486	1	0	0
sub-127	1	0	0.25111	1	1	0
sub-127	5	0	0.52466	1	1	0
sub-127	3	0	0.43075	1	1	0
sub-127	1	0	0.40304	1	1	0
sub-127	3	0	0.42584	1	1	0
sub-127	1	0	0.58194	1	1	0
sub-127	7	0	0.70447	1	1	0
sub-127	4	0	0.47083	0	0	0
sub-127	7	0	0.744	1	0	1
sub-127	8	1	0.70138	1	0	1
sub-127	4	0	0.50714	1	0	1
sub-127	8	1	0.32969	1	0	1
sub-127	5	0	0.48647	1	0	1
sub-127	9	1	0.0262800000000001	1	0	1
sub-127	9	1	0.56637	1	0	1
sub-127	4	0	0.42766	1	1	0
sub-127	2	0	0.50141	1	1	0
sub-127	4	0	0.55822	1	1	0
sub-127	7	0	0.58097	1	1	0
sub-127	3	0	0.53789	1	1	0
sub-127	5	0	0.54379	1	1	0
sub-127	2	0	0.53313	1	1	0
sub-127	1	0	0.4583	1	1	0
sub-127	9	1	0.05569	1	0	1
sub-127	8	1	0.02084	1	0	0
sub-127	1	0	0.46069	1	0	0
sub-127	3	0	0.36657	1	0	0
sub-127	4	0	0.40589	1	0	0
sub-127	2	0	0.36271	1	0	0
sub-127	3	0	0.46868	1	0	0
sub-127	4	0	0.49222	1	0	0
sub-127	8	1	0.55726	1	1	1
sub-127	10	1	0.49631	1	1	1
sub-127	9	1	0.52024	1	1	1
sub-127	9	1	0.45966	1	1	1
sub-127	10	1	0.53243	1	1	1
sub-127	4	0	0.35573	1	1	1
sub-127	7	0	0.41158	1	1	1
sub-127	5	0	0.4507	1	1	1
sub-127	10	1	0.0315300000000001	1	0	0
sub-127	3	0	0.47212	1	0	0
sub-127	1	0	0.49603	1	0	0
sub-127	2	0	0.38527	1	0	0
sub-127	2	0	0.47457	1	0	0
sub-127	4	0	0.48053	1	0	0
sub-127	3	0	0.4197	1	0	0
sub-127	5	0	0.39218	1	0	0
sub-127	7	0	0.42309	1	1	1
sub-127	8	1	0.42518	0	0	0
sub-127	3	0	0.0302	0	0	0
sub-127	3	0	0.0194799999999999	0	0	0
sub-127	5	0	0.1254	0	0	0
sub-127	2	0	0.21615	0	0	0
sub-127	4	0	0.0217400000000001	0	0	0
sub-127	4	0	0.02739	0	0	0
sub-127	10	1	0.0231600000000001	0	0	1
sub-127	2	0	0.02908	0	0	1
sub-127	8	1	0.0184200000000001	0	0	1
sub-127	8	1	0.37455	0	0	1
sub-127	7	0	0.36391	0	0	1
sub-127	10	1	0.01928	0	0	1
sub-127	10	1	0.0251600000000001	0	0	1
sub-127	6	0	0.14829	0	0	1
sub-128	7	0	1.63578	1	1	1
sub-128	6	0	0.70844	1	1	1
sub-128	8	0	0.26432	1	1	1
sub-128	10	1	0.01956	1	1	1
sub-128	10	1	0.10914	1	1	1
sub-128	7	0	0.16595	1	1	1
sub-128	2	0	0.27204	1	1	1
sub-128	7	0	0.0612999999999999	1	1	1
sub-128	4	0	0.70915	0	0	0
sub-128	1	0	0.0322199999999999	0	0	0
sub-128	9	0	0.15699	0	0	0
sub-128	2	0	0.03016	0	0	0
sub-128	1	0	0.0194399999999999	0	0	0
sub-128	1	0	0.0252600000000001	0	0	0
sub-128	1	0	0.03138	0	0	0
sub-128	5	0	0.0722400000000001	0	0	0
sub-128	6	0	0.0329900000000001	1	1	0
sub-128	4	0	0.0226900000000001	1	1	0
sub-128	2	0	0.0300400000000001	1	1	0
sub-128	2	0	0.01929	1	1	0
sub-128	2	0	0.02528	1	1	0
sub-128	4	0	0.0311999999999999	1	1	0
sub-128	3	0	0.02145	1	1	0
sub-128	7	0	0.0280400000000001	1	1	0
sub-128	1	0	0.0234799999999999	1	0	1
sub-128	10	0	0.0307599999999999	1	0	1
sub-128	7	0	0.0210600000000001	1	0	1
sub-128	7	0	0.0266999999999999	1	0	1
sub-128	6	0	0.0331600000000001	1	0	1
sub-128	7	0	0.02339	1	0	1
sub-128	9	0	0.02912	1	0	1
sub-128	9	0	0.01831	1	0	1
sub-128	3	0	0.0970200000000001	0	0	0
sub-128	5	0	0.02013	0	0	0
sub-128	4	0	0.026	0	0	0
sub-128	1	0	0.0317400000000001	0	0	0
sub-128	3	0	0.0222899999999999	0	0	0
sub-128	1	0	0.0282899999999999	0	0	0
sub-128	9	0	0.21773	0	0	0
sub-128	1	0	0.0234000000000001	0	0	0
sub-128	8	0	0.17296	0	0	1
sub-128	10	1	0.0190300000000001	0	0	1
sub-128	6	0	0.02477	0	0	1
sub-128	8	0	0.03087	0	0	1
sub-128	8	0	0.0212399999999999	0	0	1
sub-128	2	0	0.02704	0	0	1
sub-128	7	0	0.0329600000000001	0	0	1
sub-128	8	0	0.0236700000000001	0	0	1
sub-128	4	0	0.0210900000000001	1	0	0
sub-128	10	0	0.02705	1	0	0
sub-128	1	0	0.0176400000000001	1	0	0
sub-128	6	0	0.44196	1	0	0
sub-128	4	0	0.03024	1	0	0
sub-128	4	0	0.0199	1	0	0
sub-128	1	0	0.0256099999999999	1	0	0
sub-128	1	0	0.0317000000000001	1	0	0
sub-128	8	0	0.02227	1	1	1
sub-128	9	0	0.41244	1	1	1
sub-128	9	0	0.01922	1	1	1
sub-128	9	0	0.0248699999999999	1	1	1
sub-128	10	1	0.0305500000000001	1	1	1
sub-128	6	0	0.0197700000000001	1	1	1
sub-128	8	0	0.02562	1	1	1
sub-128	1	0	0.03146	1	1	1
sub-128	1	0	0.0306200000000001	1	0	0
sub-128	4	0	0.0221199999999999	1	0	0
sub-128	2	0	0.0280499999999999	1	0	0
sub-128	3	0	0.0174000000000001	1	0	0
sub-128	10	1	0.0242899999999999	1	0	0
sub-128	1	0	0.0307500000000001	1	0	0
sub-128	6	0	0.0191699999999999	1	0	0
sub-128	4	0	0.02539	1	0	0
sub-128	7	0	0.0314700000000001	0	0	1
sub-128	8	0	0.0222599999999999	0	0	1
sub-128	2	0	0.0282800000000001	0	0	1
sub-128	8	0	0.01756	0	0	1
sub-128	10	1	0.0244	0	0	1
sub-128	6	0	0.0304	0	0	1
sub-128	9	0	0.83	0	0	1
sub-128	8	0	0.0193300000000001	0	0	1
sub-128	4	0	1.85203	0	0	0
sub-128	2	0	0.0229299999999999	0	0	0
sub-128	2	0	0.02976	0	0	0
sub-128	4	0	0.01956	0	0	0
sub-128	2	0	0.02488	0	0	0
sub-128	7	0	0.0307999999999999	0	0	0
sub-128	2	0	0.0202599999999999	0	0	0
sub-128	6	0	0.02633	0	0	0
sub-128	7	0	0.0223100000000001	1	1	1
sub-128	9	0	0.1452	1	1	1
sub-128	2	0	0.0192699999999999	1	1	1
sub-128	5	0	0.02407	1	1	1
sub-128	9	0	0.14707	1	1	1
sub-128	9	0	1.65461	1	1	1
sub-128	10	1	0.0252600000000001	1	1	1
sub-129	10	1	0.14036	0	0	1
sub-129	8	1	0.82105	1	0	1
sub-129	10	1	0.17757	1	0	1
sub-129	6	1	0.15132	1	0	1
sub-129	3	0	0.10736	1	0	1
sub-129	9	1	0.0296400000000001	1	0	1
sub-129	7	1	0.0189299999999999	1	0	1
sub-129	10	1	0.02457	1	0	1
sub-129	1	0	0.07298	0	0	0
sub-129	4	1	0.55245	0	0	1
sub-129	10	1	0.02433	0	0	1
sub-129	9	1	0.0298499999999999	0	0	1
sub-129	6	1	0.01993	0	0	1
sub-129	8	1	0.0253699999999999	0	0	1
sub-129	7	1	0.03132	0	0	1
sub-129	10	1	0.0214700000000001	0	0	1
sub-129	8	1	0.0225900000000001	1	1	1
sub-129	8	1	0.10066	1	0	0
sub-129	1	0	0.0912599999999999	1	0	0
sub-129	4	0	0.34499	1	0	0
sub-129	4	0	0.28545	1	0	0
sub-129	4	0	0.14081	1	0	0
sub-129	2	0	0.0646500000000001	1	0	0
sub-129	5	1	0.0214399999999999	1	0	0
sub-129	4	1	0.21105	1	0	0
sub-129	4	1	0.32391	1	1	0
sub-129	3	0	0.0307900000000001	1	1	0
sub-129	3	0	0.17131	1	1	0
sub-129	2	0	0.0270300000000001	1	1	0
sub-129	8	1	0.0328900000000001	1	1	0
sub-129	1	0	0.02318	1	1	0
sub-129	4	0	0.0290299999999999	1	1	0
sub-129	5	1	0.0352600000000001	1	1	0
sub-129	6	1	0.33199	0	0	0
sub-129	1	0	0.0387999999999999	0	0	0
sub-129	2	0	0.0275099999999999	0	0	0
sub-129	1	0	0.01692	0	0	0
sub-129	2	0	0.02386	0	0	0
sub-129	2	0	0.0298400000000001	0	0	0
sub-129	10	1	0.0187299999999999	0	0	0
sub-129	6	1	0.03339	1	1	0
sub-129	8	1	0.0191699999999999	1	1	1
sub-129	8	1	0.0262199999999999	1	1	1
sub-129	1	0	0.0322100000000001	1	1	1
sub-129	9	1	0.02275	1	1	1
sub-129	9	1	0.0285299999999999	1	1	1
sub-129	9	1	0.0181899999999999	1	1	1
sub-129	6	1	0.0236000000000001	1	1	1
sub-129	7	1	0.02976	1	1	1
sub-129	2	0	0.19483	1	0	0
sub-129	10	1	0.01844	1	0	0
sub-129	6	1	0.02417	1	0	0
sub-129	1	0	0.03009	1	0	0
sub-129	4	0	0.1027	1	0	0
sub-129	2	0	0.0252600000000001	1	0	0
sub-129	4	0	0.0311300000000001	1	0	0
sub-129	3	0	0.0214799999999999	1	0	0
sub-129	5	1	0.01762	1	1	0
sub-129	4	0	0.0267900000000001	1	1	0
sub-129	2	0	0.03281	1	1	0
sub-129	3	0	0.0232300000000001	1	1	0
sub-129	3	0	0.0290900000000001	1	1	0
sub-129	1	0	0.0183800000000001	1	1	0
sub-129	2	0	0.0243100000000001	1	1	0
sub-129	8	1	0.0303899999999999	1	1	0
sub-129	1	0	0.12559	0	0	0
sub-129	4	0	0.0328900000000001	0	0	0
sub-129	3	0	0.0233699999999999	0	0	0
sub-129	10	1	0.02902	0	0	0
sub-129	1	0	0.0189600000000001	0	0	0
sub-129	5	1	0.0243599999999999	0	0	0
sub-129	1	0	0.03037	0	0	0
sub-129	3	0	0.01953	0	0	0
sub-129	2	0	0.0310900000000001	1	0	0
sub-129	4	0	0.02088	1	0	0
sub-129	3	0	0.02797	1	0	0
sub-129	2	0	0.01718	1	0	0
sub-129	1	0	0.0241100000000001	1	0	0
sub-129	3	0	0.29752	1	0	0
sub-129	7	0	0.92148	1	0	0
sub-129	5	1	0.0263199999999999	1	0	0
sub-129	2	0	0.0254700000000001	1	0	1
sub-129	10	1	0.03084	1	0	1
sub-129	9	1	0.0555600000000001	1	0	1
sub-129	10	1	0.0278700000000001	1	0	1
sub-129	7	1	0.25092	1	0	1
sub-129	7	1	0.02406	1	0	1
sub-129	6	1	0.0298400000000001	1	0	1
sub-129	8	1	0.01938	1	0	1
sub-129	10	1	0.09914	1	1	1
sub-129	9	1	0.0224899999999999	1	1	1
sub-129	7	1	0.02847	1	1	1
sub-129	10	1	0.0177799999999999	1	1	1
sub-129	10	1	0.02298	1	1	1
sub-129	9	1	0.0305500000000001	1	1	1
sub-129	3	0	0.01928	1	1	1
sub-129	7	1	0.0234399999999999	1	0	1
sub-131	10	1	1.56722	0	0	1
sub-131	2	1	0.70624	0	0	1
sub-131	9	1	0.82947	0	0	1
sub-131	7	1	1.02002	0	0	1
sub-131	10	1	0.50617	0	0	1
sub-131	7	1	0.60965	0	0	1
sub-131	5	1	0.81729	0	0	1
sub-131	4	1	1.52134	0	0	0
sub-131	5	1	0.61103	0	0	0
sub-131	1	0	1.05147	0	0	0
sub-131	3	1	0.55689	0	0	0
sub-131	4	1	0.5134	0	0	0
sub-131	8	0	0.71783	0	0	0
sub-131	1	0	1.30905	0	0	0
sub-131	2	0	0.49599	0	0	0
sub-131	4	1	1.8026	1	1	1
sub-131	5	1	0.44223	1	1	1
sub-131	7	1	1.33504	1	1	1
sub-131	9	1	0.7911	1	1	1
sub-131	7	1	0.22913	1	1	1
sub-131	9	1	0.66981	1	1	1
sub-131	10	1	0.47061	1	1	1
sub-131	9	1	0.34759	1	1	1
sub-131	10	1	0.48042	0	0	1
sub-131	10	1	0.28767	0	0	1
sub-131	9	1	0.57738	0	0	1
sub-131	7	1	0.48426	0	0	1
sub-131	9	1	0.0210699999999999	0	0	1
sub-131	9	1	0.49593	0	0	1
sub-131	1	0	0.87157	1	1	0
sub-131	4	0	0.82914	1	1	0
sub-131	2	1	0.72106	0	0	0
sub-131	6	1	0.59427	0	0	0
sub-131	4	1	0.0177400000000001	0	0	0
sub-131	3	1	0.47201	0	0	0
sub-131	2	1	0.44698	0	0	0
sub-131	5	1	1.12233	1	0	0
sub-131	4	1	0.17974	1	0	0
sub-131	1	1	0.40111	1	0	0
sub-131	2	1	0.14059	1	0	0
sub-131	8	1	0.46534	1	0	0
sub-131	2	1	0.03715	1	0	0
sub-131	1	1	0.66283	1	0	0
sub-131	4	1	0.0184200000000001	1	0	0
sub-131	8	1	0.68698	0	0	1
sub-131	2	1	0.4768	0	0	1
sub-131	7	1	0.20067	0	0	1
sub-131	8	1	0.52411	0	0	1
sub-131	9	1	0.746	0	0	1
sub-131	10	1	0.55182	0	0	1
sub-131	5	1	0.57099	0	0	1
sub-131	8	1	0.02735	0	0	1
sub-131	7	1	0.50008	1	1	1
sub-131	8	1	0.02352	1	1	1
sub-131	9	1	0.0304199999999999	1	1	1
sub-131	8	1	0.01997	1	1	1
sub-131	2	1	0.0270699999999999	1	1	1
sub-131	7	1	0.0178700000000001	1	1	1
sub-131	5	1	0.72636	1	1	1
sub-131	8	1	0.81495	1	1	1
sub-131	9	1	0.78163	1	0	1
sub-131	6	1	0.02132	1	0	1
sub-131	4	1	0.02816	1	0	1
sub-131	9	1	0.46935	1	0	1
sub-131	10	1	0.52005	1	0	1
sub-131	9	1	0.79772	1	0	1
sub-131	10	1	0.70312	1	0	1
sub-131	10	1	1.32535	1	0	1
sub-131	4	1	0.6306	1	0	0
sub-131	5	1	0.48884	1	0	0
sub-131	9	1	0.0291399999999999	1	0	0
sub-131	3	1	0.0297099999999999	1	1	0
sub-131	3	1	0.01847	1	1	0
sub-131	2	1	0.02528	1	1	0
sub-131	5	1	0.0317700000000001	1	1	0
sub-131	7	1	0.01892	1	1	0
sub-131	9	1	0.41701	1	1	1
sub-131	8	1	0.18957	1	1	1
sub-131	8	1	0.02613	1	1	1
sub-131	1	1	0.24809	1	1	1
sub-131	10	1	0.12205	1	1	1
sub-131	5	1	0.0263899999999999	1	1	1
sub-131	10	1	0.25021	1	1	1
sub-131	9	1	0.02403	1	1	1
sub-131	8	1	0.98561	1	0	1
sub-131	7	1	0.0280899999999999	1	0	1
sub-131	8	1	0.03081	1	0	1
sub-131	1	1	0.305	0	0	0
sub-131	1	1	0.0305599999999999	0	0	0
sub-131	3	1	0.0200499999999999	0	0	0
sub-131	5	1	0.99356	0	0	0
sub-131	2	1	0.43243	0	0	0
sub-135	3	0	1.93843	1	0	0
sub-135	2	1	0.46102	1	0	0
sub-135	3	1	1.35116	1	0	0
sub-135	9	1	0.61261	0	0	1
sub-135	10	1	0.0176000000000001	0	0	1
sub-135	5	0	0.3418	0	0	1
sub-135	8	0	0.24761	0	0	1
sub-135	1	0	0.66298	1	0	1
sub-135	10	1	0.10156	1	0	1
sub-135	10	1	0.12532	1	0	1
sub-135	8	0	1.49997	1	0	1
sub-135	4	0	0.02773	1	1	0
sub-135	3	0	0.35876	0	0	0
sub-135	6	0	0.79001	0	0	0
sub-135	3	0	0.62931	0	0	0
sub-135	3	0	0.79944	0	0	0
sub-135	7	0	0.0223199999999999	0	0	0
sub-135	5	0	0.0181	0	0	1
sub-135	3	0	0.0237000000000001	0	0	1
sub-135	9	0	0.0297400000000001	0	0	1
sub-135	7	0	0.01911	0	0	1
sub-135	10	0	0.27529	0	0	1
sub-135	10	1	0.398	0	0	1
sub-135	7	0	0.0199400000000001	0	0	1
sub-135	9	0	0.0259499999999999	0	0	1
sub-135	1	0	0.89159	1	1	0
sub-135	1	0	0.21483	1	1	0
sub-135	3	0	0.0214099999999999	1	1	0
sub-135	5	0	0.0275300000000001	1	1	0
sub-135	9	0	0.03318	1	1	0
sub-135	4	0	0.0234700000000001	1	1	0
sub-135	3	0	0.02928	1	1	0
sub-135	3	0	0.01884	1	1	0
sub-135	2	0	0.19736	0	0	0
sub-135	4	0	0.02044	0	0	0
sub-135	4	0	0.0289200000000001	1	1	0
sub-135	4	0	0.0186299999999999	1	1	0
sub-135	2	0	0.0241100000000001	1	1	0
sub-135	7	0	0.0300199999999999	1	1	0
sub-135	1	0	0.0192300000000001	1	1	0
sub-135	5	0	0.02512	1	1	0
sub-135	5	0	0.073	1	1	1
sub-135	1	0	0.02843	1	1	1
sub-135	9	0	0.26822	1	1	1
sub-135	7	0	1.08483	1	1	1
sub-135	8	0	0.0227999999999999	1	1	1
sub-135	10	1	0.57955	1	1	1
sub-135	10	1	0.01921	1	1	1
sub-135	10	1	0.02495	1	1	1
sub-135	7	0	0.50684	1	0	1
sub-135	7	0	0.0303	1	0	1
sub-135	4	0	0.0195099999999999	1	0	1
sub-135	10	1	0.0253000000000001	1	0	1
sub-135	10	1	0.03131	1	0	1
sub-135	10	1	0.02172	1	0	1
sub-135	6	0	0.02748	1	0	1
sub-135	10	1	0.01681	1	0	1
sub-135	10	1	0.02972	0	0	1
sub-135	6	0	0.2197	0	0	1
sub-135	9	0	0.0266999999999999	0	0	1
sub-135	10	1	0.0325500000000001	0	0	1
sub-135	9	0	0.49704	0	0	1
sub-135	4	0	0.0258400000000001	0	0	1
sub-135	4	0	0.15457	1	0	0
sub-135	4	0	0.02626	1	0	0
sub-135	2	0	0.63414	1	0	0
sub-135	4	0	0.02254	1	0	0
sub-135	7	0	0.02139	1	1	1
sub-135	8	0	0.02721	1	1	1
sub-135	5	0	0.0330600000000001	1	1	1
sub-135	8	0	0.0569599999999999	1	1	1
sub-135	10	0	0.0686500000000001	1	0	1
sub-135	8	0	0.0249600000000001	1	0	1
sub-135	9	0	0.31436	1	0	1
sub-135	8	0	0.0212600000000001	1	0	1
sub-135	8	0	0.0271600000000001	1	0	1
sub-135	7	0	0.0331300000000001	1	0	1
sub-135	5	0	0.0236000000000001	1	0	1
sub-135	1	0	0.5969	1	0	1
sub-135	9	0	0.17747	1	0	0
sub-135	5	0	0.0321199999999999	1	0	0
sub-135	1	0	0.0231300000000001	1	0	0
sub-135	3	0	0.02881	1	0	0
sub-135	1	0	0.0186900000000001	1	0	0
sub-135	1	0	1.64224	1	0	0
sub-135	2	0	0.03091	1	0	0
sub-135	1	0	0.80394	0	0	0
sub-135	3	0	0.0257700000000001	0	0	0
sub-135	5	0	0.03207	0	0	0
sub-135	2	0	0.0223199999999999	0	0	0
sub-135	1	0	0.1521	0	0	0
sub-136	5	1	0.85011	1	0	1
sub-136	9	1	0.17728	1	0	1
sub-136	9	1	1.48219	0	0	0
sub-136	1	0	0.99656	0	0	0
sub-136	2	0	1.27857	0	0	0
sub-136	4	1	0.3274	0	0	0
sub-136	4	1	0.02345	0	0	0
sub-136	2	0	1.13829	0	0	0
sub-136	3	0	0.02471	1	1	0
sub-136	3	0	0.32124	1	1	0
sub-136	8	1	0.02403	1	1	0
sub-136	7	1	0.53416	1	1	1
sub-136	7	1	0.0310299999999999	1	1	1
sub-136	4	1	0.07802	1	1	1
sub-136	9	1	0.0283599999999999	1	1	1
sub-136	8	1	0.02617	1	1	1
sub-136	8	1	0.0589500000000001	1	1	1
sub-136	6	1	0.02719	1	1	1
sub-136	10	1	0.14724	1	1	1
sub-136	6	1	0.40404	1	0	0
sub-136	3	0	0.28827	1	0	0
sub-136	7	1	0.0214300000000001	1	0	0
sub-136	1	0	0.0392699999999999	1	0	0
sub-136	4	1	0.0200199999999999	1	0	0
sub-136	2	0	0.57364	1	0	0
sub-136	2	0	0.02251	1	0	0
sub-136	3	0	0.48777	1	0	0
sub-136	7	1	0.04637	0	0	1
sub-136	9	1	0.0304899999999999	0	0	1
sub-136	8	1	0.0297400000000001	0	0	1
sub-136	6	1	0.0307500000000001	0	0	1
sub-136	2	0	0.50885	0	0	1
sub-136	9	1	0.02223	0	0	1
sub-136	8	1	0.40552	0	0	1
sub-136	10	1	0.02149	0	0	1
sub-136	3	0	0.99457	1	1	0
sub-136	2	0	0.0291399999999999	1	1	0
sub-136	3	0	0.0315799999999999	1	1	0
sub-136	6	1	0.11087	1	1	0
sub-136	4	1	0.0297000000000001	1	1	0
sub-136	3	0	0.79509	1	1	0
sub-136	9	1	0.55961	1	1	0
sub-136	4	1	0.08975	1	1	0
sub-136	3	0	0.61669	0	0	0
sub-136	1	0	0.0216000000000001	0	0	0
sub-136	2	0	0.0299400000000001	0	0	0
sub-136	1	0	0.0274700000000001	0	0	0
sub-136	4	1	0.02813	0	0	0
sub-136	4	1	0.02668	0	0	0
sub-136	6	1	0.02668	0	0	0
sub-136	7	1	0.02488	0	0	0
sub-136	1	1	0.48778	0	0	1
sub-136	6	1	0.01922	0	0	1
sub-136	9	1	0.01969	0	0	1
sub-136	10	1	0.01915	0	0	1
sub-136	7	1	0.0198100000000001	0	0	1
sub-136	7	1	0.26804	0	0	1
sub-136	9	1	0.15004	0	0	1
sub-136	8	1	0.0292699999999999	0	0	1
sub-136	4	1	0.17124	1	0	0
sub-136	2	1	0.11718	1	0	0
sub-136	2	1	1.0194	1	0	0
sub-136	1	1	0.33537	1	0	0
sub-136	8	1	0.0850500000000001	1	0	0
sub-136	4	1	0.0257799999999999	1	1	0
sub-136	1	0	0.02528	1	1	0
sub-136	6	1	0.3256	1	1	0
sub-136	10	1	0.06884	1	0	1
sub-136	6	1	0.18238	1	0	1
sub-136	7	1	0.03244	1	0	1
sub-136	7	1	0.01745	1	0	1
sub-136	3	1	0.0332300000000001	1	0	1
sub-136	7	1	0.01847	1	1	1
sub-136	8	1	0.08097	1	1	1
sub-136	7	1	0.08026	1	1	1
sub-136	5	1	0.5141	1	0	1
sub-136	7	1	0.0322199999999999	1	0	1
sub-136	10	1	0.01691	1	0	1
sub-136	8	1	0.0242800000000001	1	0	1
sub-136	7	1	0.02149	1	0	1
sub-136	7	1	0.02268	1	0	1
sub-136	8	1	0.0240199999999999	1	0	1
sub-136	1	1	0.0242599999999999	1	0	1
sub-136	5	1	0.12544	1	1	1
sub-136	7	1	0.0251999999999999	1	1	1
sub-136	10	1	0.02976	1	1	1
sub-136	7	1	0.0172600000000001	1	1	1
sub-136	3	1	0.0220100000000001	1	1	1
sub-136	9	1	0.0205900000000001	1	1	1
sub-136	9	1	0.0185	1	1	1
sub-136	8	1	0.33502	1	1	1
sub-136	4	1	0.47736	0	0	0
sub-136	6	1	0.02501	0	0	0
sub-136	7	1	0.02176	0	0	0
sub-136	1	1	0.57387	0	0	0
sub-136	1	0	1.39023	0	0	0
sub-136	10	1	0.03223	1	0	0
sub-136	3	1	0.29935	1	0	0
sub-136	4	1	0.03047	1	0	0
sub-137	1	0	1.89046	1	1	1
sub-137	9	1	0.96393	1	1	1
sub-137	7	1	1.67102	1	1	1
sub-137	6	1	0.89967	1	1	1
sub-137	9	1	0.17153	1	1	1
sub-137	3	0	0.0523899999999999	1	0	0
sub-137	2	0	0.45882	1	0	0
sub-137	3	0	0.19789	1	0	0
sub-137	4	0	0.89478	1	1	0
sub-137	2	0	0.0175099999999999	1	1	0
sub-137	6	1	1.32559	1	1	0
sub-137	2	0	0.0303500000000001	1	1	0
sub-137	4	0	0.0198	1	1	0
sub-137	1	0	0.46612	1	0	0
sub-137	2	0	0.12162	1	0	0
sub-137	3	0	0.0271699999999999	1	0	0
sub-137	7	1	0.24037	1	0	1
sub-137	7	1	0.11248	1	0	1
sub-137	7	1	0.48553	1	0	1
sub-137	2	0	0.02511	1	0	1
sub-137	8	1	0.0311699999999999	1	0	1
sub-137	6	0	0.32226	1	0	1
sub-137	7	1	0.02715	1	0	1
sub-137	7	1	0.03315	1	0	1
sub-137	1	0	1.7014	0	0	0
sub-137	4	0	0.54012	0	0	0
sub-137	4	0	0.37889	0	0	0
sub-137	4	0	0.26833	0	0	0
sub-137	3	0	0.0244899999999999	0	0	0
sub-137	1	0	0.0299199999999999	0	0	0
sub-137	5	0	0.35308	0	0	0
sub-137	10	1	0.49229	0	0	0
sub-137	8	1	0.57345	0	0	1
sub-137	7	1	0.51263	0	0	1
sub-137	3	0	0.13483	0	0	1
sub-137	10	1	0.42442	0	0	1
sub-137	8	1	0.44889	1	1	1
sub-137	3	0	0.0206999999999999	1	1	1
sub-137	10	1	0.0266999999999999	1	1	1
sub-137	7	1	0.11631	1	1	1
sub-137	9	1	0.02207	1	1	1
sub-137	10	1	0.40105	1	1	0
sub-137	3	0	0.02423	1	1	0
sub-137	7	1	0.39673	0	0	1
sub-137	8	1	0.21909	0	0	1
sub-137	10	1	0.17579	0	0	1
sub-137	5	0	0.1485	0	0	1
sub-137	9	1	0.40467	0	0	1
sub-137	10	1	0.56596	1	0	1
sub-137	9	1	0.02166	1	0	1
sub-137	10	1	0.3618	1	0	1
sub-137	7	1	0.35696	1	1	1
sub-137	8	1	0.02901	1	1	1
sub-137	3	0	0.01837	1	1	1
sub-137	7	1	0.02424	1	1	1
sub-137	9	1	0.0302199999999999	1	1	1
sub-137	2	0	0.0956300000000001	1	0	0
sub-137	2	0	0.01973	1	0	0
sub-137	8	1	0.02596	1	0	0
sub-137	2	0	0.03155	1	0	0
sub-137	6	0	1.23995	1	0	0
sub-137	4	0	0.02779	1	0	0
sub-137	1	0	0.01698	1	0	0
sub-137	3	0	0.07443	1	0	0
sub-137	3	0	0.52162	0	0	0
sub-137	6	1	0.94534	0	0	0
sub-137	1	0	0.0334099999999999	0	0	0
sub-137	9	1	0.0240199999999999	0	0	0
sub-137	3	0	0.0296700000000001	0	0	0
sub-137	4	0	0.68639	0	0	0
sub-137	3	0	0.29229	0	0	0
sub-137	4	0	0.33164	0	0	0
sub-137	7	1	1.33149	0	0	1
sub-137	1	0	0.10271	0	0	1
sub-137	9	1	0.0251999999999999	0	0	1
sub-137	8	1	0.03115	0	0	1
sub-137	9	1	0.35528	0	0	1
sub-137	10	1	0.36114	0	0	1
sub-137	6	0	0.68514	0	0	1
sub-137	8	1	0.02336	0	0	1
sub-137	1	0	0.95438	1	1	0
sub-137	6	0	1.67836	1	1	0
sub-137	2	0	0.0840099999999999	1	1	0
sub-137	1	0	0.0403899999999999	1	1	0
sub-137	9	1	0.02895	1	1	0
sub-137	3	0	0.0183500000000001	1	1	0
sub-137	4	0	0.0240499999999999	1	1	0
sub-137	2	0	0.02997	1	1	0
sub-137	1	0	0.71085	0	0	0
sub-137	5	0	0.46735	0	0	0
sub-137	2	0	0.02294	0	0	0
sub-137	1	0	0.02877	0	0	0
sub-137	2	0	0.01803	0	0	0
sub-137	4	0	0.0239100000000001	0	0	0
sub-137	7	1	0.33017	0	0	0
sub-137	4	0	0.02007	0	0	0
sub-138	3	1	0.05539	0	0	0
sub-138	6	1	0.43701	0	0	0
sub-138	3	1	0.34198	0	0	0
sub-138	2	0	0.82212	1	1	1
sub-138	9	1	1.99569	1	1	1
sub-138	9	1	1.63441	1	1	1
sub-138	10	1	0.0891900000000001	1	1	1
sub-138	5	0	0.12843	1	1	1
sub-138	5	1	1.20876	1	0	0
sub-138	2	0	0.71564	1	0	0
sub-138	2	1	0.0208299999999999	1	0	0
sub-138	2	0	0.87047	1	1	1
sub-138	7	1	0.87624	1	1	1
sub-138	5	1	1.01765	1	1	1
sub-138	9	1	0.20661	1	1	1
sub-138	10	1	0.0296000000000001	1	1	1
sub-138	1	1	0.50949	0	0	1
sub-138	10	1	0.21592	0	0	1
sub-138	9	1	0.08847	0	0	1
sub-138	9	1	0.03192	1	0	1
sub-138	8	1	0.0222100000000001	1	0	1
sub-138	5	1	1.03633	1	0	1
sub-138	4	0	0.55819	1	0	1
sub-138	1	0	0.57415	1	0	0
sub-138	3	0	0.63042	1	0	0
sub-138	5	1	0.33623	1	0	0
sub-138	9	1	0.0249900000000001	1	0	0
sub-138	2	0	0.06951	1	1	0
sub-138	1	0	0.0248699999999999	1	1	0
sub-138	10	1	1.1604	0	0	0
sub-138	6	1	0.6487	0	0	0
sub-138	1	0	1.35565	0	0	0
sub-138	2	0	0.52804	0	0	0
sub-138	4	1	1.38447	0	0	0
sub-138	1	0	0.08952	0	0	0
sub-138	3	0	1.22947	0	0	0
sub-138	1	0	0.53527	0	0	0
sub-138	4	1	0.67994	1	1	0
sub-138	3	1	0.0857000000000001	1	1	0
sub-138	4	1	0.05847	1	1	0
sub-138	1	1	1.89945	1	1	0
sub-138	8	1	0.63769	1	1	0
sub-138	2	0	1.49422	1	1	0
sub-138	4	1	0.26654	1	1	0
sub-138	6	1	0.0224200000000001	1	1	0
sub-138	10	1	0.55527	1	0	1
sub-138	3	1	0.22815	1	0	1
sub-138	9	1	0.0325200000000001	1	0	1
sub-138	9	1	0.10733	1	0	1
sub-138	9	1	0.02965	1	0	1
sub-138	8	1	0.11956	1	0	1
sub-138	4	1	0.40667	1	1	0
sub-138	5	1	0.62731	1	1	1
sub-138	8	1	0.0169999999999999	1	1	1
sub-138	9	1	0.25765	1	1	1
sub-138	7	0	1.71471	1	1	1
sub-138	10	1	0.0189900000000001	1	1	1
sub-138	9	1	0.24215	1	1	1
sub-138	7	1	0.0980000000000001	1	1	1
sub-138	3	0	1.9131	0	0	1
sub-138	8	1	0.0168699999999999	0	0	1
sub-138	7	1	1.43308	0	0	1
sub-138	8	1	0.40371	0	0	1
sub-138	10	1	1.06118	0	0	1
sub-138	8	1	0.2667	0	0	1
sub-138	2	1	1.52054	1	0	0
sub-138	4	1	0.0242599999999999	1	0	0
sub-138	3	1	0.31547	1	0	0
sub-138	5	1	0.82184	1	0	0
sub-138	8	1	0.37729	1	0	0
sub-138	4	1	1.76886	1	0	0
sub-138	2	1	0.09002	1	0	0
sub-138	3	1	0.49596	1	0	0
sub-138	6	0	1.6124	0	0	0
sub-138	8	1	1.28549	0	0	0
sub-138	3	0	1.92542	0	0	0
sub-138	2	0	0.43008	0	0	0
sub-138	1	0	1.05979	0	0	0
sub-138	2	0	1.53301	0	0	0
sub-138	1	0	0.78949	0	0	0
sub-138	7	0	0.49358	0	0	1
sub-138	8	1	0.04905	0	0	1
sub-138	4	1	0.0728	0	0	1
sub-140	6	1	0.35439	1	0	1
sub-140	8	1	0.5439	1	0	1
sub-140	9	1	0.13279	1	0	1
sub-140	2	0	1.88204	1	0	0
sub-140	1	1	0.01918	1	0	0
sub-140	1	0	0.64243	1	0	0
sub-140	7	1	0.03216	1	0	0
sub-140	1	1	0.28952	1	0	0
sub-140	5	0	1.39632	1	0	0
sub-140	1	1	0.60156	1	0	0
sub-140	2	0	0.55784	1	0	0
sub-140	2	1	0.98526	0	0	0
sub-140	2	0	1.45958	0	0	0
sub-140	1	1	0.29936	0	0	0
sub-140	4	1	0.17269	0	0	0
sub-140	6	1	0.31333	0	0	0
sub-140	3	1	1.87154	0	0	0
sub-140	2	0	0.80969	0	0	0
sub-140	9	1	0.04861	0	0	0
sub-140	1	1	0.49434	1	1	0
sub-140	4	1	0.03288	1	1	0
sub-140	2	0	0.55863	1	1	0
sub-140	2	1	0.03054	1	1	0
sub-140	5	1	0.121	1	1	0
sub-140	2	0	1.84506	1	1	0
sub-140	1	0	0.53419	1	1	0
sub-140	9	1	0.02278	1	1	0
sub-140	9	1	1.32163	1	1	1
sub-140	5	1	0.47682	1	1	1
sub-140	9	1	0.0491299999999999	1	1	1
sub-140	8	1	0.02841	0	0	1
sub-140	2	0	0.41829	0	0	1
sub-140	6	1	0.22378	0	0	1
sub-140	8	1	0.3803	0	0	1
sub-140	8	1	0.0189299999999999	0	0	1
sub-140	4	1	0.90173	1	0	1
sub-140	10	1	0.0232699999999999	1	0	1
sub-140	9	1	0.03064	1	0	1
sub-140	7	1	0.20381	1	0	1
sub-140	7	1	0.04348	1	0	1
sub-140	7	1	0.19948	1	0	1
sub-140	8	1	0.15554	1	0	1
sub-140	5	0	0.46158	1	0	1
sub-140	10	1	0.30946	1	1	1
sub-140	10	1	0.03285	1	1	1
sub-140	2	0	0.55703	1	1	1
sub-140	10	1	0.40503	1	1	0
sub-140	4	1	0.22763	1	1	0
sub-140	3	1	0.46683	1	1	0
sub-140	1	0	0.47306	1	1	0
sub-140	4	1	0.24527	1	1	0
sub-140	8	1	0.66113	0	0	1
sub-140	6	1	0.03301	0	0	1
sub-140	8	1	0.0241499999999999	0	0	1
sub-140	1	0	0.16483	0	0	0
sub-140	3	1	0.55438	0	0	0
sub-140	2	1	0.37715	0	0	0
sub-140	3	1	0.26709	0	0	0
sub-140	5	1	0.42424	0	0	0
sub-140	2	1	0.97168	1	0	0
sub-140	6	1	0.02325	1	0	0
sub-140	3	0	1.61495	1	0	0
sub-140	2	0	1.60993	1	1	0
sub-140	4	1	0.34007	1	1	0
sub-140	2	1	0.59641	1	1	0
sub-140	8	1	0.0182	1	1	0
sub-140	6	1	0.15784	1	1	0
sub-140	3	1	1.99061	0	0	0
sub-140	9	1	0.30295	0	0	0
sub-140	1	1	0.0248299999999999	0	0	0
sub-140	4	1	0.0974999999999999	0	0	0
sub-140	4	1	0.0199800000000001	0	0	0
sub-140	2	0	0.72671	0	0	0
sub-140	4	1	0.03199	0	0	0
sub-140	10	1	0.47674	1	0	1
sub-140	4	1	0.16671	1	0	1
sub-140	7	1	0.94018	1	0	1
sub-140	5	1	0.27892	1	0	1
sub-140	8	1	0.21808	1	0	1
sub-140	9	1	0.02338	1	0	1
sub-140	8	1	0.02939	1	0	1
sub-140	10	1	0.10257	1	0	1
sub-140	8	0	1.08134	0	0	1
sub-140	7	1	0.0206999999999999	0	0	1
sub-140	6	1	0.15987	0	0	1
sub-140	7	1	0.0324500000000001	0	0	1
sub-140	1	0	0.23984	0	0	1
sub-140	9	1	0.0454399999999999	0	0	1
sub-140	10	1	0.20146	0	0	1
sub-140	8	1	0.02359	0	0	1
sub-140	6	1	0.96896	1	1	1
sub-140	8	1	0.20862	1	1	1
sub-140	1	0	0.29927	1	1	1
sub-140	9	1	0.15608	1	1	1
sub-143	1	1	0.65961	1	1	0
sub-143	3	1	0.10547	1	1	0
sub-143	1	1	0.75218	1	1	0
sub-143	5	1	0.0312600000000001	1	1	0
sub-143	8	1	0.03207	1	0	1
sub-143	10	1	0.0269299999999999	1	0	1
sub-143	5	1	0.18878	1	0	1
sub-143	7	1	0.0347	1	0	1
sub-143	9	1	0.0303599999999999	1	0	1
sub-143	8	1	0.0267599999999999	1	0	1
sub-143	4	1	0.02207	1	0	1
sub-143	7	1	0.0180800000000001	1	0	1
sub-143	4	1	0.0204	1	0	0
sub-143	3	1	0.0174000000000001	1	0	0
sub-143	2	1	0.0301400000000001	1	0	0
sub-143	7	1	0.02718	1	0	0
sub-143	4	1	0.02217	1	0	0
sub-143	6	1	0.33629	1	0	0
sub-143	2	0	1.00074	1	0	0
sub-143	4	1	0.02936	1	0	0
sub-143	3	1	0.96833	0	0	0
sub-143	1	0	0.28165	0	0	0
sub-143	3	1	0.0269299999999999	0	0	0
sub-143	2	1	0.756	0	0	0
sub-143	9	1	0.0185200000000001	0	0	0
sub-143	4	1	0.0306	0	0	0
sub-143	6	1	0.0270300000000001	0	0	0
sub-143	2	1	0.29199	0	0	0
sub-143	7	1	0.0786800000000001	1	1	1
sub-143	2	0	1.09097	1	1	1
sub-143	8	1	0.02003	1	1	1
sub-143	7	1	0.02101	0	0	1
sub-143	10	1	0.0190699999999999	0	0	1
sub-143	10	1	0.03122	0	0	1
sub-143	2	1	0.02898	0	0	1
sub-143	5	1	0.0245599999999999	0	0	1
sub-143	3	1	0.66147	1	1	0
sub-143	4	1	0.0224500000000001	1	1	0
sub-143	4	1	0.02789	0	0	0
sub-143	3	1	0.0246299999999999	0	0	0
sub-143	1	0	0.02085	0	0	0
sub-143	3	1	0.03311	0	0	0
sub-143	4	1	0.26353	0	0	0
sub-143	1	0	0.22636	0	0	0
sub-143	10	1	0.04541	0	0	1
sub-143	10	1	0.0244800000000001	0	0	1
sub-143	10	1	0.0262100000000001	1	0	1
sub-143	8	1	0.0226500000000001	1	0	1
sub-143	8	1	0.01891	1	0	1
sub-143	5	1	0.03077	1	0	1
sub-143	10	1	0.02643	1	0	1
sub-143	10	1	0.0216099999999999	1	0	1
sub-143	2	0	0.01678	1	0	1
sub-143	10	1	0.0196000000000001	1	1	1
sub-143	8	1	0.0324599999999999	1	1	1
sub-143	8	1	0.0272600000000001	1	1	1
sub-143	3	1	0.10746	1	1	1
sub-143	9	1	0.0203500000000001	1	1	1
sub-143	8	1	0.0326599999999999	1	1	1
sub-143	5	1	0.0291300000000001	1	1	1
sub-143	9	1	0.0253099999999999	1	1	1
sub-143	9	1	0.23062	0	0	1
sub-143	2	0	0.85584	1	0	0
sub-143	5	1	0.0327200000000001	1	0	0
sub-143	4	1	0.0272600000000001	1	0	0
sub-143	2	0	0.15707	1	0	0
sub-143	4	1	0.0185200000000001	1	0	0
sub-143	3	1	0.0311699999999999	1	0	0
sub-143	7	1	0.0276799999999999	1	0	0
sub-143	4	1	0.0230900000000001	1	0	0
sub-143	5	1	0.04088	1	1	1
sub-143	9	1	0.0197499999999999	1	1	1
sub-143	9	1	0.0321199999999999	1	1	1
sub-143	9	1	0.0292600000000001	1	1	1
sub-143	3	1	0.0258100000000001	1	1	1
sub-143	7	1	0.02122	1	1	1
sub-143	7	1	0.0173000000000001	1	1	1
sub-143	10	1	0.0298	1	1	1
sub-143	4	1	0.03494	1	1	0
sub-143	3	1	0.29866	1	1	0
sub-143	4	1	0.02657	1	1	0
sub-143	4	1	0.02271	1	1	0
sub-143	4	1	0.01769	1	1	0
sub-143	1	1	0.01922	1	0	1
sub-143	10	1	0.03192	1	0	1
sub-143	9	1	0.02766	1	0	1
sub-143	1	0	0.71425	1	0	0
sub-143	3	1	0.0265200000000001	1	0	0
sub-143	1	0	0.02196	1	0	0
sub-143	3	1	0.03288	1	0	0
sub-143	5	1	0.02885	1	0	0
sub-143	4	1	0.02475	1	0	0
sub-143	4	1	0.02138	1	0	0
sub-143	8	1	0.0327999999999999	1	0	0
sub-144	1	1	1.91089	1	1	0
sub-144	1	0	0.67138	1	1	0
sub-144	1	0	1.38433	1	1	0
sub-144	10	1	0.27972	1	1	0
sub-144	1	1	0.65961	1	1	0
sub-144	3	1	0.10547	1	1	0
sub-144	1	1	0.75218	1	1	0
sub-144	5	1	0.0312600000000001	1	1	0
sub-144	8	1	0.03207	1	0	1
sub-144	10	1	0.0269299999999999	1	0	1
sub-144	5	1	0.18878	1	0	1
sub-144	7	1	0.0347	1	0	1
sub-144	9	1	0.0303599999999999	1	0	1
sub-144	8	1	0.0267599999999999	1	0	1
sub-144	4	1	0.02207	1	0	1
sub-144	7	1	0.0180800000000001	1	0	1
sub-144	4	1	0.0204	1	0	0
sub-144	3	1	0.0174000000000001	1	0	0
sub-144	1	0	0.28165	0	0	0
sub-144	3	1	0.0269299999999999	0	0	0
sub-144	2	1	0.756	0	0	0
sub-144	9	1	0.0185200000000001	0	0	0
sub-144	4	1	0.0306	0	0	0
sub-144	6	1	0.0270300000000001	0	0	0
sub-144	2	1	0.29199	0	0	0
sub-144	7	1	0.0786800000000001	1	1	1
sub-144	2	0	1.09097	1	1	1
sub-144	8	1	0.02003	1	1	1
sub-144	9	1	0.0328999999999999	1	1	1
sub-144	5	1	0.02766	1	1	1
sub-144	7	1	0.0224800000000001	1	1	1
sub-144	9	1	0.01844	1	1	1
sub-144	7	1	0.03243	1	1	1
sub-144	7	1	0.23463	0	0	1
sub-144	8	1	0.02919	0	0	1
sub-144	10	1	0.02545	0	0	1
sub-144	7	1	0.02101	0	0	1
sub-144	10	1	0.0190699999999999	0	0	1
sub-144	10	1	0.03122	0	0	1
sub-144	3	1	0.0246299999999999	0	0	0
sub-144	1	0	0.02085	0	0	0
sub-144	3	1	0.03311	0	0	0
sub-144	4	1	0.26353	0	0	0
sub-144	1	0	0.22636	0	0	0
sub-144	10	1	0.04541	0	0	1
sub-144	10	1	0.0244800000000001	0	0	1
sub-144	10	1	0.0199499999999999	0	0	1
sub-144	5	1	0.0230600000000001	0	0	0
sub-144	4	1	0.0200100000000001	0	0	0
sub-144	3	1	0.0168999999999999	0	0	0
sub-144	3	1	0.0290600000000001	0	0	0
sub-144	2	0	0.02637	0	0	0
sub-144	9	1	0.0300199999999999	1	0	1
sub-144	10	1	0.0262100000000001	1	0	1
sub-144	8	1	0.0226500000000001	1	0	1
sub-144	8	1	0.01891	1	0	1
sub-144	5	1	0.03077	1	0	1
sub-144	10	1	0.02643	1	0	1
sub-144	10	1	0.0216099999999999	1	0	1
sub-144	2	0	0.01678	1	0	1
sub-144	10	1	0.0196000000000001	1	1	1
sub-144	8	1	0.0324599999999999	1	1	1
sub-144	8	1	0.0272600000000001	1	1	1
sub-144	3	1	0.10746	1	1	1
sub-144	9	1	0.0203500000000001	1	1	1
sub-144	8	1	0.0326599999999999	1	1	1
sub-144	5	1	0.0291300000000001	1	1	1
sub-144	9	1	0.0253099999999999	1	1	1
sub-144	9	1	0.23062	0	0	1
sub-144	5	1	0.29273	0	0	1
sub-144	9	1	0.02122	0	0	1
sub-144	5	1	0.0327200000000001	1	0	0
sub-144	4	1	0.0272600000000001	1	0	0
sub-144	2	0	0.15707	1	0	0
sub-144	4	1	0.0185200000000001	1	0	0
sub-144	3	1	0.0311699999999999	1	0	0
sub-144	7	1	0.0276799999999999	1	0	0
sub-144	4	1	0.0230900000000001	1	0	0
sub-144	5	1	0.04088	1	1	1
sub-144	9	1	0.0197499999999999	1	1	1
sub-144	9	1	0.0321199999999999	1	1	1
sub-144	9	1	0.0292600000000001	1	1	1
sub-144	3	1	0.0258100000000001	1	1	1
sub-144	7	1	0.02122	1	1	1
sub-144	7	1	0.0173000000000001	1	1	1
sub-144	10	1	0.0298	1	1	1
sub-144	4	1	0.03494	1	1	0
sub-144	3	1	0.29866	1	1	0
sub-144	4	1	0.02657	1	1	0
sub-144	4	1	0.02271	1	1	0
sub-144	4	1	0.01769	1	1	0
sub-144	10	1	0.03061	1	1	0
sub-144	5	1	0.02674	1	1	0
sub-144	2	1	0.68972	1	1	0
sub-144	10	1	0.25919	1	0	1
sub-144	6	1	0.02016	1	0	1
sub-144	8	1	0.0330999999999999	1	0	1
sub-144	8	1	0.02789	1	0	1
sub-144	10	1	0.0234700000000001	1	0	1
sub-144	1	1	0.01922	1	0	1
sub-144	10	1	0.03192	1	0	1
sub-144	9	1	0.02766	1	0	1
sub-144	8	1	0.0327999999999999	1	0	0
sub-145	9	1	1.58022	0	0	1
sub-145	9	1	1.62088	0	0	1
sub-145	9	1	1.00965	0	0	1
sub-145	7	0	0.68207	0	0	1
sub-145	3	0	0.50447	0	0	1
sub-145	9	1	0.02634	0	0	1
sub-145	10	1	0.49962	0	0	1
sub-145	3	0	0.57626	1	0	1
sub-145	9	1	0.49874	1	0	1
sub-145	7	1	0.59047	1	0	1
sub-145	7	1	0.51306	1	0	1
sub-145	6	0	0.46907	1	0	1
sub-145	10	1	0.59248	1	0	1
sub-145	10	1	0.49842	1	0	1
sub-145	7	1	0.75477	1	0	1
sub-145	10	1	0.53233	1	1	1
sub-145	8	1	0.50718	1	1	1
sub-145	7	1	0.4797	1	1	1
sub-145	2	0	0.50311	1	1	1
sub-145	10	1	0.49154	1	1	1
sub-145	9	1	0.49736	1	1	1
sub-145	5	0	0.5369	1	1	1
sub-145	9	1	0.50857	1	1	1
sub-145	2	0	0.80711	1	0	0
sub-145	1	0	0.49667	1	0	0
sub-145	5	0	0.48699	1	0	0
sub-145	3	0	0.41047	1	0	0
sub-145	4	0	0.46663	1	0	0
sub-145	1	0	0.45611	1	0	0
sub-145	10	1	0.46172	1	0	0
sub-145	1	0	0.41755	1	0	0
sub-145	10	1	0.14519	1	1	1
sub-145	7	1	0.51807	1	1	1
sub-145	1	0	0.45733	1	1	1
sub-145	10	1	0.47991	1	1	1
sub-145	5	0	0.46905	1	1	1
sub-145	7	1	0.42552	1	1	1
sub-145	8	1	0.44855	1	1	1
sub-145	3	0	0.55829	1	0	0
sub-145	1	0	0.0281499999999999	1	1	0
sub-145	6	0	1.23654	1	1	0
sub-145	1	0	0.0257400000000001	1	1	0
sub-145	4	0	0.03149	1	1	0
sub-145	2	0	0.05565	1	1	0
sub-145	7	1	0.46346	1	1	0
sub-145	2	0	0.33441	1	1	0
sub-145	9	1	0.77971	0	0	1
sub-145	10	1	0.38597	0	0	1
sub-145	10	1	0.4086	0	0	1
sub-145	9	1	0.46571	0	0	1
sub-145	7	1	0.50497	0	0	1
sub-145	10	1	0.4443	0	0	1
sub-145	6	0	0.43345	0	0	1
sub-145	1	0	0.33925	0	0	1
sub-145	7	1	1.27153	1	0	1
sub-145	7	1	0.40981	1	0	1
sub-145	8	1	0.43358	1	0	1
sub-145	9	1	0.38952	1	0	1
sub-145	1	0	0.29525	1	0	1
sub-145	8	1	0.48503	1	0	1
sub-145	10	1	0.42494	1	0	1
sub-145	5	0	0.39914	1	0	1
sub-145	2	0	1.02905	0	0	0
sub-145	5	0	0.55237	0	0	0
sub-145	4	0	0.37469	0	0	0
sub-145	9	1	0.3975	0	0	0
sub-145	1	0	0.18626	0	0	0
sub-145	4	0	0.37542	0	0	0
sub-145	2	0	0.23275	0	0	0
sub-145	1	0	0.0215700000000001	0	0	0
sub-145	10	1	0.9217	0	0	1
sub-145	7	1	0.49521	0	0	1
sub-145	1	0	0.01695	0	0	1
sub-145	8	1	0.30802	0	0	1
sub-145	9	1	0.38049	0	0	1
sub-145	9	1	0.0192399999999999	0	0	1
sub-145	5	0	0.0254000000000001	0	0	1
sub-145	9	1	0.03084	0	0	1
sub-145	3	0	1.01365	0	0	0
sub-145	1	0	0.0357799999999999	0	0	0
sub-145	3	0	0.02477	0	0	0
sub-145	6	0	0.83155	0	0	0
sub-145	4	0	0.0203899999999999	0	0	0
sub-145	3	0	0.02556	0	0	0
sub-145	9	1	0.16538	0	0	0
sub-145	4	0	0.0209600000000001	0	0	0
sub-145	10	1	1.40204	1	1	1
sub-145	2	0	0.0170600000000001	1	1	0
sub-145	2	0	0.0238	1	1	0
sub-145	2	0	0.13041	1	1	0
sub-145	1	0	0.11932	1	1	0
sub-145	8	1	0.22544	1	1	0
sub-145	6	0	0.46486	1	1	0
sub-145	4	0	1.33806	1	1	0
sub-147	4	1	1.66813	0	0	0
sub-147	5	1	1.32477	0	0	0
sub-147	10	0	1.48119	0	0	0
sub-147	2	1	0.8532	0	0	0
sub-147	4	1	0.39195	0	0	0
sub-147	3	0	1.26651	0	0	0
sub-147	4	1	0.73944	0	0	0
sub-147	3	1	1.61313	0	0	0
sub-147	4	1	1.22565	1	1	1
sub-147	9	1	0.74917	1	1	1
sub-147	8	1	0.42394	1	1	1
sub-147	10	1	0.44738	1	1	1
sub-147	10	1	0.37	1	1	1
sub-147	10	1	0.60939	1	1	1
sub-147	6	1	0.41637	1	1	1
sub-147	8	1	0.83926	1	1	1
sub-147	9	1	0.48634	1	1	0
sub-147	2	1	1.144	1	1	0
sub-147	3	1	0.94982	1	1	0
sub-147	4	1	0.38833	1	1	0
sub-147	6	1	0.41111	1	1	0
sub-147	2	0	1.91781	1	1	0
sub-147	4	1	0.23953	1	1	0
sub-147	3	1	0.71226	1	1	0
sub-147	4	1	0.64248	0	0	1
sub-147	8	1	0.25	0	0	1
sub-147	10	1	0.0231699999999999	0	0	1
sub-147	5	1	0.39637	0	0	1
sub-147	8	1	0.0185900000000001	0	0	1
sub-147	10	1	0.45836	0	0	1
sub-147	8	1	0.3975	0	0	1
sub-147	7	1	0.15316	0	0	1
sub-147	3	1	0.86434	1	0	0
sub-147	6	1	0.42019	1	0	0
sub-147	4	1	0.29469	1	0	0
sub-147	9	1	0.30067	1	0	0
sub-147	4	1	1.22244	1	0	0
sub-147	3	1	0.7778	1	0	0
sub-147	10	1	1.87453	1	0	1
sub-147	7	1	0.0633600000000001	1	0	1
sub-147	8	1	0.40367	1	0	1
sub-147	9	1	1.04361	1	0	1
sub-147	1	1	0.48238	1	0	1
sub-147	8	1	0.25478	1	0	1
sub-147	5	1	0.27757	1	0	1
sub-147	9	1	0.38335	1	0	1
sub-147	4	1	0.68197	1	1	0
sub-147	2	0	1.74006	1	1	0
sub-147	8	1	0.24348	0	0	0
sub-147	6	1	0.06586	0	0	0
sub-147	1	0	0.10522	0	0	0
sub-147	3	1	0.89523	0	0	0
sub-147	3	1	0.40094	0	0	0
sub-147	3	0	0.55646	0	0	0
sub-147	10	0	0.8853	1	1	1
sub-147	10	1	0.27427	1	1	1
sub-147	6	1	0.13116	1	1	1
sub-147	10	1	0.60424	1	1	1
sub-147	8	1	0.12604	1	1	1
sub-147	10	1	0.78402	1	1	1
sub-147	4	1	0.57278	1	1	1
sub-147	8	1	0.34509	1	1	1
sub-147	8	1	0.82399	1	0	1
sub-147	3	1	1.04711	1	1	0
sub-147	1	0	0.70396	1	1	0
sub-147	3	1	0.51055	1	1	0
sub-147	2	0	0.31648	1	1	0
sub-147	5	1	0.05538	1	1	0
sub-147	2	0	0.02725	1	1	0
sub-147	6	1	0.45758	1	0	0
sub-147	3	1	1.23082	1	0	0
sub-147	4	1	0.62083	1	0	0
sub-147	3	1	0.32648	1	0	0
sub-147	2	0	0.14911	1	0	0
sub-147	8	1	0.10478	1	0	0
sub-147	4	1	0.02712	1	0	0
sub-147	3	1	0.4343	1	0	0
sub-147	7	1	0.43239	0	0	1
sub-147	9	1	0.0889800000000001	0	0	1
sub-147	7	1	0.0277400000000001	0	0	1
sub-147	8	1	0.0172699999999999	0	0	1
sub-147	7	1	0.0241100000000001	0	0	1
sub-147	9	1	0.0301199999999999	0	0	1
sub-147	6	1	0.0194399999999999	0	0	1
sub-147	2	0	0.80941	0	0	1
sub-147	8	1	0.30537	1	1	1
sub-147	10	1	0.02762	1	1	1
sub-147	1	0	1.21887	0	0	0
sub-147	1	0	0.19173	0	0	0
sub-147	4	1	0.0813999999999999	0	0	0
sub-147	3	1	0.33691	0	0	0
sub-147	7	1	0.02562	0	0	0
sub-147	3	1	0.14868	0	0	0
sub-147	8	1	0.5781	1	0	1
sub-147	9	1	0.05121	1	0	1
sub-149	7	1	0.0330699999999999	1	0	1
sub-149	9	1	0.21362	1	0	1
sub-149	7	1	0.0253300000000001	1	0	1
sub-149	4	1	0.67924	1	1	0
sub-149	8	1	0.0242	1	1	0
sub-149	4	1	0.0205500000000001	1	1	0
sub-149	2	1	0.31604	1	1	0
sub-149	2	1	1.39486	1	1	0
sub-149	4	1	0.02305	1	1	0
sub-149	5	1	0.08626	1	1	0
sub-149	8	1	1.49299	0	0	1
sub-149	1	0	0.85609	0	0	1
sub-149	7	1	0.10208	0	0	1
sub-149	9	1	0.43276	0	0	1
sub-149	8	1	0.0283	0	0	1
sub-149	7	1	0.24338	0	0	1
sub-149	8	1	0.0739700000000001	0	0	1
sub-149	6	1	0.03698	0	0	1
sub-149	4	1	0.14508	0	0	0
sub-149	4	1	0.02658	0	0	0
sub-149	3	1	0.50684	0	0	0
sub-149	1	0	0.16985	0	0	0
sub-149	9	1	0.0326900000000001	0	0	0
sub-149	2	1	0.26265	0	0	0
sub-149	6	1	0.0254399999999999	0	0	0
sub-149	2	1	0.41399	0	0	1
sub-149	10	1	0.02708	0	0	1
sub-149	7	1	0.0239499999999999	0	0	1
sub-149	9	1	0.0199499999999999	0	0	1
sub-149	10	1	0.0305599999999999	0	0	1
sub-149	8	1	0.02827	0	0	1
sub-149	6	1	0.02538	0	0	1
sub-149	6	1	0.0216099999999999	1	1	0
sub-149	5	1	0.65764	1	1	1
sub-149	8	1	0.0198100000000001	1	1	1
sub-149	9	1	0.0322800000000001	1	1	1
sub-149	9	1	0.0284599999999999	1	1	1
sub-149	4	1	0.0249999999999999	1	1	1
sub-149	10	1	0.02139	1	1	1
sub-149	7	1	0.0174799999999999	1	1	1
sub-149	10	1	0.0293300000000001	1	1	1
sub-149	7	1	0.01728	0	0	0
sub-149	2	1	0.0307999999999999	0	0	0
sub-149	3	1	0.0277099999999999	0	0	0
sub-149	2	1	0.0242599999999999	0	0	0
sub-149	2	1	0.02105	0	0	0
sub-149	5	1	0.01702	0	0	0
sub-149	2	1	0.0299799999999999	0	0	0
sub-149	2	1	0.0257400000000001	0	0	0
sub-149	7	1	1.28838	1	1	1
sub-149	10	1	0.11663	1	1	1
sub-149	10	1	0.0469299999999999	1	1	1
sub-149	6	1	0.02721	1	1	1
sub-149	8	1	0.0211600000000001	0	0	1
sub-149	7	1	0.0179100000000001	0	0	1
sub-149	8	1	0.03003	0	0	1
sub-149	7	1	0.0264599999999999	0	0	1
sub-149	8	1	0.03156	1	0	1
sub-149	10	1	0.0281899999999999	1	0	1
sub-149	5	1	0.0248699999999999	1	0	1
sub-149	10	1	0.0190699999999999	1	0	1
sub-149	7	1	0.0327299999999999	1	0	1
sub-149	8	1	0.0287500000000001	1	0	1
sub-149	4	1	0.02427	1	0	1
sub-149	8	1	0.0205200000000001	1	0	1
sub-149	1	0	0.54128	1	0	0
sub-149	3	1	0.0378499999999999	1	0	0
sub-149	2	1	0.0174300000000001	1	0	0
sub-149	3	1	0.0307	1	0	0
sub-149	6	1	0.0254399999999999	1	0	0
sub-149	1	0	0.10567	1	0	0
sub-149	1	0	0.13576	1	0	0
sub-149	7	1	0.0321199999999999	1	0	0
sub-149	4	1	0.0174700000000001	0	0	0
sub-149	4	1	0.0327	0	0	0
sub-149	5	1	0.0295000000000001	0	0	0
sub-149	3	1	0.02599	0	0	0
sub-149	2	1	0.12213	0	0	0
sub-149	1	0	0.25273	0	0	0
sub-149	7	1	0.0319100000000001	0	0	0
sub-149	3	1	0.0290600000000001	0	0	0
sub-149	9	1	0.31676	1	0	1
sub-149	8	1	0.02719	1	0	1
sub-149	7	1	0.0237700000000001	1	1	1
sub-149	2	1	0.02003	1	1	1
sub-149	8	1	0.0172099999999999	1	1	1
sub-149	10	1	0.0316099999999999	1	1	1
sub-149	8	1	0.0283	1	1	1
sub-149	10	1	0.0265899999999999	1	1	1
sub-149	5	1	0.0236099999999999	1	1	1
sub-149	8	1	0.0209900000000001	1	1	1
sub-149	2	1	0.0300199999999999	1	1	0
sub-149	3	1	0.0268600000000001	1	1	0
sub-150	8	1	1.95788	0	0	1
sub-150	7	1	0.68	0	0	1
sub-150	8	1	0.61931	0	0	1
sub-150	9	1	0.34165	0	0	1
sub-150	2	0	0.54824	0	0	1
sub-150	5	1	0.53821	0	0	1
sub-150	8	1	0.74419	0	0	1
sub-150	7	1	0.39966	0	0	1
sub-150	6	1	0.94484	1	0	1
sub-150	9	1	0.38553	1	0	1
sub-150	7	1	0.60893	1	0	1
sub-150	7	1	0.49905	1	0	1
sub-150	8	1	0.47169	1	0	1
sub-150	3	0	0.40152	0	0	0
sub-150	5	1	0.30728	0	0	0
sub-150	3	1	0.847	0	0	0
sub-150	4	1	0.62749	1	1	0
sub-150	1	0	0.36765	1	1	0
sub-150	2	0	1.29227	1	1	0
sub-150	7	1	0.48098	1	1	0
sub-150	4	1	0.6536	1	1	0
sub-150	4	1	0.52627	1	1	0
sub-150	5	1	0.36524	1	1	0
sub-150	3	0	0.38766	1	1	0
sub-150	6	1	0.35266	1	0	0
sub-150	3	0	0.71033	1	0	0
sub-150	1	0	0.44895	1	0	0
sub-150	4	1	0.5221	1	0	0
sub-150	8	1	0.37778	1	0	0
sub-150	7	1	0.44421	1	0	1
sub-150	8	1	0.38341	1	0	1
sub-150	9	1	0.55611	1	0	1
sub-150	8	1	0.41669	1	1	1
sub-150	10	1	0.88953	1	1	1
sub-150	6	0	0.39764	1	1	1
sub-150	7	1	0.45378	1	1	1
sub-150	2	1	0.47727	1	1	1
sub-150	9	1	0.43271	1	1	1
sub-150	8	1	1.42315	1	1	1
sub-150	9	1	0.46263	1	1	1
sub-150	2	0	0.72654	1	0	0
sub-150	4	1	0.38388	1	0	0
sub-150	7	1	0.38882	1	0	0
sub-150	6	1	0.37813	1	0	0
sub-150	2	0	0.35075	1	0	0
sub-150	3	0	0.40676	1	0	0
sub-150	3	1	0.91399	1	0	0
sub-150	1	0	0.38613	1	0	0
sub-150	7	1	0.33914	1	1	1
sub-150	1	0	0.39624	1	1	1
sub-150	9	1	0.46917	1	1	1
sub-150	9	1	0.52597	1	1	1
sub-150	6	1	0.43183	1	1	1
sub-150	7	1	0.45451	1	1	1
sub-150	10	1	0.61189	1	1	1
sub-150	2	1	0.47272	0	0	0
sub-150	5	1	0.34491	0	0	0
sub-150	3	1	0.72019	0	0	0
sub-150	2	1	0.44355	0	0	0
sub-150	9	1	0.48274	0	0	0
sub-150	1	0	0.40512	0	0	0
sub-150	8	1	0.3946	0	0	1
sub-150	8	1	0.36739	0	0	1
sub-150	3	1	0.61144	1	0	1
sub-150	9	1	0.40134	1	0	1
sub-150	8	1	0.39232	1	0	1
sub-150	7	1	0.3493	1	0	1
sub-150	8	1	0.43855	1	0	1
sub-150	6	1	0.47865	1	0	1
sub-150	9	1	0.45128	1	0	1
sub-150	10	1	0.45747	1	0	1
sub-150	1	0	0.46941	0	0	0
sub-150	4	1	0.34408	0	0	0
sub-150	1	0	0.31598	0	0	0
sub-150	1	0	0.35533	0	0	0
sub-150	3	1	0.3778	0	0	0
sub-150	9	1	0.46819	0	0	0
sub-150	10	1	0.52163	1	0	0
sub-150	2	1	0.61103	1	0	0
sub-150	4	1	0.50132	1	0	0
sub-150	7	1	0.49827	1	1	1
sub-150	9	1	0.50544	1	1	1
sub-150	8	1	0.37908	1	1	1
sub-150	9	1	0.3517	1	1	1
sub-150	6	1	0.35732	1	1	1
sub-150	2	1	0.0205299999999999	1	1	0
sub-150	4	1	0.7274	1	1	0
sub-150	6	1	0.81643	1	1	0
sub-150	10	1	0.47995	0	0	1
sub-150	9	1	0.35366	0	0	1
sub-150	1	0	0.37605	0	0	1
sub-150	10	1	0.36636	0	0	1
sub-150	5	1	0.87258	0	0	1
sub-151	1	0	0.02105	1	0	0
sub-151	1	0	0.02694	1	0	0
sub-151	4	0	0.41677	1	0	0
sub-151	4	0	0.03891	1	0	0
sub-151	5	1	0.0499799999999999	0	0	0
sub-151	4	0	0.0240499999999999	0	0	0
sub-151	3	0	0.0307599999999999	0	0	0
sub-151	3	0	0.0215000000000001	0	0	0
sub-151	2	0	0.0274300000000001	0	0	0
sub-151	3	0	0.03352	0	0	0
sub-151	4	0	0.02362	0	0	0
sub-151	10	1	0.02945	0	0	0
sub-151	2	0	0.30694	1	0	0
sub-151	3	0	0.02931	1	0	0
sub-151	4	0	0.0208999999999999	1	0	0
sub-151	6	1	0.02661	1	0	0
sub-151	2	0	0.0326299999999999	1	0	0
sub-151	7	1	0.0229600000000001	1	0	0
sub-151	1	0	0.19615	1	0	0
sub-151	4	0	0.61886	1	0	0
sub-151	7	1	0.24863	0	0	1
sub-151	8	1	0.0230300000000001	0	0	1
sub-151	10	1	0.02925	0	0	1
sub-151	8	1	0.0186900000000001	0	0	1
sub-151	5	1	0.15772	0	0	1
sub-151	7	1	0.03118	0	0	1
sub-151	8	1	0.02145	0	0	1
sub-151	3	0	0.0275000000000001	0	0	1
sub-151	7	1	0.40716	1	0	1
sub-151	3	0	0.19636	1	0	1
sub-151	8	1	0.13754	1	0	1
sub-151	8	1	0.0257099999999999	1	0	1
sub-151	5	0	0.13899	1	0	1
sub-151	8	1	0.0276000000000001	1	0	1
sub-151	8	1	0.0168299999999999	1	0	1
sub-151	7	1	0.22402	1	0	1
sub-151	10	1	0.18693	1	1	0
sub-151	3	0	0.0285599999999999	1	1	0
sub-151	3	0	0.018	1	1	0
sub-151	4	0	0.02488	1	1	0
sub-151	9	1	0.0257799999999999	1	1	1
sub-151	4	0	0.11543	1	1	1
sub-151	8	1	0.17127	1	1	1
sub-151	8	1	0.0269999999999999	1	1	1
sub-151	5	1	0.79833	1	1	0
sub-151	3	0	0.0220499999999999	1	1	0
sub-151	2	0	0.0279499999999999	1	1	0
sub-151	3	0	0.01712	1	1	0
sub-151	1	0	0.05033	1	1	0
sub-151	2	0	0.05931	1	1	0
sub-151	4	0	0.03176	1	1	0
sub-151	7	1	0.30586	1	1	0
sub-151	3	0	0.12097	0	0	0
sub-151	1	0	0.02738	0	0	0
sub-151	2	0	0.03348	0	0	0
sub-151	7	1	0.02362	0	0	0
sub-151	5	0	0.09657	0	0	0
sub-151	2	0	0.0198799999999999	0	0	0
sub-151	2	0	0.0255799999999999	0	0	0
sub-151	4	0	0.0317700000000001	0	0	0
sub-151	3	0	0.0301	1	0	0
sub-151	3	0	0.0222	1	0	0
sub-151	6	1	0.6464	1	0	0
sub-151	2	0	0.0184500000000001	1	0	0
sub-151	3	0	0.0244	1	0	0
sub-151	2	0	0.0301800000000001	1	0	0
sub-151	9	1	0.15415	1	0	0
sub-151	2	0	0.0260800000000001	1	0	0
sub-151	6	1	0.29265	0	0	0
sub-151	3	0	0.0323800000000001	0	0	0
sub-151	8	1	0.20619	0	0	0
sub-151	3	0	0.0284500000000001	0	0	0
sub-151	8	1	0.0242199999999999	0	0	1
sub-151	10	1	0.0301899999999999	0	0	1
sub-151	7	1	0.8037	0	0	1
sub-151	5	0	0.0253399999999999	0	0	1
sub-151	10	1	0.47006	1	1	0
sub-151	4	0	0.0266999999999999	1	1	0
sub-151	1	0	0.01711	1	1	0
sub-151	4	0	0.02399	1	1	0
sub-151	3	0	0.0316399999999999	1	0	1
sub-151	10	1	0.0218100000000001	1	0	1
sub-151	8	1	0.27808	1	0	1
sub-151	9	1	0.03311	1	0	1
sub-151	9	1	0.02382	1	0	1
sub-151	7	1	0.40447	0	0	1
sub-151	8	1	0.0613300000000001	0	0	1
sub-151	9	1	0.01695	0	0	1
sub-151	4	0	0.0239799999999999	0	0	1
sub-151	8	1	0.0297400000000001	0	0	1
sub-151	8	1	0.0193000000000001	0	0	1
sub-151	10	1	0.02484	0	0	1
sub-151	6	1	0.18089	0	0	1
sub-151	5	0	0.14218	1	1	1
sub-151	2	0	0.0320100000000001	1	1	1
sub-151	8	1	0.12382	1	1	1
sub-153	4	1	1.41177	0	0	0
sub-153	8	1	0.51727	0	0	0
sub-153	3	0	0.39044	0	0	0
sub-153	2	0	0.37977	0	0	0
sub-153	2	0	0.38532	0	0	0
sub-153	5	1	0.49791	1	1	0
sub-153	1	0	1.77187	1	1	0
sub-153	4	1	0.32793	1	1	0
sub-153	10	1	0.85228	1	1	0
sub-153	4	1	0.44105	1	1	0
sub-153	2	0	0.51369	1	1	0
sub-153	4	1	0.26949	1	1	0
sub-153	4	1	0.34182	1	1	0
sub-153	2	0	0.79065	1	0	0
sub-153	9	1	0.19697	1	0	0
sub-153	3	1	0.31978	1	0	0
sub-153	5	1	0.01742	1	1	1
sub-153	10	1	0.57512	1	1	1
sub-153	9	1	0.0805	1	1	1
sub-153	10	1	0.0205500000000001	1	1	1
sub-153	9	1	0.39374	1	1	1
sub-153	8	1	0.2546	1	0	1
sub-153	9	1	0.02674	1	0	1
sub-153	7	1	0.35123	1	0	1
sub-153	10	1	0.02302	1	0	1
sub-153	4	1	0.46312	1	0	1
sub-153	5	1	0.10204	1	0	1
sub-153	7	1	0.0242199999999999	1	0	1
sub-153	10	1	0.03026	1	0	1
sub-153	8	1	0.09213	1	1	1
sub-153	7	1	0.0318499999999999	1	1	1
sub-153	9	1	0.0222199999999999	1	1	1
sub-153	5	1	0.34534	1	1	1
sub-153	8	1	0.0184800000000001	1	1	1
sub-153	7	1	0.0243500000000001	1	1	1
sub-153	1	0	0.46434	1	1	1
sub-153	9	1	0.48701	1	1	1
sub-153	5	1	1.2006	0	0	1
sub-153	8	1	0.02311	0	0	1
sub-153	3	0	0.02885	0	0	1
sub-153	7	1	0.0183599999999999	0	0	1
sub-153	10	1	0.02414	0	0	1
sub-153	9	1	0.88093	0	0	1
sub-153	7	1	0.01928	0	0	1
sub-153	10	1	0.0251399999999999	0	0	1
sub-153	2	0	0.31765	0	0	0
sub-153	1	0	0.0239799999999999	0	0	0
sub-153	2	0	0.0300100000000001	0	0	0
sub-153	5	1	0.01912	0	0	0
sub-153	3	0	0.02525	0	0	0
sub-153	3	0	0.36483	0	0	0
sub-153	3	0	0.3706	0	0	0
sub-153	7	1	0.0265299999999999	0	0	0
sub-153	6	1	0.02068	1	1	0
sub-153	2	0	0.0262899999999999	1	1	0
sub-153	3	0	0.10039	1	1	0
sub-153	9	1	0.0312300000000001	0	0	1
sub-153	7	1	0.02162	0	0	1
sub-153	9	1	0.02752	0	0	1
sub-153	1	0	0.0168200000000001	0	0	1
sub-153	5	1	0.0238700000000001	0	0	1
sub-153	7	1	0.0198799999999999	1	0	1
sub-153	10	1	0.02555	1	0	1
sub-153	8	1	0.0328599999999999	1	0	1
sub-153	8	1	0.0283	1	1	1
sub-153	8	1	0.23435	1	1	1
sub-153	8	1	0.0244800000000001	1	1	1
sub-153	7	1	0.03017	1	1	1
sub-153	7	1	0.01946	1	1	1
sub-153	9	1	0.25162	0	0	1
sub-153	6	1	0.14268	0	0	1
sub-153	3	0	0.03271	0	0	1
sub-153	8	1	0.02311	0	0	1
sub-153	10	1	0.02901	0	0	1
sub-153	8	1	0.0182899999999999	0	0	1
sub-153	9	1	0.0241100000000001	0	0	1
sub-153	8	1	0.24685	0	0	1
sub-153	2	0	0.0760799999999999	0	0	0
sub-153	6	1	1.18291	0	0	0
sub-153	3	0	0.0213399999999999	0	0	0
sub-153	7	1	0.0267999999999999	0	0	0
sub-153	1	0	0.0328200000000001	0	0	0
sub-153	4	1	0.0229699999999999	0	0	0
sub-153	2	0	0.02881	0	0	0
sub-153	2	0	0.18537	0	0	0
sub-153	7	1	0.03311	1	1	0
sub-153	1	0	0.0244	1	1	0
sub-153	1	0	0.0303199999999999	1	1	0
sub-153	1	0	0.0197499999999999	1	1	0
sub-153	5	1	0.14257	1	1	0
sub-153	1	0	0.03243	1	1	0
sub-153	3	1	1.89122	1	1	0
sub-153	3	0	0.02962	1	1	0
sub-153	6	1	0.24298	1	0	0
sub-153	7	1	0.03321	1	0	0
sub-153	3	0	0.0234099999999999	1	0	0
sub-153	4	0	0.02919	1	0	0
sub-153	4	0	0.01857	1	0	0
sub-153	4	0	0.0244500000000001	1	0	0
sub-153	2	0	0.0301400000000001	1	0	0
sub-153	3	0	0.01956	1	0	0
sub-154	2	1	1.61468	1	1	0
sub-154	5	1	1.9879	1	1	0
sub-154	2	0	0.40908	1	1	0
sub-154	4	0	0.56518	1	1	0
sub-154	8	0	0.62113	1	1	0
sub-154	4	0	0.36008	1	1	0
sub-154	3	0	0.06701	1	1	0
sub-154	1	0	1.97901	0	0	0
sub-154	7	1	0.50179	0	0	0
sub-154	2	0	0.52613	0	0	0
sub-154	4	0	0.76548	0	0	0
sub-154	6	1	1.07301	0	0	0
sub-154	4	0	0.32828	0	0	0
sub-154	3	0	0.23485	0	0	0
sub-154	4	0	0.0248299999999999	0	0	0
sub-154	8	0	1.5405	0	0	1
sub-154	5	0	0.22867	0	0	1
sub-154	9	1	0.45145	0	0	1
sub-154	9	1	0.54092	0	0	1
sub-154	4	0	0.02115	0	0	0
sub-154	2	0	0.0272600000000001	0	0	0
sub-154	9	1	0.76713	0	0	0
sub-154	1	0	0.02338	0	0	0
sub-154	10	1	1.28711	1	0	1
sub-154	7	0	1.24305	1	0	1
sub-154	9	1	0.59969	1	0	1
sub-154	7	0	0.0214399999999999	1	0	1
sub-154	7	0	0.01729	1	1	1
sub-154	8	0	0.0242899999999999	1	1	1
sub-154	3	0	0.03057	1	1	1
sub-154	7	0	0.01949	1	1	1
sub-154	2	0	0.0405199999999999	0	0	1
sub-154	6	0	0.02938	0	0	1
sub-154	8	0	0.0187299999999999	0	0	1
sub-154	10	1	0.0244599999999999	0	0	1
sub-154	9	1	0.56831	1	0	1
sub-154	8	0	0.02346	1	0	1
sub-154	7	0	0.02938	1	0	1
sub-154	9	1	0.97862	1	1	1
sub-154	6	0	0.0849899999999999	1	1	1
sub-154	8	1	0.55808	1	1	1
sub-154	7	0	0.0298400000000001	1	1	1
sub-154	9	1	0.30303	1	1	1
sub-154	7	0	0.0251300000000001	1	1	1
sub-154	1	0	0.38184	1	1	1
sub-154	8	0	0.22064	1	1	1
sub-154	2	0	0.56973	1	0	0
sub-154	1	0	0.0249999999999999	1	0	0
sub-154	4	0	0.03223	1	0	0
sub-154	2	0	0.02257	1	0	0
sub-154	3	0	0.02827	1	0	0
sub-154	8	0	0.54021	0	0	1
sub-154	7	0	0.54656	0	0	1
sub-154	9	1	0.83575	0	0	1
sub-154	6	0	0.91655	0	0	0
sub-154	7	0	0.52218	0	0	0
sub-154	3	0	0.57829	0	0	0
sub-154	1	0	0.385	0	0	0
sub-154	4	0	0.55763	0	0	0
sub-154	1	0	0.56371	0	0	0
sub-154	3	0	0.98763	0	0	0
sub-154	2	0	0.5097	0	0	0
sub-154	4	0	0.83894	1	0	0
sub-154	1	0	0.52809	1	0	0
sub-154	1	0	0.51852	1	0	0
sub-154	2	0	0.52441	1	0	0
sub-154	5	0	0.73066	1	0	0
sub-154	4	0	0.56968	1	0	0
sub-154	7	0	0.79228	1	0	0
sub-154	1	0	0.79824	1	0	0
sub-154	8	0	1.5957	1	0	1
sub-154	9	1	0.81927	1	0	1
sub-154	8	0	0.52444	1	0	1
sub-154	7	0	0.48044	1	0	1
sub-154	5	0	0.48664	1	0	1
sub-154	9	1	0.5265	1	0	1
sub-154	7	0	0.44912	1	0	1
sub-154	3	0	0.37191	1	0	1
sub-154	3	0	0.58338	1	1	1
sub-154	10	1	0.64019	1	1	1
sub-154	10	1	0.53062	1	1	1
sub-154	8	0	0.71997	1	1	1
sub-154	7	0	0.42727	1	1	1
sub-154	6	0	0.48273	1	1	1
sub-154	8	0	0.52199	1	1	1
sub-154	7	0	0.51112	1	1	1
sub-154	2	0	0.67724	1	1	0
sub-154	1	0	0.5665	1	1	0
sub-154	1	0	0.45588	1	1	0
sub-154	4	0	0.47928	1	1	0
sub-155	4	0	1.87758	0	0	0
sub-155	4	0	0.96711	0	0	0
sub-155	2	0	0.70683	0	0	0
sub-155	1	0	1.41357	0	0	0
sub-155	3	0	0.36855	0	0	0
sub-155	10	1	0.77443	0	0	0
sub-155	5	0	0.46368	0	0	0
sub-155	2	0	0.63637	0	0	0
sub-155	9	0	0.75092	0	0	1
sub-155	10	1	0.45752	0	0	1
sub-155	5	0	0.52996	0	0	1
sub-155	10	1	0.38583	0	0	1
sub-155	10	1	0.37485	0	0	1
sub-155	1	0	0.34873	0	0	1
sub-155	10	1	0.3879	0	0	1
sub-155	9	0	0.34385	0	0	1
sub-155	3	0	0.65689	1	1	0
sub-155	1	0	0.56499	1	1	0
sub-155	9	0	0.3895	1	1	0
sub-155	3	0	0.34529	1	1	0
sub-155	2	0	0.31882	1	1	0
sub-155	4	0	0.44163	1	1	0
sub-155	3	0	0.38102	1	1	0
sub-155	6	0	0.35328	1	1	0
sub-155	3	0	0.36434	1	0	0
sub-155	2	0	0.37991	1	1	1
sub-155	8	0	0.36925	1	1	1
sub-155	5	0	0.2252	1	1	1
sub-155	9	0	0.31417	1	1	1
sub-155	7	0	0.33772	1	1	1
sub-155	10	1	0.46062	1	1	1
sub-155	7	0	0.31637	1	1	1
sub-155	6	0	0.54618	1	0	1
sub-155	8	0	0.36325	1	1	0
sub-155	3	0	0.33589	1	1	0
sub-155	5	0	0.29174	1	1	0
sub-155	1	0	0.44771	1	1	0
sub-155	4	0	0.45332	1	1	0
sub-155	2	0	0.39385	1	1	0
sub-155	3	0	0.28304	1	1	0
sub-155	6	0	0.42891	0	0	0
sub-155	9	0	0.39373	1	0	1
sub-155	6	0	0.58322	1	0	1
sub-155	7	0	0.37216	1	0	1
sub-155	10	1	0.41177	1	0	1
sub-155	7	0	0.53436	1	0	1
sub-155	9	0	0.30667	1	0	1
sub-155	1	0	0.42947	1	0	1
sub-155	4	0	0.62387	1	1	1
sub-155	10	1	0.38162	1	1	1
sub-155	8	0	0.32099	1	1	1
sub-155	6	0	0.41005	1	1	1
sub-155	8	0	0.34924	1	1	1
sub-155	9	0	0.37227	1	1	1
sub-155	8	0	0.61121	1	1	1
sub-155	9	0	0.38451	1	1	1
sub-155	1	0	0.63286	1	0	0
sub-155	7	0	0.5667	1	1	1
sub-155	8	0	0.8733	1	1	1
sub-155	8	0	0.39548	1	1	1
sub-155	9	0	0.55144	1	1	1
sub-155	9	0	0.357	1	1	1
sub-155	8	0	0.46316	1	1	1
sub-155	1	0	0.43548	1	1	1
sub-155	10	1	0.98127	0	0	0
sub-155	3	0	0.35436	0	0	0
sub-155	3	0	0.32684	0	0	0
sub-155	2	0	0.483	0	0	0
sub-155	1	0	0.42197	0	0	0
sub-155	5	0	0.29429	0	0	0
sub-155	4	0	0.25014	0	0	0
sub-155	4	0	0.32395	0	0	0
sub-155	1	0	0.41979	1	0	1
sub-155	7	0	0.2934	1	0	1
sub-155	8	0	0.35105	1	0	1
sub-155	6	0	0.44024	1	0	1
sub-155	7	0	0.0459	1	0	1
sub-155	7	0	0.0182199999999999	1	0	1
sub-155	8	0	0.0241100000000001	1	0	1
sub-155	8	0	0.02997	1	0	1
sub-155	4	0	0.0291699999999999	1	0	0
sub-155	3	0	0.05179	1	0	0
sub-155	1	0	0.0240800000000001	1	0	0
sub-155	3	0	0.0303599999999999	1	0	0
sub-155	1	0	0.01946	1	0	0
sub-155	7	0	0.0254099999999999	1	0	0
sub-155	6	0	0.36492	1	0	0
sub-155	1	0	0.3541	1	0	0
sub-155	4	0	0.46768	0	0	1
sub-155	9	0	0.24216	0	0	1
sub-155	9	0	0.39865	0	0	1
sub-155	8	0	0.38769	0	0	1
sub-155	8	0	0.52695	0	0	1
sub-155	8	0	0.44979	0	0	1
sub-155	8	0	0.45555	0	0	1
sub-155	6	0	0.56248	0	0	1
sub-157	4	1	0.09206	1	0	0
sub-157	7	1	0.3908	1	1	1
sub-157	10	1	0.41599	1	1	1
sub-157	9	1	0.32167	1	1	1
sub-157	3	1	0.86156	1	1	1
sub-157	9	1	0.40095	1	1	1
sub-157	8	1	0.0251300000000001	1	1	1
sub-157	8	1	0.39842	1	1	1
sub-157	3	1	0.54735	0	0	0
sub-157	4	1	0.40985	1	0	0
sub-157	1	0	0.40032	1	0	0
sub-157	8	1	0.43107	1	0	0
sub-157	6	1	0.33715	1	0	0
sub-157	3	1	0.44322	1	0	0
sub-157	2	0	1.74996	1	0	0
sub-157	2	0	0.32228	1	0	0
sub-157	9	1	0.35046	0	0	1
sub-157	7	1	0.33999	0	0	1
sub-157	3	1	0.29683	0	0	1
sub-157	9	1	0.35364	0	0	1
sub-157	5	1	0.34272	0	0	1
sub-157	8	1	0.38208	0	0	1
sub-157	10	1	0.13792	0	0	1
sub-157	9	1	0.29382	0	0	1
sub-157	8	1	0.49194	1	0	1
sub-157	10	1	0.29793	1	0	1
sub-157	5	1	0.35612	1	0	1
sub-157	9	1	0.39535	1	0	1
sub-157	10	1	0.3177	1	0	1
sub-157	7	1	0.35713	1	0	1
sub-157	2	0	0.59681	1	0	1
sub-157	7	1	0.33563	1	0	1
sub-157	3	0	0.7659	1	1	0
sub-157	4	1	0.02257	1	1	0
sub-157	4	1	0.26267	1	1	0
sub-157	4	1	0.31853	1	1	0
sub-157	2	0	0.45779	1	1	0
sub-157	6	1	0.38038	1	1	0
sub-157	7	1	0.26987	1	1	0
sub-157	2	0	0.29213	1	1	0
sub-157	10	1	0.57154	1	1	1
sub-157	7	1	0.25546	1	1	1
sub-157	2	1	0.24457	1	1	1
sub-157	6	1	0.43365	1	1	1
sub-157	10	1	0.02298	1	1	1
sub-157	7	1	0.0286599999999999	1	1	1
sub-157	8	1	0.01817	1	1	1
sub-157	10	1	0.0239799999999999	1	1	1
sub-157	8	1	0.0202100000000001	1	0	1
sub-157	5	1	0.26103	1	0	1
sub-157	8	1	0.35029	1	0	1
sub-157	10	1	0.35633	1	0	1
sub-157	8	1	0.3786	1	0	1
sub-157	9	1	0.40165	1	0	1
sub-157	8	1	0.20736	1	0	1
sub-157	1	0	0.59681	1	0	1
sub-157	4	1	0.0325899999999999	0	0	0
sub-157	2	1	0.0223100000000001	0	0	0
sub-157	3	0	0.66372	0	0	0
sub-157	1	0	0.16912	0	0	0
sub-157	5	1	0.30803	0	0	0
sub-157	10	1	0.03067	0	0	0
sub-157	2	1	0.01976	0	0	0
sub-157	4	1	0.42612	0	0	0
sub-157	3	0	0.5073	1	1	1
sub-157	9	1	0.02982	1	1	1
sub-157	10	1	0.02094	1	1	1
sub-157	10	1	0.02694	1	1	1
sub-157	9	1	0.29994	1	1	1
sub-157	8	1	0.15703	1	1	1
sub-157	7	1	0.02982	1	1	1
sub-157	6	1	0.46999	1	1	1
sub-157	9	1	0.0293300000000001	0	0	1
sub-157	4	1	0.3367	0	0	1
sub-157	10	1	0.0253699999999999	0	0	1
sub-157	6	1	0.38206	0	0	1
sub-157	9	1	0.35464	0	0	1
sub-157	7	1	0.02623	0	0	1
sub-157	8	1	0.03291	0	0	1
sub-157	10	1	0.05654	0	0	1
sub-157	6	1	0.50961	1	0	1
sub-157	7	1	0.46498	1	0	1
sub-157	10	1	0.38877	1	0	1
sub-157	4	1	0.61128	1	0	1
sub-157	10	1	0.41842	1	0	1
sub-157	10	1	0.3077	1	0	1
sub-157	10	1	0.0464599999999999	1	0	1
sub-157	8	1	0.01901	1	0	1
sub-157	4	1	0.36551	1	1	0
sub-157	3	0	0.52292	1	1	0
sub-157	2	1	1.01227	1	1	0
sub-157	2	0	0.38461	1	1	0
sub-157	8	1	0.32358	1	1	0
sub-157	5	1	0.42971	1	1	0
sub-157	2	0	0.4259	1	1	0
sub-158	3	0	0.68706	1	0	0
sub-158	10	1	0.43655	1	0	1
sub-158	8	1	0.60914	1	0	1
sub-158	10	1	0.39934	1	0	1
sub-158	6	0	0.25515	1	0	1
sub-158	4	0	0.94494	1	0	1
sub-158	8	1	0.41712	1	0	1
sub-158	1	0	0.68142	0	0	0
sub-158	4	0	0.45341	0	0	0
sub-158	1	0	0.161	0	0	0
sub-158	5	0	0.0182100000000001	0	0	0
sub-158	2	0	0.02224	0	0	0
sub-158	9	1	0.17891	0	0	0
sub-158	1	0	0.0179400000000001	0	0	0
sub-158	1	0	0.0246299999999999	0	0	0
sub-158	1	0	0.92061	1	0	0
sub-158	2	0	0.2924	1	0	0
sub-158	8	0	0.49103	1	1	1
sub-158	7	0	1.46456	1	1	1
sub-158	5	0	0.33618	1	1	1
sub-158	10	1	0.02474	1	1	1
sub-158	2	0	0.68153	1	1	1
sub-158	7	1	0.771	1	1	1
sub-158	2	0	0.25383	1	1	0
sub-158	2	0	0.56029	1	1	0
sub-158	1	0	0.0995600000000001	1	1	0
sub-158	4	0	0.0724	1	1	0
sub-158	6	0	0.54511	1	1	0
sub-158	2	0	0.65126	1	1	0
sub-158	9	1	0.8566	1	1	0
sub-158	2	0	0.39635	1	1	0
sub-158	10	1	0.4593	1	0	1
sub-158	8	0	0.74964	1	0	1
sub-158	8	1	0.17289	1	0	1
sub-158	7	0	0.44658	1	0	1
sub-158	2	0	0.73606	1	0	1
sub-158	7	1	0.82645	1	0	1
sub-158	10	1	0.74897	1	0	1
sub-158	5	0	0.52132	1	0	1
sub-158	6	0	0.21715	1	1	1
sub-158	4	0	0.05731	1	1	1
sub-158	8	1	0.665	1	1	1
sub-158	8	1	0.01993	1	1	1
sub-158	9	1	0.02603	1	1	1
sub-158	8	1	0.59939	1	1	1
sub-158	8	1	0.77213	1	1	1
sub-158	7	1	0.61129	1	1	1
sub-158	10	1	0.1271	0	0	1
sub-158	10	1	0.53524	0	0	1
sub-158	5	0	0.12408	0	0	1
sub-158	10	1	0.51391	0	0	1
sub-158	9	1	0.53652	0	0	1
sub-158	9	1	0.56627	0	0	1
sub-158	1	0	0.34362	0	0	1
sub-158	9	1	1.28375	0	0	1
sub-158	9	1	0.29452	1	1	0
sub-158	2	0	0.1337	1	1	0
sub-158	1	0	0.4577	1	1	0
sub-158	1	0	0.24708	1	1	0
sub-158	3	0	0.0188999999999999	1	1	0
sub-158	6	0	0.32541	1	1	0
sub-158	2	0	0.53179	1	1	0
sub-158	3	0	0.43852	1	1	0
sub-158	4	0	0.151	0	0	0
sub-158	4	0	0.97531	0	0	0
sub-158	1	0	1.18129	0	0	0
sub-158	1	0	0.88676	0	0	0
sub-158	2	0	0.72599	0	0	0
sub-158	1	0	0.53191	0	0	0
sub-158	5	0	0.55556	0	0	0
sub-158	1	0	0.10072	1	0	0
sub-158	10	1	0.51523	1	0	1
sub-158	4	0	0.45444	1	0	1
sub-158	6	0	0.39474	1	0	1
sub-158	8	1	0.43391	1	0	1
sub-158	10	1	0.55661	1	0	1
sub-158	9	1	0.54565	1	0	1
sub-158	8	1	0.70181	1	0	1
sub-158	7	1	0.60747	1	0	1
sub-158	1	0	0.22035	1	1	0
sub-158	9	1	0.46187	1	1	0
sub-158	4	0	0.56886	1	1	0
sub-158	2	0	0.43425	1	1	0
sub-158	2	0	0.41834	1	1	0
sub-158	2	0	0.3746	1	1	0
sub-158	4	0	0.0299100000000001	1	1	0
sub-158	8	1	0.57267	0	0	1
sub-158	4	0	0.0174399999999999	0	0	0
sub-158	2	0	0.42508	0	0	0
sub-158	5	0	0.64789	0	0	0
sub-158	3	1	0.30369	0	0	0
sub-158	1	0	0.02573	0	0	0
sub-158	2	0	0.44892	0	0	0
sub-158	2	0	0.40497	0	0	0
sub-158	8	1	0.56079	0	0	0
sub-159	5	1	1.674	1	1	0
sub-159	1	0	1.23125	1	1	0
sub-159	8	1	0.41986	1	1	0
sub-159	4	0	0.31016	1	1	0
sub-159	2	0	0.0987199999999999	1	1	0
sub-159	4	0	0.27148	1	1	0
sub-159	3	0	1.27814	1	1	0
sub-159	3	0	0.29984	1	1	0
sub-159	8	1	0.61166	1	0	1
sub-159	9	1	0.25266	1	0	1
sub-159	6	0	0.37725	1	0	1
sub-159	4	0	0.0176400000000001	1	0	1
sub-159	8	0	1.04219	1	0	1
sub-159	10	1	0.19733	1	0	1
sub-159	7	0	0.28648	1	0	1
sub-159	9	1	0.07545	1	0	1
sub-159	10	1	0.28925	0	0	1
sub-159	8	1	0.31295	0	0	1
sub-159	5	0	0.30198	1	0	1
sub-159	4	0	0.22465	1	0	1
sub-159	8	0	0.34741	1	0	1
sub-159	7	0	0.08616	1	0	1
sub-159	7	0	0.44238	1	0	1
sub-159	9	1	0.11481	1	0	1
sub-159	7	0	0.33738	1	0	1
sub-159	8	1	0.33485	1	0	0
sub-159	3	0	0.0237499999999999	1	0	0
sub-159	4	0	0.06322	1	0	0
sub-159	5	0	0.0534699999999999	1	0	0
sub-159	2	0	0.0255399999999999	1	0	0
sub-159	2	0	0.03186	1	0	0
sub-159	4	0	0.27261	1	0	0
sub-159	2	0	0.07816	1	0	0
sub-159	3	0	0.16009	0	0	0
sub-159	8	0	0.15641	1	1	1
sub-159	7	0	0.21475	1	1	1
sub-159	7	0	0.0204200000000001	1	1	1
sub-159	6	0	0.0260100000000001	1	1	1
sub-159	7	0	0.2659	1	1	1
sub-159	10	1	0.18936	1	1	1
sub-159	8	0	0.21299	1	1	1
sub-159	8	0	0.25886	0	0	1
sub-159	3	0	0.0207999999999999	1	0	0
sub-159	2	0	0.14482	1	0	0
sub-159	3	0	0.0336000000000001	1	0	0
sub-159	3	0	0.12423	1	0	0
sub-159	8	1	1.36457	1	0	0
sub-159	1	0	0.01952	1	0	0
sub-159	4	0	0.30878	1	0	0
sub-159	3	0	0.14073	0	0	0
sub-159	1	0	0.03131	0	0	0
sub-159	9	1	0.15539	0	0	0
sub-159	3	0	0.49497	0	0	0
sub-159	4	0	0.10048	0	0	0
sub-159	4	0	0.02335	0	0	0
sub-159	5	0	0.0287599999999999	0	0	0
sub-159	4	0	0.0180899999999999	0	0	0
sub-159	9	1	0.21259	1	1	1
sub-159	5	0	0.02542	1	0	1
sub-159	7	1	0.43261	1	0	1
sub-159	10	1	0.13796	1	0	1
sub-159	8	1	0.0607500000000001	1	0	1
sub-159	8	1	0.09979	1	0	1
sub-159	7	1	0.0226200000000001	1	0	1
sub-159	7	1	0.02806	1	0	1
sub-159	2	0	0.02366	0	0	0
sub-159	3	0	0.0300499999999999	0	0	0
sub-159	3	0	0.0361	0	0	0
sub-159	1	0	0.2925	0	0	0
sub-159	1	0	0.0324899999999999	0	0	0
sub-159	10	1	0.13856	0	0	0
sub-159	5	0	0.37818	0	0	0
sub-159	2	0	0.0336099999999999	0	0	0
sub-159	2	0	0.38059	1	1	0
sub-159	6	0	0.0190699999999999	1	1	0
sub-159	1	0	0.02658	1	1	0
sub-159	4	0	0.33318	1	1	0
sub-159	1	0	0.02166	1	1	0
sub-159	9	1	0.09426	1	1	0
sub-159	4	0	0.03481	1	1	0
sub-159	4	0	0.0238	1	1	0
sub-159	5	0	0.36965	0	0	1
sub-159	10	1	0.14283	0	0	1
sub-159	7	1	0.24974	0	0	1
sub-159	9	1	0.02308	0	0	1
sub-159	8	1	0.22976	0	0	1
sub-159	7	1	0.3021	0	0	1
sub-159	3	0	0.39153	0	0	1
sub-159	8	1	0.13168	0	0	1
sub-159	3	0	0.0285	1	1	0
NA	NA	NA	NA	NA	NA	NA
NA	NA	NA	NA	NA	NA	NA
NA	NA	NA	NA	NA	NA	NA
NA	NA	NA	NA	NA	NA	NA
NA	NA	NA	NA	NA	NA	NA
NA	NA	NA	NA	NA	NA	NA
NA	NA	NA	NA	NA	NA	NA
NA	NA	NA	NA	NA	NA	NA
NA	NA	NA	NA	NA	NA	NA
NA	NA	NA	NA	NA	NA	NA
NA	NA	NA	NA	NA	NA	NA
NA	NA	NA	NA	NA	NA	NA
NA	NA	NA	NA	NA	NA	NA
NA	NA	NA	NA	NA	NA	NA
NA	NA	NA	NA	NA	NA	NA
NA	NA	NA	NA	NA	NA	NA
NA	NA	NA	NA	NA	NA	NA
NA	NA	NA	NA	NA	NA	NA
NA	NA	NA	NA	NA	NA	NA
NA	NA	NA	NA	NA	NA	NA
NA	NA	NA	NA	NA	NA	NA
NA	NA	NA	NA	NA	NA	NA
NA	NA	NA	NA	NA	NA	NA
NA	NA	NA	NA	NA	NA	NA
NA	NA	NA	NA	NA	NA	NA
NA	NA	NA	NA	NA	NA	NA
NA	NA	NA	NA	NA	NA	NA
NA	NA	NA	NA	NA	NA	NA
NA	NA	NA	NA	NA	NA	NA
NA	NA	NA	NA	NA	NA	NA
NA	NA	NA	NA	NA	NA	NA
NA	NA	NA	NA	NA	NA	NA
NA	NA	NA	NA	NA	NA	NA
NA	NA	NA	NA	NA	NA	NA
NA	NA	NA	NA	NA	NA	NA
NA	NA	NA	NA	NA	NA	NA
NA	NA	NA	NA	NA	NA	NA
NA	NA	NA	NA	NA	NA	NA
NA	NA	NA	NA	NA	NA	NA
NA	NA	NA	NA	NA	NA	NA
NA	NA	NA	NA	NA	NA	NA
NA	NA	NA	NA	NA	NA	NA
NA	NA	NA	NA	NA	NA	NA
NA	NA	NA	NA	NA	NA	NA
NA	NA	NA	NA	NA	NA	NA
NA	NA	NA	NA	NA	NA	NA
NA	NA	NA	NA	NA	NA	NA
NA	NA	NA	NA	NA	NA	NA
NA	NA	NA	NA	NA	NA	NA
NA	NA	NA	NA	NA	NA	NA
NA	NA	NA	NA	NA	NA	NA
NA	NA	NA	NA	NA	NA	NA
NA	NA	NA	NA	NA	NA	NA
NA	NA	NA	NA	NA	NA	NA
NA	NA	NA	NA	NA	NA	NA
NA	NA	NA	NA	NA	NA	NA
NA	NA	NA	NA	NA	NA	NA
NA	NA	NA	NA	NA	NA	NA
NA	NA	NA	NA	NA	NA	NA
NA	NA	NA	NA	NA	NA	NA
NA	NA	NA	NA	NA	NA	NA
NA	NA	NA	NA	NA	NA	NA
NA	NA	NA	NA	NA	NA	NA
NA	NA	NA	NA	NA	NA	NA
NA	NA	NA	NA	NA	NA	NA
NA	NA	NA	NA	NA	NA	NA
NA	NA	NA	NA	NA	NA	NA
NA	NA	NA	NA	NA	NA	NA
NA	NA	NA	NA	NA	NA	NA
NA	NA	NA	NA	NA	NA	NA
NA	NA	NA	NA	NA	NA	NA
NA	NA	NA	NA	NA	NA	NA
NA	NA	NA	NA	NA	NA	NA
NA	NA	NA	NA	NA	NA	NA
NA	NA	NA	NA	NA	NA	NA
NA	NA	NA	NA	NA	NA	NA
NA	NA	NA	NA	NA	NA	NA
NA	NA	NA	NA	NA	NA	NA
NA	NA	NA	NA	NA	NA	NA
NA	NA	NA	NA	NA	NA	NA
NA	NA	NA	NA	NA	NA	NA
NA	NA	NA	NA	NA	NA	NA
NA	NA	NA	NA	NA	NA	NA
NA	NA	NA	NA	NA	NA	NA
NA	NA	NA	NA	NA	NA	NA
NA	NA	NA	NA	NA	NA	NA
NA	NA	NA	NA	NA	NA	NA
NA	NA	NA	NA	NA	NA	NA
NA	NA	NA	NA	NA	NA	NA
NA	NA	NA	NA	NA	NA	NA
NA	NA	NA	NA	NA	NA	NA
NA	NA	NA	NA	NA	NA	NA
NA	NA	NA	NA	NA	NA	NA
NA	NA	NA	NA	NA	NA	NA
NA	NA	NA	NA	NA	NA	NA
NA	NA	NA	NA	NA	NA	NA
NA	NA	NA	NA	NA	NA	NA
NA	NA	NA	NA	NA	NA	NA
NA	NA	NA	NA	NA	NA	NA
NA	NA	NA	NA	NA	NA	NA
NA	NA	NA	NA	NA	NA	NA
NA	NA	NA	NA	NA	NA	NA
NA	NA	NA	NA	NA	NA	NA
NA	NA	NA	NA	NA	NA	NA
NA	NA	NA	NA	NA	NA	NA
NA	NA	NA	NA	NA	NA	NA
NA	NA	NA	NA	NA	NA	NA
NA	NA	NA	NA	NA	NA	NA
NA	NA	NA	NA	NA	NA	NA
NA	NA	NA	NA	NA	NA	NA
NA	NA	NA	NA	NA	NA	NA
NA	NA	NA	NA	NA	NA	NA
NA	NA	NA	NA	NA	NA	NA
NA	NA	NA	NA	NA	NA	NA
NA	NA	NA	NA	NA	NA	NA
NA	NA	NA	NA	NA	NA	NA
NA	NA	NA	NA	NA	NA	NA
NA	NA	NA	NA	NA	NA	NA
NA	NA	NA	NA	NA	NA	NA
NA	NA	NA	NA	NA	NA	NA
NA	NA	NA	NA	NA	NA	NA
NA	NA	NA	NA	NA	NA	NA
NA	NA	NA	NA	NA	NA	NA
NA	NA	NA	NA	NA	NA	NA
NA	NA	NA	NA	NA	NA	NA
NA	NA	NA	NA	NA	NA	NA
NA	NA	NA	NA	NA	NA	NA
NA	NA	NA	NA	NA	NA	NA
NA	NA	NA	NA	NA	NA	NA
NA	NA	NA	NA	NA	NA	NA
NA	NA	NA	NA	NA	NA	NA
NA	NA	NA	NA	NA	NA	NA
NA	NA	NA	NA	NA	NA	NA
NA	NA	NA	NA	NA	NA	NA
NA	NA	NA	NA	NA	NA	NA
NA	NA	NA	NA	NA	NA	NA
NA	NA	NA	NA	NA	NA	NA
NA	NA	NA	NA	NA	NA	NA
NA	NA	NA	NA	NA	NA	NA
NA	NA	NA	NA	NA	NA	NA
NA	NA	NA	NA	NA	NA	NA
NA	NA	NA	NA	NA	NA	NA
NA	NA	NA	NA	NA	NA	NA
NA	NA	NA	NA	NA	NA	NA
NA	NA	NA	NA	NA	NA	NA
NA	NA	NA	NA	NA	NA	NA
NA	NA	NA	NA	NA	NA	NA
NA	NA	NA	NA	NA	NA	NA
NA	NA	NA	NA	NA	NA	NA
NA	NA	NA	NA	NA	NA	NA
NA	NA	NA	NA	NA	NA	NA
NA	NA	NA	NA	NA	NA	NA
NA	NA	NA	NA	NA	NA	NA
NA	NA	NA	NA	NA	NA	NA
NA	NA	NA	NA	NA	NA	NA
NA	NA	NA	NA	NA	NA	NA
NA	NA	NA	NA	NA	NA	NA
NA	NA	NA	NA	NA	NA	NA
NA	NA	NA	NA	NA	NA	NA
NA	NA	NA	NA	NA	NA	NA
NA	NA	NA	NA	NA	NA	NA
NA	NA	NA	NA	NA	NA	NA
NA	NA	NA	NA	NA	NA	NA
NA	NA	NA	NA	NA	NA	NA
NA	NA	NA	NA	NA	NA	NA
NA	NA	NA	NA	NA	NA	NA
NA	NA	NA	NA	NA	NA	NA
NA	NA	NA	NA	NA	NA	NA
NA	NA	NA	NA	NA	NA	NA
NA	NA	NA	NA	NA	NA	NA
NA	NA	NA	NA	NA	NA	NA
NA	NA	NA	NA	NA	NA	NA
NA	NA	NA	NA	NA	NA	NA
NA	NA	NA	NA	NA	NA	NA
NA	NA	NA	NA	NA	NA	NA
NA	NA	NA	NA	NA	NA	NA
NA	NA	NA	NA	NA	NA	NA
NA	NA	NA	NA	NA	NA	NA
NA	NA	NA	NA	NA	NA	NA
NA	NA	NA	NA	NA	NA	NA
NA	NA	NA	NA	NA	NA	NA
NA	NA	NA	NA	NA	NA	NA
NA	NA	NA	NA	NA	NA	NA
NA	NA	NA	NA	NA	NA	NA
NA	NA	NA	NA	NA	NA	NA
NA	NA	NA	NA	NA	NA	NA
NA	NA	NA	NA	NA	NA	NA
NA	NA	NA	NA	NA	NA	NA
NA	NA	NA	NA	NA	NA	NA
NA	NA	NA	NA	NA	NA	NA
NA	NA	NA	NA	NA	NA	NA
NA	NA	NA	NA	NA	NA	NA
NA	NA	NA	NA	NA	NA	NA
NA	NA	NA	NA	NA	NA	NA
NA	NA	NA	NA	NA	NA	NA
NA	NA	NA	NA	NA	NA	NA
NA	NA	NA	NA	NA	NA	NA
NA	NA	NA	NA	NA	NA	NA
NA	NA	NA	NA	NA	NA	NA
NA	NA	NA	NA	NA	NA	NA
NA	NA	NA	NA	NA	NA	NA
NA	NA	NA	NA	NA	NA	NA
NA	NA	NA	NA	NA	NA	NA
NA	NA	NA	NA	NA	NA	NA
NA	NA	NA	NA	NA	NA	NA
NA	NA	NA	NA	NA	NA	NA
NA	NA	NA	NA	NA	NA	NA
NA	NA	NA	NA	NA	NA	NA
NA	NA	NA	NA	NA	NA	NA
NA	NA	NA	NA	NA	NA	NA
NA	NA	NA	NA	NA	NA	NA
NA	NA	NA	NA	NA	NA	NA
NA	NA	NA	NA	NA	NA	NA
NA	NA	NA	NA	NA	NA	NA
NA	NA	NA	NA	NA	NA	NA
NA	NA	NA	NA	NA	NA	NA
NA	NA	NA	NA	NA	NA	NA
NA	NA	NA	NA	NA	NA	NA
NA	NA	NA	NA	NA	NA	NA
NA	NA	NA	NA	NA	NA	NA
NA	NA	NA	NA	NA	NA	NA
NA	NA	NA	NA	NA	NA	NA
NA	NA	NA	NA	NA	NA	NA
NA	NA	NA	NA	NA	NA	NA
NA	NA	NA	NA	NA	NA	NA
NA	NA	NA	NA	NA	NA	NA
NA	NA	NA	NA	NA	NA	NA
NA	NA	NA	NA	NA	NA	NA
NA	NA	NA	NA	NA	NA	NA
NA	NA	NA	NA	NA	NA	NA
NA	NA	NA	NA	NA	NA	NA
NA	NA	NA	NA	NA	NA	NA
NA	NA	NA	NA	NA	NA	NA
NA	NA	NA	NA	NA	NA	NA
NA	NA	NA	NA	NA	NA	NA
NA	NA	NA	NA	NA	NA	NA
NA	NA	NA	NA	NA	NA	NA
NA	NA	NA	NA	NA	NA	NA
NA	NA	NA	NA	NA	NA	NA
NA	NA	NA	NA	NA	NA	NA
NA	NA	NA	NA	NA	NA	NA
NA	NA	NA	NA	NA	NA	NA
NA	NA	NA	NA	NA	NA	NA
NA	NA	NA	NA	NA	NA	NA
NA	NA	NA	NA	NA	NA	NA
NA	NA	NA	NA	NA	NA	NA
NA	NA	NA	NA	NA	NA	NA
NA	NA	NA	NA	NA	NA	NA
NA	NA	NA	NA	NA	NA	NA
NA	NA	NA	NA	NA	NA	NA
NA	NA	NA	NA	NA	NA	NA
NA	NA	NA	NA	NA	NA	NA
NA	NA	NA	NA	NA	NA	NA
NA	NA	NA	NA	NA	NA	NA
NA	NA	NA	NA	NA	NA	NA
NA	NA	NA	NA	NA	NA	NA
NA	NA	NA	NA	NA	NA	NA
NA	NA	NA	NA	NA	NA	NA
NA	NA	NA	NA	NA	NA	NA
NA	NA	NA	NA	NA	NA	NA
NA	NA	NA	NA	NA	NA	NA
NA	NA	NA	NA	NA	NA	NA
NA	NA	NA	NA	NA	NA	NA
NA	NA	NA	NA	NA	NA	NA
NA	NA	NA	NA	NA	NA	NA
NA	NA	NA	NA	NA	NA	NA
NA	NA	NA	NA	NA	NA	NA
NA	NA	NA	NA	NA	NA	NA
NA	NA	NA	NA	NA	NA	NA
NA	NA	NA	NA	NA	NA	NA
NA	NA	NA	NA	NA	NA	NA
NA	NA	NA	NA	NA	NA	NA
NA	NA	NA	NA	NA	NA	NA
NA	NA	NA	NA	NA	NA	NA
NA	NA	NA	NA	NA	NA	NA
NA	NA	NA	NA	NA	NA	NA
NA	NA	NA	NA	NA	NA	NA
NA	NA	NA	NA	NA	NA	NA
NA	NA	NA	NA	NA	NA	NA
NA	NA	NA	NA	NA	NA	NA
NA	NA	NA	NA	NA	NA	NA
NA	NA	NA	NA	NA	NA	NA
NA	NA	NA	NA	NA	NA	NA
NA	NA	NA	NA	NA	NA	NA
NA	NA	NA	NA	NA	NA	NA
NA	NA	NA	NA	NA	NA	NA
NA	NA	NA	NA	NA	NA	NA
NA	NA	NA	NA	NA	NA	NA
NA	NA	NA	NA	NA	NA	NA
NA	NA	NA	NA	NA	NA	NA
NA	NA	NA	NA	NA	NA	NA
NA	NA	NA	NA	NA	NA	NA
NA	NA	NA	NA	NA	NA	NA
NA	NA	NA	NA	NA	NA	NA
NA	NA	NA	NA	NA	NA	NA
NA	NA	NA	NA	NA	NA	NA
NA	NA	NA	NA	NA	NA	NA
NA	NA	NA	NA	NA	NA	NA
NA	NA	NA	NA	NA	NA	NA
NA	NA	NA	NA	NA	NA	NA
NA	NA	NA	NA	NA	NA	NA
NA	NA	NA	NA	NA	NA	NA
NA	NA	NA	NA	NA	NA	NA
NA	NA	NA	NA	NA	NA	NA
NA	NA	NA	NA	NA	NA	NA
NA	NA	NA	NA	NA	NA	NA
NA	NA	NA	NA	NA	NA	NA
NA	NA	NA	NA	NA	NA	NA
NA	NA	NA	NA	NA	NA	NA
NA	NA	NA	NA	NA	NA	NA
NA	NA	NA	NA	NA	NA	NA
NA	NA	NA	NA	NA	NA	NA
NA	NA	NA	NA	NA	NA	NA
NA	NA	NA	NA	NA	NA	NA
NA	NA	NA	NA	NA	NA	NA
NA	NA	NA	NA	NA	NA	NA
NA	NA	NA	NA	NA	NA	NA
NA	NA	NA	NA	NA	NA	NA
NA	NA	NA	NA	NA	NA	NA
NA	NA	NA	NA	NA	NA	NA
NA	NA	NA	NA	NA	NA	NA
NA	NA	NA	NA	NA	NA	NA
NA	NA	NA	NA	NA	NA	NA
NA	NA	NA	NA	NA	NA	NA
NA	NA	NA	NA	NA	NA	NA
NA	NA	NA	NA	NA	NA	NA
NA	NA	NA	NA	NA	NA	NA
NA	NA	NA	NA	NA	NA	NA
NA	NA	NA	NA	NA	NA	NA
NA	NA	NA	NA	NA	NA	NA
NA	NA	NA	NA	NA	NA	NA
NA	NA	NA	NA	NA	NA	NA
NA	NA	NA	NA	NA	NA	NA
NA	NA	NA	NA	NA	NA	NA
NA	NA	NA	NA	NA	NA	NA
NA	NA	NA	NA	NA	NA	NA
NA	NA	NA	NA	NA	NA	NA
NA	NA	NA	NA	NA	NA	NA
NA	NA	NA	NA	NA	NA	NA
NA	NA	NA	NA	NA	NA	NA
NA	NA	NA	NA	NA	NA	NA
NA	NA	NA	NA	NA	NA	NA
NA	NA	NA	NA	NA	NA	NA
NA	NA	NA	NA	NA	NA	NA
NA	NA	NA	NA	NA	NA	NA
NA	NA	NA	NA	NA	NA	NA
NA	NA	NA	NA	NA	NA	NA
NA	NA	NA	NA	NA	NA	NA
NA	NA	NA	NA	NA	NA	NA
NA	NA	NA	NA	NA	NA	NA
NA	NA	NA	NA	NA	NA	NA
NA	NA	NA	NA	NA	NA	NA
NA	NA	NA	NA	NA	NA	NA
NA	NA	NA	NA	NA	NA	NA
NA	NA	NA	NA	NA	NA	NA
NA	NA	NA	NA	NA	NA	NA
NA	NA	NA	NA	NA	NA	NA
NA	NA	NA	NA	NA	NA	NA
NA	NA	NA	NA	NA	NA	NA
NA	NA	NA	NA	NA	NA	NA
NA	NA	NA	NA	NA	NA	NA
NA	NA	NA	NA	NA	NA	NA
NA	NA	NA	NA	NA	NA	NA
NA	NA	NA	NA	NA	NA	NA
NA	NA	NA	NA	NA	NA	NA
NA	NA	NA	NA	NA	NA	NA
NA	NA	NA	NA	NA	NA	NA
NA	NA	NA	NA	NA	NA	NA
NA	NA	NA	NA	NA	NA	NA
NA	NA	NA	NA	NA	NA	NA
NA	NA	NA	NA	NA	NA	NA
NA	NA	NA	NA	NA	NA	NA
NA	NA	NA	NA	NA	NA	NA
NA	NA	NA	NA	NA	NA	NA
NA	NA	NA	NA	NA	NA	NA
NA	NA	NA	NA	NA	NA	NA
NA	NA	NA	NA	NA	NA	NA
NA	NA	NA	NA	NA	NA	NA
NA	NA	NA	NA	NA	NA	NA
NA	NA	NA	NA	NA	NA	NA
NA	NA	NA	NA	NA	NA	NA
NA	NA	NA	NA	NA	NA	NA
NA	NA	NA	NA	NA	NA	NA
NA	NA	NA	NA	NA	NA	NA
NA	NA	NA	NA	NA	NA	NA
NA	NA	NA	NA	NA	NA	NA
NA	NA	NA	NA	NA	NA	NA
NA	NA	NA	NA	NA	NA	NA
NA	NA	NA	NA	NA	NA	NA
NA	NA	NA	NA	NA	NA	NA
NA	NA	NA	NA	NA	NA	NA
NA	NA	NA	NA	NA	NA	NA
NA	NA	NA	NA	NA	NA	NA
NA	NA	NA	NA	NA	NA	NA
NA	NA	NA	NA	NA	NA	NA
NA	NA	NA	NA	NA	NA	NA
NA	NA	NA	NA	NA	NA	NA
NA	NA	NA	NA	NA	NA	NA
NA	NA	NA	NA	NA	NA	NA
NA	NA	NA	NA	NA	NA	NA
NA	NA	NA	NA	NA	NA	NA
NA	NA	NA	NA	NA	NA	NA
NA	NA	NA	NA	NA	NA	NA
NA	NA	NA	NA	NA	NA	NA
NA	NA	NA	NA	NA	NA	NA
NA	NA	NA	NA	NA	NA	NA
NA	NA	NA	NA	NA	NA	NA
NA	NA	NA	NA	NA	NA	NA
NA	NA	NA	NA	NA	NA	NA
NA	NA	NA	NA	NA	NA	NA
NA	NA	NA	NA	NA	NA	NA
NA	NA	NA	NA	NA	NA	NA
NA	NA	NA	NA	NA	NA	NA
NA	NA	NA	NA	NA	NA	NA
NA	NA	NA	NA	NA	NA	NA
NA	NA	NA	NA	NA	NA	NA
NA	NA	NA	NA	NA	NA	NA
NA	NA	NA	NA	NA	NA	NA
NA	NA	NA	NA	NA	NA	NA
NA	NA	NA	NA	NA	NA	NA
NA	NA	NA	NA	NA	NA	NA
NA	NA	NA	NA	NA	NA	NA
NA	NA	NA	NA	NA	NA	NA
NA	NA	NA	NA	NA	NA	NA
NA	NA	NA	NA	NA	NA	NA
NA	NA	NA	NA	NA	NA	NA
NA	NA	NA	NA	NA	NA	NA
NA	NA	NA	NA	NA	NA	NA
NA	NA	NA	NA	NA	NA	NA
NA	NA	NA	NA	NA	NA	NA
NA	NA	NA	NA	NA	NA	NA
NA	NA	NA	NA	NA	NA	NA
NA	NA	NA	NA	NA	NA	NA
NA	NA	NA	NA	NA	NA	NA
NA	NA	NA	NA	NA	NA	NA
NA	NA	NA	NA	NA	NA	NA
NA	NA	NA	NA	NA	NA	NA
NA	NA	NA	NA	NA	NA	NA
NA	NA	NA	NA	NA	NA	NA
NA	NA	NA	NA	NA	NA	NA
NA	NA	NA	NA	NA	NA	NA
NA	NA	NA	NA	NA	NA	NA
NA	NA	NA	NA	NA	NA	NA
NA	NA	NA	NA	NA	NA	NA
NA	NA	NA	NA	NA	NA	NA
NA	NA	NA	NA	NA	NA	NA
NA	NA	NA	NA	NA	NA	NA
NA	NA	NA	NA	NA	NA	NA
NA	NA	NA	NA	NA	NA	NA
NA	NA	NA	NA	NA	NA	NA
NA	NA	NA	NA	NA	NA	NA
NA	NA	NA	NA	NA	NA	NA
NA	NA	NA	NA	NA	NA	NA
NA	NA	NA	NA	NA	NA	NA
NA	NA	NA	NA	NA	NA	NA
NA	NA	NA	NA	NA	NA	NA
NA	NA	NA	NA	NA	NA	NA
NA	NA	NA	NA	NA	NA	NA
NA	NA	NA	NA	NA	NA	NA
NA	NA	NA	NA	NA	NA	NA
NA	NA	NA	NA	NA	NA	NA
NA	NA	NA	NA	NA	NA	NA
NA	NA	NA	NA	NA	NA	NA
NA	NA	NA	NA	NA	NA	NA
NA	NA	NA	NA	NA	NA	NA
NA	NA	NA	NA	NA	NA	NA
NA	NA	NA	NA	NA	NA	NA
NA	NA	NA	NA	NA	NA	NA
NA	NA	NA	NA	NA	NA	NA
NA	NA	NA	NA	NA	NA	NA
NA	NA	NA	NA	NA	NA	NA
NA	NA	NA	NA	NA	NA	NA
NA	NA	NA	NA	NA	NA	NA
NA	NA	NA	NA	NA	NA	NA
NA	NA	NA	NA	NA	NA	NA
NA	NA	NA	NA	NA	NA	NA
NA	NA	NA	NA	NA	NA	NA
NA	NA	NA	NA	NA	NA	NA
NA	NA	NA	NA	NA	NA	NA
NA	NA	NA	NA	NA	NA	NA
NA	NA	NA	NA	NA	NA	NA
NA	NA	NA	NA	NA	NA	NA
NA	NA	NA	NA	NA	NA	NA
NA	NA	NA	NA	NA	NA	NA
NA	NA	NA	NA	NA	NA	NA
NA	NA	NA	NA	NA	NA	NA
NA	NA	NA	NA	NA	NA	NA
NA	NA	NA	NA	NA	NA	NA
NA	NA	NA	NA	NA	NA	NA
NA	NA	NA	NA	NA	NA	NA
NA	NA	NA	NA	NA	NA	NA
NA	NA	NA	NA	NA	NA	NA
NA	NA	NA	NA	NA	NA	NA
NA	NA	NA	NA	NA	NA	NA
NA	NA	NA	NA	NA	NA	NA
NA	NA	NA	NA	NA	NA	NA
NA	NA	NA	NA	NA	NA	NA
NA	NA	NA	NA	NA	NA	NA
NA	NA	NA	NA	NA	NA	NA
NA	NA	NA	NA	NA	NA	NA
NA	NA	NA	NA	NA	NA	NA
NA	NA	NA	NA	NA	NA	NA
NA	NA	NA	NA	NA	NA	NA
NA	NA	NA	NA	NA	NA	NA
NA	NA	NA	NA	NA	NA	NA
NA	NA	NA	NA	NA	NA	NA
NA	NA	NA	NA	NA	NA	NA
NA	NA	NA	NA	NA	NA	NA
NA	NA	NA	NA	NA	NA	NA
NA	NA	NA	NA	NA	NA	NA
NA	NA	NA	NA	NA	NA	NA
NA	NA	NA	NA	NA	NA	NA
NA	NA	NA	NA	NA	NA	NA
NA	NA	NA	NA	NA	NA	NA
NA	NA	NA	NA	NA	NA	NA
NA	NA	NA	NA	NA	NA	NA
NA	NA	NA	NA	NA	NA	NA
NA	NA	NA	NA	NA	NA	NA
NA	NA	NA	NA	NA	NA	NA
NA	NA	NA	NA	NA	NA	NA
NA	NA	NA	NA	NA	NA	NA
NA	NA	NA	NA	NA	NA	NA
NA	NA	NA	NA	NA	NA	NA
NA	NA	NA	NA	NA	NA	NA
NA	NA	NA	NA	NA	NA	NA
NA	NA	NA	NA	NA	NA	NA
NA	NA	NA	NA	NA	NA	NA
NA	NA	NA	NA	NA	NA	NA
NA	NA	NA	NA	NA	NA	NA
NA	NA	NA	NA	NA	NA	NA
NA	NA	NA	NA	NA	NA	NA
NA	NA	NA	NA	NA	NA	NA
NA	NA	NA	NA	NA	NA	NA
NA	NA	NA	NA	NA	NA	NA
NA	NA	NA	NA	NA	NA	NA
NA	NA	NA	NA	NA	NA	NA
NA	NA	NA	NA	NA	NA	NA
NA	NA	NA	NA	NA	NA	NA
NA	NA	NA	NA	NA	NA	NA
NA	NA	NA	NA	NA	NA	NA
NA	NA	NA	NA	NA	NA	NA
NA	NA	NA	NA	NA	NA	NA
NA	NA	NA	NA	NA	NA	NA
NA	NA	NA	NA	NA	NA	NA
NA	NA	NA	NA	NA	NA	NA
NA	NA	NA	NA	NA	NA	NA
NA	NA	NA	NA	NA	NA	NA
NA	NA	NA	NA	NA	NA	NA
NA	NA	NA	NA	NA	NA	NA
NA	NA	NA	NA	NA	NA	NA
NA	NA	NA	NA	NA	NA	NA
NA	NA	NA	NA	NA	NA	NA
NA	NA	NA	NA	NA	NA	NA
NA	NA	NA	NA	NA	NA	NA
NA	NA	NA	NA	NA	NA	NA
NA	NA	NA	NA	NA	NA	NA
NA	NA	NA	NA	NA	NA	NA
NA	NA	NA	NA	NA	NA	NA
NA	NA	NA	NA	NA	NA	NA
NA	NA	NA	NA	NA	NA	NA
NA	NA	NA	NA	NA	NA	NA
NA	NA	NA	NA	NA	NA	NA
NA	NA	NA	NA	NA	NA	NA
NA	NA	NA	NA	NA	NA	NA
NA	NA	NA	NA	NA	NA	NA
NA	NA	NA	NA	NA	NA	NA
NA	NA	NA	NA	NA	NA	NA
NA	NA	NA	NA	NA	NA	NA
NA	NA	NA	NA	NA	NA	NA
NA	NA	NA	NA	NA	NA	NA
NA	NA	NA	NA	NA	NA	NA
NA	NA	NA	NA	NA	NA	NA
NA	NA	NA	NA	NA	NA	NA
NA	NA	NA	NA	NA	NA	NA
NA	NA	NA	NA	NA	NA	NA
NA	NA	NA	NA	NA	NA	NA
NA	NA	NA	NA	NA	NA	NA
NA	NA	NA	NA	NA	NA	NA
NA	NA	NA	NA	NA	NA	NA
NA	NA	NA	NA	NA	NA	NA
NA	NA	NA	NA	NA	NA	NA
NA	NA	NA	NA	NA	NA	NA
NA	NA	NA	NA	NA	NA	NA
NA	NA	NA	NA	NA	NA	NA
NA	NA	NA	NA	NA	NA	NA
NA	NA	NA	NA	NA	NA	NA
NA	NA	NA	NA	NA	NA	NA
NA	NA	NA	NA	NA	NA	NA
NA	NA	NA	NA	NA	NA	NA
NA	NA	NA	NA	NA	NA	NA
NA	NA	NA	NA	NA	NA	NA
NA	NA	NA	NA	NA	NA	NA
NA	NA	NA	NA	NA	NA	NA
NA	NA	NA	NA	NA	NA	NA
NA	NA	NA	NA	NA	NA	NA
NA	NA	NA	NA	NA	NA	NA
NA	NA	NA	NA	NA	NA	NA
NA	NA	NA	NA	NA	NA	NA
NA	NA	NA	NA	NA	NA	NA
NA	NA	NA	NA	NA	NA	NA
NA	NA	NA	NA	NA	NA	NA
NA	NA	NA	NA	NA	NA	NA
NA	NA	NA	NA	NA	NA	NA
NA	NA	NA	NA	NA	NA	NA
NA	NA	NA	NA	NA	NA	NA
NA	NA	NA	NA	NA	NA	NA
NA	NA	NA	NA	NA	NA	NA
NA	NA	NA	NA	NA	NA	NA
NA	NA	NA	NA	NA	NA	NA
NA	NA	NA	NA	NA	NA	NA
NA	NA	NA	NA	NA	NA	NA
NA	NA	NA	NA	NA	NA	NA
NA	NA	NA	NA	NA	NA	NA
NA	NA	NA	NA	NA	NA	NA
NA	NA	NA	NA	NA	NA	NA
NA	NA	NA	NA	NA	NA	NA
NA	NA	NA	NA	NA	NA	NA
NA	NA	NA	NA	NA	NA	NA
NA	NA	NA	NA	NA	NA	NA
NA	NA	NA	NA	NA	NA	NA
NA	NA	NA	NA	NA	NA	NA
NA	NA	NA	NA	NA	NA	NA
NA	NA	NA	NA	NA	NA	NA
NA	NA	NA	NA	NA	NA	NA
NA	NA	NA	NA	NA	NA	NA
NA	NA	NA	NA	NA	NA	NA
NA	NA	NA	NA	NA	NA	NA
NA	NA	NA	NA	NA	NA	NA
NA	NA	NA	NA	NA	NA	NA
NA	NA	NA	NA	NA	NA	NA
NA	NA	NA	NA	NA	NA	NA
NA	NA	NA	NA	NA	NA	NA
NA	NA	NA	NA	NA	NA	NA
NA	NA	NA	NA	NA	NA	NA
NA	NA	NA	NA	NA	NA	NA
NA	NA	NA	NA	NA	NA	NA
NA	NA	NA	NA	NA	NA	NA
NA	NA	NA	NA	NA	NA	NA
NA	NA	NA	NA	NA	NA	NA
NA	NA	NA	NA	NA	NA	NA
NA	NA	NA	NA	NA	NA	NA
NA	NA	NA	NA	NA	NA	NA
NA	NA	NA	NA	NA	NA	NA
NA	NA	NA	NA	NA	NA	NA
NA	NA	NA	NA	NA	NA	NA
NA	NA	NA	NA	NA	NA	NA
NA	NA	NA	NA	NA	NA	NA
NA	NA	NA	NA	NA	NA	NA
NA	NA	NA	NA	NA	NA	NA
NA	NA	NA	NA	NA	NA	NA
NA	NA	NA	NA	NA	NA	NA
NA	NA	NA	NA	NA	NA	NA
NA	NA	NA	NA	NA	NA	NA
NA	NA	NA	NA	NA	NA	NA
NA	NA	NA	NA	NA	NA	NA
NA	NA	NA	NA	NA	NA	NA
NA	NA	NA	NA	NA	NA	NA
NA	NA	NA	NA	NA	NA	NA
NA	NA	NA	NA	NA	NA	NA
NA	NA	NA	NA	NA	NA	NA
NA	NA	NA	NA	NA	NA	NA
NA	NA	NA	NA	NA	NA	NA
NA	NA	NA	NA	NA	NA	NA
NA	NA	NA	NA	NA	NA	NA
NA	NA	NA	NA	NA	NA	NA
NA	NA	NA	NA	NA	NA	NA
NA	NA	NA	NA	NA	NA	NA
NA	NA	NA	NA	NA	NA	NA
NA	NA	NA	NA	NA	NA	NA
NA	NA	NA	NA	NA	NA	NA
NA	NA	NA	NA	NA	NA	NA
NA	NA	NA	NA	NA	NA	NA
NA	NA	NA	NA	NA	NA	NA
NA	NA	NA	NA	NA	NA	NA
NA	NA	NA	NA	NA	NA	NA
NA	NA	NA	NA	NA	NA	NA
NA	NA	NA	NA	NA	NA	NA
NA	NA	NA	NA	NA	NA	NA
NA	NA	NA	NA	NA	NA	NA
NA	NA	NA	NA	NA	NA	NA
NA	NA	NA	NA	NA	NA	NA
NA	NA	NA	NA	NA	NA	NA
NA	NA	NA	NA	NA	NA	NA
NA	NA	NA	NA	NA	NA	NA
NA	NA	NA	NA	NA	NA	NA
NA	NA	NA	NA	NA	NA	NA
NA	NA	NA	NA	NA	NA	NA
NA	NA	NA	NA	NA	NA	NA
NA	NA	NA	NA	NA	NA	NA
NA	NA	NA	NA	NA	NA	NA
NA	NA	NA	NA	NA	NA	NA
NA	NA	NA	NA	NA	NA	NA
NA	NA	NA	NA	NA	NA	NA
NA	NA	NA	NA	NA	NA	NA
NA	NA	NA	NA	NA	NA	NA
NA	NA	NA	NA	NA	NA	NA
NA	NA	NA	NA	NA	NA	NA
NA	NA	NA	NA	NA	NA	NA
NA	NA	NA	NA	NA	NA	NA
NA	NA	NA	NA	NA	NA	NA
NA	NA	NA	NA	NA	NA	NA
NA	NA	NA	NA	NA	NA	NA
NA	NA	NA	NA	NA	NA	NA
NA	NA	NA	NA	NA	NA	NA
NA	NA	NA	NA	NA	NA	NA
NA	NA	NA	NA	NA	NA	NA
NA	NA	NA	NA	NA	NA	NA
NA	NA	NA	NA	NA	NA	NA
NA	NA	NA	NA	NA	NA	NA
NA	NA	NA	NA	NA	NA	NA
NA	NA	NA	NA	NA	NA	NA
NA	NA	NA	NA	NA	NA	NA
NA	NA	NA	NA	NA	NA	NA
NA	NA	NA	NA	NA	NA	NA
NA	NA	NA	NA	NA	NA	NA
NA	NA	NA	NA	NA	NA	NA
NA	NA	NA	NA	NA	NA	NA
NA	NA	NA	NA	NA	NA	NA
NA	NA	NA	NA	NA	NA	NA
NA	NA	NA	NA	NA	NA	NA
NA	NA	NA	NA	NA	NA	NA
NA	NA	NA	NA	NA	NA	NA
NA	NA	NA	NA	NA	NA	NA
NA	NA	NA	NA	NA	NA	NA
NA	NA	NA	NA	NA	NA	NA
NA	NA	NA	NA	NA	NA	NA
NA	NA	NA	NA	NA	NA	NA
NA	NA	NA	NA	NA	NA	NA
NA	NA	NA	NA	NA	NA	NA
NA	NA	NA	NA	NA	NA	NA
NA	NA	NA	NA	NA	NA	NA
NA	NA	NA	NA	NA	NA	NA
NA	NA	NA	NA	NA	NA	NA
NA	NA	NA	NA	NA	NA	NA
NA	NA	NA	NA	NA	NA	NA
NA	NA	NA	NA	NA	NA	NA
NA	NA	NA	NA	NA	NA	NA
NA	NA	NA	NA	NA	NA	NA
NA	NA	NA	NA	NA	NA	NA
NA	NA	NA	NA	NA	NA	NA
NA	NA	NA	NA	NA	NA	NA
NA	NA	NA	NA	NA	NA	NA
NA	NA	NA	NA	NA	NA	NA
NA	NA	NA	NA	NA	NA	NA
NA	NA	NA	NA	NA	NA	NA
NA	NA	NA	NA	NA	NA	NA
NA	NA	NA	NA	NA	NA	NA
NA	NA	NA	NA	NA	NA	NA
NA	NA	NA	NA	NA	NA	NA
NA	NA	NA	NA	NA	NA	NA
NA	NA	NA	NA	NA	NA	NA
NA	NA	NA	NA	NA	NA	NA
NA	NA	NA	NA	NA	NA	NA
NA	NA	NA	NA	NA	NA	NA
NA	NA	NA	NA	NA	NA	NA
NA	NA	NA	NA	NA	NA	NA
NA	NA	NA	NA	NA	NA	NA
NA	NA	NA	NA	NA	NA	NA
NA	NA	NA	NA	NA	NA	NA
NA	NA	NA	NA	NA	NA	NA
NA	NA	NA	NA	NA	NA	NA
NA	NA	NA	NA	NA	NA	NA
NA	NA	NA	NA	NA	NA	NA
NA	NA	NA	NA	NA	NA	NA
NA	NA	NA	NA	NA	NA	NA
NA	NA	NA	NA	NA	NA	NA
NA	NA	NA	NA	NA	NA	NA
NA	NA	NA	NA	NA	NA	NA
NA	NA	NA	NA	NA	NA	NA
NA	NA	NA	NA	NA	NA	NA
NA	NA	NA	NA	NA	NA	NA
NA	NA	NA	NA	NA	NA	NA
NA	NA	NA	NA	NA	NA	NA
NA	NA	NA	NA	NA	NA	NA
NA	NA	NA	NA	NA	NA	NA
NA	NA	NA	NA	NA	NA	NA
NA	NA	NA	NA	NA	NA	NA
NA	NA	NA	NA	NA	NA	NA
NA	NA	NA	NA	NA	NA	NA
NA	NA	NA	NA	NA	NA	NA
NA	NA	NA	NA	NA	NA	NA
NA	NA	NA	NA	NA	NA	NA
NA	NA	NA	NA	NA	NA	NA
NA	NA	NA	NA	NA	NA	NA
NA	NA	NA	NA	NA	NA	NA
NA	NA	NA	NA	NA	NA	NA
NA	NA	NA	NA	NA	NA	NA
NA	NA	NA	NA	NA	NA	NA
NA	NA	NA	NA	NA	NA	NA
NA	NA	NA	NA	NA	NA	NA
NA	NA	NA	NA	NA	NA	NA
NA	NA	NA	NA	NA	NA	NA
NA	NA	NA	NA	NA	NA	NA
NA	NA	NA	NA	NA	NA	NA
NA	NA	NA	NA	NA	NA	NA
NA	NA	NA	NA	NA	NA	NA
NA	NA	NA	NA	NA	NA	NA
NA	NA	NA	NA	NA	NA	NA
NA	NA	NA	NA	NA	NA	NA
NA	NA	NA	NA	NA	NA	NA
NA	NA	NA	NA	NA	NA	NA
NA	NA	NA	NA	NA	NA	NA
NA	NA	NA	NA	NA	NA	NA
NA	NA	NA	NA	NA	NA	NA
NA	NA	NA	NA	NA	NA	NA
NA	NA	NA	NA	NA	NA	NA
NA	NA	NA	NA	NA	NA	NA
NA	NA	NA	NA	NA	NA	NA
NA	NA	NA	NA	NA	NA	NA
NA	NA	NA	NA	NA	NA	NA
NA	NA	NA	NA	NA	NA	NA
NA	NA	NA	NA	NA	NA	NA
NA	NA	NA	NA	NA	NA	NA
NA	NA	NA	NA	NA	NA	NA
NA	NA	NA	NA	NA	NA	NA
NA	NA	NA	NA	NA	NA	NA
NA	NA	NA	NA	NA	NA	NA
NA	NA	NA	NA	NA	NA	NA
NA	NA	NA	NA	NA	NA	NA
NA	NA	NA	NA	NA	NA	NA
NA	NA	NA	NA	NA	NA	NA
NA	NA	NA	NA	NA	NA	NA
NA	NA	NA	NA	NA	NA	NA
NA	NA	NA	NA	NA	NA	NA
NA	NA	NA	NA	NA	NA	NA
NA	NA	NA	NA	NA	NA	NA
NA	NA	NA	NA	NA	NA	NA
NA	NA	NA	NA	NA	NA	NA
NA	NA	NA	NA	NA	NA	NA
NA	NA	NA	NA	NA	NA	NA
NA	NA	NA	NA	NA	NA	NA
NA	NA	NA	NA	NA	NA	NA
NA	NA	NA	NA	NA	NA	NA
NA	NA	NA	NA	NA	NA	NA
NA	NA	NA	NA	NA	NA	NA
NA	NA	NA	NA	NA	NA	NA
NA	NA	NA	NA	NA	NA	NA
NA	NA	NA	NA	NA	NA	NA
NA	NA	NA	NA	NA	NA	NA
NA	NA	NA	NA	NA	NA	NA
NA	NA	NA	NA	NA	NA	NA
NA	NA	NA	NA	NA	NA	NA
NA	NA	NA	NA	NA	NA	NA
NA	NA	NA	NA	NA	NA	NA
NA	NA	NA	NA	NA	NA	NA
NA	NA	NA	NA	NA	NA	NA
NA	NA	NA	NA	NA	NA	NA
NA	NA	NA	NA	NA	NA	NA
NA	NA	NA	NA	NA	NA	NA
NA	NA	NA	NA	NA	NA	NA
NA	NA	NA	NA	NA	NA	NA
NA	NA	NA	NA	NA	NA	NA
NA	NA	NA	NA	NA	NA	NA
NA	NA	NA	NA	NA	NA	NA
NA	NA	NA	NA	NA	NA	NA
NA	NA	NA	NA	NA	NA	NA
NA	NA	NA	NA	NA	NA	NA
NA	NA	NA	NA	NA	NA	NA
NA	NA	NA	NA	NA	NA	NA
NA	NA	NA	NA	NA	NA	NA
NA	NA	NA	NA	NA	NA	NA
NA	NA	NA	NA	NA	NA	NA
NA	NA	NA	NA	NA	NA	NA
NA	NA	NA	NA	NA	NA	NA
NA	NA	NA	NA	NA	NA	NA
NA	NA	NA	NA	NA	NA	NA
NA	NA	NA	NA	NA	NA	NA
NA	NA	NA	NA	NA	NA	NA
NA	NA	NA	NA	NA	NA	NA
NA	NA	NA	NA	NA	NA	NA
NA	NA	NA	NA	NA	NA	NA
NA	NA	NA	NA	NA	NA	NA
NA	NA	NA	NA	NA	NA	NA
NA	NA	NA	NA	NA	NA	NA
NA	NA	NA	NA	NA	NA	NA
NA	NA	NA	NA	NA	NA	NA
NA	NA	NA	NA	NA	NA	NA
NA	NA	NA	NA	NA	NA	NA
NA	NA	NA	NA	NA	NA	NA
NA	NA	NA	NA	NA	NA	NA
NA	NA	NA	NA	NA	NA	NA
NA	NA	NA	NA	NA	NA	NA
NA	NA	NA	NA	NA	NA	NA
NA	NA	NA	NA	NA	NA	NA
NA	NA	NA	NA	NA	NA	NA
NA	NA	NA	NA	NA	NA	NA
NA	NA	NA	NA	NA	NA	NA
NA	NA	NA	NA	NA	NA	NA
NA	NA	NA	NA	NA	NA	NA
NA	NA	NA	NA	NA	NA	NA
NA	NA	NA	NA	NA	NA	NA
NA	NA	NA	NA	NA	NA	NA
NA	NA	NA	NA	NA	NA	NA
NA	NA	NA	NA	NA	NA	NA
NA	NA	NA	NA	NA	NA	NA
NA	NA	NA	NA	NA	NA	NA
NA	NA	NA	NA	NA	NA	NA
NA	NA	NA	NA	NA	NA	NA
NA	NA	NA	NA	NA	NA	NA
NA	NA	NA	NA	NA	NA	NA
NA	NA	NA	NA	NA	NA	NA
NA	NA	NA	NA	NA	NA	NA
NA	NA	NA	NA	NA	NA	NA
NA	NA	NA	NA	NA	NA	NA
NA	NA	NA	NA	NA	NA	NA
NA	NA	NA	NA	NA	NA	NA
NA	NA	NA	NA	NA	NA	NA
NA	NA	NA	NA	NA	NA	NA
NA	NA	NA	NA	NA	NA	NA
NA	NA	NA	NA	NA	NA	NA
NA	NA	NA	NA	NA	NA	NA
NA	NA	NA	NA	NA	NA	NA
NA	NA	NA	NA	NA	NA	NA
NA	NA	NA	NA	NA	NA	NA
NA	NA	NA	NA	NA	NA	NA
NA	NA	NA	NA	NA	NA	NA
NA	NA	NA	NA	NA	NA	NA
NA	NA	NA	NA	NA	NA	NA
NA	NA	NA	NA	NA	NA	NA
NA	NA	NA	NA	NA	NA	NA
NA	NA	NA	NA	NA	NA	NA
NA	NA	NA	NA	NA	NA	NA
NA	NA	NA	NA	NA	NA	NA
NA	NA	NA	NA	NA	NA	NA
NA	NA	NA	NA	NA	NA	NA
NA	NA	NA	NA	NA	NA	NA
NA	NA	NA	NA	NA	NA	NA
NA	NA	NA	NA	NA	NA	NA
NA	NA	NA	NA	NA	NA	NA
NA	NA	NA	NA	NA	NA	NA
NA	NA	NA	NA	NA	NA	NA
NA	NA	NA	NA	NA	NA	NA
NA	NA	NA	NA	NA	NA	NA
NA	NA	NA	NA	NA	NA	NA
NA	NA	NA	NA	NA	NA	NA
NA	NA	NA	NA	NA	NA	NA
NA	NA	NA	NA	NA	NA	NA
NA	NA	NA	NA	NA	NA	NA
