"subjID","offer","missed","accept","response_time","human","ingroup","block_fair","run","anteriorinsula","dacc","VS","vmpfc"
"sub-106",3,0,0,1.06745,1,0,0,1,0.361516140750609,0.271642893828728,0.311079158893942,-0.713080738950521
"sub-106",2,0,0,0.56093,1,0,0,1,-0.421417863981333,-0.138154749724048,-0.740405026217256,-0.833132747374475
"sub-106",4,0,0,0.42044,1,0,0,1,0.153686460049357,-0.296962200957178,-0.326417680402907,-1.5054376848042
"sub-106",2,0,0,0.54413,1,0,0,1,0.241910429962445,-0.252563942361761,-0.0326672745092461,-1.66284032259136
"sub-106",4,0,0,0.494,1,0,0,1,0.220752047772597,-0.075592214655545,-0.277781369824273,-1.11271481681615
"sub-106",6,0,1,0.78594,1,0,0,1,-0.153413797107836,0.0118059099962314,-0.288331784914287,-0.677645433321595
"sub-106",4,0,0,0.25812,1,0,0,1,-0.0373292400036007,-0.519787565391097,-0.297713622809776,-1.0599367226474
"sub-106",10,0,1,0.34166,1,0,0,1,0.206644887182241,-0.621520795617942,-0.0659297305780153,-0.00292740745935589
"sub-106",7,0,1,0.48668,0,0,1,1,0.406094064082329,-0.203133785204651,-0.154149453543747,-0.276104560354725
"sub-106",8,0,1,0.36464,0,0,1,1,0.205827275135865,-0.52450821314145,-0.336121593990053,-0.124985751509666
"sub-106",9,0,1,0.40875,0,0,1,1,0.093658489213946,-0.233415733746908,-0.392739345009128,-0.278168610244757
"sub-106",8,0,1,0.41926,0,0,1,1,-0.121547359604544,0.0536119606242412,0.288641270870964,1.06364022572525
"sub-106",9,0,1,0.29739,0,0,1,1,-0.11189390035967,0.286970209261333,0.0166060310051156,0.690003779157996
"sub-106",5,0,0,0.43155,0,0,1,1,0.186807222586746,0.0285017826352958,0.378290357841858,-0.435564669058658
"sub-106",4,0,0,0.51137,0,0,1,1,-0.145260099088773,-0.244860821731251,0.163571612443775,-0.598253663745709
"sub-106",7,0,1,0.27478,0,0,1,1,0.179298455206056,-0.190299453834693,0.42548141896259,-0.0562730330042541
"sub-106",7,0,1,0.53621,1,0,1,1,0.393226804643443,0.397221917872904,-0.1196061099569,-1.30588159579784
"sub-106",5,0,0,0.41046,1,0,1,1,0.287830043661719,0.781710664000086,0.211353747174144,-0.786683029215783
"sub-106",10,0,1,0.02033,1,0,1,1,0.150959313691904,0.310747131291363,-0.0952071086697591,-0.19845574926585
"sub-106",10,0,1,0.37983,1,0,1,1,-0.250401660916395,-0.117035059810237,-0.123418082107188,0.259145455807447
"sub-106",8,0,1,0.2049,1,0,1,1,-0.183838486099072,-0.785506474957974,-0.159446820927163,-0.870833195094019
"sub-106",3,0,0,0.01945,1,0,1,1,0.447048460443815,-0.125161896804693,0.0186072538296382,-1.55700277569704
"sub-106",10,0,1,0.0278499999999999,1,0,1,1,-0.336663583914439,-0.116545520170971,0.64780199615052,0.223746825195849
"sub-106",10,0,1,0.25503,1,0,1,1,-0.277240443916526,-0.7134434732574,0.104846766092426,-0.303557000379078
"sub-106",9,0,1,0.27622,1,1,1,1,-0.0127989123769415,0.728130228403542,-0.216437664036979,-0.652432360686362
"sub-106",10,0,1,0.36399,1,1,1,1,0.100345730626335,0.206337811839249,-0.139094613492489,0.174924895260483
"sub-106",2,0,0,0.0890299999999999,1,1,1,1,0.617052482557483,-0.261025524732691,-0.0492204811501627,-0.693739573098719
"sub-106",10,0,1,0.31823,1,1,1,1,0.439062131103128,-0.353135622623894,-0.00623968980895976,-1.08542075809091
"sub-106",7,0,1,0.38061,1,1,1,1,0.129905004985631,-0.283251766839789,-0.161668007611297,-1.23557548964163
"sub-106",8,0,1,0.30179,1,1,1,1,0.0910790670507898,-0.432928731216601,-0.156917222038222,-1.16490131989121
"sub-106",8,0,1,0.22531,1,1,1,1,-0.211893717525527,-0.714563362300396,-0.464976145536639,-1.33721975479275
"sub-106",5,0,0,0.41223,1,1,1,1,-0.138028403860517,-0.220950790991386,-0.322632022900507,-1.37611802555621
"sub-106",8,0,1,0.39347,1,0,1,1,0.163307489807873,-0.0264186242388354,-0.0884083550966655,0.0934610660653561
"sub-106",9,0,1,0.36493,1,0,1,1,0.207407340717812,0.00803593904883773,-0.352551092936968,-0.325674020731822
"sub-106",7,0,1,0.9853,1,0,1,1,0.170819843949478,-0.000892510258213237,0.467973735338698,-0.620792903471738
"sub-106",8,0,1,0.24661,1,0,1,1,-0.0842979738178353,-0.519616962169056,0.324054642405827,0.129319063993171
"sub-106",2,0,0,0.0285,1,0,1,1,0.447656743306046,-0.330692727256704,0.0693112185253995,0.442406414728612
"sub-106",5,0,0,0.0566199999999999,1,0,1,1,0.52187131845858,-0.0665891023559703,-0.040325210953597,0.5600196152227
"sub-106",9,0,1,0.24085,1,0,1,1,-0.187164598610252,-0.462820238359402,-0.145406805541522,1.21885901708156
"sub-106",9,0,1,0.0235399999999999,1,0,1,1,0.140594827412012,-0.181805721397891,-0.0887564814183861,0.63017189912498
"sub-106",2,0,0,0.54624,0,0,0,1,0.0532987555488944,0.540122097151147,0.267768822998429,-0.155380703881383
"sub-106",4,0,0,0.33995,0,0,0,1,0.189591059849287,0.28566260566866,0.565266288816929,-0.309798283316195
"sub-106",1,0,0,0.02681,0,0,0,1,0.365305991067241,-0.160148194249443,0.422198326326907,-1.74576884789858
"sub-106",8,0,1,0.52964,0,0,0,1,-0.14005341353671,-0.579247033464964,-0.136731146873596,-1.6773286510841
"sub-106",1,0,0,0.0317700000000001,0,0,0,1,-0.143866348643011,-0.539205719130459,0.0919233954822024,-1.35186604391783
"sub-106",6,0,0,0.47249,0,0,0,1,0.133946628329189,-0.339411173912662,-0.168054466552955,-1.10175029132515
"sub-106",2,0,0,0.0329600000000001,0,0,0,1,-0.424017430709985,0.290489560148368,0.197393376535426,-0.193064191323356
"sub-106",1,0,0,0.33519,0,0,0,1,-0.370500771379739,0.0511131438047246,-0.524285839841468,-0.75539321731776
"sub-106",9,0,1,0.4179,1,1,1,1,0.584804054097428,0.301594227793868,-0.105808279069606,-0.208545480505563
"sub-106",9,0,1,0.32259,1,1,1,1,0.73398117889883,0.690485086947404,0.235487995669246,-0.601962203212315
"sub-106",9,0,1,0.02085,1,1,1,1,0.235876669486364,-0.111674941325974,-0.0646381042218612,-0.225941513851285
"sub-106",6,0,0,0.54758,1,1,1,1,-0.493930262358238,-0.0598809556966578,0.0256095768030112,-0.443425960023887
"sub-106",7,0,1,0.41683,1,1,1,1,-0.275288549795126,-0.819781507244679,-0.211242323586096,-1.01394325876608
"sub-106",10,0,1,0.03128,1,1,1,1,0.759236976193885,-0.164751806805186,0.246325533526639,-0.359495277656242
"sub-106",4,0,0,0.06382,1,1,1,1,0.740843566988284,-0.329564005024386,0.265975066984538,-0.0666160059627146
"sub-106",7,0,1,0.32073,1,1,1,1,0.366720583910743,-0.695451760181674,0.277213284415969,0.0522697591921315
"sub-106",3,0,0,0.37831,1,0,0,1,0.597309025314947,-0.0215283343568444,-0.0123480829643086,-0.848284416645765
"sub-106",4,0,0,0.38636,1,0,0,1,0.356465544745636,0.530508108294776,0.359573343885131,0.642731722444296
"sub-106",5,0,0,0.0247200000000001,1,0,0,1,-0.135904613067396,0.756681866805862,0.339430852405106,0.355960858994513
"sub-106",9,0,1,0.26125,1,0,0,1,-0.236691672238521,0.641429936513305,0.441017502918839,0.163222290173871
"sub-106",2,0,0,0.28887,1,0,0,1,-0.272225100857516,0.099123619341063,0.232490792734704,0.160970101944986
"sub-106",1,0,0,0.02538,1,0,0,1,-0.141904091908752,2.9914822705366e-05,-0.203989531223973,-0.645090605365112
"sub-106",1,0,0,0.02058,1,0,0,1,-0.581947658094577,-0.333910297395455,-0.636290709022433,-0.435289969661972
"sub-106",1,0,0,0.0280199999999999,1,0,0,1,-0.359759851514051,-0.381982181911115,-0.361931771195183,0.507079813210294
"sub-106",5,0,0,0.4877,1,1,0,1,-0.0287797196457783,-0.479863055929955,-0.316164542144785,-0.167922331206501
"sub-106",3,0,0,0.58459,1,1,0,1,0.70804481394589,0.206228144173683,-0.0401191794468711,-0.347311294625979
"sub-106",1,0,0,0.2615,1,1,0,1,0.596751038376169,0.136385535338411,-0.0678498395718634,-0.931522188149393
"sub-106",1,0,0,0.36031,1,1,0,1,0.479678352181509,-0.173109558410943,-0.105991787626408,-1.28377435924485
"sub-106",2,0,0,0.16563,1,1,0,1,0.179687290025565,-0.614188067347708,-0.169880924125512,-1.83698059469461
"sub-106",7,0,1,0.51088,1,1,0,1,-0.213914250023663,-0.166060112140797,0.638405072881142,-0.626014769822359
"sub-106",4,0,0,0.30687,1,1,0,1,0.187595931037019,0.320997813440583,0.812096595060818,0.20590236634016
"sub-106",1,0,0,0.38429,1,1,0,1,-0.164539389807032,0.0631074527347529,-0.0750345312214146,-0.710946719069034
"sub-106",10,0,1,0.72729,1,0,1,2,0.433182905699747,-0.122145245334616,0.640891798616697,0.21207150205737
"sub-106",7,0,1,0.38326,1,0,1,2,-0.109624456245607,-0.219448092083136,-0.0810329333180562,0.153303582710214
"sub-106",9,0,1,0.02121,1,0,1,2,-0.454480774351396,0.169778253883123,-0.27018381934613,0.0330948653630912
"sub-106",9,0,1,0.263,1,0,1,2,-0.115342552075163,0.457144186980764,-0.195600572213152,0.0779872064478695
"sub-106",3,0,0,0.23828,1,0,1,2,0.428201630527231,0.138812538943495,0.053980396866488,-0.438824720494449
"sub-106",8,0,0,0.0190300000000001,1,0,1,2,0.490899764622251,-0.0733418057638186,0.305862180422992,-0.387326817959547
"sub-106",5,0,0,0.3617,1,0,1,2,0.494408589651963,0.00772842399224087,-0.224651433566275,-0.372007727588061
"sub-106",7,0,1,0.0948199999999999,1,0,1,2,-0.246102385145302,0.311717772166486,0.14334992368822,-0.469125122204423
"sub-106",10,0,1,0.29761,0,0,1,2,0.597006983179502,-0.472761397008543,-0.104940356531491,-0.697241865098476
"sub-106",5,0,0,0.23062,0,0,1,2,0.344289952675657,-0.270882236193521,0.244507307914319,-0.32354472419247
"sub-106",8,0,1,0.4655,0,0,1,2,-0.0375192432644932,0.0907106440971364,0.518263192886176,0.921541017107666
"sub-106",3,0,0,0.03128,0,0,1,2,-0.261955354634362,0.242607212532743,0.25320779842635,0.910839037038386
"sub-106",8,0,1,0.1206,0,0,1,2,-0.069758439126114,-0.154582233858053,-0.0349986384971999,0.576938354503363
"sub-106",7,0,1,0.49127,0,0,1,2,0.400730842025951,-0.360573428131088,-0.380747712081453,-0.331615040823817
"sub-106",10,0,1,0.49625,0,0,1,2,-0.0571033668190163,-0.118826028925401,-0.458319466032359,-1.01724669118412
"sub-106",9,0,1,0.30873,0,0,1,2,-0.166705014804999,-0.387191466036408,-0.358832537196577,-0.846266911923885
"sub-106",4,0,0,0.37365,1,0,0,2,0.188679711796188,0.120197432495102,0.195771127784004,0.261872847052291
"sub-106",1,0,0,0.31589,1,0,0,2,0.210116342020532,0.133332214249229,0.540046978373236,0.457977050519548
"sub-106",9,0,1,0.30655,1,0,0,2,0.256424260946612,0.273194942140469,0.210300617773707,-0.852625174121931
"sub-106",2,0,0,0.38757,1,0,0,2,0.51792693848256,0.0732420384970114,0.118854173415457,-1.11228643762879
"sub-106",1,0,0,0.0499799999999999,1,0,0,2,0.115462577145081,-0.324627024087089,0.172013835380009,-0.165735371038318
"sub-106",5,0,0,0.75299,1,0,0,2,0.103804219824572,0.117720781394315,-0.352912241515393,-0.51652639536187
"sub-106",4,0,0,0.40082,1,0,0,2,0.00544229545206084,0.661952281163798,0.0259977186409136,0.157738424697891
"sub-106",3,0,0,0.03233,1,0,0,2,-0.183496820585181,-0.0187363325557844,0.398860803960512,0.484032679582015
"sub-106",7,0,1,1.01412,0,0,1,2,0.336513409817902,0.0225159794057685,0.292315726634115,0.040949558239663
"sub-106",9,0,1,0.29043,0,0,1,2,0.519978287096213,0.425518855745732,0.684447885122912,0.455785373784602
"sub-106",5,0,0,0.33113,0,0,1,2,0.673387258604635,0.25525062186083,0.674433736829087,-0.458767530872137
"sub-106",7,0,1,0.20991,0,0,1,2,1.08977920298154,-0.323380374936042,0.22693510291477,-0.749633485451341
"sub-106",9,0,1,0.72992,0,0,1,2,0.182586257345974,-0.665810027021777,0.156054933991982,-1.27836223216727
"sub-106",10,0,1,0.03342,0,0,1,2,-0.438632624553672,-0.219780339755946,-0.330325933250909,-0.894392397254705
"sub-106",1,0,0,0.31589,0,0,1,2,-0.441341027307014,0.229932453862771,-0.522424902786346,-0.424032827687915
"sub-106",8,0,1,0.35628,0,0,1,2,-0.688950548375336,-0.264417416657563,-0.599761748841653,-0.122520679980516
"sub-106",7,0,1,0.48313,1,1,1,2,0.453570555507516,0.082587366746911,-0.293774085274587,-0.60080610436853
"sub-106",7,0,1,0.02264,1,1,1,2,0.154611618811032,-0.187411426169867,-0.494921626717163,-1.27761642085388
"sub-106",9,0,1,1.1757,1,1,1,2,0.33733648302344,-0.0253863973474061,-0.0859537765694161,-0.178186588094104
"sub-106",7,0,1,0.0724499999999999,1,1,1,2,0.425480106224616,-0.251460788978471,0.378525622189045,-0.176544217480114
"sub-106",9,0,1,0.56845,1,1,1,2,-0.0014110547490418,-0.388432970891396,0.309048838214949,-0.551251477561891
"sub-106",2,0,0,0.55138,1,1,1,2,-0.010229698731564,0.390034319419,0.67353401472792,0.358452380727977
"sub-106",8,0,1,0.44993,1,1,1,2,0.0265442527209719,0.0322691109031439,0.666748837257425,1.26896775760688
"sub-106",6,0,0,0.38192,1,1,1,2,0.175876880530268,-0.08428522689199,0.370517258454735,0.764307915559039
"sub-106",4,0,0,0.5413,0,0,0,2,-0.214026355436848,0.104145245488595,0.444751926115714,1.3469377332367
"sub-106",2,0,0,0.02301,0,0,0,2,-0.148551002144814,-0.0971911366063136,0.363073726262276,1.15344291869551
"sub-106",7,0,0,1.3023,0,0,0,2,0.73607009658978,0.853622059648236,0.368386475524555,-1.00125883510336
"sub-106",2,0,0,0.26552,0,0,0,2,0.854171474541848,0.538390677422285,0.621087877293273,-0.604384055593982
"sub-106",3,0,0,0.0261800000000001,0,0,0,2,0.10506558092311,-0.0514809227100125,-0.0137305029784329,-0.142699523642659
"sub-106",2,0,0,0.09934,0,0,0,2,0.156492189368388,0.00590504005689312,-0.437651433632406,-0.82362001206493
"sub-106",6,0,0,0.28159,0,0,0,2,0.220561554800952,-0.336941766794081,-0.700288177817129,-1.55380152799189
"sub-106",2,0,0,0.0289299999999999,0,0,0,2,0.134430913681475,-0.564932135796105,-0.33503916344489,-1.54045031508431
"sub-106",4,0,0,0.2892,1,1,0,2,-0.198261463568391,-0.248596448451281,-0.352080333124225,-0.121038545761257
"sub-106",3,0,0,0.0267999999999999,1,1,0,2,-0.445140475950514,-0.453649710035986,-0.503378209017683,0.593635586369783
"sub-106",8,0,1,0.1591,1,1,0,2,0.152413670672104,0.0204143969825021,-0.00619485531933606,0.042835970968008
"sub-106",2,0,0,0.01841,1,1,0,2,0.395024707114014,0.153604682069272,0.0702135199680924,-0.444239970925264
"sub-106",3,0,0,0.02152,1,1,0,2,0.316031193399491,-0.452078524942475,-0.346872470555051,-0.82048036493361
"sub-106",1,0,0,0.33334,1,1,0,2,0.422498516144212,-0.302958927610975,-0.297091886207151,-0.439259658427909
"sub-106",5,0,0,0.1101,1,1,0,2,0.178419374201136,-0.097227202978468,-0.337537793122465,-0.258702859142795
"sub-106",4,0,0,0.27222,1,1,0,2,-0.0164528512395918,0.149523273075896,0.0543427858501673,-0.350548821780831
"sub-106",2,0,0,0.16523,0,0,0,2,-0.188969778052221,-0.411787074723246,0.479957405788203,0.384533401206136
"sub-106",10,0,1,0.69445,0,0,0,2,0.282829128710243,0.0881142343084017,0.11084409058094,-0.295494931729627
"sub-106",1,0,0,0.45478,0,0,0,2,-0.0821575035418694,-0.116552075121069,-0.178805217922976,-1.28127622548491
"sub-106",1,0,0,0.32531,0,0,0,2,0.439310713438317,-0.182346349582076,0.00584224588237703,-0.830288152210414
"sub-106",1,0,0,0.61759,0,0,0,2,0.660764890596814,0.208417096071773,0.356899805910264,0.0772203300148249
"sub-106",1,0,0,0.02362,0,0,0,2,-0.11293540087839,-0.270294054480339,-0.323393986662268,-0.0780240708263591
"sub-106",6,0,0,0.75257,0,0,0,2,-0.183645811688621,-0.0593329031986219,0.00496031978400424,-0.457033547526225
"sub-106",4,0,0,0.0173099999999999,0,0,0,2,0.182322707725689,0.0617590305843839,0.447292363465143,0.896763031557202
"sub-106",4,0,0,0.23688,1,1,0,2,0.0441965918580536,0.0101724415370781,0.147531255788635,0.0105320880189538
"sub-106",4,0,0,0.03162,1,1,0,2,0.00106291437987238,-0.0225057964109712,-0.231817414463876,0.101653051283211
"sub-106",4,0,0,0.0184800000000001,1,1,0,2,-0.354260920418407,-0.130425654681555,-0.344780528510455,0.280552045442164
"sub-106",1,0,0,0.01878,1,1,0,2,-0.350970091298223,-0.357485235013344,-0.0401213106621678,0.713405985198915
"sub-106",4,0,0,0.6869,1,1,0,2,0.0739419843900275,-0.337090753294803,-0.411659920588136,-0.0518745570443571
"sub-106",6,0,0,0.15663,1,1,0,2,0.186272733379155,-0.041626484926652,-0.12648256320972,0.103107638959773
"sub-106",8,0,1,0.92843,1,1,0,2,-0.0271048917978381,0.109565970668983,0.705284522497095,-0.355653585679829
"sub-106",2,0,0,0.02518,1,1,0,2,0.0331991054311705,-0.281981990948595,-0.230291031805488,-0.793594495952129
"sub-109",10,0,1,1.44422,1,1,1,1,-0.101000049539531,-0.0033473332209892,0.21175232102784,-0.687927729636431
"sub-109",7,0,1,0.78732,1,1,1,1,-0.203948475963747,0.184548140762167,-0.00695888696160788,-0.455797333503142
"sub-109",4,0,1,0.83442,1,1,1,1,-0.379853079405924,0.358823875198141,0.405930608588581,-0.489546768181026
"sub-109",10,0,1,0.45152,1,1,1,1,-0.291341621603351,-0.129661232164061,-0.223277955238397,-0.381564139027614
"sub-109",7,0,1,0.59231,1,1,1,1,-0.542750218727936,-0.56942193120442,-0.829343763606933,-0.172985750390217
"sub-109",6,0,1,0.23,1,1,1,1,-0.319382018021618,-0.421526255362012,-0.569376410062735,-0.377156508760527
"sub-109",9,0,1,1.33518,1,1,1,1,0.0249461755738594,-0.108509945717675,-0.363103089235665,0.293819854734465
"sub-109",7,0,1,1.08889,1,1,1,1,0.12900740748349,-0.203858346850784,-0.0926625956005106,0.428201471362263
"sub-109",5,0,1,1.60534,1,0,1,1,0.175618354097727,0.203068552797453,0.586390436277725,-0.0333708875521552
"sub-109",10,0,1,0.38356,1,0,1,1,0.27246728358053,-0.0305047241143054,0.880881476526459,0.123363059945405
"sub-109",8,0,1,1.01899,1,0,1,1,0.396216629849126,-0.00940548759643678,0.371284043765627,-0.423632883280516
"sub-109",10,0,1,0.71702,1,0,1,1,-0.210962504924585,0.098767835991802,0.118203863986613,-0.390476070006844
"sub-109",8,0,1,0.60508,1,0,1,1,-0.0907768521768351,-0.0759689352923521,0.254481602770587,-0.437389371916652
"sub-109",10,0,1,0.76476,1,0,1,1,0.0430653470102698,0.15276879089436,1.07401465642033,-0.179173873981927
"sub-109",2,0,1,1.34071,1,0,1,1,-0.064310608121256,0.462012099947228,0.363718005644235,-0.554228747077286
"sub-109",8,0,1,0.8808,1,0,1,1,-0.117686564878871,0.324652581329078,-0.573396070006614,-0.538095883016922
"sub-109",3,1,0,NA,0,0,0,1,0.367474088801828,0.392900370337345,-0.711454313267799,0.245991317788139
"sub-109",2,0,1,1.1094,0,0,0,1,0.348061831124748,0.558206119333152,-0.611637103047239,-0.225100661069155
"sub-109",6,0,1,0.4146,0,0,0,1,0.415904491596545,0.267665237004015,0.12109112398078,-0.0604782730340958
"sub-109",2,0,1,0.5417,0,0,0,1,0.369123837522541,0.0798807418732731,0.366096082628549,-0.399870069720782
"sub-109",2,0,1,0.55204,0,0,0,1,0.0663646398073373,-0.460722509866442,0.391667772685954,-0.895559930056333
"sub-109",7,0,1,1.27068,0,0,0,1,-0.531464050601547,-0.145316879989372,0.262468277011067,-0.20802917877445
"sub-109",4,0,1,1.63803,0,0,0,1,-0.145692633852984,0.153800801261915,0.0493351091387619,-0.307922364398837
"sub-109",4,1,0,NA,0,0,0,1,0.0392117741478918,-0.157613822957501,0.157705759008725,-0.323954652436078
"sub-109",4,0,1,1.4614,0,0,1,1,-0.0428446096678575,0.494658462910189,0.544348533420513,-0.347852735588094
"sub-109",7,1,0,NA,0,0,1,1,0.173415028567736,-0.215604082176772,0.105105829114715,-0.714371674600989
"sub-109",9,0,1,0.15153,0,0,1,1,0.222817198509195,-0.548148027379756,-0.216398609181245,-0.118269800196867
"sub-109",7,0,1,1.22914,0,0,1,1,0.33673683530651,-0.0553751053952578,-0.0486382054320226,-0.333652881509988
"sub-109",8,0,1,0.54111,0,0,1,1,0.526450434039968,-0.107675670542651,-0.410651565218965,-0.151878519088496
"sub-109",9,0,1,0.49465,0,0,1,1,-0.622940256337946,-0.753595960085039,-0.275778879644349,-0.711812996771187
"sub-109",9,0,1,1.67478,0,0,1,1,-0.44204008889695,-0.172071602816383,0.140248117657999,0.00555377164855599
"sub-109",6,0,1,1.00845,0,0,1,1,-0.0272755441255867,0.322721508952479,0.357215392791356,0.25138530083932
"sub-109",6,0,1,1.04018,1,0,0,1,-0.191408715036232,0.58921120012248,-0.0978336148352052,-0.067818601988256
"sub-109",3,0,1,1.86638,1,0,0,1,0.5075966049626,1.12185576952201,0.457660732480387,0.00628255605697632
"sub-109",1,0,0,1.78265,1,0,0,1,0.812529947143048,1.0390730338792,0.75822048393699,-0.281154775572941
"sub-109",2,0,1,0.99855,1,0,0,1,0.283427916156749,0.436856377162729,0.884440039168112,-0.295584636647254
"sub-109",8,0,1,0.77617,1,0,0,1,-0.254798680349874,-0.142112590087992,0.793346076272428,-0.452861677249894
"sub-109",4,1,0,NA,0,0,0,1,0.687905411759857,0.413100786748584,0.0521645825356245,-0.332252137559408
"sub-109",2,0,1,0.47303,1,0,0,1,0.20807627045239,0.530847312162492,-0.393879594358926,-0.190411545336246
"sub-109",3,0,1,0.51062,1,0,0,1,-0.304731007762409,-0.311275498648347,-0.418722015960763,-0.0447432430461049
"sub-109",6,0,1,1.06013,1,1,1,1,0.111420980383021,-0.784485559082694,0.0077003543653215,0.371347495075315
"sub-109",8,0,1,1.5469,1,1,1,1,-0.245805087606035,-0.116999535993845,0.306405032364031,-0.103708806354553
"sub-109",9,0,1,0.5428,1,1,1,1,-0.407491735512546,-0.196619329836082,-0.119340090381835,-0.449073637649417
"sub-109",10,0,1,1.02079,1,1,1,1,-0.446268216866883,-0.782948553838112,0.0930027021095157,-0.481679261079989
"sub-109",7,0,1,0.90987,1,1,1,1,-0.745202088612132,-0.666237724574145,-0.179875326342881,-0.529529383592308
"sub-109",9,1,0,NA,0,0,1,1,-0.401863443509986,-0.018446132230262,-0.00738979674254854,-0.708481207070872
"sub-109",4,0,1,0.38709,1,1,1,1,-0.474205449349635,0.0717608798985128,-0.0294857728295028,-0.892853180132806
"sub-109",9,0,1,0.35057,1,1,1,1,0.318302550954589,0.410384432723125,-0.127645420453822,0.238259430625476
"sub-109",2,0,1,1.31259,1,0,1,1,0.199105140093404,0.528169951470638,-0.0240433298361798,-0.854384870943613
"sub-109",8,0,1,1.03626,1,0,1,1,0.0149982593332728,0.367800985738911,0.53933966968907,0.103141751419753
"sub-109",6,0,1,0.76573,1,0,1,1,0.537091543272254,0.290127643728974,1.0170985966591,0.141450684797019
"sub-109",10,0,1,0.93301,1,0,1,1,0.282348709180951,0.374018900794908,0.448195642791688,-0.921581098809838
"sub-109",8,1,0,NA,0,0,1,1,-0.0767167922022054,0.232369763392921,0.459442684814955,-0.615245569194667
"sub-109",7,0,1,0.25397,1,0,1,1,-0.235315571878649,0.280713471329633,0.373775487300009,-0.427311716414988
"sub-109",9,0,1,0.40647,1,0,1,1,-0.0758764292113483,-0.0178235892499625,0.142616625176743,0.570688794180751
"sub-109",10,0,1,1.06098,1,0,1,1,-0.261061657295613,-0.133544499985874,-0.527276508665333,0.0676639713579789
"sub-109",3,0,1,1.56351,1,0,0,1,-0.355059475094701,-0.124828864785808,-0.0131363634330531,-0.516619505779818
"sub-109",4,0,1,0.70283,1,0,0,1,0.257481059137111,0.111138107462062,0.167463471414521,-0.752697900682688
"sub-109",7,0,1,0.34356,1,0,0,1,0.13290423497286,-0.312839957988924,0.269324947226172,-0.219280661793891
"sub-109",3,0,1,1.85633,1,0,0,1,0.0850769123305023,0.25630880004071,0.408487304734687,-0.0716487938538194
"sub-109",2,0,1,0.38246,1,0,0,1,-0.40582918561995,0.506072428767328,-0.0842356718106506,-0.605762802180834
"sub-109",4,0,1,1.51582,1,0,0,1,-0.22410268895328,0.243808380483339,0.00107694216421805,-0.664569548610598
"sub-109",6,1,0,NA,0,0,0,1,-0.0415172687110802,0.0348885317540003,-0.208678060211241,0.0326828272081912
"sub-109",2,0,1,0.36619,1,0,0,1,-0.416344553329206,0.109212311152886,-0.626611572690308,-0.0140937782125548
"sub-109",3,0,1,1.34722,1,1,0,1,-0.562248102001225,-0.96832810882134,-0.734425462821188,-0.361661867052317
"sub-109",10,0,1,0.77781,1,1,0,1,-0.10800274888364,-1.17998294777202,-0.817516663111746,-0.177091884147376
"sub-109",1,0,1,1.18504,1,1,0,1,0.367220899245391,0.00500836109535562,0.23606906272471,-0.384351135510951
"sub-109",1,0,0,0.40646,1,1,0,1,0.0987370694056153,0.32182397124254,0.5400239455048,-0.117942675109953
"sub-109",2,0,1,0.45965,1,1,0,1,0.152181016591688,0.0696779585408944,-0.324306083687892,-0.411275752726942
"sub-109",3,0,1,1.18244,1,1,0,1,0.019044910276231,-0.0379019801125482,-0.757391775356761,-0.604305098025361
"sub-109",6,1,0,NA,0,0,0,1,0.473590454862763,-0.100868649444439,-0.736609470254431,-0.424144119210541
"sub-109",4,0,1,1.171,1,1,0,1,0.293228089848223,0.00274455964703251,0.362580294119349,0.0180923243053257
"sub-109",10,0,1,0.70326,0,0,1,2,-0.0636325919282778,0.281722219660878,-0.622556235563631,-0.154912795312703
"sub-109",9,0,1,0.83959,0,0,1,2,-0.137913553490459,-0.585987140433173,-0.933464289798091,-0.346669186837971
"sub-109",10,0,1,0.59654,0,0,1,2,-0.424836537102237,-0.665848929055587,0.379924414679408,-0.802707189042121
"sub-109",7,0,1,1.08851,0,0,1,2,0.312615174955378,0.0896343570892458,0.599188964736337,-0.669784457888454
"sub-109",6,0,1,0.11771,0,0,1,2,0.42140876268968,0.137466769501636,0.100610734662041,-0.5877957157325
"sub-109",10,0,1,0.49095,0,0,1,2,-0.689585608042156,-0.529517071666541,-0.131400969151097,-0.0128739282488823
"sub-109",9,0,1,0.40792,0,0,1,2,-0.823253541253507,-0.718130765827718,-0.143132694996893,-0.243766228109598
"sub-109",2,1,0,NA,0,0,1,2,-0.212290371729371,-0.31177158617518,-0.0212370560814937,0.105133596574888
"sub-109",6,0,1,1.21521,1,1,0,2,-0.533078958513215,-0.37612980818031,0.0873370136832818,-0.729399503301829
"sub-109",2,1,0,NA,0,0,0,2,-0.41261788426588,-0.908561668048302,0.32116296965008,-1.41429671868682
"sub-109",1,0,0,0.17271,1,1,0,2,-0.245184407453053,-1.04533820792481,0.305703350032369,-1.32203108482063
"sub-109",9,0,1,0.70886,1,1,0,2,0.261605114443228,-0.656798231398204,-0.0752247091149911,-0.352699925459456
"sub-109",1,0,0,0.3381,1,1,0,2,0.475475336361948,-0.0567253658513504,0.329029505684351,-0.0288435282185674
"sub-109",2,0,1,0.50739,1,1,0,2,0.398712296814968,0.113327355020576,0.479517203755677,-0.124250878987368
"sub-109",1,0,0,0.82401,1,1,0,2,0.508362871953674,0.214027565541781,0.49722431464276,-0.113187520811334
"sub-109",1,0,0,1.48628,1,1,0,2,0.133527723470858,0.593737462880435,0.504093612699459,0.247682956072094
"sub-109",2,1,0,NA,0,0,1,2,-0.145651702715744,-0.501944943296689,-0.488000588491559,-0.236921730125323
"sub-109",10,0,1,0.26931,0,0,1,2,-0.284621754428372,-0.140083741189705,-0.0902404806499059,-0.670408181846142
"sub-109",8,0,1,0.68549,0,0,1,2,0.364855906770875,0.164889125136176,0.42749226768016,-0.416935940715484
"sub-109",10,0,1,0.22725,0,0,1,2,-0.301752326117518,-0.517472813845854,0.874968605467681,0.0705667323083617
"sub-109",7,1,0,NA,0,0,1,2,-0.44309421031115,-0.411728594935051,0.0152636779627452,0.327759577491088
"sub-109",6,0,1,0.66974,0,0,1,2,-0.340966458121936,0.209042481802128,-0.968365547401239,-0.035569129884243
"sub-109",7,0,1,0.0255399999999999,0,0,1,2,-0.146354414367427,-0.134578962258443,-0.341280503411933,-0.280877360119484
"sub-109",7,0,1,0.90758,0,0,1,2,-0.0964963415074938,0.223167762263781,0.351504205659997,-0.582874206858105
"sub-109",7,0,1,1.58041,1,0,1,2,0.130617362020227,-0.0303355418145657,-0.479799761941346,-0.656502598710358
"sub-109",7,0,1,0.39774,1,0,1,2,-0.525708777209123,-0.523286178294155,-0.450636606818686,-0.458117460086942
"sub-109",1,0,0,0.27585,1,0,1,2,-0.437711352351471,-1.09414910847597,-0.372911652926026,-0.992993077076971
"sub-109",8,0,1,0.37722,1,0,1,2,0.0905993421717236,-0.641613654516361,0.0392599034821615,-0.480092925298959
"sub-109",7,0,1,1.81049,1,0,1,2,0.450725420494564,-0.244487886834476,0.332485845836345,0.0352855888660997
"sub-109",10,0,1,0.43227,1,0,1,2,0.190821005991893,-0.29802647953922,0.439584564145965,-0.277606990281492
"sub-109",7,0,1,0.30862,1,0,1,2,0.163113818115865,-0.0188411721200855,0.235690926046421,-0.672471933241468
"sub-109",6,0,1,0.06566,1,0,1,2,0.597430667374283,-0.160205053329399,0.332191224966664,0.0114688131958246
"sub-109",1,0,1,1.63344,0,0,0,2,0.19039198034443,0.137506513063003,0.502435939541707,-0.5671824965626
"sub-109",3,0,1,0.46067,0,0,0,2,-0.303834137564991,0.612038315739483,-0.215084388153628,-0.00883736293762922
"sub-109",6,0,1,0.64305,0,0,0,2,-0.539283726364374,-0.0331886245058505,-0.110931804714104,0.735301222768612
"sub-109",4,0,1,0.26181,0,0,0,2,-0.371356784176896,-0.0675133712744961,0.461784593489331,0.122323418222368
"sub-109",4,0,1,0.0188900000000001,0,0,0,2,-0.720747049393443,-0.433273857942334,0.359160540547843,-0.335642223898321
"sub-109",9,0,1,1.01892,0,0,0,2,-0.17447786378519,-0.368218274580108,-0.0445820589811774,-0.1208896555705
"sub-109",3,1,0,NA,0,0,0,2,0.359679488077139,-0.692060110124725,-0.306692635373717,0.0033504975377582
"sub-109",2,0,1,0.61932,0,0,0,2,-0.512765444853964,-0.336826346469698,-0.586059631888929,-0.564424494525883
"sub-109",4,1,0,NA,0,0,0,2,-0.665184348530602,-0.79830265779876,0.51366944964199,-0.483237835305044
"sub-109",8,1,0,NA,0,0,0,2,0.0957962783286348,0.373983155039174,0.329460593092032,-0.310406779218465
"sub-109",4,0,1,0.53904,1,1,0,2,0.485157751012594,0.459818495346958,0.357469639158808,-0.204611677164212
"sub-109",2,0,1,0.33721,1,1,0,2,0.168508585202896,-0.107733743183349,-0.0515515660711875,-0.696151600964367
"sub-109",6,0,1,0.1553,1,1,0,2,0.177096688421443,-0.991790310358974,-0.00121690308636365,-0.526969538070261
"sub-109",4,0,1,0.17562,1,1,0,2,0.703162507580904,-0.637384498491883,0.823170217045117,0.649168494716287
"sub-109",4,0,1,0.0312399999999999,1,1,0,2,0.740014373324811,0.00450216052424232,1.16749455818596,0.0979332659393549
"sub-109",1,0,0,1.08836,1,1,0,2,0.0779776760997872,0.402294018581786,0.0622670351682852,-0.660767105035484
"sub-109",4,0,0,1.7197,0,0,0,2,-0.548855865995089,0.211666934019713,0.133175365704422,-0.728130540251732
"sub-109",3,0,1,0.81948,0,0,0,2,0.0372888807517787,0.0580679051991966,-0.016614492458757,-0.132570836134255
"sub-109",2,0,1,1.03162,0,0,0,2,0.122937948598216,0.0993140726695182,0.321192402770976,-0.0112088268157095
"sub-109",1,0,0,0.11661,0,0,0,2,-0.117732305855801,-0.0894354795002275,0.25794447461764,-0.787522679008543
"sub-109",3,0,1,0.55716,0,0,0,2,-0.520619564364097,-0.702327430179274,-0.119383472483605,-0.761044022813439
"sub-109",5,0,1,0.33258,0,0,0,2,-0.602016940169657,-0.803699920367863,-0.83270206694336,-1.0385812596418
"sub-109",8,0,1,1.74822,0,0,0,2,0.169577913475223,-0.730911496502813,-0.661437169905791,-0.793554038624279
"sub-109",1,0,0,0.40292,0,0,0,2,0.153189322988813,0.427004092648901,0.108088731707539,-0.62519889883697
"sub-109",8,0,1,1.18707,1,1,1,2,0.172864672204014,-0.162328723956037,0.445805461223548,0.0642001013271511
"sub-109",9,0,1,1.09472,1,1,1,2,0.0564808666143411,0.0843613443947915,1.11745905637508,0.588149086013436
"sub-109",8,0,1,0.43019,1,1,1,2,0.18277578377941,-0.215295912572873,0.707246262424936,0.768342223484069
"sub-109",3,0,1,1.57411,1,1,1,2,0.235291191803602,-0.0901524985071134,0.0337185859680176,0.0259290690300986
"sub-109",10,0,1,0.9966,1,1,1,2,0.144535388409471,0.341868081561255,-0.431304675604527,-0.582889793999493
"sub-109",7,0,1,0.23458,1,1,1,2,0.155271422389584,0.474711530048538,-0.829962732891242,-0.323702042829245
"sub-109",5,1,0,NA,0,0,1,2,-0.288198701034465,-0.626203903824919,-0.880588319307814,-0.523173491191119
"sub-109",9,0,1,1.63908,1,1,1,2,-0.0951071264377485,-0.38845562281225,-0.11488582737123,-0.608432988356799
"sub-109",2,0,1,0.49792,1,0,0,2,-0.196094213984907,-0.701545780455625,-0.090173662135688,-1.02964343205094
"sub-109",1,0,0,0.0351699999999999,1,0,0,2,-0.296625452581793,-0.899003277705223,0.0830527631139072,-0.472050163988024
"sub-109",4,0,1,0.67393,1,0,0,2,-0.727906559438755,-0.473212032958313,0.732966927501063,0.72603049473837
"sub-109",3,0,1,1.3579,1,0,0,2,-0.961065066764907,0.203372826316842,0.576661861967295,-0.0236412226440734
"sub-109",3,0,1,0.28838,1,0,0,2,-0.73469893145375,-0.229539046753888,0.532024088567899,-0.816475864779204
"sub-109",6,1,0,NA,0,0,0,2,0.420682306634262,-0.476684213253773,0.317270651692525,-0.445514820655808
"sub-109",3,1,0,NA,0,0,0,2,0.860981654841453,0.711547296317467,0.31606615804291,-0.729896594956517
"sub-109",9,0,1,0.48947,1,0,0,2,0.892216099406748,0.435589310816593,-0.145209336342911,-0.0638051936402917
"sub-104",8,0,1,0.29731,1,0,1,1,-0.339112899887065,-0.448013939256607,-0.222538888842488,0.23876413279213
"sub-104",7,0,1,0.72801,1,0,1,1,0.00398325149823601,0.0805951096462431,0.247280830090555,0.327384577237535
"sub-104",9,0,1,0.65732,1,0,1,1,-0.20360794935065,-0.475964536062545,0.23689166008262,-0.11999364993535
"sub-104",2,0,1,0.63725,1,0,1,1,0.143057952751406,0.240084830606874,0.264585625069837,0.0600911943009123
"sub-104",7,0,1,0.43327,1,0,1,1,0.150210834418734,0.4629803767721,-0.0625733517032738,0.07421235998263
"sub-104",6,0,1,0.69689,1,0,1,1,0.0450139243621379,0.0679365376493445,-0.166604137242151,-0.327336164144799
"sub-104",7,0,1,0.41059,1,0,1,1,0.273593509433946,-0.154331981376917,0.171311257698108,-0.551728946529329
"sub-104",7,0,1,0.30698,1,0,1,1,0.124854454945307,-0.209620835259557,-0.14108458495078,-0.243346549314447
"sub-104",7,0,1,0.29519,1,0,0,1,-0.494357299641706,-0.267489383025181,-0.42227327003881,0.0380032313987613
"sub-104",3,0,1,0.35989,1,0,0,1,0.348971576197073,-0.351920761064523,0.0186150280836349,0.564828083384782
"sub-104",3,0,1,0.32231,1,0,0,1,0.246828612250586,-0.124382082942045,0.500338798039593,0.356300785997883
"sub-104",4,0,1,0.32022,1,0,0,1,0.458730727642736,0.449666565767041,0.544507620293492,0.0816823129542172
"sub-104",1,0,1,0.30058,1,0,0,1,-0.0791067732789088,0.3023531155346,-0.313994310020159,-0.332739386428148
"sub-104",4,0,1,0.39756,1,0,0,1,-0.140623142355859,-0.089564671188041,-0.416287799521039,0.090469881350873
"sub-104",5,0,1,0.32721,1,0,0,1,0.0200083767995238,-0.0297623167021407,-0.188817847520113,0.223575944965705
"sub-104",4,0,1,0.50624,1,0,0,1,0.58244247037995,-0.175837203515349,-0.019523352306957,-0.294258725456893
"sub-104",1,0,1,1.67656,1,1,0,1,-0.0416057203498591,0.8840782629257,-0.253953035299977,-0.62472015498206
"sub-104",4,0,1,0.47115,1,1,0,1,-0.379425983720769,-0.137931992291231,-0.533166242646985,-0.126543525978923
"sub-104",7,0,1,0.53507,1,1,0,1,-0.352023565365622,-0.291383078683996,-0.24380182606789,0.652466974593699
"sub-104",3,0,1,0.31432,1,1,0,1,-0.355581930489279,-0.339784529446021,-0.147424187596092,0.4812265958637
"sub-104",2,0,1,0.1077,1,1,0,1,-0.540013399091549,0.418119485938439,-0.193949734404062,-0.425646448237239
"sub-104",4,0,1,0.30529,1,1,0,1,-0.0663387387176044,0.148237293655122,-0.610591873141251,-0.331462641694816
"sub-104",2,0,1,0.28606,1,1,0,1,0.62242322783762,-0.20579327913691,0.129359436221421,0.827638012450188
"sub-104",6,0,1,0.31572,1,1,0,1,0.1765267578218,-0.327024469635001,0.544243579730392,0.839074665633962
"sub-104",3,0,1,0.73719,0,0,0,1,0.525216849608114,0.155518465332635,-0.283780709840357,-0.184026150219142
"sub-104",6,0,1,0.2663,0,0,0,1,0.307487613831957,-1.17977706394676,-0.00438972958363593,0.507594481817796
"sub-104",7,0,1,0.31303,0,0,0,1,0.0973565340197335,-1.63505913358596,0.397924415689583,0.818120143807027
"sub-104",1,0,1,0.51059,0,0,0,1,0.0490580444068958,-0.238187599375292,0.287208483069359,0.115908964762275
"sub-104",4,0,1,0.47329,0,0,0,1,-0.32654957092988,-0.263966510589752,-0.0463935760781169,0.138779125362635
"sub-104",4,0,1,0.57173,0,0,0,1,-0.500987620092928,0.527561717770166,-0.52415094547905,-0.489391404762864
"sub-104",3,0,1,0.31747,0,0,0,1,0.0144824755940742,2.11776435927108,0.583728595733798,-0.0752245550160296
"sub-104",4,0,1,0.31312,0,0,0,1,-0.511750710972895,1.58074688801059,0.344381200460096,0.745101300626993
"sub-104",10,0,1,0.0318700000000001,1,1,0,1,0.322496836461748,0.12495723835848,0.102465440150506,-0.662575443089008
"sub-104",2,0,1,0.37682,1,1,0,1,-0.531911401893012,0.143431823976614,-0.750195758979923,-0.111887324042618
"sub-104",3,0,1,0.28996,1,1,0,1,-0.22257785165372,-0.191918781307457,-0.223618692330395,-0.265581338573247
"sub-104",3,0,1,0.47144,1,1,0,1,-0.301982234309738,-0.181436988421612,0.964369988146549,-0.284125727381979
"sub-104",1,0,1,0.31951,1,1,0,1,-0.514121937914751,0.141991436895397,0.530970683554187,-0.0307764329947531
"sub-104",6,0,1,0.38298,1,1,0,1,-0.366430631732025,-0.121558969767109,-0.206489258406994,0.227343118283898
"sub-104",3,0,1,0.36154,1,1,0,1,-0.179554674890824,-0.0417317508685368,-0.831298530548035,-0.0963810350745916
"sub-104",1,0,1,0.34122,1,1,0,1,0.318061395470674,0.156134659404617,-0.303023371690263,-0.121417183033191
"sub-104",4,0,1,0.85991,0,0,1,1,0.323921659534487,0.565447785227594,0.259612096003063,-0.153124975506216
"sub-104",5,0,1,0.38898,0,0,1,1,0.393959555231656,-0.651636254421815,-0.140567024704069,-0.621529136472964
"sub-104",7,0,1,0.335,0,0,1,1,0.0725008041287462,-0.116554815460134,0.146217494915618,-0.399319767369889
"sub-104",8,0,1,0.26671,0,0,1,1,0.539148008057964,0.207537088232736,0.832819788949564,-0.225929282628931
"sub-104",9,0,1,0.27958,0,0,1,1,0.157781357100854,0.499632923853049,0.665457770432113,0.135872280411422
"sub-104",10,0,1,0.35931,0,0,1,1,0.279826152701086,0.509698765628316,-0.300240279679808,0.404146216623485
"sub-104",10,0,1,0.3223,0,0,1,1,-0.324710879300255,-0.535765134419004,-0.751644714347397,1.19087859746069
"sub-104",8,0,1,0.38587,0,0,1,1,-0.824788788799196,-0.789078538340551,-0.338575891616832,1.91073416378349
"sub-104",1,0,1,0.3909,0,0,0,1,-0.708635471528396,0.755249125813996,-0.485794029198587,-0.396117398701608
"sub-104",2,0,1,0.27058,0,0,0,1,-0.775924602989107,0.575966280298652,-0.538952103738363,0.188507627043873
"sub-104",8,0,1,0.3006,0,0,0,1,-0.0857050470610072,0.404610855927415,-0.128895380786465,0.0855476836208254
"sub-104",4,0,1,0.34625,0,0,0,1,0.428202474218172,0.28705207048053,0.466189008839137,0.0906204856932163
"sub-104",4,0,1,0.32685,0,0,0,1,0.317427855489465,-0.133660809309394,0.585195515848075,-0.159031735593453
"sub-104",1,0,1,0.55629,0,0,0,1,0.146853131707758,0.202497648903065,0.471278739627451,-0.205335859186016
"sub-104",6,0,1,0.33738,0,0,0,1,0.189039836948117,-0.227676233069764,0.319880080719789,-0.381236104201525
"sub-104",3,0,1,0.36697,0,0,0,1,0.256300761558426,-0.492960534161992,-0.182261650935592,0.493705748952925
"sub-104",6,0,1,1.18473,1,1,1,1,-0.168342891023106,-0.533883371856064,-0.717032862730169,-0.908908554166555
"sub-104",9,0,1,0.52853,1,1,1,1,-0.220651179455065,0.0943554203819345,0.00208273250609636,0.150777996965917
"sub-104",7,0,1,0.30551,1,1,1,1,0.327474074942681,0.75049916109829,0.20501894497526,0.545590402002563
"sub-104",10,0,1,0.0178799999999999,1,1,1,1,-0.389189422052975,-0.357977208491691,-0.91261602328935,-0.360455131251365
"sub-104",7,0,1,0.54963,1,1,1,1,-1.08115328722245,-1.43143026530743,-0.988978170634558,-1.07575233072857
"sub-104",10,0,1,0.37922,1,1,1,1,-0.187120217053841,-0.351720847465374,0.0610533029927562,-0.800328119657934
"sub-104",7,0,1,0.37793,1,1,1,1,0.0344517248255822,0.608519414543278,0.411634591272256,-0.2633221546188
"sub-104",2,0,1,0.02433,1,1,1,1,0.386764014877069,0.566104773983911,0.0952884484625732,-0.389680299162865
"sub-104",8,0,1,0.36156,0,0,0,1,-0.0249275404106205,0.83505179008676,0.406606073564035,0.947769435960799
"sub-104",10,0,1,0.34138,0,0,0,1,0.446988875473229,0.28034104189525,-0.285842864075676,0.578797273617238
"sub-104",10,0,1,0.38775,0,0,0,1,-0.218076116366622,0.0226482047044017,-0.00768704215685527,0.284385256096721
"sub-104",9,0,1,0.3524,0,0,0,1,-0.740747829472336,0.403293726068956,0.511830124926443,0.668114031571895
"sub-104",3,0,1,0.38254,0,0,0,1,-0.437989705004535,0.777583484627906,0.66609371220693,0.286799580557272
"sub-104",5,0,1,0.39606,0,0,0,1,-0.0909698522494485,-0.0696615945823767,-0.0188672595346967,0.0513932578993263
"sub-104",7,0,1,0.3936,0,0,0,1,0.158110343851149,-0.0744059398356411,-0.103631486107285,-0.0491252624429762
"sub-104",10,0,1,0.44065,0,0,0,1,0.433411391917616,-0.478832330227036,-0.391196040747066,-0.425209863483906
"sub-104",2,0,1,0.32242,1,0,1,2,-0.234764270833693,-0.123871142527571,0.109463730516533,-1.08916502185166
"sub-104",7,0,1,0.26784,1,0,1,2,-0.355607947994334,0.173841861007666,0.194818110438064,-0.877259691804647
"sub-104",10,0,1,0.31497,1,0,1,2,-0.19425146766783,0.548499586060643,0.1275881974337,-0.586409974191338
"sub-104",7,0,1,0.31125,1,0,1,2,-0.713074618998993,0.123037572812151,-0.0365379401094591,0.280092454142869
"sub-104",5,0,1,0.2737,1,0,1,2,0.0998115695935364,0.387407861658613,-0.161094834445976,1.29223439786583
"sub-104",8,0,1,0.33579,1,0,1,2,-0.0145697785192169,0.335392261638642,-0.0746451066806912,1.18983119064942
"sub-104",8,0,1,0.33155,1,0,1,2,0.115210173651576,-0.093871626338956,0.216031942283735,0.752335352730006
"sub-104",10,0,1,0.24413,1,0,1,2,0.3909382460018,-0.0675663314069863,0.441124916387101,1.01637541006785
"sub-104",10,0,1,0.32985,1,1,1,2,0.378147597890347,-0.684199848074328,-0.435549713050326,0.593598191346973
"sub-104",8,0,1,0.40994,1,1,1,2,-0.325537164094082,-0.781923411276053,-0.856164171670874,0.0915591721888632
"sub-104",6,0,1,0.42266,1,1,1,2,-0.352168233347281,-0.616828118131875,-0.78322379985669,0.0338061805814505
"sub-104",7,0,1,0.43593,1,1,1,2,-0.205593083558294,0.062731207969288,0.235117476287996,0.681240574456751
"sub-104",3,0,1,0.36467,1,1,1,2,-0.282334200533417,0.249334428545639,0.880385413688297,0.689189038763288
"sub-104",7,0,1,0.54449,1,1,1,2,0.249674459841723,0.471845642560058,0.269048129053165,0.038471827050671
"sub-104",8,0,1,0.57152,1,1,1,2,-0.124693723705908,0.515451073232624,-0.122903722027938,-0.144535665307194
"sub-104",9,0,1,0.43436,1,1,1,2,-0.259309620727436,0.0849670941587882,0.193413179251365,-0.741716967150569
"sub-104",4,0,1,0.51841,1,0,0,2,-0.161519058630802,0.644519082117498,-0.149699804799942,0.095205578324385
"sub-104",3,0,1,0.29739,1,0,0,2,-0.773326684565594,0.370376521514522,-0.586743351615345,-0.0335164884105325
"sub-104",6,0,1,0.02657,1,0,0,2,-0.211023184024574,-0.190481580724871,-0.402260531593735,0.0692846177145839
"sub-104",4,0,1,0.34086,1,0,0,2,-0.299417654362818,0.0625832586859663,-0.546233308394828,-0.122903171181679
"sub-104",9,0,1,0.35385,1,0,0,2,-0.321551115329688,-0.550923093903327,0.00819816731382161,-0.274931775825098
"sub-104",4,0,1,0.33385,1,0,0,2,0.427835218695691,-0.934207841822946,0.297807427821681,-0.49879527578596
"sub-104",1,0,1,0.36438,1,0,0,2,0.724309984284143,0.35130497896009,0.491398925194517,0.259992513991892
"sub-104",3,0,1,0.31045,1,0,0,2,0.090663010875384,0.67924800803195,0.743852974109662,0.34175977994455
"sub-104",7,0,1,0.36335,1,0,1,2,-0.601405980584483,-0.00650438480079174,-0.749827862853029,0.534397318027914
"sub-104",7,0,1,0.37659,1,0,1,2,-0.327167895544941,-0.0262671975177471,-0.739551208816314,0.176611218680046
"sub-104",4,0,1,0.40567,1,0,1,2,-0.164500630965146,0.0186424281758567,-0.631688103079796,0.142252049548551
"sub-104",10,0,1,0.50102,1,0,1,2,-0.184252718036684,-0.042530092669444,-0.289441775452967,-0.0869367589242756
"sub-104",5,0,1,0.32999,1,0,1,2,0.269410323700868,-0.335516429333775,0.386125246218095,0.0481734122149646
"sub-104",8,0,1,0.30884,1,0,1,2,0.52667983128534,0.305123415534143,0.94525446901874,0.341913665086031
"sub-104",8,0,1,0.47256,1,0,1,2,0.324929163073345,0.153972382622736,0.407209976770294,-0.0333125811535865
"sub-104",9,0,1,0.3342,1,0,1,2,-0.430489989563891,-0.300971496220747,-0.0550934768204267,0.440841381624341
"sub-104",7,0,1,0.37036,1,1,1,2,-0.412224202940706,-0.100965084490815,0.233676544468229,0.138414387835655
"sub-104",9,0,1,0.43409,1,1,1,2,-0.230079108963158,0.527010806767201,-0.170473800700468,-0.30532707888633
"sub-104",10,0,1,0.33188,1,1,1,2,0.042306848083778,0.147274797575341,-0.179013020048539,-0.506460651254747
"sub-104",5,0,1,0.52797,1,1,1,2,-0.0485649962599079,0.041906844617592,-0.172936314173664,-0.00475907488726079
"sub-104",3,0,1,1.69194,1,1,1,2,0.241925788364218,0.213052960510982,0.0420764169345299,0.368707971437834
"sub-104",7,0,1,1.82203,1,1,1,2,-0.40832305016617,-0.381575821985111,-0.128975890266399,0.515270918491296
"sub-104",8,0,1,0.86538,1,1,1,2,-1.14898128799784,-1.30339472285575,0.0637102297429616,0.0534616522490978
"sub-104",9,0,1,0.30973,1,1,1,2,0.0762784498898933,-0.327826633532014,0.067785439779982,0.126915696309879
"sub-104",9,0,1,0.48022,0,0,1,2,-0.175164344565322,0.078687076280066,0.253636595172187,0.552066462440416
"sub-104",7,0,1,0.59333,0,0,1,2,0.367997992162903,0.753477247397381,0.24834528643017,0.938179713161662
"sub-104",4,0,1,1.15808,0,0,1,2,0.7555132402728,1.04665482127004,0.182258213559786,0.193032377585769
"sub-104",8,0,1,0.32155,0,0,1,2,0.371773288430025,1.02298197619341,-0.294258017335475,-1.01653785784729
"sub-104",10,0,1,0.28356,0,0,1,2,-0.869324222158563,0.112346168779941,-0.890203779495399,-0.579370336933062
"sub-104",8,0,1,0.42995,0,0,1,2,-0.89184542116709,-0.909570466207461,-0.438406008450935,0.0596762287197635
"sub-104",7,0,1,0.31035,0,0,1,2,-0.174357143968033,-0.441990636634054,0.566217591636814,0.105315197061282
"sub-104",6,0,1,0.4566,0,0,1,2,0.125334718439262,-0.72391864027897,0.180434674645464,0.414366368576884
"sub-104",4,0,1,0.39518,0,0,0,2,-0.45870537883214,0.280431015844375,-0.398123030909725,0.146858627535403
"sub-104",3,0,1,0.30909,0,0,0,2,0.0278626961808186,0.52382341210075,-0.812748162075877,-0.296603376488201
"sub-104",6,0,1,0.32259,0,0,0,2,0.432849562649305,-0.318066330488633,-0.48598356116175,-0.00525867985852528
"sub-104",2,0,1,0.38672,0,0,0,2,-0.177518440255274,-0.0418233021541878,-0.279968665253061,0.212843182496727
"sub-104",2,0,1,0.40009,0,0,0,2,-0.468102636009765,-0.0725733154556817,0.153768010282268,0.257224993035197
"sub-104",8,0,1,0.38032,0,0,0,2,-0.00609896207849185,0.0121514871199098,0.684637859386081,0.394155102060176
"sub-104",3,0,1,0.34477,0,0,0,2,-0.09984920432665,-0.249528529012524,0.214435748406686,0.0445932968519628
"sub-104",2,0,1,0.4082,0,0,0,2,-0.269604921263332,-0.787955985577018,0.06572937850918,-0.598166925704572
"sub-104",10,0,1,0.32643,1,1,0,2,-0.247143332109166,-0.225664404013919,0.427661023490752,1.13608816899359
"sub-104",2,0,1,0.40503,1,1,0,2,-0.508632244619851,-0.154053410032281,0.558852925430983,0.334924703277648
"sub-104",2,0,1,0.31786,1,1,0,2,-0.293068721735229,-0.274836474874367,0.0478150447209676,-0.622496706154197
"sub-104",4,0,1,0.298,1,1,0,2,0.588012289527493,0.535782610652623,0.0466377056436613,0.0110944030806422
"sub-104",2,0,1,0.27712,1,1,0,2,0.168809244190925,0.108766788254595,-0.166160228817413,-0.18281760904938
"sub-104",6,0,1,0.32337,1,1,0,2,-0.487083951399351,-0.614952988922596,-0.423875016427094,-0.721093529037898
"sub-104",2,0,1,0.7357,1,1,0,2,-0.287069995809967,0.198800688277482,-0.436875676192964,-0.189748752489686
"sub-104",4,0,1,0.26641,1,1,0,2,0.0969754649753061,0.470876902962724,-0.253150509282326,0.0278226342517883
"sub-104",2,0,1,0.35117,1,0,0,2,0.305891745258123,0.595587630790693,-0.336358462460339,0.0530367807485163
"sub-104",6,0,1,0.39811,1,0,0,2,0.127091121006136,0.213308935709022,0.125458751727516,0.633621594356373
"sub-104",2,0,1,0.36253,1,0,0,2,-0.176028031855822,-0.0242521450790163,0.537268268720557,0.688686253025662
"sub-104",2,0,1,0.32585,1,0,0,2,-0.518683537569207,0.216361135934238,-0.00904215414387484,0.565943233517464
"sub-104",2,0,1,0.32056,1,0,0,2,-0.741344878915697,-0.556620274532448,-0.278276763002699,0.397306031547487
"sub-104",2,0,1,0.31911,1,0,0,2,-0.682817444726728,-0.747656089288217,-0.816486678212338,0.372147325053811
"sub-104",4,0,1,0.46287,1,0,0,2,-0.288875774136007,-0.417392327139775,-0.382366133000081,-0.0292525371769443
"sub-104",10,0,1,0.30977,1,0,0,2,-0.441702580855538,-0.04839703971865,0.177736358581266,0.228681589476764
"sub-110",3,0,0,0.18654,1,0,0,1,0.620751319608341,-0.107986904620365,-0.30202280372032,-0.135925903171301
"sub-110",5,0,1,0.0281199999999999,1,0,0,1,-0.151005350907023,0.30150101347654,-0.439936182228848,-0.430564928893
"sub-110",9,0,1,0.01695,1,0,0,1,0.00432281950876738,-0.349981358046298,-0.0034829206657984,-0.0625217639841139
"sub-110",2,0,0,0.02383,1,0,0,1,0.321008194160337,-0.502743760572263,-0.298395772192938,0.214764819270931
"sub-110",1,0,0,0.03095,1,0,0,1,-0.309629066342798,0.0532088741504898,-0.900516476947814,-0.0818590407492593
"sub-110",2,0,1,0.0173399999999999,1,0,0,1,-0.250602834372936,-0.131169431325462,-0.577906769157077,0.025200254120864
"sub-110",1,0,0,0.02118,1,0,0,1,0.346906364313327,0.00253430326227789,-0.152904236223549,-0.145207764708903
"sub-110",3,0,0,0.03061,1,0,0,1,0.0130158634856343,0.0778114581049454,-0.00204969678695003,-0.672377961059101
"sub-110",7,0,1,0.0517399999999999,0,0,1,1,-0.263230310578365,-0.210904639352251,0.20387857061481,-0.221343049616189
"sub-110",9,0,1,0.0281800000000001,0,0,1,1,-0.0775625649451589,-0.457072020525596,-0.202293912181631,-0.45075417929329
"sub-110",9,0,1,0.0177700000000001,0,0,1,1,0.280581564201081,-0.642097314474759,-0.182905924972147,-0.440848536230624
"sub-110",9,0,1,0.0262800000000001,0,0,1,1,0.109006359707564,-0.235632561181706,-0.329968218206583,-0.687347720190883
"sub-110",2,0,1,0.03068,0,0,1,1,0.0378299681469798,-0.515050250657455,-0.522427322071356,-0.602545856800862
"sub-110",10,0,1,0.0196000000000001,0,0,1,1,-0.0634746371069923,-0.610805145568318,-0.604572700491796,-0.471203649125528
"sub-110",8,0,1,0.0268900000000001,0,0,1,1,0.0487966060366792,-0.343265686197103,-0.504395968707589,-0.648949069250375
"sub-110",6,0,1,0.0325599999999999,0,0,1,1,-0.00664477287015567,-0.0839050897155647,-0.324424218075971,-0.122344242985127
"sub-110",10,0,1,0.03234,1,0,1,1,0.344826333069553,-0.622922115622916,-0.209532237689321,-0.240362818725407
"sub-110",3,0,0,0.0223500000000001,1,0,1,1,0.64389912947081,-0.323641622301053,-0.272788402857259,-0.241117547824979
"sub-110",9,0,1,0.0315099999999999,1,0,1,1,-0.0421814031127875,-0.462506169591237,-0.771622074690337,-0.635228933440521
"sub-110",9,0,1,0.02234,1,0,1,1,-0.171974748334227,-0.47897073316293,-0.572469757986255,-0.290593926375732
"sub-110",7,0,1,0.0268600000000001,1,0,1,1,-0.136755530153702,-0.155369257209478,-0.114169460954145,-0.562846533764969
"sub-110",9,0,1,0.03226,1,0,1,1,-0.544272143393755,0.471142871581294,0.0268770304295079,0.0768157940357923
"sub-110",6,0,1,0.0218700000000001,1,0,1,1,-0.103739673465801,0.768326018426807,-0.282222709385678,0.790820586681366
"sub-110",9,0,1,0.0288900000000001,1,0,1,1,0.124230153968256,0.743728349433729,-0.207825486082584,0.340583857987076
"sub-110",8,0,1,0.0226200000000001,1,1,1,1,0.13406902900897,-0.639834049847667,-0.235205648389334,-0.719508500676602
"sub-110",9,0,1,0.0200199999999999,1,1,1,1,0.527017350269792,-0.339742379952912,0.0337246980052441,-0.00397940811235458
"sub-110",8,0,1,0.0592699999999999,1,1,1,1,0.651437670496913,-0.227046072896984,0.167866830267788,-0.235435675038025
"sub-110",8,0,1,0.0312600000000001,1,1,1,1,0.547069135277222,-0.0613697924375258,-0.346148979888919,-0.537337846634909
"sub-110",3,0,0,0.0189600000000001,1,1,1,1,0.377147202457612,-0.0804958332209261,-0.0818866037589032,-0.0914719712920487
"sub-110",5,0,1,0.02671,1,1,1,1,0.168805311948139,-0.256667282777252,0.119222439204653,1.0785905636847
"sub-110",8,0,1,0.0324500000000001,1,1,1,1,-0.0973009620405113,-0.266823991288052,-0.248408721177839,0.449134925752878
"sub-110",7,0,1,0.0198499999999999,1,1,1,1,-0.58202351807995,-0.393650946310825,-0.373329248667384,0.10022839512676
"sub-110",5,0,1,0.0646199999999999,1,0,1,1,-0.00255943113006651,0.143028051816617,-0.283425351604819,0.000738798349630088
"sub-110",7,0,1,0.02214,1,0,1,1,0.350549487785126,-0.257555689610955,-0.560116637963802,-0.841659551486373
"sub-110",9,0,1,0.0297499999999999,1,0,1,1,0.100201034763207,-0.576994254978167,-0.521167187068689,-1.62057287618518
"sub-110",7,0,1,0.0183500000000001,1,0,1,1,0.317534611715625,-0.608458495267701,-0.056921979955708,-0.854530760273337
"sub-110",9,0,1,0.0249699999999999,1,0,1,1,0.603110767881541,-0.327134842432483,0.465208220179193,-0.707189714955166
"sub-110",10,0,1,0.0328999999999999,1,0,1,1,0.396701083507651,-0.393337468789132,-0.00379271172763159,-0.508256162283942
"sub-110",2,0,0,0.0208699999999999,1,0,1,1,0.0281756340991706,-1.15694684521468,-0.184193859284278,-0.4864447042346
"sub-110",10,0,1,0.0276700000000001,1,0,1,1,-0.170288649581683,-1.28895213724011,-0.465079713690405,-0.242859461251646
"sub-110",5,0,1,0.0166599999999999,1,1,1,1,0.535011465661228,0.303890919657769,-0.301404328395923,-0.183224341273308
"sub-110",8,0,1,0.0225200000000001,1,1,1,1,-0.320828985966121,0.735978537791029,0.175265895794534,-0.0552029823884368
"sub-110",7,0,1,0.0291399999999999,1,1,1,1,0.652411986018099,-0.518518058928075,-0.207262728596106,-0.4381637012586
"sub-110",7,0,1,0.03193,1,1,1,1,-0.103345338720828,-0.596802290994674,-0.794631238095462,-0.0928156110458076
"sub-110",8,0,1,0.02179,1,1,1,1,-0.597401424776763,-1.33361051197129,-0.58475115802139,0.362484798766673
"sub-110",9,0,1,0.0285,1,1,1,1,-0.451115040576648,-0.277003511648487,-1.14847354474477,-0.589336932543665
"sub-110",2,0,0,0.01797,1,1,1,1,0.109265806080657,0.317345166440915,0.114418328351652,-1.10324020688422
"sub-110",7,0,1,0.02447,1,1,1,1,0.381989751036599,0.463009753919862,0.442234862595797,0.0105459152255207
"sub-110",4,0,0,0.02125,1,1,0,1,0.352169730157281,0.328857160117305,-0.110882276203483,0.520636843144894
"sub-110",6,0,1,0.0297799999999999,1,1,0,1,0.220980991919835,-0.168632142021562,0.363302797622358,0.432283866917714
"sub-110",1,0,0,0.0308900000000001,1,1,0,1,-0.157024040304047,-0.135016991860337,0.169249755951265,-0.129318607505411
"sub-110",3,0,0,0.0202899999999999,1,1,0,1,-0.813798912005344,-0.237633461270619,-0.70341979029278,0.0926347276195884
"sub-110",3,0,0,0.02867,1,1,0,1,0.0474990612516801,-0.396437155082822,-0.289270378959676,1.04022728092968
"sub-110",8,0,1,0.0189999999999999,1,1,0,1,0.539493624314976,-0.141464427639558,0.464107779165109,0.211296656727791
"sub-110",4,0,0,0.02302,1,1,0,1,0.843714708384747,0.74435192629419,0.630447417342414,0.441919091250747
"sub-110",4,0,0,0.03128,1,1,0,1,0.793657413848753,0.49839198861823,0.11162319018816,-0.559856799454428
"sub-110",6,0,1,0.06274,1,0,0,1,0.137070698131235,-0.852330947122364,-0.765219671884552,-1.18747591180727
"sub-110",2,0,0,0.0214300000000001,1,0,0,1,0.438108283638333,-0.732807235619812,-0.604974621741955,-1.01651633416768
"sub-110",7,0,1,0.02813,1,0,0,1,-0.0310461900080554,-0.0534666651101024,-0.723181985473881,-0.313586097949883
"sub-110",1,0,0,0.03342,1,0,0,1,-0.171580175325895,-0.319557011541393,-0.462244752290038,-0.35110800024122
"sub-110",3,0,0,0.0235099999999999,1,0,0,1,-0.70983191455404,0.351981902633,-0.474563705191637,0.523007918521762
"sub-110",1,0,0,0.0289200000000001,1,0,0,1,0.0645169890291678,0.00929828940166367,0.231257023760312,0.795089787989855
"sub-110",4,0,1,0.0206599999999999,1,0,0,1,-0.0422767544320474,-0.534869000432082,0.0691713717145224,-0.0910757839679718
"sub-110",3,0,1,0.0274099999999999,1,0,0,1,-0.406352388905361,-1.053909159024,-0.25889493340704,-0.421086475811899
"sub-110",1,0,1,0.0202100000000001,0,0,0,1,0.091846333387366,-0.256843296328077,-0.758716162915031,-0.744490749947727
"sub-110",4,0,0,0.02895,0,0,0,1,-0.144942443361894,-0.657476995726702,-0.515445973879347,-0.635935497941682
"sub-110",9,0,1,0.01841,0,0,0,1,0.209352493712989,-0.87197476459874,-0.190118341648486,-0.553628786839545
"sub-110",3,0,1,0.02179,0,0,0,1,0.422640849991391,0.0684095992258301,-0.177560750996539,-0.639338669599965
"sub-110",1,0,0,0.02973,0,0,0,1,-0.0422837924755489,0.399330240411304,-0.187942752595215,0.258294843370095
"sub-110",6,0,1,0.03312,0,0,0,1,-0.0816436270348883,0.031836486628486,-0.356397395875926,0.864470789860934
"sub-110",4,0,0,0.02247,0,0,0,1,-0.338871526667693,-0.188347798047794,-0.126961170695722,0.283253600116586
"sub-110",4,0,0,0.0306500000000001,0,0,0,1,-0.462409843225032,-0.413374032031883,-0.0405467849535247,0.710935248434544
"sub-110",3,0,1,0.01813,1,0,1,2,0.187766657521327,0.437743028349898,0.121908590003538,-0.385427294997498
"sub-110",7,0,1,0.0265500000000001,1,0,1,2,-0.456144270331909,-0.296221809306492,-0.550775638471047,-0.882758620334789
"sub-110",7,0,1,0.03298,1,0,1,2,-0.350344720607003,-0.981193086546328,-0.520969965495169,-0.647718339925632
"sub-110",7,0,1,0.02372,1,0,1,2,-0.621326975213985,-1.86562002484721,-0.646398118697107,-0.0715589845087379
"sub-110",10,0,1,0.0308299999999999,1,0,1,2,-0.354689898597523,-1.48539273951341,-0.783034369659921,-0.482625322602689
"sub-110",5,0,0,0.02,1,0,1,2,-0.226709242252885,0.797451194789675,0.479402351775207,-0.839965258445591
"sub-110",8,0,1,0.02738,1,0,1,2,-0.327516675771524,1.03174968746801,0.453078766450441,0.725492476578802
"sub-110",9,0,1,0.0302100000000001,1,0,1,2,-0.101432438163708,0.754601792811796,0.384195647619587,0.474998622015119
"sub-110",3,0,0,0.03311,0,0,0,2,0.523030006947617,-0.602684171870351,-0.0482496590508769,0.882578526705038
"sub-110",5,0,1,0.0242599999999999,0,0,0,2,0.699383754710046,-0.124836631533172,-0.666391714747685,0.217274636350339
"sub-110",2,0,0,0.0314399999999999,0,0,0,2,0.924087338770429,-0.137155326083302,0.132991368892059,-0.0406942125177011
"sub-110",2,0,0,0.0325800000000001,0,0,0,2,0.592048576877763,-0.378540670533699,0.390584077967408,-0.428607079666108
"sub-110",4,0,0,0.0256099999999999,0,0,0,2,0.450928973344465,-0.525986221032562,-0.0900068743309627,-0.296453435881995
"sub-110",2,0,0,0.03088,0,0,0,2,0.201253095505914,-0.345559837464761,0.298034106187212,0.0201921491418034
"sub-110",8,0,1,0.0187900000000001,0,0,0,2,-0.356063139047668,-0.273058763153299,0.622070633544354,0.00791980065405369
"sub-110",1,0,0,0.02607,0,0,0,2,-0.132552708382718,-0.346464887416611,-0.0874819837821027,-0.134576867427677
"sub-110",10,0,1,0.0237799999999999,1,1,0,2,-0.36678662073488,-0.0485715300914038,-0.351140188266678,-0.36164642162621
"sub-110",5,0,1,0.0315099999999999,1,1,0,2,-0.51587636078087,-0.0749164995030259,0.397362020875638,0.26663031874923
"sub-110",3,0,0,0.01827,1,1,0,2,-0.0346112298235918,0.0236773860244149,1.0059022543331,0.884279204066843
"sub-110",4,0,1,0.02075,1,1,0,2,0.023310525692068,-0.897663665728437,-0.0570918734345772,-0.426742172299419
"sub-110",3,0,0,0.1808,1,1,0,2,0.830052049209674,-0.0295943208038807,-0.91293045381705,-0.986475593800424
"sub-110",1,0,0,0.02031,1,1,0,2,0.655031053426986,-0.171195501064951,-0.966381723507463,0.183395433519036
"sub-110",1,0,0,0.0281400000000001,1,1,0,2,-0.0200906235259026,-0.0935477551797198,-0.82285236256818,-0.278672101581469
"sub-110",4,0,0,0.01719,1,1,0,2,-0.0923180908915432,-0.0592448292645039,0.346392537932843,0.290736150275916
"sub-110",3,0,1,0.02292,0,0,0,2,0.132364825190355,0.512744982580275,0.143932958705894,-0.232712796516716
"sub-110",8,0,1,0.03094,0,0,0,2,0.27123168304873,-0.0260288318041367,-0.141105424224709,-0.636863660765812
"sub-110",4,0,0,0.0206500000000001,0,0,0,2,0.00368946992481748,-0.390423245383082,-0.114779174036812,0.032868665503338
"sub-110",5,0,1,0.02908,0,0,0,2,-0.882627381399895,-0.00342187000852492,-0.40702889743261,0.529146767128259
"sub-110",1,0,0,0.03209,0,0,0,2,-0.900532437876488,-0.474935408681631,-0.176682311265419,0.719859803840518
"sub-110",1,0,0,0.02044,0,0,0,2,-0.0213389750758021,-0.514923489480107,-0.114562797515343,0.108450684091076
"sub-110",4,0,1,0.02722,0,0,0,2,0.0266080300013224,-0.151662663142714,-0.284421093063429,0.0727997622452676
"sub-110",1,0,0,0.0332699999999999,0,0,0,2,0.548699054867029,-0.39957445114851,0.203745713457465,-0.235183699056506
"sub-110",2,0,1,0.04542,1,0,0,2,0.358961055564578,-0.0121163550044272,-0.369888178616141,0.109721273044124
"sub-110",4,0,1,0.01901,1,0,0,2,-0.368997046122483,-0.190682216236989,-0.228902586274974,-0.646993508236483
"sub-110",3,0,0,0.0289699999999999,1,0,0,2,-0.369441591145005,0.243506184572147,-0.0330051196312221,-0.62904001371935
"sub-110",2,0,0,0.0336399999999999,1,0,0,2,0.416819763641494,0.363861478071798,0.136927549572041,-0.221579929627478
"sub-110",2,0,0,0.0199400000000001,1,0,0,2,0.551357899792492,-0.0776554741034353,-0.141126092751316,-0.400416369177401
"sub-110",10,0,1,0.0279100000000001,1,0,0,2,0.21362594445236,-1.04881864872382,0.160033903948109,-0.294730396207888
"sub-110",6,0,1,0.03305,1,0,0,2,-0.045906642684713,-0.976387243303988,0.357533304226915,-0.666085376008414
"sub-110",2,0,0,0.0241800000000001,1,0,0,2,0.0101774673288067,-1.15016163023258,0.0948479137150571,-0.87950379261747
"sub-110",10,0,1,0.01993,0,0,1,2,-0.031851945988213,0.329440116054482,0.334001990966499,0.735374665877316
"sub-110",8,0,1,0.0272600000000001,0,0,1,2,0.355948892383215,0.156045314579926,0.0412030541338027,0.255006385059096
"sub-110",9,0,1,0.03314,0,0,1,2,0.723885912797414,0.362104342629512,-0.167190359997524,-0.0198006461607292
"sub-110",1,0,0,0.02064,0,0,1,2,0.212054792325944,0.0586074488927369,0.0800139589700848,0.542254889017204
"sub-110",6,0,1,0.0271699999999999,0,0,1,2,0.482789068948478,-0.0888988225962277,0.255464339318375,0.147558845300227
"sub-110",7,0,1,0.0173300000000001,0,0,1,2,-0.0971960943813125,-0.175825709520184,-0.375503847443421,-0.0258135231793858
"sub-110",9,0,1,0.02153,0,0,1,2,-0.375004663908233,-0.141838869700829,-0.778266570804893,0.00247880239039659
"sub-110",8,0,1,0.02891,0,0,1,2,-0.049840884632431,-1.08767201741123,-1.30506353800107,-0.240357470745221
"sub-110",10,0,1,0.0214399999999999,1,1,1,2,-0.4184284866836,-0.0467514855166276,-0.0495409146727373,-0.492511294805445
"sub-110",10,0,1,0.0182199999999999,1,1,1,2,-0.507808709541374,0.826086845481768,-0.198819556952609,-0.600416786500136
"sub-110",6,0,1,0.0272300000000001,1,1,1,2,-0.029369948063201,0.0498061475378496,-0.435305944100643,-0.269631901523098
"sub-110",10,0,1,0.03277,1,1,1,2,-0.579959684517235,0.0303225262021577,-0.397120531240944,0.219948792085052
"sub-110",8,0,1,0.0207299999999999,1,1,1,2,0.0877740386252602,0.269640608966627,0.285950216115452,0.461584380245768
"sub-110",3,0,0,0.0251600000000001,1,1,1,2,0.0187832982434581,0.588375296995596,0.317722892815558,0.0211415065452456
"sub-110",8,0,1,0.0326500000000001,1,1,1,2,-0.0933094836461047,0.136447217073981,0.370996629353613,-0.19107988239266
"sub-110",7,0,1,0.02203,1,1,1,2,0.19836445450225,0.170109387211226,0.652941621548962,0.189660745172296
"sub-110",1,0,0,0.0298799999999999,1,1,0,2,0.371946470326899,-0.15934858159852,-0.225662702849756,-0.0809207712765783
"sub-110",1,0,0,0.01921,1,1,0,2,-0.0733420289082763,-0.133206698784812,-0.520206403782746,-0.0555338324047625
"sub-110",1,0,0,0.0248299999999999,1,1,0,2,-0.143489153493041,0.0946436628647563,-0.589004394561319,-0.298988256999291
"sub-110",2,0,1,0.0294300000000001,1,1,0,2,0.342443487451722,-0.407882316727881,-0.0110305336420424,0.0239923380780965
"sub-110",1,0,0,0.0209999999999999,1,1,0,2,0.171220249379985,-0.553877670248901,0.273725081739637,-0.2783870061161
"sub-110",9,0,1,0.0253399999999999,1,1,0,2,0.62803927094986,-0.436102729497684,0.0164053299619506,-0.0687809439375997
"sub-110",4,0,0,0.0327,1,1,0,2,0.748179179771493,-0.323367607814294,-0.140143013093621,0.540929387556389
"sub-110",6,0,1,0.0226999999999999,1,1,0,2,0.642421750492455,-0.672927273575355,0.0931522391426067,0.167596691683866
"sub-110",9,0,1,0.02868,0,0,0,2,-0.877152370647915,-1.32329385286128,-0.610442900409301,-0.217729527340271
"sub-110",7,0,1,0.0210999999999999,0,0,0,2,-0.321025455060105,-1.23360718634945,-0.263936940270166,0.437759654317051
"sub-110",2,0,0,0.0244,0,0,0,2,-0.193524149886798,-0.671697384436373,0.0946453329913008,0.367339078336954
"sub-110",8,0,1,0.0327500000000001,0,0,0,2,-0.820791718239586,0.0562993986877026,0.27083451145639,0.853561835363507
"sub-110",9,0,1,0.0228299999999999,0,0,0,2,-0.605059834197164,0.252563356680589,0.733326954805913,0.962173925340176
"sub-110",6,0,1,0.07528,0,0,0,2,-0.409846836021946,0.335009237509911,-0.0290238496381789,0.723378484463319
"sub-110",8,0,1,0.0333300000000001,0,0,0,2,-0.426419416248488,-0.0932263280782435,-0.68274097678659,-0.550259253144031
"sub-110",9,0,1,0.0220800000000001,0,0,0,2,0.645641331871351,-0.0631593912494955,-0.316366688891624,-0.660265306383371
"sub-105",2,0,0,1.62583,1,0,0,1,-0.0530262272804976,0.0597199819016236,0.0179972500385096,-0.873494471795857
"sub-105",2,0,0,1.24474,1,0,0,1,-0.0934311438274259,-0.0380065402498952,-0.0967674743733369,-0.801961680513341
"sub-105",2,0,0,1.49753,1,0,0,1,-0.135654211315947,-0.00480170650580139,-0.513801129069179,-0.853924017306417
"sub-105",6,0,1,0.61842,1,0,0,1,-0.22148310393095,-0.0764184961035089,-0.525975607180347,-1.33984804805368
"sub-105",9,0,1,0.48054,1,0,0,1,0.0818265110525924,0.0659228726807568,-0.0955847272416577,-0.709640595724341
"sub-105",4,0,1,0.55544,1,0,0,1,0.195966471141825,0.127125324198493,-0.104087369390375,-0.167860353316064
"sub-105",2,0,0,0.47326,1,0,0,1,-0.290869154424096,-0.208558991603139,-0.308460884882758,-0.254629079019651
"sub-105",2,0,0,0.53166,1,0,0,1,0.260886859439779,-0.207678871160304,-0.0105743089370662,0.750461610546336
"sub-105",9,0,1,0.79063,1,0,1,1,0.079237852866451,-0.272202668228635,0.136986599497808,0.165831256564707
"sub-105",7,0,1,0.63709,1,0,1,1,-0.00436609028838575,-0.50308615969563,-0.329810116595278,-0.17020194074139
"sub-105",4,0,1,0.80131,1,0,1,1,-0.0430454983531187,-0.0167739148493166,0.075171111151576,-0.0230136239901185
"sub-105",7,0,1,0.51922,1,0,1,1,0.0550185095053166,0.157566094874508,0.0867593655808984,-0.317808742355555
"sub-105",8,0,1,0.47383,1,0,1,1,-0.060551671233649,0.200312153022322,0.0508496770635247,-1.14479541862383
"sub-105",8,0,1,0.46462,1,0,1,1,0.0773988976531352,-0.324363872382997,0.327313656118349,-0.994167088670656
"sub-105",9,0,1,0.47278,1,0,1,1,0.245430967072025,0.289127414563188,-0.0246517726045568,-0.532906720275059
"sub-105",5,0,1,0.87818,1,0,1,1,-0.229229240872276,-0.0100208730868029,-0.422519164470335,-0.692646571435034
"sub-105",7,0,1,0.6749,1,1,1,1,-0.265090319289205,-0.415104576558978,-0.30466034282775,0.0679243051446974
"sub-105",9,0,1,0.52165,1,1,1,1,0.111271060498742,-0.87114212455021,-0.441871148301288,0.20034028692171
"sub-105",2,0,0,0.52015,1,1,1,1,0.11007481153744,0.122327182510937,0.0241497853227581,0.278458338510245
"sub-105",8,0,1,0.45953,1,1,1,1,-0.465738816458421,0.436538105554603,-0.0880546433230241,-0.354009237326682
"sub-105",9,0,1,0.50555,1,1,1,1,-0.421354174148291,0.28996281174046,-0.0356306699492658,-0.303195633587893
"sub-105",9,0,1,0.59205,1,1,1,1,-0.20408003924725,0.0779637620025487,0.54238413576968,-0.245956940157339
"sub-105",6,0,1,0.61124,1,1,1,1,0.665491184374938,0.475180767269598,0.154961419742904,0.131254052743316
"sub-105",8,0,1,0.74925,1,1,1,1,0.30864884715993,0.297740326607945,-0.659839680340762,-0.563016093745318
"sub-105",8,0,1,0.92652,0,0,1,1,0.103170973229377,-0.294796199848255,-0.196008568474402,-0.755360458861105
"sub-105",6,0,1,0.74851,0,0,1,1,0.0477260141633451,0.566232430955602,-0.477498897331922,-0.38421616461128
"sub-105",9,0,1,0.52338,0,0,1,1,-0.51631572508874,-0.0764921691130709,0.131731561627627,-0.396514137834311
"sub-105",8,0,1,0.44987,0,0,1,1,-0.409129534537594,0.0271236956188524,0.469613792423236,-0.022499081864953
"sub-105",2,0,0,0.555,0,0,1,1,-0.0896364062985716,-0.242535163717413,-0.648911702466042,-0.905035621486604
"sub-105",10,0,1,0.48891,0,0,1,1,-0.356374858723332,-0.513643788415249,-0.0737615960291199,-0.423304034210742
"sub-105",7,0,1,0.54241,0,0,1,1,0.616904166177846,0.0548186087808399,-0.345003974623978,-0.222210089350119
"sub-105",7,0,1,0.57875,0,0,1,1,1.0854108252873,0.118903299966068,-0.555802176266297,-0.318499031290412
"sub-105",10,0,1,0.59314,1,1,1,1,0.253853248665109,0.129353693410478,-0.833316525387393,-0.230673417821527
"sub-105",6,0,0,1.25638,1,1,1,1,0.425611240875393,0.413139943102444,-0.994563522768052,-1.17951000053436
"sub-105",9,0,1,0.46647,1,1,1,1,-0.00679890010117864,0.346435083007371,-0.76524414261803,-1.70602760612965
"sub-105",3,0,0,0.43522,1,1,1,1,-0.32068401761353,0.0575923133572495,-0.792541041659812,-1.49563903519884
"sub-105",7,0,1,0.49731,1,1,1,1,-0.575137012903118,-0.139679549912991,-0.10941688217766,-0.435221306188032
"sub-105",9,0,1,0.58805,1,1,1,1,-0.304988741680669,-0.10218734756388,0.162671404192224,0.300994946551509
"sub-105",8,0,1,0.97627,1,1,1,1,-0.481706118715617,-0.113333278266644,0.352262685798147,0.979391362890601
"sub-105",7,0,1,0.59602,1,1,1,1,-0.461763573577628,-0.254304386882318,0.153601514692127,-0.279101159563288
"sub-105",2,0,0,0.60124,0,0,0,1,0.0234343059516201,-0.4830754088945,0.456778186528633,0.888944118376821
"sub-105",4,0,0,1.64881,0,0,0,1,0.428242226441701,-0.0642303586592553,0.263888424417625,-0.0570607025176287
"sub-105",10,0,1,0.44642,0,0,0,1,-0.226111219575008,-0.51002301586171,0.21423677506391,0.458991057984531
"sub-105",1,0,0,0.55066,0,0,0,1,-0.341368099761894,-0.634430315138565,0.231771753402427,-0.364230230392423
"sub-105",6,0,1,0.42104,0,0,0,1,0.0714106727391481,-0.400503661207579,-0.16821086507601,-1.07131466204301
"sub-105",1,0,0,0.45935,0,0,0,1,0.184832264708045,-0.184597174878474,-0.491684025968425,-0.796424690191634
"sub-105",4,1,0,NA,0,0,0,1,0.200811061387261,0.440284321110489,-0.587758810957894,-0.864875153265893
"sub-105",1,0,0,0.36715,0,0,0,1,-0.228073378869643,0.997632077584664,-0.330758844735101,-0.46480967272073
"sub-105",2,0,0,1.19017,1,1,0,1,-0.280411843637315,0.292866728186642,-1.34939228768538,-1.03416154142469
"sub-105",2,0,1,0.65613,1,1,0,1,-0.100459785045435,0.853687207455988,-1.10169589084884,-1.15698573002592
"sub-105",3,0,1,0.71519,1,1,0,1,-0.401698991685407,0.301658507952837,-0.753929129336029,-0.99032295444631
"sub-105",6,0,1,0.51297,1,1,0,1,-0.037058922694996,0.15440062445015,-0.750721869291738,-0.957214380055666
"sub-105",3,0,0,0.52079,1,1,0,1,-0.000137736943239967,-0.735261176497227,-0.764955057917784,-1.35864597726613
"sub-105",4,0,0,0.47639,1,1,0,1,0.162779817280049,-0.86957960460266,0.228254233302626,-0.860755039006472
"sub-105",10,0,1,0.43965,1,1,0,1,0.270411409360046,0.0426784515794781,0.918695460284653,-0.124223002232611
"sub-105",4,0,0,0.48855,1,1,0,1,0.0863546014685805,0.284982648522904,0.701000331464456,0.423392187571153
"sub-105",9,0,1,1.03429,1,0,1,1,0.448132470017299,-0.828669386467448,-0.464243855793029,-1.21091087758541
"sub-105",4,0,1,0.58483,1,0,1,1,0.311318040747816,-0.569953029078466,-0.300988834351301,-0.074207212915644
"sub-105",10,0,1,0.45823,1,0,1,1,-0.168168708536541,-0.518067579026575,0.0025595935973494,0.707406824827194
"sub-105",5,0,1,1.1182,1,0,1,1,-0.523717277140046,-0.25230270000692,0.294534883539503,-0.885934523958713
"sub-105",9,0,1,0.45067,1,0,1,1,-0.368989402893931,0.305619462634678,0.312878607009528,-0.857787664979696
"sub-105",10,0,1,0.49416,1,0,1,1,-0.313770063997557,-0.11175090374632,0.125489394180477,-0.255219251848757
"sub-105",8,0,1,0.49619,1,0,1,1,-0.564761781094906,-0.235440702492337,0.547152389937158,0.661943429615349
"sub-105",9,0,1,0.43442,1,0,1,1,-0.348597713823741,-0.136273777146858,0.29561456525577,1.24482576099399
"sub-105",1,0,0,0.52187,1,0,0,1,0.0170482831405631,0.64951366556084,-0.606911236022521,-1.08708401983604
"sub-105",5,0,1,0.77511,1,0,0,1,-0.514468433219008,-0.105269011110067,-0.294902496466724,0.0539161738008261
"sub-105",8,0,1,0.41959,1,0,0,1,-0.0433495029477247,0.0619959291760568,0.0725689544827522,0.281214953074232
"sub-105",2,0,0,0.51949,1,0,0,1,-0.345416469189028,-0.2674043967768,0.291033538834502,-0.83061945643276
"sub-105",4,0,0,1.80109,1,0,0,1,0.530856037201981,0.209684829641547,-0.502244366138863,-1.20765611398965
"sub-105",2,0,1,1.99259,1,0,0,1,0.655603375596305,0.502325566330304,-0.540773377753794,-1.59481739174225
"sub-105",1,0,0,0.41996,1,0,0,1,0.146965703574097,0.297237419074884,-0.279237798182294,-0.964068892784417
"sub-105",2,0,0,0.3712,1,0,0,1,0.120605713047553,-0.242325844070702,-0.449442503818621,-1.16647277269512
"sub-105",1,0,0,0.55048,1,1,0,2,-0.517779262464804,0.126889889438947,0.0017269032735688,-0.178828403633088
"sub-105",4,0,1,0.55032,1,1,0,2,-0.0617492007925951,0.299633539980277,-0.0706032790864507,-0.15751684140414
"sub-105",1,0,0,0.45791,1,1,0,2,-0.158094303760057,0.0975363513247834,-0.557142081670463,-0.334907837677747
"sub-105",2,0,0,0.48977,1,1,0,2,0.216204953244111,0.286875793020482,-0.301346348899339,-0.759472081577405
"sub-105",5,0,1,0.46071,1,1,0,2,0.649363407405569,-0.131446946852116,-0.250726623809896,-1.20545256910846
"sub-105",8,0,1,0.81888,1,1,0,2,0.647770769816513,-0.108926521683181,-0.389898538434257,-0.901848225062713
"sub-105",2,0,0,0.4505,1,1,0,2,0.110933999453361,0.121281011823427,0.0778891486891856,-0.232911258784588
"sub-105",2,0,0,0.43172,1,1,0,2,-0.469858298078179,0.00497830543598091,0.0817615651370337,0.701282589975744
"sub-105",10,0,1,0.59705,0,0,1,2,0.353449470518778,0.118294743579571,-0.278953107694785,0.0224047749303281
"sub-105",9,0,1,0.64974,0,0,1,2,0.127948366260777,-0.00122578014378194,0.0434449026749159,0.0860941399820149
"sub-105",6,0,1,0.6886,0,0,1,2,0.0401945143627624,0.210435843888532,0.546212006825954,0.943672852776945
"sub-105",9,0,1,0.5539,0,0,1,2,0.255244338923755,-0.0420629073072363,0.23300983852035,0.10598327498883
"sub-105",1,0,0,0.56,0,0,1,2,-0.165097090338046,-0.239686922316819,-0.211485885394116,-0.0173287889920175
"sub-105",8,0,1,0.6447,0,0,1,2,-0.373122405881683,-0.356810195647456,0.0892561137055357,0.374116290081292
"sub-105",9,0,1,0.64712,0,0,1,2,-0.172950612798256,-0.513193608804916,0.359386082661028,0.0186260199174285
"sub-105",7,0,1,0.64867,0,0,1,2,0.00248963781632483,-0.514060801791924,-0.399795432836981,-0.556939688976854
"sub-105",8,0,1,0.55147,1,1,1,2,0.371978311450221,-0.092242298302827,-0.328811419584478,-0.273074432753492
"sub-105",7,0,1,0.50394,1,1,1,2,0.511181668688854,0.525540379082991,0.32253132679034,-0.0585250446485588
"sub-105",8,0,1,0.4157,1,1,1,2,-0.12023316618676,1.11019390349759,0.524941510365655,0.031602618645411
"sub-105",7,0,1,0.55023,1,1,1,2,-0.550338942673989,0.432411991215001,0.0229312841159602,-0.0951536606997252
"sub-105",9,0,1,0.58373,1,1,1,2,-0.296885301281388,-0.42444717877165,-0.445944682850192,-1.36414061337709
"sub-105",9,0,1,0.94586,1,1,1,2,0.0616936856725564,-0.0109420201516952,-0.68291396034571,-0.780035570799373
"sub-105",3,0,0,0.73488,1,1,1,2,-0.143118541881753,0.0867676521754927,-0.831731068610679,0.822326714172959
"sub-105",6,0,1,0.58207,1,1,1,2,-0.161870797475179,-0.0979854349150426,-0.627400990847188,0.00885928710922599
"sub-105",3,0,0,0.94671,0,0,0,2,-0.0279709133319557,0.57887573235375,0.21080552903004,0.691918782889843
"sub-105",4,0,1,1.24243,0,0,0,2,0.0394175929250196,0.635569508635887,0.0250466210612406,-0.00782961286604405
"sub-105",1,0,0,0.38544,0,0,0,2,0.0466998727060854,0.155212153068364,0.238884051505011,-0.470928547345102
"sub-105",2,0,1,1.10118,0,0,0,2,0.193165866658092,-0.181638208907787,-0.11503650660355,-0.312356387916952
"sub-105",4,0,1,0.48994,0,0,0,2,0.46876517838488,-0.627849719452637,-0.124967290670611,-0.474980066157877
"sub-105",6,0,1,0.45059,0,0,0,2,0.261229668511078,-0.637687989614076,-0.532106198060016,-0.781280654058719
"sub-105",7,0,1,0.48691,0,0,0,2,-0.0960693099768832,0.140761008693112,-0.335491775845488,-0.0195310017559677
"sub-105",2,0,1,0.52817,0,0,0,2,0.110455987276509,0.670615975089647,0.0456905082877105,-0.423656544834375
"sub-105",8,0,1,0.6735,0,0,1,2,0.204195067441712,-0.186508009210229,-0.0893364460207522,0.293388578272425
"sub-105",1,0,0,0.44648,0,0,1,2,0.0354871193665076,0.402757195942319,0.288294016538809,-0.242208664864302
"sub-105",8,0,1,0.4323,0,0,1,2,-0.148815522746493,0.252857553479434,0.467328292899765,-0.0241687117144465
"sub-105",10,0,1,0.49958,0,0,1,2,0.171537584314744,0.061750277124466,-0.0125530602284319,0.0780064851976931
"sub-105",8,0,1,0.65467,0,0,1,2,-0.23227571133369,-0.47006248448182,-0.0105876930368443,0.885629732115194
"sub-105",10,0,1,0.4348,0,0,1,2,-0.684428942545007,-0.278089294589504,0.207374712064241,1.81026605442166
"sub-105",5,0,1,0.41696,0,0,1,2,-0.507127602817491,-0.16245030556564,-0.176133017822091,0.832108529098332
"sub-105",8,0,1,0.4589,0,0,1,2,-0.000561491819098592,0.487882514794668,0.0246415823651963,-0.0396155664464459
"sub-105",9,0,1,0.7121,1,0,1,2,0.434801983414218,0.483964862508906,-1.54853066056967,-0.534654908257653
"sub-105",3,0,1,0.93634,1,0,1,2,0.352901306352578,0.00500703777221066,-0.992465365028086,-1.07153702471405
"sub-105",10,0,1,0.46841,1,0,1,2,-0.57014196102197,-0.376194171331547,-0.0212210356257856,-1.40618883697316
"sub-105",7,0,1,0.42901,1,0,1,2,-0.46801294432953,0.14928604276092,0.63449251219087,-0.757107648765668
"sub-105",10,0,1,0.46286,1,0,1,2,-0.212043797587588,0.503222261796947,0.0783169953113732,0.179843091964722
"sub-105",9,0,1,0.44391,1,0,1,2,-0.0437296230144663,0.236532055600374,-0.464519042142153,0.998740850423928
"sub-105",5,0,1,0.58091,1,0,1,2,-0.077884209730352,-0.615858504341708,-0.537814735046898,0.962049722333904
"sub-105",7,0,1,0.44826,1,0,1,2,-0.00103908438177314,-0.573851099375773,-0.313207036776779,0.570382742071524
"sub-105",3,0,0,0.54609,0,0,0,2,0.301370958157349,-0.324383485165459,0.453352495174234,-0.139928011223674
"sub-105",5,0,0,1.48169,0,0,0,2,0.580218768018919,-0.029120481012527,0.0255707599668919,-0.564811908244155
"sub-105",3,0,0,0.39121,0,0,0,2,0.124538722001792,-0.0968641607021844,-0.473084290279076,-1.27445655521005
"sub-105",1,0,0,0.45563,0,0,0,2,0.505105739546404,0.184693622644301,-0.367062566731875,-1.02160817482509
"sub-105",1,0,0,0.45001,0,0,0,2,0.620390433405798,0.465406915241921,-0.161205843285037,-0.965400392841548
"sub-105",2,0,0,1.30076,0,0,0,2,0.432910112101429,0.61505973421865,-0.722993269562721,-0.758612105436623
"sub-105",3,0,1,1.30932,0,0,0,2,-0.0917853194793376,0.485339761228749,-0.448807931117093,-0.702294771233574
"sub-105",9,0,1,0.43347,0,0,0,2,-0.224374279767896,0.348155856546428,0.42192125566847,-0.551184862479568
"sub-105",8,0,1,0.72839,1,0,0,2,0.297129433543887,0.489339357858558,-0.0882001447801789,0.15586141096428
"sub-105",4,0,1,0.97557,1,0,0,2,0.291180616011843,0.890040138960575,0.332708870817441,1.18658087290823
"sub-105",1,0,0,0.41498,1,0,0,2,0.219033248606138,0.462159236203189,-0.19581876823213,0.310919246776029
"sub-105",3,0,1,1.23336,1,0,0,2,-0.220824231120181,-0.133761428003372,-0.67440435604658,0.463838023971766
"sub-105",1,0,0,0.59777,1,0,0,2,-0.2372083653075,-1.10446333464373,-0.350900375536488,-0.322897537378594
"sub-105",4,0,1,1.18786,1,0,0,2,-0.576891198288649,-1.06145829744896,0.437138026148508,-0.296472418680787
"sub-105",4,0,1,0.96018,1,0,0,2,-0.396173090053101,-0.104044329237055,0.712813336557398,0.342219967953861
"sub-105",5,0,1,0.48938,1,0,0,2,-0.497843256899311,-0.0980895032105898,0.41593496602339,0.470929256232921
"sub-105",4,0,1,1.11484,1,1,0,2,0.266657820281883,0.169182175908376,-0.266747067372004,-0.356461897795089
"sub-105",2,0,0,0.56849,1,1,0,2,0.119896091365566,0.599556007663961,-0.287753393597086,-0.249067209020723
"sub-105",3,0,1,0.5051,1,1,0,2,0.2580221737929,0.515406563878059,-0.317206359109453,-0.444072781759314
"sub-105",1,0,0,0.91486,1,1,0,2,0.159024933253628,0.222819728319775,0.150427218138551,0.449329988658428
"sub-105",7,0,1,0.47347,1,1,0,2,0.134386323392391,-0.616712622758415,-0.687716157369626,0.553419853351079
"sub-105",3,0,0,0.45872,1,1,0,2,-0.252412650035694,-0.759441532716328,-0.823050792794675,-0.259269650746137
"sub-105",4,0,1,0.39184,1,1,0,2,-0.422919688203062,-0.269970651026125,-0.540684985152135,-0.604876401647925
"sub-105",6,0,1,0.45175,1,1,0,2,-0.00249768626720955,0.239191299911235,-0.399910242995247,-0.323935659136623
"sub-108",4,0,0,1.06775,0,0,0,1,-0.0960600726151218,-0.171145818937846,-0.270119942724705,-0.783501007966697
"sub-108",9,0,1,0.51657,0,0,0,1,0.327258050480547,-0.00620189281525435,-0.248342087337126,-0.32109454224119
"sub-108",3,0,0,0.51134,0,0,0,1,0.266328237485141,-0.058334509583397,-0.21899263234809,-0.170987706584856
"sub-108",3,0,0,0.37696,0,0,0,1,-0.467024022790914,-0.170123487590226,-0.753835485472033,-0.481653324398212
"sub-108",2,0,0,0.40984,0,0,0,1,-0.211715944596411,0.0347388518146343,-0.768188271205872,-0.373676098231226
"sub-108",2,0,0,0.39879,0,0,0,1,0.293463670803855,-0.531261102848307,-0.472954212222248,-0.391832626052201
"sub-108",3,0,0,0.41548,0,0,0,1,-0.187066815677099,-0.142526860607581,-0.466499002359342,-0.384781993180513
"sub-108",5,0,1,0.40014,0,0,0,1,-0.360814939932122,0.237585467769316,-0.282086177088786,-0.309108039550483
"sub-108",5,0,1,0.7524,1,1,1,1,0.389228966125908,-0.0113853618019709,0.179838361761843,0.615138876379933
"sub-108",2,0,0,0.68528,1,1,1,1,0.187771688904225,0.113175466311751,0.163011049230893,0.0794933102442883
"sub-108",7,0,1,0.40206,1,1,1,1,0.569654758398732,-0.583873011137324,-0.27057550905738,-0.7580770380795
"sub-108",7,0,1,0.48605,1,1,1,1,0.163714142516255,0.209738623506079,-0.309806184687962,0.287438519624993
"sub-108",9,0,1,0.45215,1,1,1,1,0.251153112932419,0.381422458923663,-0.0204162327572703,0.709842836391181
"sub-108",10,0,1,0.46762,1,1,1,1,0.349112739839863,0.383003379605523,0.23820680808664,-0.0247838052920997
"sub-108",8,0,1,0.56805,1,1,1,1,0.433813997389128,0.229409165128514,0.57871505819882,-0.0649371227249503
"sub-108",7,0,1,0.43222,1,1,1,1,0.836169482519229,0.183693545387575,0.469940117259587,-0.222608367213979
"sub-108",3,0,0,0.67909,0,0,0,1,-0.183597003808245,-0.483619759411172,-0.964824898168445,-0.720303593063727
"sub-108",2,0,0,0.53076,0,0,0,1,-0.366783965805856,-0.61689881787256,-0.58523018611595,0.00482363528572023
"sub-108",1,0,0,0.39569,0,0,0,1,-0.534644592645539,-0.624652231664017,-0.646302978352954,-0.509927346929908
"sub-108",6,0,1,0.49543,0,0,0,1,0.0858901173245007,-0.529577159227941,-0.491721132372428,0.326443331735209
"sub-108",1,0,0,1.56336,0,0,0,1,0.9449433881479,-0.367700657082929,-0.197901315443839,-0.263959208875895
"sub-108",4,0,0,0.74622,0,0,0,1,1.23937023167188,0.711448859608801,0.38371675205417,-0.195348316524178
"sub-108",8,0,1,0.3952,0,0,0,1,0.49182633892633,0.502469833250399,0.322442601095342,0.341780690243468
"sub-108",2,0,0,0.36266,0,0,0,1,-0.315002589370124,0.189985387027264,-0.042577505853842,0.734313716273755
"sub-108",7,0,1,0.49664,1,0,1,1,0.127527164605757,0.192851598029611,0.160538262804039,0.0725577278528362
"sub-108",10,0,1,0.38793,1,0,1,1,-0.510698067761647,-0.225361487642793,0.263179791043513,0.731614403799176
"sub-108",10,0,1,0.3736,1,0,1,1,-0.171884711249731,0.820606540578107,0.268747455906123,0.442771583329886
"sub-108",9,0,1,0.40512,1,0,1,1,0.124242236139253,1.08045794594067,-0.193000430008397,0.17537093013525
"sub-108",6,0,1,0.4891,1,0,1,1,0.229987040938189,-0.451068156157379,-0.54570398464178,-0.165517006441951
"sub-108",1,0,0,0.47125,1,0,1,1,0.215843581322891,-0.688897087031768,-0.423424957223081,-0.586127612227574
"sub-108",10,0,1,0.3705,1,0,1,1,-0.00809127160694819,-0.4535918114017,-0.414201546926051,-0.705202365771402
"sub-108",10,0,1,0.43715,1,0,1,1,0.233038562544001,-0.284560720498794,-0.169244416756555,-0.355000567701791
"sub-108",7,0,1,1.23188,0,0,1,1,0.0266999054389695,-0.57602636816187,-1.06576599037605,-0.603165197698399
"sub-108",4,0,0,0.34833,0,0,1,1,-0.484653761455168,-0.552214151713997,-0.570121865253896,-0.380411389097571
"sub-108",10,0,1,0.83041,0,0,1,1,-0.312410617868106,-0.567257309573944,-0.164809523305545,-0.483848799206316
"sub-108",6,0,1,0.37786,0,0,1,1,0.159380152326776,0.0914560428096188,-0.25578986069498,-0.227632441185415
"sub-108",10,0,0,0.02793,0,0,1,1,0.643404115816035,0.996390061383998,-0.137059450207744,0.391760695911944
"sub-108",7,0,1,0.39586,0,0,1,1,0.63817937518858,0.276656942786994,-0.0398723652954989,0.244243314710911
"sub-108",8,0,1,0.54449,0,0,1,1,1.0602131652801,0.0892060952675011,0.714569457651426,-0.0604592551477253
"sub-108",10,0,1,0.02691,0,0,1,1,1.27403946937799,0.919690908036298,0.796697929423923,0.28608841127716
"sub-108",3,0,0,0.58394,1,1,0,1,0.505582777531041,-0.4812165430609,-0.218567071016878,-0.336545047722757
"sub-108",3,0,0,0.2997,1,1,0,1,0.299302171747361,-0.495534792128536,-0.0142733790562488,-0.275836265087128
"sub-108",1,0,0,0.28434,1,1,0,1,-0.0608103097959732,0.128115207819199,-0.295567049101616,0.0809610915835947
"sub-108",3,0,1,0.36807,1,1,0,1,-0.269660284509882,0.33469964968282,-0.272274636838119,0.406698935804889
"sub-108",3,0,1,0.60213,1,1,0,1,-0.718508723245274,0.0690171689967866,-0.241081311445062,0.142686843685806
"sub-108",8,0,1,0.24913,1,1,0,1,0.283175229871025,0.629298706780429,0.0612101700389758,0.173918165965006
"sub-108",6,0,1,0.0294000000000001,1,1,0,1,-0.0878106298235555,0.553917925114985,-0.219745984652642,-0.256218016892672
"sub-108",1,0,0,0.41319,1,1,0,1,-0.140038254903629,-0.571206268612985,-0.798625671459983,-0.592404274269938
"sub-108",8,0,1,0.10342,0,0,1,1,-0.312015474347087,0.811256075967793,-0.405748087990408,-0.214130263033439
"sub-108",9,0,1,0.02094,0,0,1,1,0.165919287285457,-0.232268052072161,-0.351640805325587,-0.434525850694627
"sub-108",9,0,1,0.03345,0,0,1,1,-0.111781190023369,0.0821324071191527,-0.410985355304244,0.159218804910779
"sub-108",6,0,1,0.08429,0,0,1,1,0.285750248547023,0.180150146492653,-0.195712801845123,0.132684039883316
"sub-108",8,0,1,0.01793,0,0,1,1,-0.0247302954085171,-0.723892555158171,-0.785306042215476,0.187403508764692
"sub-108",8,0,1,0.03318,0,0,1,1,0.282387664541602,-1.05813989698611,-0.403734125274544,0.252744042291306
"sub-108",3,0,0,0.0320400000000001,0,0,1,1,0.529838094157943,-0.308363383014997,-0.239228020771407,0.699147773929872
"sub-108",9,0,1,0.0326299999999999,0,0,1,1,0.454650232917629,0.449257639435085,0.565111883780143,-0.375777894328348
"sub-108",10,0,1,0.02549,1,1,0,1,0.330801346804947,0.492341293065153,-0.470149309393795,0.187377910203941
"sub-108",5,0,1,0.0598399999999999,1,1,0,1,0.619143829564564,-0.369280432635504,-0.548234210892891,-0.2822987889871
"sub-108",4,0,1,0.0231699999999999,1,1,0,1,0.243650480406359,0.113338083856636,-0.289101539218488,-0.0476991306608397
"sub-108",4,0,1,0.03335,1,1,0,1,0.411141941294773,-0.182285456469765,-0.0985572998179123,0.152221824973822
"sub-108",4,0,1,0.0218,1,1,0,1,-0.328119106823578,-0.342995618006508,0.0427038820149998,0.385603503976017
"sub-108",2,0,0,0.02075,1,1,0,1,-0.206326026634391,-0.462314397993463,-0.13783588889055,-0.621276839682832
"sub-108",2,0,0,0.01776,1,1,0,1,-0.290964216886399,-0.305101760145691,-0.134083947942903,-0.385572801204398
"sub-108",3,0,0,0.0180899999999999,1,1,0,1,-0.236609838708925,-0.0418232276483818,-0.172056594979949,-0.0024339493829757
"sub-108",3,0,0,0.0294399999999999,1,0,0,1,0.623968672550594,0.783900906228357,0.26151404005941,0.704232788970694
"sub-108",4,0,0,0.02935,1,0,0,1,-0.472393523047989,-0.556181696260831,-0.54359337571077,-0.120160070993006
"sub-108",4,0,0,0.0301100000000001,1,0,0,1,-0.258821875885284,-0.47560073973404,-0.541819054137401,-0.0790867597796023
"sub-108",6,0,0,0.0288600000000001,1,0,0,1,0.675957026270529,0.427393090393808,-0.0333689085673541,-0.226518118241802
"sub-108",4,0,0,0.0270699999999999,1,0,0,1,0.369073288980871,0.50746272682402,0.26795683511106,-0.0134892553207465
"sub-108",4,0,1,0.0258,1,0,0,1,0.55822226498276,0.231133935058972,-0.358752919671436,-0.0887039154418744
"sub-108",9,0,1,0.03026,1,0,0,1,0.189417173659119,0.14618963530908,-0.314642388916885,0.272697732411325
"sub-108",4,0,0,0.02539,1,0,0,1,0.278122287786876,-0.177223195856506,-0.138327724819343,0.245671708649024
"sub-108",2,0,0,0.0300400000000001,1,1,0,2,0.286776333426436,1.20899190595029,0.077431491308289,0.62427278496325
"sub-108",3,0,0,0.01955,1,1,0,2,-0.242871190848139,0.539160953834653,-0.0790202325442806,0.637195373512805
"sub-108",3,0,0,0.0306900000000001,1,1,0,2,0.0407976877468172,0.0292080976931309,0.0242296180125171,-0.355687445029616
"sub-108",9,0,1,0.01735,1,1,0,2,0.0647813494627674,0.124945839504815,0.208606615080498,0.0236440439708531
"sub-108",2,0,0,0.0256799999999999,1,1,0,2,0.064216888305964,0.30822414851368,0.302166015064965,0.0581913726404309
"sub-108",1,0,1,0.03304,1,1,0,2,0.27247819287004,0.568566195942737,-0.0398293528705835,0.16367253465578
"sub-108",1,0,0,0.0330600000000001,1,1,0,2,0.407098308491792,-0.213418765993858,0.192351380207886,-0.103980460634921
"sub-108",6,0,1,0.01806,1,1,0,2,-0.159222738157647,-0.476537588811307,-0.162031266877117,0.0659613849478774
"sub-108",2,0,0,0.0170399999999999,1,0,0,2,-0.345116406329907,-0.12533899787296,-0.188329613612344,-0.00178943146020174
"sub-108",2,0,0,0.02515,1,0,0,2,-0.114635511689509,0.419995980751183,-0.014783226690876,0.204455669689924
"sub-108",1,0,0,0.02569,1,0,0,2,-0.471180145783971,0.158674373256939,-0.0385543953428472,0.170841971039772
"sub-108",4,0,0,0.02356,1,0,0,2,-0.518990296754055,-0.101317863204275,-0.272611883236095,0.0195685036480427
"sub-108",10,0,1,0.0222599999999999,1,0,0,2,-0.830978079078098,-0.288797275887595,0.02231643977575,0.70551127854269
"sub-108",6,0,1,0.0221499999999999,1,0,0,2,0.167331644780158,0.409649061728959,0.616826841413664,1.11785078216344
"sub-108",1,0,0,0.0272600000000001,1,0,0,2,0.338867718004622,0.717392525767705,0.364579484259593,0.713435662537813
"sub-108",3,0,0,0.0190999999999999,1,0,0,2,0.139032919056869,-0.153743492370402,-0.306923014713296,0.0719080624287017
"sub-108",8,0,1,0.02915,1,0,1,2,0.538736662516991,0.206058190747475,0.144460273363317,-0.389849106082693
"sub-108",9,0,1,0.02858,1,0,1,2,0.0649413616435292,0.521387697059523,0.849862767344651,0.615242596366443
"sub-108",9,0,1,0.02864,1,0,1,2,-0.368631019790503,1.52459314686281,0.449143820636285,0.702120592957363
"sub-108",10,0,1,0.0293699999999999,1,0,1,2,-0.429402994418827,1.26018393067298,0.167253183045735,1.04987130081281
"sub-108",8,0,1,0.0230999999999999,1,0,1,2,0.00447800827290242,1.12938650791464,0.117415901215281,0.678367766924202
"sub-108",10,0,1,0.0288600000000001,1,0,1,2,-0.608726735889528,0.00601234466389374,-0.79624475480523,-0.763189425226301
"sub-108",4,0,0,0.02894,1,0,1,2,-0.308373309671879,-0.0341311497613788,-0.398787182639353,-0.668115837452933
"sub-108",6,0,1,0.0252600000000001,1,0,1,2,0.576852583792061,-0.142748164668403,-0.166095655275664,-0.480704780151427
"sub-108",10,0,1,0.02498,1,1,1,2,0.139368789736181,-0.19866930475217,-0.365410869087403,0.142458216007799
"sub-108",10,0,1,0.02938,1,1,1,2,0.791999503669407,-0.821959253952459,-0.15694333633049,-0.062627664708998
"sub-108",9,0,1,0.0260499999999999,1,1,1,2,-0.0474116726933668,0.0724935042585626,-0.529557509813458,0.586983658839017
"sub-108",3,0,0,0.0285,1,1,1,2,0.0481343965511769,0.479348335829046,-0.020366946196494,0.7815161322942
"sub-108",10,0,1,0.0277499999999999,1,1,1,2,-0.287383948763212,0.133715874067059,-0.201253125133614,0.18094889819622
"sub-108",10,0,1,0.0263100000000001,1,1,1,2,0.491799711094548,-0.033118311462372,0.178465649718419,-0.202498396897863
"sub-108",5,0,1,0.0202100000000001,1,1,1,2,0.628177839320415,-0.023847088355709,0.744983015892406,0.140976392198354
"sub-108",8,0,1,0.02498,1,1,1,2,-0.388833637077672,0.0397884054486726,0.21448034234345,0.36594735365361
"sub-108",8,0,1,0.0183199999999999,1,0,1,2,-0.550119413839032,-0.457150065512569,0.0370239958477517,0.0320208395831287
"sub-108",6,0,1,0.03024,1,0,1,2,-0.244897520790497,0.0104493302227369,0.549947147224884,0.584425589069724
"sub-108",7,0,1,0.02193,1,0,1,2,0.170902987476438,0.999574401855676,0.842624701404323,0.909410175867379
"sub-108",7,0,1,0.0214000000000001,1,0,1,2,0.249599510959039,0.341170618931452,0.237387669680174,0.805089403036982
"sub-108",10,0,1,0.0215000000000001,1,0,1,2,0.113781845138874,0.191807392915642,-0.119041356471522,0.147010933794081
"sub-108",7,0,1,0.0211300000000001,1,0,1,2,-0.085347342886962,1.46641150620525,0.497961927127714,0.281025563366711
"sub-108",7,0,1,0.02014,1,0,1,2,-0.403000861561547,0.683917271870154,-0.65815516479779,0.128542229272534
"sub-108",1,0,0,0.0186,1,0,1,2,-0.276599653201022,0.694010403248723,-0.718589449146142,0.556647245657223
"sub-108",1,0,0,0.0255099999999999,0,0,0,2,0.471457045777546,-0.169484735537683,0.176897353104626,0.27185561126098
"sub-108",3,0,0,0.0259100000000001,0,0,0,2,0.0533437572691279,-0.567706179933372,0.051659588313972,0.350163735821843
"sub-108",4,0,0,0.0175799999999999,0,0,0,2,0.339555128555124,0.0292796849583586,0.0968430330200742,-0.234999519959092
"sub-108",3,0,0,0.01694,0,0,0,2,0.0950663308091559,0.291803477607943,-0.0598084568046033,0.585640907846391
"sub-108",4,0,0,0.0208200000000001,0,0,0,2,-0.662026717482756,-0.300105817512506,-0.887503708756412,-0.267535558156669
"sub-108",3,0,0,0.0177700000000001,0,0,0,2,-0.441646593778084,0.0527177641116497,-0.634480790938445,-0.0752475304529071
"sub-108",5,0,1,0.01762,0,0,0,2,-0.325634586624801,-0.236054694331768,-0.116531867417507,0.215864906719071
"sub-108",9,0,1,0.03155,0,0,0,2,-0.179055312401033,-0.0116937289669834,-0.659552148388078,-0.207766376528889
"sub-108",10,0,1,0.0222100000000001,0,0,1,2,0.134385079999144,-0.351995000063821,0.374492359386447,0.883687024563551
"sub-108",8,0,1,0.85649,0,0,1,2,0.599870281953675,0.979218434542418,0.581586157776959,0.270072125410661
"sub-108",10,0,1,0.0324199999999999,0,0,1,2,0.476660125882821,0.46061098334138,0.630952791931728,0.493453998025507
"sub-108",8,0,1,0.0182899999999999,0,0,1,2,0.107824947219342,-0.0942215197892101,0.260123614847544,-0.025155134499073
"sub-108",9,0,1,0.01919,0,0,1,2,0.106780336898131,0.260602924423034,0.26676607564635,0.118282575672492
"sub-108",1,0,0,0.0276099999999999,0,0,1,2,-0.0469943313413144,0.373920692165417,0.251461509615183,0.708369504846633
"sub-108",9,0,1,0.0254799999999999,0,0,1,2,-0.17159128220131,0.30941874768447,-0.322814572796536,0.153151964131393
"sub-108",5,0,1,0.03074,0,0,1,2,-1.63219366802271,-1.3094492353223,-1.25957034085877,-0.37049543838948
"sub-108",3,0,0,0.0224800000000001,1,0,0,2,0.270082808720569,1.03319567069411,0.233047485894834,-0.51573042019736
"sub-108",8,0,1,0.0223500000000001,1,0,0,2,-0.269173714215867,-0.03490206043029,-0.4443725773599,0.383235865237657
"sub-108",4,0,0,0.0209699999999999,1,0,0,2,-0.00638841888091217,-0.018842732594176,-0.38592942939916,0.116148986574262
"sub-108",1,0,0,0.0182500000000001,1,0,0,2,0.235797131278863,-0.198673501998807,0.434606852119335,0.316394950146787
"sub-108",4,0,0,0.0248600000000001,1,0,0,2,-1.30427567765582,0.405919744624515,0.0242067219223827,1.22747844532132
"sub-108",4,0,0,0.01736,1,0,0,2,-0.903553005191498,0.558478420462321,-0.0521979584931008,1.54288263432682
"sub-108",1,0,0,0.0320499999999999,1,0,0,2,0.163819942157716,0.456130286609685,-0.365261302630339,0.0788713762536645
"sub-108",5,0,1,0.0316700000000001,1,0,0,2,0.0529406439939824,0.391718610448556,0.0213045298975582,-0.325389518449083
"sub-108",8,0,1,0.03243,1,1,0,2,0.600594252192726,-0.533771212626662,-0.257057874676927,-0.334748545475304
"sub-108",9,0,0,0.0219100000000001,1,1,0,2,0.380443018473064,-0.090868815296778,-0.965890371939167,-0.0354268608614802
"sub-108",8,0,1,0.02254,1,1,0,2,0.485338816535659,-0.155166672542691,-0.585570869036019,0.0678227921947837
"sub-108",9,0,1,0.02142,1,1,0,2,0.972278942906996,0.071850654789833,0.422365193177635,0.0470166717190295
"sub-108",2,0,1,0.02013,1,1,0,2,0.620428454286108,0.0637709279630885,0.0484019476959171,0.266971087758429
"sub-108",7,0,1,0.0195000000000001,1,1,0,2,0.0101069430044542,-0.0867721421161184,-0.0673282782081515,0.857371813850477
"sub-108",6,0,1,0.0325599999999999,1,1,0,2,-0.767915172531502,0.17085027401508,0.0295693704125976,0.808715652860701
"sub-108",10,0,1,0.0200400000000001,1,1,0,2,0.16862826452901,0.0671516730648431,0.170643435480694,-0.753168332170753
"sub-107",9,0,1,1.1715,1,0,1,1,-0.109173321126339,0.337133767497208,-0.149031861248659,-0.278587844641879
"sub-107",9,0,1,1.08123,1,0,1,1,0.428253071149811,-0.0442529927111334,-0.0786570487446928,-0.487883064609196
"sub-107",10,0,1,0.85583,1,0,1,1,0.191726092676011,0.581465618020889,0.181027369868995,-1.19461014568806
"sub-107",6,0,0,0.3948,1,0,1,1,0.251122692250647,0.446404261350701,0.23026562637339,-0.609015850909054
"sub-107",9,0,1,0.55291,1,0,1,1,0.377251340386768,-0.166675082752826,0.0297247587586753,-0.744272405654192
"sub-107",3,0,0,0.37427,1,0,1,1,0.389779834164074,-0.00174626811942155,-0.13391836299464,0.0424195277038962
"sub-107",8,0,1,0.79924,1,0,1,1,0.503688075618508,-0.124475107700736,0.129339076209969,0.0994322391576134
"sub-107",8,0,1,0.79483,1,0,1,1,-0.105023815257785,-0.581004043834077,-0.0274787662007536,-0.346959292360407
"sub-107",9,0,1,1.41862,0,0,1,1,0.34217435734657,0.0245974601755195,-0.73126047081314,-0.201716382801533
"sub-107",7,0,0,0.30756,0,0,1,1,-0.264368406962603,0.239796688771565,-0.429837582322458,-0.212715286388993
"sub-107",7,0,0,1.3519,0,0,1,1,-0.230942069872981,0.139235760913127,0.0867195247362057,-0.304824412707239
"sub-107",7,0,0,1.33924,0,0,1,1,0.226784418259437,0.498859877853344,-0.145293753390433,-0.919381184852682
"sub-107",1,0,0,0.34293,0,0,1,1,0.101486031586925,0.731304288738304,-0.187248050597797,-0.0995876925531775
"sub-107",7,0,1,0.7848,0,0,1,1,0.250417041417677,0.909904106106195,0.0483751723077148,0.152427920140326
"sub-107",6,0,0,0.32971,0,0,1,1,0.239047215623941,0.636039725819568,0.342306929873303,0.00173857944319025
"sub-107",10,0,1,0.31225,0,0,1,1,-0.00551719536694388,-0.272627379236467,-0.125830866939699,0.0229206450283527
"sub-107",4,0,0,0.90356,1,0,0,1,-0.25551636021252,0.237449415924924,0.239375916542485,-0.218017831258476
"sub-107",2,0,0,0.47341,1,0,0,1,-0.156385810968156,0.236562475717316,0.0930881537375778,0.0424557836260647
"sub-107",4,0,0,1.49911,1,0,0,1,0.164938638491246,0.580289270849554,-0.0722981942817569,0.128557474631816
"sub-107",2,0,0,0.28704,1,0,0,1,-0.65356119023636,0.567121564203666,-0.0768776622911294,-0.456304160878062
"sub-107",1,0,0,0.27813,1,0,0,1,-0.123023213265697,0.155832346856456,0.306373521879626,-0.8349493017653
"sub-107",8,0,1,0.31685,1,0,0,1,0.517602347506909,-0.0283229369670153,0.168097466560236,-0.422843545628712
"sub-107",4,0,0,0.60696,1,0,0,1,0.666708955774084,0.55709657828427,-0.0197148195584305,0.0160722189582884
"sub-107",5,0,0,0.38039,1,0,0,1,0.945212503584723,0.751620452713083,0.0548278159306695,-0.591994001716375
"sub-107",1,0,0,0.31694,0,0,0,1,-0.255021104977156,0.327804771700391,0.0676902424699316,-0.582853919547051
"sub-107",4,0,1,1.69117,0,0,0,1,-0.258056523860432,0.22234855646578,-0.110020818130579,0.0624538334552199
"sub-107",7,0,1,0.3202,0,0,0,1,-0.219567665752644,0.362422102314196,0.0891748166565473,0.143983894772828
"sub-107",3,0,0,0.33573,0,0,0,1,0.0560931920190342,0.0697001901075796,-0.559925215241189,-0.431730871554464
"sub-107",4,0,0,0.84051,0,0,0,1,0.646632317492428,-0.130812339131134,-0.669697007940461,-0.476224238891155
"sub-107",1,0,0,1.1828,0,0,0,1,0.156433340123234,-0.69777447440558,-1.03371976455674,-0.272729621641338
"sub-107",6,0,1,0.25552,0,0,0,1,0.348602364297525,-0.900593425078249,-0.762977675767615,-0.181855753064156
"sub-107",3,0,0,1.3963,0,0,0,1,-0.23884280998027,-0.423100727127382,-0.526703101252982,-0.531952225696296
"sub-107",3,0,0,1.21514,1,1,0,1,-0.467286574751294,-0.600937528466737,-0.2873996203222,-0.521626868401654
"sub-107",2,0,0,0.4525,1,1,0,1,-0.266888328621765,0.372671002798058,0.102802749335145,-0.106526417681016
"sub-107",1,0,0,0.23101,1,1,0,1,-0.137922747991979,0.709626500822466,0.191020928362074,-0.0107181566767395
"sub-107",4,0,1,0.3205,1,1,0,1,-0.0715440757727871,1.03878851386684,0.7528948810359,0.397782270703465
"sub-107",4,0,1,0.24247,1,1,0,1,0.215685067581944,0.58500119338364,0.961005122827676,0.338011773023754
"sub-107",6,0,1,0.25816,1,1,0,1,0.179288361531993,0.504449372197053,0.535603889031336,0.456876477412879
"sub-107",7,0,1,0.34014,1,1,0,1,-0.212319351616316,-0.213378013413468,0.368745421602701,-0.106589765381068
"sub-107",2,0,0,0.23645,1,1,0,1,0.197484922102982,0.552022618665231,-0.27123778910997,-0.665823079645634
"sub-107",8,0,1,0.32933,1,1,1,1,-0.0101859412776927,0.1479899207544,-0.0281255539060415,0.513627342134714
"sub-107",2,0,0,1.01891,1,1,1,1,-0.157400504062631,0.375097773141331,0.0525335273705423,0.473638456454501
"sub-107",7,0,1,0.27415,1,1,1,1,-0.366705932339149,0.502849382727786,-0.12711728932724,-0.121528611378744
"sub-107",7,0,1,0.34687,1,1,1,1,0.044564969080966,-0.170627096409185,-0.404694882842402,-0.840155882388353
"sub-107",9,0,1,1.18618,1,1,1,1,0.202871014984945,-0.251135259694247,-0.290045597706921,-0.79393755766796
"sub-107",8,0,1,0.92387,1,1,1,1,0.253534564452517,-0.211943947899811,-0.37555490884309,-0.891960406303406
"sub-107",6,0,0,1.6469,1,1,1,1,0.739212336329122,-0.138603196962288,-0.347400473896414,-0.333683552220464
"sub-107",9,0,1,0.33326,1,1,1,1,0.713107342987011,-0.0817242553543851,0.0512601378917073,-0.566839791927487
"sub-107",2,0,0,0.66334,0,0,0,1,0.236827330896631,0.211001239165112,-0.265341711094455,-0.502089171193074
"sub-107",3,0,0,0.8046,0,0,0,1,-0.384517724451143,0.368110344020857,0.351763351199528,0.587757977470756
"sub-107",3,0,0,0.36289,0,0,0,1,-0.137960570553939,1.51677971554023,0.19376563228434,0.97063730340451
"sub-107",3,0,0,1.43505,0,0,0,1,-0.160565468327453,0.643942446344429,-0.12050944500758,-0.314953965763561
"sub-107",3,0,0,0.38772,0,0,0,1,-0.151861853548326,-0.0189095176066513,-0.37962648497584,-0.0355708305258304
"sub-107",5,0,1,0.33048,0,0,0,1,0.181756119864682,-0.312460148431085,0.376088690905211,-0.433269041101448
"sub-107",10,0,1,0.3369,0,0,0,1,0.357004760531709,-0.626607286364392,0.267398432595655,-0.564255474507809
"sub-107",1,0,0,0.55927,0,0,0,1,0.115386357841392,-0.31115972969888,-0.33269808832362,-0.261005901079625
"sub-107",8,0,1,1.67464,0,0,1,1,-0.279517754388507,-0.423932158836612,-0.248795361044661,-0.307384979259223
"sub-107",3,0,0,0.76405,0,0,1,1,-0.422656387323514,0.467218337339108,-0.0135326092131436,-0.278608011640608
"sub-107",8,0,1,0.28765,0,0,1,1,-0.124574742396362,0.417317036918744,0.274646466985966,-0.70689466688782
"sub-107",9,0,1,0.29264,0,0,1,1,0.3144686097318,-0.360868722372861,0.0154807069532884,-1.46191751761362
"sub-107",7,0,0,0.231,0,0,1,1,0.690087591472548,0.439241081105407,-0.087109921403074,-1.14049717895687
"sub-107",7,0,0,0.37271,0,0,1,1,0.737871644319966,0.656170902816855,-0.185701534491576,-0.438877333514392
"sub-107",8,0,1,0.16918,0,0,1,1,0.313752961810678,0.732103056860743,-0.19385095871985,0.149949878596817
"sub-107",5,0,0,0.08535,0,0,1,1,0.0925884469470475,0.437474156936838,0.0469798859752094,0.455680691730231
"sub-107",3,0,0,0.37992,1,1,0,1,-0.295181722535441,0.389273698269217,-0.304667773656547,0.424077911302447
"sub-107",2,0,0,0.30038,1,1,0,1,-0.422529838629998,0.881356595739446,-0.0113662235671654,0.312593174353242
"sub-107",1,0,0,0.54018,1,1,0,1,-0.0370558365248144,0.319091410117431,-0.161781494350483,-0.347024566074833
"sub-107",5,0,1,0.74654,1,1,0,1,0.292879706374758,-0.0131609288488377,-0.298202051373664,-0.899668464064598
"sub-107",2,0,0,0.24444,1,1,0,1,0.146619324223138,0.189382218583314,-0.0648761643096805,0.12918553201016
"sub-107",2,0,0,0.26151,1,1,0,1,-0.131574974162504,-0.163295527907192,-0.459693707661548,-0.706027773371898
"sub-107",9,0,1,0.29939,1,1,0,1,-0.235458756486575,-0.247176356786103,-0.858322485388877,-0.518463435664307
"sub-107",4,0,1,1.82264,1,1,0,1,0.103054866970827,-0.217897870750339,-0.128055359081676,-0.567302798011951
"sub-107",2,0,0,0.35159,1,0,0,2,-0.11336004990153,0.139819958316231,0.955233809227745,1.62708911326481
"sub-107",2,0,0,0.30813,1,0,0,2,-0.180174643949916,0.113849833780141,-0.0250455739442259,0.863755147345364
"sub-107",4,0,1,0.61576,1,0,0,2,-0.155790596739583,0.0535778503485576,-1.0749020773607,-1.43135637156665
"sub-107",9,0,1,0.25306,1,0,0,2,-0.33717454818543,-0.0959390328024273,-0.33235782769043,-0.462428990006447
"sub-107",1,0,0,0.439,1,0,0,2,-0.0079469196498394,-0.119468339891345,-0.267540427894952,0.359300202038139
"sub-107",5,0,1,1.3828,1,0,0,2,-0.0630684457719326,-0.243667997359471,0.0874061042753359,0.0415597420884296
"sub-107",2,0,0,0.17027,1,0,0,2,-0.0925565573076407,-0.833246759104508,0.189452940297391,-0.440943593718112
"sub-107",3,0,0,0.30508,1,0,0,2,0.00589770989608951,-0.633770294246022,-0.287317333898197,-0.903661101218313
"sub-107",10,0,1,0.3497,1,0,1,2,-0.216782462783158,-0.510572820712157,-0.582614890377348,-0.444474262747099
"sub-107",7,0,1,0.98293,1,0,1,2,-0.137172189970443,0.209267830614139,0.185398534522392,-0.0153799509629607
"sub-107",10,0,1,0.16352,1,0,1,2,0.272140838787891,0.241696637468757,0.482514010276645,-0.0676087139174342
"sub-107",4,1,0,NA,0,0,1,2,0.0165676210114422,-0.23843800805992,-0.554729300279481,-0.993718368117698
"sub-107",5,0,1,0.87662,1,0,1,2,0.126447220488141,-0.0432384371050392,-0.516491057040791,-0.957235916890204
"sub-107",7,0,1,0.61394,1,0,1,2,-0.170002638207128,0.277110368220343,-0.375853203819133,-0.336719320656266
"sub-107",9,0,1,0.29774,1,0,1,2,0.0789108765311539,0.447647683736351,-0.0786022081350287,-0.0373521163943224
"sub-107",7,0,1,0.7778,1,0,1,2,0.531405135911579,0.339337669037007,0.718546433742934,0.394721154705621
"sub-107",4,0,0,1.53294,1,1,1,2,0.283440866973251,0.0291977734046264,-0.463397068592409,-0.13232676172629
"sub-107",8,0,1,0.27946,1,1,1,2,0.145091588162662,0.0771871953512783,-0.141634897251303,-0.39252116078278
"sub-107",7,0,1,0.15093,1,1,1,2,-0.406147912649127,-0.092684022495868,-0.398207040581231,0.150183287635446
"sub-107",7,0,1,0.28371,1,1,1,2,-0.640456115923977,-0.40011995998443,-0.222996602921436,0.100727354176342
"sub-107",10,0,1,0.29713,1,1,1,2,-0.417232225532643,-0.496423575544247,-0.325716165903335,-0.131156503781676
"sub-107",5,0,0,0.5701,1,1,1,2,-0.0304957284533884,0.283589002253764,-0.0685067956025402,-0.0627706272061914
"sub-107",8,0,1,0.30924,1,1,1,2,0.133986751936997,-0.0125184934586287,-0.0149329736984024,0.290935555379838
"sub-107",9,0,1,0.31411,1,1,1,2,0.20190321545427,-0.235000165127632,0.348568030477812,0.372643113226513
"sub-107",1,0,0,0.37125,0,0,1,2,-0.230334598338231,-0.0977724487720816,-0.0264935987070203,0.180603136168793
"sub-107",7,0,1,0.33002,0,0,1,2,-0.213935550553894,0.0265376494024639,0.0953370412462391,-0.275274082366377
"sub-107",9,0,1,0.2698,0,0,1,2,-0.155084356665611,-0.708691465392433,-0.180123487501987,-0.539082918874919
"sub-107",7,0,1,0.39191,0,0,1,2,-0.0655769818889288,-0.588914603270866,-0.575790036469698,-0.197034631320275
"sub-107",10,0,1,0.89935,0,0,1,2,0.0878326245971645,0.0213295210118371,-0.198393605979315,-0.317776834778488
"sub-107",10,0,1,0.25321,0,0,1,2,0.276275183142085,0.815536463978114,-0.160435638351676,0.64441423388198
"sub-107",7,0,0,1.68556,0,0,1,2,0.389238903861648,0.767891344286639,0.322657842965176,1.12582757715136
"sub-107",6,0,0,0.23184,0,0,1,2,0.295823350548744,0.0290666895366653,0.157120705737422,-0.13971031755209
"sub-107",2,0,0,0.82733,1,0,1,2,-0.0337119891919428,-0.176198143098089,-0.393470078027652,-0.322321086842567
"sub-107",8,0,1,0.09972,1,0,1,2,0.396003070132186,0.750076641432113,0.517725001399716,0.715527015551925
"sub-107",5,0,0,0.25536,1,0,1,2,0.0795809597087403,0.164377723915364,0.245503070143362,-0.0881063628941774
"sub-107",10,0,1,0.08205,1,0,1,2,-0.259846782389407,-0.124975528430056,-0.35968267206772,-0.034870349697303
"sub-107",10,0,1,0.2881,1,0,1,2,-0.0603654565444837,0.521427040760129,0.288351979339495,0.574343554466031
"sub-107",8,0,0,0.46286,1,0,1,2,0.250733842918028,0.411039879153207,0.504540328246852,1.27744412180036
"sub-107",9,0,1,0.50144,1,0,1,2,0.448857304950555,0.244251911226591,0.367717590124812,0.625573883298784
"sub-107",8,0,1,0.29242,1,0,1,2,0.480510442052037,-0.111182345939731,0.517213034443557,-0.701341950183269
"sub-107",6,0,0,0.69464,1,0,0,2,-1.17385336058214,-0.378322149885611,-1.26477261307688,-0.993087755859597
"sub-107",4,0,0,0.0322899999999999,1,0,0,2,-0.800051512817542,-0.271878384847056,-0.731031605430568,-0.716907355375588
"sub-107",3,0,0,0.18906,1,0,0,2,-0.258948668333081,-0.723364671899213,-0.44100686229649,-1.07901115454733
"sub-107",9,0,1,0.29348,1,0,0,2,0.299644620808976,-0.587915659205195,-0.270668290759204,-0.814916957449168
"sub-107",3,0,0,0.03301,1,0,0,2,0.401137326223155,-0.313828355917293,-0.104880379512906,-0.290849754260853
"sub-107",1,0,0,0.49998,1,0,0,2,-0.25456738169305,-0.618946867994964,-0.192474040736367,-0.569533384870738
"sub-107",1,0,0,0.0288299999999999,1,0,0,2,-0.154060327627424,-0.0251933149303551,0.0951801233750302,-0.646228421181149
"sub-107",3,0,0,0.31729,1,0,0,2,-0.587182279288148,0.478647410800612,-0.043735236977227,0.550140908546746
"sub-107",10,0,1,0.36067,1,1,1,2,0.599605165790611,0.519396155534128,-0.22831801245123,0.479948442731984
"sub-107",6,0,1,0.57845,1,1,1,2,0.382857173254403,0.00273379841440113,0.323974169092253,-0.187236428074539
"sub-107",8,0,1,0.31199,1,1,1,2,-0.465222854206028,0.265016223614415,0.445345606157692,1.04579862705432
"sub-107",9,0,1,0.0320800000000001,1,1,1,2,-0.42749894662605,0.55513248068315,0.0221347442517678,0.86010455340147
"sub-107",10,0,1,0.26941,1,1,1,2,-0.0105252433568239,0.577373349418243,-0.062754067213973,-0.391352470219135
"sub-107",10,0,1,0.36056,1,1,1,2,-0.338305372046307,-0.0680386084304364,0.0272139558801427,0.23082631850848
"sub-107",9,0,1,0.26808,1,1,1,2,0.0129271255961309,-0.730321903550282,-0.0139232497895136,-0.118532783928094
"sub-107",1,0,0,0.80848,1,1,1,2,0.744379595698168,-0.165020536493372,0.167118129747299,-0.671012242510915
"sub-107",4,1,0,NA,0,0,0,2,0.637364982239281,0.110274289670525,-0.616557070956333,-0.0674266426824033
"sub-107",6,0,1,0.1982,1,1,0,2,0.29051395416415,0.181842191524252,-0.612997376359999,-0.405351813312154
"sub-107",1,0,0,0.01766,1,1,0,2,0.0406452072784305,-0.396322385465838,-0.286535941724045,-0.409072283189744
"sub-107",1,0,0,0.47729,1,1,0,2,-0.299084291191927,-0.531083204024644,0.0819362612868038,-0.380573859973811
"sub-107",4,0,1,0.71851,1,1,0,2,-0.260331062289576,-0.44559054835527,-0.329941153526306,-0.760229672992136
"sub-107",1,0,0,0.0246,1,1,0,2,-0.449079054155542,0.0493125103896967,-0.166234727483243,-0.232366635650396
"sub-107",3,0,0,0.79109,1,1,0,2,-0.471764404016236,0.37707249564981,0.324307882537444,0.113445704057813
"sub-107",8,0,1,0.22075,1,1,0,2,-0.306484979887803,0.394712115672451,-0.0629290163827439,0.0811273289145902
"sub-107",6,0,1,1.28703,0,0,0,2,-0.034348001005128,-0.17702526571574,-0.508956549999615,-0.171328461170197
"sub-107",9,0,1,0.24886,0,0,0,2,-0.142903840425788,-0.404076890537032,-0.228780521390339,-0.68561026006937
"sub-107",1,0,0,0.02332,0,0,0,2,-0.261174931772985,-0.0558694493525696,-0.0176298467158631,-0.186068897135556
"sub-107",4,0,0,0.0277099999999999,0,0,0,2,-0.00213912129402161,0.303418215950606,0.301304110248263,0.71525754914619
"sub-107",3,0,0,0.96738,0,0,0,2,0.102901551988907,-0.188425921903992,-0.00933440464238326,0.131286496855319
"sub-107",1,0,0,0.39177,0,0,0,2,0.336390622813875,0.196241737795558,0.0317393336445093,-0.284091568365693
"sub-107",1,0,0,0.71645,0,0,0,2,0.381299938385685,-0.217652807426122,-0.0196528985785941,-0.198056409484707
"sub-107",1,0,0,0.33838,0,0,0,2,0.200345192065773,-0.432420357026988,-0.38511374843074,-0.691894559934735
"sub-111",1,0,0,1.64755,1,1,1,1,-0.648225471881839,0.723175401626914,0.0287602450698614,0.32422065155115
"sub-111",7,0,0,1.78899,1,1,1,1,0.0502962841419503,0.678052549810942,0.672693728469312,0.618709353683516
"sub-111",6,0,0,1.66891,1,1,1,1,0.419079553185535,-0.382265657255495,0.908679930958897,0.0256479095667601
"sub-111",7,0,1,1.16751,1,1,1,1,0.0776556810208907,0.150717502649598,0.351721910798612,0.0936659133061767
"sub-111",9,0,1,1.11025,1,1,1,1,-0.285656955883799,0.393056284989817,-0.0178950727373982,0.511055228242185
"sub-111",8,0,1,0.59365,1,1,1,1,0.266674264256532,0.407316885750603,-0.328554867417552,0.478330811019987
"sub-111",9,0,1,0.80173,1,1,1,1,0.454485037441676,-0.0359785632527847,0.182061686995439,0.0399772462900728
"sub-111",10,0,1,0.32174,1,1,1,1,0.0465042589542766,-0.256031811541309,-0.242923609078086,-0.136421034578234
"sub-111",6,0,0,1.67311,1,0,1,1,0.716761726265152,-0.526875740055133,0.837155068681265,-0.0610850166529417
"sub-111",7,1,0,NA,0,0,1,1,0.337408562758355,0.402659332310712,1.08157066760274,-0.0712749828584492
"sub-111",9,0,1,0.40857,1,0,1,1,0.545714291899155,-0.000708798981375164,0.890972511804042,0.045897776633501
"sub-111",7,0,1,0.0636000000000001,1,0,1,1,0.776458858576007,-0.874569133200027,0.639093205487976,-0.148923437925987
"sub-111",7,0,1,0.0529299999999999,1,0,1,1,0.319128627073951,-0.665827236810906,0.240244352840818,-0.0540597128681839
"sub-111",7,0,1,0.22972,1,0,1,1,-0.14289819142626,-0.13845418797185,-0.117639018397313,-0.360715708322823
"sub-111",9,0,1,0.20303,1,0,1,1,-0.713743172954613,0.656410419899556,-0.283210622612387,0.177216831216356
"sub-111",1,0,0,0.26772,1,0,1,1,-0.0851329537884643,0.590948642472978,0.0253460638535519,0.365411600738298
"sub-111",2,0,0,0.45454,1,0,0,1,-0.455796727771182,0.790248836632128,-0.347526153338549,0.48108371719718
"sub-111",3,0,0,0.0317499999999999,1,0,0,1,0.236769451357153,0.206848560453013,-0.365625824313611,0.445004369691014
"sub-111",2,0,0,0.0330999999999999,1,0,0,1,-0.159087132119263,-0.501517334435549,0.28585806399739,0.582084422925254
"sub-111",3,0,1,0.20708,1,0,0,1,-0.314392815732087,-0.571341600958948,0.105054410785669,-0.0764621339505538
"sub-111",2,0,0,0.03094,1,0,0,1,-0.164785324518258,-0.41178046817098,0.129056580287094,-0.239653023332357
"sub-111",6,0,1,0.03064,1,0,0,1,-0.22641973135372,0.31635742072292,-0.168451430347583,-0.138160392828286
"sub-111",2,0,0,0.0305,1,0,0,1,0.358641294102805,0.868197972575823,-0.391651731411306,-0.0760327317751944
"sub-111",8,0,1,0.30439,1,0,0,1,0.44805092861255,0.305340391894182,0.506885167288904,0.396946292370558
"sub-111",2,0,0,0.33608,0,0,0,1,0.57583758685117,0.219431261644112,0.0392494398984127,0.246540635987185
"sub-111",9,0,1,0.16185,0,0,0,1,0.29217404507411,-0.148173669732555,0.250341333216056,0.0887802707962692
"sub-111",1,0,0,0.19662,0,0,0,1,-0.0504276927871009,0.504689648816431,0.292635841062292,-0.110805518645793
"sub-111",1,0,0,0.02606,0,0,0,1,0.617386958329007,0.284064370811124,0.187010114934916,0.683047448517755
"sub-111",5,0,1,0.15164,0,0,0,1,0.452388061152305,-0.163908016488508,1.21346199108909,0.0113021714612842
"sub-111",1,0,0,0.0313000000000001,0,0,0,1,0.523196380197381,0.313929590224116,1.21771500407097,0.16983128329739
"sub-111",3,0,0,0.0247999999999999,0,0,0,1,0.119685466173299,0.457925346990426,0.459271947018957,0.601956788543612
"sub-111",4,0,0,0.53257,0,0,0,1,-0.0916800652824653,0.439587490564143,0.266632316634059,0.444144767615944
"sub-111",1,0,0,0.30775,1,1,0,1,0.128688129053141,-0.2357917405251,0.128795539514006,0.216962861036882
"sub-111",4,0,0,0.0219800000000001,1,1,0,1,0.268026329266528,-0.249291710693527,1.02923378163056,0.379751592129469
"sub-111",1,0,0,0.0230900000000001,1,1,0,1,-0.145803206794274,-0.378695685002539,0.530034656170756,-0.217362898401916
"sub-111",8,0,1,0.02874,1,1,0,1,-0.184707827361611,0.0384080062137434,-0.114669526034656,0.0525026909075677
"sub-111",3,0,0,0.0220199999999999,1,1,0,1,-0.177323428370679,0.163033329433313,-0.181296997858832,0.5644834778519
"sub-111",4,0,0,0.01877,1,1,0,1,0.199409092398128,0.617673054234021,-0.28183154660898,-0.507207320572343
"sub-111",2,0,0,0.03224,1,1,0,1,0.413354175320516,0.19450092508837,-0.177413719473407,-0.600410451553762
"sub-111",5,0,0,0.21858,1,1,0,1,-0.0978262203958972,-0.0170747422854658,0.0475826860250284,0.262966727465391
"sub-111",5,0,1,1.33212,1,0,0,1,-0.392509683035314,0.108729677440823,-0.525803701331218,-0.0775589469820261
"sub-111",1,0,0,0.0247999999999999,1,0,0,1,-0.554921181251605,0.396112070487881,-0.547133769859405,0.171471852657851
"sub-111",8,0,1,0.0250900000000001,1,0,0,1,-1.03635085343073,0.522901715331331,-0.158929271313051,0.856026239041239
"sub-111",1,0,0,0.0331699999999999,1,0,0,1,-0.249839561137681,0.452752099820861,0.263411922729574,0.690304052829742
"sub-111",2,0,0,0.02562,1,0,0,1,0.369415858779879,0.186314322261347,0.150197973591276,0.560065765492618
"sub-111",1,0,0,0.0315399999999999,1,0,0,1,0.537326959582667,-0.268993228622195,0.742983547815432,0.0748812864068896
"sub-111",3,0,1,0.0182599999999999,1,0,0,1,0.0720900186958412,-0.360331980304586,0.730745866701909,-0.0347941586980596
"sub-111",2,0,0,0.71041,1,0,0,1,-0.31473413715139,0.246482568930973,0.0842640594346449,-0.21237154295668
"sub-111",10,0,1,2.00178,0,0,1,1,0.527338903542841,0.0617333742686444,1.305256940114,0.283371191006154
"sub-111",8,0,1,0.0170600000000001,0,0,1,1,0.193771800530764,0.391240085440653,0.461962593370117,0.427282812492922
"sub-111",9,0,1,0.02285,0,0,1,1,0.487087273533689,0.717550319860931,0.377737687609624,0.570350711786159
"sub-111",6,0,1,0.0310999999999999,0,0,1,1,0.640861317049712,0.391046400009482,0.233297052405154,0.0627118791686371
"sub-111",9,0,1,0.02372,0,0,1,1,0.199823282406821,0.41661964032661,0.437664253520779,-0.0374757780693471
"sub-111",8,0,1,0.4469,0,0,1,1,-0.481983119893509,0.147874273739203,-0.322015085369155,-0.597395736444742
"sub-111",10,0,1,0.0190300000000001,0,0,1,1,-0.413854625192471,-0.0421294020143924,-0.728753488481743,-0.268302244320512
"sub-111",4,0,0,0.16294,0,0,1,1,0.59430272380511,-0.00137371694048246,0.129305692525425,-0.453225706308149
"sub-111",4,0,1,1.01921,1,0,1,1,0.658408293888594,-0.770434481678186,0.589332218803368,0.734322217595764
"sub-111",10,0,1,0.0246599999999999,1,0,1,1,0.460665180153834,-0.438581459431185,0.998581946982692,0.475664605014026
"sub-111",7,0,1,0.0291399999999999,1,0,1,1,-0.0114825321749474,-0.384791510076159,0.209686614883443,-0.427952140569687
"sub-111",7,0,1,0.0211600000000001,1,0,1,1,-0.479281543133159,0.502154286717996,-0.2311417174836,-0.298003160441294
"sub-111",7,0,1,0.05881,1,0,1,1,-0.939995563191284,0.624968474247941,-0.368039734622774,0.162949272152036
"sub-111",7,0,1,0.01759,1,0,1,1,-0.162994561949745,0.572552863370489,-0.247578397160396,0.431169235473499
"sub-111",5,0,1,0.72667,1,0,1,1,0.182764513767324,0.354976978066757,0.0331583596028698,0.486090007703751
"sub-111",8,0,1,0.0317099999999999,1,0,1,1,-0.174995112329877,-0.237682186791466,-0.231124803734322,0.125609052181244
"sub-111",5,0,1,0.57305,1,1,0,1,0.351207211186799,0.136339405137632,0.972780206706375,0.497377238795161
"sub-111",7,0,1,0.0245299999999999,1,1,0,1,0.372542305121897,-0.266186440639474,0.70391210738065,0.0888135259505361
"sub-111",9,0,1,0.03227,1,1,0,1,0.56174482430409,-0.195870970634537,0.416564254323021,-0.183267832826823
"sub-111",9,0,1,0.02183,1,1,0,1,-0.579222020460293,0.17607825068343,0.152430283963137,-0.409584559733048
"sub-111",8,0,1,0.44804,1,1,0,1,-0.0612211398159464,0.734381026864328,0.551817548868712,0.381758198607713
"sub-111",7,0,1,0.01919,1,1,0,1,0.330427758007621,0.294082784438851,0.525480603139537,0.39051060162019
"sub-111",1,0,0,0.46127,1,1,0,1,0.350491897472239,0.388561714371597,-0.101943289395422,0.0491820345516317
"sub-111",9,0,1,0.01962,1,1,0,1,-0.174195015531344,0.582331764201323,0.0952424932038411,0.289202858693898
"sub-111",5,0,1,1.27591,0,0,1,2,0.210745216929354,0.44346800222303,0.294926588248927,-0.299800643765775
"sub-111",8,0,1,0.0313000000000001,0,0,1,2,0.538013047887944,0.188609219846074,-0.197600295146306,-0.00317002448718995
"sub-111",7,0,1,0.02122,0,0,1,2,0.0803775568250179,-0.487327937812855,-0.415202945858861,-0.472647878993303
"sub-111",8,0,1,0.0296099999999999,0,0,1,2,-0.725101465630966,-0.238998603662131,-0.6021740740786,-0.689367050863802
"sub-111",2,0,0,0.12127,0,0,1,2,-0.558111565963676,0.0234297194552642,-0.464865502668545,-0.303143602353521
"sub-111",10,0,1,0.02942,0,0,1,2,0.127583445190491,0.341397966120254,-0.629344181264363,0.0573898831382394
"sub-111",7,0,1,0.0311699999999999,0,0,1,2,0.0445209753185433,0.280903376216345,0.491333547164686,0.301602254761383
"sub-111",9,0,1,0.0269900000000001,0,0,1,2,0.301829149616727,-0.144011530059355,1.23202490441812,0.537877757404931
"sub-111",1,0,0,0.0820799999999999,0,0,0,2,-0.324147539911792,0.130052593916103,-0.657679161406122,-0.0695611434523016
"sub-111",7,0,1,0.0183,0,0,0,2,0.410558681195956,0.0911862175842678,-0.355243271197348,0.0554710493888706
"sub-111",1,0,0,0.02536,0,0,0,2,0.314959549422686,0.0733918955342637,-0.106840438907966,-0.31754404141102
"sub-111",1,0,0,0.0320199999999999,0,0,0,2,0.679602030470657,-0.149316717721781,0.324475621746387,-0.227560677658767
"sub-111",2,0,0,0.0245899999999999,0,0,0,2,1.07487191775969,-0.567723657797884,0.388240449768394,-0.788091468811035
"sub-111",4,0,1,0.01817,0,0,0,2,0.267789940000512,-0.174844796734828,-0.44052548885035,-0.504347879614215
"sub-111",1,0,0,0.0181100000000001,0,0,0,2,0.121687379277622,-0.116193193907815,-0.0301706077298149,-0.0218886855058372
"sub-111",6,0,1,0.03318,0,0,0,2,-0.138235463760793,-0.543003340154731,0.301824900632103,-0.323059433139861
"sub-111",6,0,1,0.44671,1,1,0,2,0.651505754329264,-0.1301835472868,0.0291900009227296,-0.23441916606389
"sub-111",1,0,0,0.0187999999999999,1,1,0,2,0.0117972610363116,0.0445474166147135,-0.0890732808038592,-0.49539134465158
"sub-111",4,0,1,0.02997,1,1,0,2,-0.307760161308882,-0.212299322847415,-0.22039351787195,-0.390722672641277
"sub-111",2,0,0,0.02965,1,1,0,2,0.242628913042912,-0.381412824684823,-0.117667231863985,-0.871104102581739
"sub-111",4,0,0,0.13566,1,1,0,2,0.641975579162439,-0.359392370474611,-0.776848019799218,-0.56997452841606
"sub-111",2,0,0,0.32619,1,1,0,2,0.109233054817499,-0.326761127035651,-0.756880349634836,-0.541214223578572
"sub-111",10,0,1,0.03302,1,1,0,2,0.654498176785031,-0.606210520514718,0.217753080127295,0.171090051904321
"sub-111",1,0,0,0.17165,1,1,0,2,0.234593003891253,0.558356998139061,0.751689719036222,1.21858001630753
"sub-111",10,0,1,0.0306200000000001,1,1,1,2,-0.898437698682149,0.39388466729886,0.11371957239074,0.492085299477912
"sub-111",7,0,1,0.02881,1,1,1,2,-0.578985791731005,0.148550800772177,-0.0037770407119145,-0.111834201402962
"sub-111",10,0,1,0.0197799999999999,1,1,1,2,0.110160063331326,-0.0373259465796528,-0.075219119200483,-0.102697682706639
"sub-111",6,0,1,0.07748,1,1,1,2,0.355006335235278,0.16560750207605,-0.293796269766365,-0.585802809358574
"sub-111",7,0,1,0.0301499999999999,1,1,1,2,0.0891982029036929,-0.0838241225315465,0.307055797156257,-0.288926366879605
"sub-111",9,0,1,0.0250999999999999,1,1,1,2,0.256327298722075,-0.0790451358727835,-0.0489967860533701,-0.137029401422478
"sub-111",4,0,1,0.19903,1,1,1,2,0.226913771136121,0.244367053076901,-0.252659251758208,-0.428225478215609
"sub-111",8,0,1,0.02413,1,1,1,2,-0.110415764308224,-0.174660648876953,0.111619299238858,-0.141995596140623
"sub-111",10,0,1,0.02295,1,0,1,2,0.0907866226043552,-0.198814158931513,0.19165462248687,-0.188681243150495
"sub-111",9,0,1,0.0315300000000001,1,0,1,2,0.0701070299837738,-0.283218193937231,0.122291966807097,-0.597388988081366
"sub-111",5,0,1,0.03304,1,0,1,2,-0.101780873971923,-0.423925311684057,0.377584478973101,-0.581103851925582
"sub-111",4,0,1,0.0298799999999999,1,0,1,2,-0.133786761434749,0.000988831881571699,-0.233836409170181,-0.432691612187773
"sub-111",8,0,1,0.0213000000000001,1,0,1,2,-0.357463598717004,0.530658732375337,-0.651595833905352,-0.0153820231556892
"sub-111",7,0,1,0.02688,1,0,1,2,0.261428818417092,0.418413608710075,-0.625100726572176,0.213391558534931
"sub-111",7,0,1,0.01759,1,0,1,2,0.456052007813317,-0.172811747160907,-0.444857333709175,-0.180390085605904
"sub-111",8,0,1,0.0175000000000001,1,0,1,2,0.126454401218022,-0.622131493641064,-0.625236244978926,-0.864216789789498
"sub-111",8,0,1,0.16155,0,0,1,2,0.425776051861855,0.291998104588991,-0.0642657211671273,0.30697962018894
"sub-111",1,0,0,0.17455,0,0,1,2,1.01535229881605,-0.23256568296778,0.46817922553358,0.12246584314853
"sub-111",6,0,1,0.0177400000000001,0,0,1,2,1.01558346239229,0.00185075416057198,0.544802396247784,-0.286919116228819
"sub-111",8,0,1,0.0166299999999999,0,0,1,2,0.137701600673608,-0.360705572214943,0.0428275511561272,-0.812279223580845
"sub-111",7,0,1,0.0329600000000001,0,0,1,2,-0.661628870177083,0.143781572545844,0.0342445399922629,-0.448918057605624
"sub-111",9,0,1,0.0328999999999999,0,0,1,2,-0.455952253270273,0.111607685663599,0.578168847520525,-0.145314577687532
"sub-111",8,0,1,0.0240800000000001,0,0,1,2,-0.715203190998485,0.537736852825792,0.631706274391036,0.390679651065147
"sub-111",8,0,1,0.03017,0,0,1,2,-0.456484366014289,0.559302882877765,-0.0509406532316158,0.624528077477589
"sub-111",2,0,0,0.6943,1,1,0,2,0.671408506876711,-0.477217725443619,-0.107069165833915,-0.515873079001903
"sub-111",6,0,1,0.0317000000000001,1,1,0,2,-0.334583636101646,0.105128079721773,-0.245656307903118,-0.210236572404392
"sub-111",7,0,1,0.0183899999999999,1,1,0,2,-0.84261072295097,0.424837256091888,-0.369802999562429,-0.275302011147141
"sub-111",4,0,1,0.0322199999999999,1,1,0,2,-0.168699529550698,0.650256738342621,-0.291704082473492,0.102814295049757
"sub-111",3,0,0,0.0238,1,1,0,2,-0.0536990302886503,-0.125556486244831,-0.168701581346492,-0.17682456150651
"sub-111",4,0,1,0.0235099999999999,1,1,0,2,-0.36532290178972,-0.733023624867201,-0.287172709126025,-0.308761246548966
"sub-111",1,0,0,0.0305,1,1,0,2,-0.372486376514037,-0.0500497245747182,-0.166560393447677,0.266277191368863
"sub-111",1,0,0,0.02007,1,1,0,2,0.181629695366913,0.307639125941528,-0.0729048394132406,-0.0229045675398083
"sub-111",7,0,1,0.6093,0,0,0,2,-0.16326787728273,-0.0198693845972971,0.0331530588834236,-0.188106557156425
"sub-111",6,0,1,0.02919,0,0,0,2,-0.028841525723692,0.249526811996475,-0.472832873211397,-0.134244328644127
"sub-111",4,0,1,0.10916,0,0,0,2,0.128725891147042,-0.0286913708637089,-0.586524444981478,-0.239264956489205
"sub-111",4,0,1,0.01885,0,0,0,2,0.329754040266077,-0.361443225018404,-0.0603275552081565,-0.756188040389679
"sub-111",4,0,1,0.0245299999999999,0,0,0,2,-0.223609741224209,-0.111288873927185,0.0610737541380028,-0.648493011761457
"sub-111",4,0,1,0.03173,0,0,0,2,-0.57382710375047,0.508023008773172,0.022591078421101,-0.0431917991489172
"sub-111",4,0,1,0.02304,0,0,0,2,-0.0794984573343148,0.0938725830055773,-0.0218565174885346,-0.305679987603798
"sub-111",1,0,0,0.53122,0,0,0,2,-0.293546685386294,0.123151532339829,-0.191714815795422,-0.740165155637078
"sub-111",3,0,1,1.13739,1,0,0,2,0.43034351526876,-0.149464658496005,0.0655845239913712,-0.281196140497923
"sub-111",3,0,1,0.0225200000000001,1,0,0,2,-0.37123920993569,0.190264141049098,-0.208726880201236,-0.0606125783873722
"sub-111",3,0,1,0.0303100000000001,1,0,0,2,0.222796846103544,0.0531941766298755,-0.244545870596388,-0.198805175023153
"sub-111",1,0,0,0.13849,1,0,0,2,-0.067413172374169,-0.48666594584507,0.0819960439791127,-0.512849544570781
"sub-111",10,0,1,0.0296700000000001,1,0,0,2,-0.376655911871543,0.143122415782677,-0.115683208048722,0.0167283363174647
"sub-111",3,0,1,0.01722,1,0,0,2,0.137254555476829,0.545431247895101,0.103767502509678,0.43765212809667
"sub-111",5,0,1,0.0251699999999999,1,0,0,2,0.376063147404542,0.138562846773614,0.494858951113808,0.672473091818392
"sub-111",1,0,1,0.21805,1,0,0,2,-0.182965582857529,-0.0158821054630809,-0.653418766468045,-0.207794745638967
"sub-112",1,0,1,1.27477,0,0,0,1,0.312264661382263,-0.0519628784860726,0.0494196235667914,0.595289305713959
"sub-112",2,0,1,0.02982,0,0,0,1,0.156242352735717,-0.474833331527878,-0.427398891110594,0.616461930039804
"sub-112",2,0,1,1.02059,0,0,0,1,0.157019204082947,-0.452489985394533,-0.161557347591346,0.852053141314536
"sub-112",6,0,1,0.79325,0,0,0,1,0.0122905739893516,0.477731662147023,-0.194789023897708,-0.624650725384708
"sub-112",4,0,1,0.59883,0,0,0,1,-0.0489342731743818,0.306143814628875,-0.230724376315872,-0.989166509732604
"sub-112",4,0,1,1.22173,0,0,0,1,-0.264899743541415,-0.0539574594823299,-0.0749504339819396,-0.542282393574715
"sub-112",1,0,0,0.61048,0,0,0,1,-0.00340712469672629,-0.00967822127320148,-0.174312917282805,-0.270527112530544
"sub-112",8,0,1,0.5004,0,0,0,1,-0.159643971089584,0.335643041258057,0.0528587553223285,-0.0900430701323785
"sub-112",4,0,1,1.11567,1,0,0,1,-0.0776008556907376,0.167832670681592,0.379473594706117,0.208562967926264
"sub-112",3,0,1,0.60537,1,0,0,1,0.315578457588951,0.136160934895829,0.118825887853745,0.218505846243352
"sub-112",3,0,1,0.92957,1,0,0,1,0.120973240778161,-0.436882352283983,-0.0459506859381994,0.571213154908037
"sub-112",6,0,1,1.08561,1,0,0,1,-0.150030503204713,-0.730242406052572,-0.163649935508147,-0.0262061901623383
"sub-112",8,0,1,0.82455,1,0,0,1,0.259004743226493,-0.350710275220788,-0.0600119663091997,-0.148184005077928
"sub-112",4,0,1,0.79718,1,0,0,1,0.145602483603094,0.085795109125751,0.123250849370379,-0.451178125152364
"sub-112",3,0,1,0.58728,1,0,0,1,-0.169138244683078,-0.336896468298855,0.220601753331721,-0.000473636668175459
"sub-112",1,0,0,0.34307,1,0,0,1,-0.766625924017111,-0.286944447205988,-0.384517306423125,-0.479613145457552
"sub-112",4,0,1,0.38912,1,1,0,1,0.429722638839545,0.153938192494765,0.311121202306822,0.362909706053324
"sub-112",4,0,1,0.59681,1,1,0,1,0.81720660347734,-0.187912085300518,0.709151345460365,0.504945033835247
"sub-112",1,0,0,0.35324,1,1,0,1,0.817412212743269,0.1106415298181,0.62937683800313,0.0719246646389365
"sub-112",10,0,1,0.52601,1,1,0,1,1.1920683682838,0.465376152820816,0.446298469769924,-0.533113105746452
"sub-112",2,0,0,0.94897,1,1,0,1,-0.0807129704674783,0.476290726137382,-0.0815925913242002,-0.724260906688869
"sub-112",5,0,1,0.75474,1,1,0,1,-0.736575467977673,-0.406975662922142,-0.688436519044141,-0.178148128055909
"sub-112",4,0,1,0.84413,1,1,0,1,0.399792206580363,-1.00707094469625,-0.637907075579278,0.0781055240426212
"sub-112",3,0,1,0.45064,1,1,0,1,-0.120212180307135,-0.533434258635949,-0.573798755339036,0.0214367691893131
"sub-112",10,0,1,0.44802,1,1,1,1,-0.22315486947385,0.156484681379947,-0.139345043106005,-0.63358569573611
"sub-112",6,0,1,0.80433,1,1,1,1,-0.146154363794873,0.0449740077989797,-0.565055979634053,-0.155911752511747
"sub-112",4,0,1,0.64356,1,1,1,1,0.425479621257788,-0.0211930018332269,0.255595639386835,-0.00133108324371278
"sub-112",10,0,1,0.89923,1,1,1,1,0.620662887794121,-0.153085032719429,0.741768611362204,0.0668895372189581
"sub-112",10,0,1,0.48827,1,1,1,1,0.927108886147228,-0.507003417031633,0.572173711087089,0.228658705111593
"sub-112",8,0,1,0.6946,1,1,1,1,0.352011201670393,-0.487944137874163,0.135380394679184,-0.334005315590184
"sub-112",7,0,1,0.4349,1,1,1,1,-0.351080289188152,0.147043314934881,0.0916688607843146,-0.103122093225829
"sub-112",7,0,1,0.75611,1,1,1,1,-0.346238813945092,0.300002306950908,0.102221372149264,0.062140763644129
"sub-112",5,0,1,0.68648,0,0,0,1,-0.884543641159932,-0.932668642520353,-0.818619758433973,-0.482397339877207
"sub-112",4,0,1,0.42754,0,0,0,1,-0.5162979097416,-0.797453841953366,-0.559045504623403,-0.402333726733923
"sub-112",3,0,1,0.65007,0,0,0,1,-0.166116821502025,0.0678833497826148,-0.113717257898922,0.513760955212638
"sub-112",4,0,1,0.55602,0,0,0,1,0.233456411767596,0.359596082238972,0.0155017905053683,1.17614871580154
"sub-112",2,0,0,0.96228,0,0,0,1,0.536528974868512,0.18300442242374,-0.518460636153274,-0.0527245430275798
"sub-112",2,0,0,0.88479,0,0,0,1,0.367129449383356,0.242083379308935,-0.231236511220535,-0.399752078205347
"sub-112",4,0,1,0.4405,0,0,0,1,0.471275346935727,-0.0315870057394797,-0.232389827084262,-0.805718950578012
"sub-112",10,0,1,0.57966,0,0,0,1,0.241186534093382,-0.226796494382951,0.162157014788439,-0.272118749911897
"sub-112",1,0,0,0.42824,1,0,1,1,-0.553941872436553,-0.70184028328017,-0.792915895581245,-0.257123135309666
"sub-112",7,0,1,0.51789,1,0,1,1,-0.127868839539587,-0.0875191715701173,-0.255354478101556,-0.66182110295631
"sub-112",7,0,1,0.44273,1,0,1,1,-0.379208297080671,-0.593325586748068,-0.0426439930452034,-0.584566482994705
"sub-112",10,0,1,0.49842,1,0,1,1,-0.432533015477626,-0.446545932614417,0.398243637483877,0.339064149931073
"sub-112",10,0,1,0.92147,1,0,1,1,0.11178093921626,-0.649110145383963,0.490452291560359,0.973255842458457
"sub-112",5,0,1,0.66142,1,0,1,1,-0.143973743969885,-0.146733954083174,0.580769574108369,0.505371184670366
"sub-112",7,0,1,0.43393,1,0,1,1,-0.254967430606484,0.364769717488714,0.621965695560599,-0.0092759563587606
"sub-112",8,0,1,0.79033,1,0,1,1,0.222910824154193,-0.208338673424873,0.421128162794048,-0.476532703445992
"sub-112",5,0,1,0.31798,0,0,1,1,0.475883551427008,0.0179199633981895,-0.398287621627484,0.338073061127216
"sub-112",10,0,1,0.52489,0,0,1,1,0.143044471954151,0.130860498312999,-0.44575171052323,0.583103076927364
"sub-112",9,0,1,0.48088,0,0,1,1,-0.243993397414063,0.03284192768236,-0.384645017290798,0.171958605293185
"sub-112",2,0,0,0.35346,0,0,1,1,-0.360026617398641,-0.207281447878038,-0.580184120122188,-0.00848388881422579
"sub-112",10,0,1,0.69303,0,0,1,1,-0.104192094877362,-0.287390884305178,-0.419213154857668,0.174646716099232
"sub-112",8,0,1,0.41541,0,0,1,1,0.1143573908145,0.573960290662836,0.362450375835275,0.232750737946481
"sub-112",8,0,1,0.6881,0,0,1,1,-0.355499304536769,0.535893692048611,0.712445694371127,0.477355928113684
"sub-112",10,0,1,0.66215,0,0,1,1,-0.0737184626050293,0.575705297325772,-0.284369418824402,0.5821006861981
"sub-112",2,0,0,0.35565,1,1,0,1,-0.129370864577747,-0.259926141757104,-0.331634700996801,-0.820596090191975
"sub-112",4,0,1,0.47812,1,1,0,1,-0.0924542082939297,-0.212833001312834,-0.232277894858271,-0.476702057279181
"sub-112",1,0,0,0.93612,1,1,0,1,-0.542005829901124,-0.947646653245169,-0.0806427536881529,-0.513119856407866
"sub-112",5,0,1,0.45835,1,1,0,1,-0.190144218155183,-0.495768420066236,-0.237110404006671,-0.59458364341408
"sub-112",4,0,1,1.04812,1,1,0,1,0.108564312492187,-0.312266095334457,0.0134339228582879,-0.442394457384944
"sub-112",1,0,0,0.55462,1,1,0,1,0.569954751757905,-0.676224593659518,0.187390975188464,0.560921058454551
"sub-112",2,0,0,0.7438,1,1,0,1,0.411949942266801,-0.136768753174692,0.462562272790819,0.265180679596961
"sub-112",8,0,1,0.46654,1,1,0,1,-0.0991435182125618,-0.311017043845452,0.714160761019836,0.322782549913973
"sub-112",7,0,1,0.44492,0,0,0,1,0.173145145100231,0.945957933794017,-0.509023446900149,0.650305981538258
"sub-112",7,0,1,0.01692,0,0,0,1,0.0950064400482612,0.214076020866977,-0.378825264905269,-0.72069463133812
"sub-112",10,0,1,0.42544,0,0,0,1,-0.687420857342659,0.0751690663466299,-0.495813113908904,-1.41812505200505
"sub-112",2,0,0,0.43148,0,0,0,1,0.0173165808664635,0.0363386709036099,-0.487214851814012,-0.718105915747583
"sub-112",6,0,1,0.43734,0,0,0,1,-0.47945350294079,-0.351570919225061,0.163574353752968,-0.669785162620246
"sub-112",10,0,1,0.47749,0,0,0,1,-1.10973685663339,-1.05032926566761,0.204421847243793,0.103475633682683
"sub-112",9,0,1,0.7505,0,0,0,1,-0.311461870325729,-0.0710322518177606,-0.421668688766658,0.464227241650224
"sub-112",7,0,1,1.19154,0,0,0,1,0.0183299401930223,0.219971321385216,-0.579709091378997,0.30262021292001
"sub-112",2,0,0,0.33873,1,1,1,2,0.115005210042,-0.108195783294461,-0.0332082770764828,0.0494736384600401
"sub-112",10,0,1,0.47819,1,1,1,2,-0.406047223000011,-0.274696623854753,-0.17919777194038,-0.70570298996754
"sub-112",6,0,1,0.43531,1,1,1,2,0.279025215345124,-0.379878465810584,-0.0083590066836526,-0.772228566207923
"sub-112",7,0,1,0.44105,1,1,1,2,1.00406821017774,0.258666808268538,0.850960756108786,0.285744679690106
"sub-112",7,0,1,0.65086,1,1,1,2,0.461507962783799,0.149052742101183,1.49750231544992,1.10063578705303
"sub-112",8,0,1,0.52343,1,1,1,2,0.326992985792458,-0.0639339735455535,0.640985574728499,0.0157961878692731
"sub-112",10,0,1,0.67944,1,1,1,2,-0.297295852874716,0.371974581276946,-0.155460072564892,-1.04980095233768
"sub-112",7,0,1,0.38486,1,1,1,2,-0.61628283346848,-0.0550402467725454,-0.63710196587878,-0.534837285382673
"sub-112",8,0,1,0.46493,1,0,1,2,-0.484745568595827,-0.185481042635662,0.158387927260871,-0.256887725833803
"sub-112",7,0,1,0.48877,1,0,1,2,-0.858045431862896,0.780061345133517,0.412068469217047,0.0105402024462819
"sub-112",7,0,1,0.72395,1,0,1,2,-0.781253088226852,0.175885456510716,0.416966432064025,0.0684005247429013
"sub-112",3,0,0,0.42925,1,0,1,2,-0.187569544340173,-0.405418266266308,0.220511202991474,-0.811477515287697
"sub-112",6,0,1,0.45171,1,0,1,2,0.161669455216421,-0.201058584299904,0.38022801594343,-0.64714845007984
"sub-112",8,0,1,0.39082,1,0,1,2,0.204390138280966,0.623446629934565,0.327027269173414,-0.0123701136559248
"sub-112",7,0,1,0.58131,1,0,1,2,0.236552640989733,0.202784126279531,0.0382435406014944,0.313922096695751
"sub-112",10,0,1,0.3371,1,0,1,2,-0.163099080712224,-0.839674346157591,-0.112265225267038,-0.373118812777102
"sub-112",4,0,1,0.5999,1,0,0,2,-0.401171594513774,-0.486143177030263,-0.179766152733161,-0.618010272458196
"sub-112",2,0,0,0.33857,1,0,0,2,-0.564368469640613,-0.558200538641325,-0.474014973995509,-0.746992565132678
"sub-112",9,0,1,0.36127,1,0,0,2,0.0113400979122768,-0.663242842312212,-0.502292468678206,-0.446764152217656
"sub-112",4,0,1,0.78541,1,0,0,2,-0.401243761174555,-0.508261158372517,-0.302031109458767,0.239158597588539
"sub-112",6,0,1,0.92498,1,0,0,2,0.343599679220157,-0.294276519713026,-0.169008556947423,0.22376058679074
"sub-112",1,0,0,0.33089,1,0,0,2,0.768991901442253,0.281592695740983,0.0271349708491471,-0.065516752563417
"sub-112",3,0,0,0.95558,1,0,0,2,0.792797794526753,0.138977020849577,0.46373345212002,-0.345491056703031
"sub-112",4,0,1,0.41172,1,0,0,2,-0.157365289128696,-0.419660582103663,0.18432320477829,-0.168800341710448
"sub-112",10,0,1,0.35953,1,1,1,2,0.249056534841657,0.557990474212501,0.467451781577741,0.448870116565377
"sub-112",6,0,1,0.31772,1,1,1,2,0.27754380905147,-0.237853851169348,0.834661677014083,0.361760845640674
"sub-112",8,0,1,0.35701,1,1,1,2,0.0239654311056559,-0.830294064418585,0.638746823999099,-0.145924296602607
"sub-112",3,0,0,0.51312,1,1,1,2,0.0404938352682317,-1.14691982507982,-0.138846761624639,-0.178495500795543
"sub-112",9,0,1,1.30297,1,1,1,2,0.235838927415898,-0.011177370188913,-0.132869133958593,0.205950716789812
"sub-112",10,0,1,0.45791,1,1,1,2,-0.24482394514295,0.0978124104440212,-0.321944953214067,0.26559971855022
"sub-112",8,0,1,0.36388,1,1,1,2,0.0605804265166322,0.125816257360081,-0.0080325638409704,0.914038397558034
"sub-112",7,0,1,0.01929,1,1,1,2,0.279206199105829,0.411973486840199,0.498760213946904,1.36949689006433
"sub-112",7,0,1,0.4832,1,0,1,2,-0.0590948845104625,-0.399454325946324,-0.17422736568066,-1.12493682575878
"sub-112",7,0,1,0.07422,1,0,1,2,-0.705326792628815,-0.788835044225885,-0.147168603725731,-1.09910882909317
"sub-112",9,0,1,0.41392,1,0,1,2,-0.625095684469367,-0.676429082945645,-0.431300706191299,-1.08223798209801
"sub-112",8,0,1,0.38648,1,0,1,2,-0.410797351660828,-0.485857865324727,0.0138258925871924,-0.951208137813956
"sub-112",9,0,1,0.45918,1,0,1,2,-0.142279981271713,-0.141609959338826,0.0997535224984555,-0.592931336350739
"sub-112",2,0,0,0.41516,1,0,1,2,0.069113958944096,-0.0741195462092205,-0.164042862287412,-0.0468855337239802
"sub-112",5,0,1,0.62089,1,0,1,2,0.0514093411232655,-0.0552593434953855,-0.154802598427826,0.0217556604067795
"sub-112",9,0,1,0.59377,1,0,1,2,0.2186707300134,-0.193101962810572,-0.0068389808293432,-0.140701095107943
"sub-112",7,0,1,0.40988,0,0,1,2,-0.496123483947789,0.34904236376665,0.365143995732069,-0.602685968810692
"sub-112",10,0,1,0.44996,0,0,1,2,-0.580048767951666,0.0624324053663898,-0.297726271441206,0.0993922889698297
"sub-112",4,0,1,0.52238,0,0,1,2,-0.786584915438046,-0.590112435458987,-0.232118573757665,-0.118417134066112
"sub-112",7,0,1,0.83234,0,0,1,2,-0.115740614982011,-0.488322280899242,-0.466205637591581,0.402307265278068
"sub-112",6,0,1,0.60441,0,0,1,2,0.358677550878686,0.111072962810458,-0.397121555792789,1.00209765206091
"sub-112",7,0,1,0.49371,0,0,1,2,0.0352935916744173,-0.374335696023923,-0.198879289169175,0.519858396193013
"sub-112",10,0,1,0.41623,0,0,1,2,0.128804452794914,0.0928639564663172,0.636310088913888,0.121817892673425
"sub-112",10,1,0,NA,0,0,1,2,0.36156046417697,-0.516572883576845,0.150483805531015,0.374398169654887
"sub-112",1,0,0,0.35231,0,0,0,2,-0.0453568666707724,0.245296775880787,0.161395141767571,0.235209402535111
"sub-112",8,0,1,0.45826,0,0,0,2,0.147578682168387,0.391802485273392,0.636950393284981,-0.132912882277742
"sub-112",4,0,1,0.58092,0,0,0,2,-0.0866603968121732,-0.412375853569419,0.58311498320351,0.127063401811756
"sub-112",6,0,1,0.40436,0,0,0,2,-0.113419306542103,-0.187938322761544,0.0667923619184876,0.0371619189158082
"sub-112",3,0,1,0.62718,0,0,0,2,-0.0486371291335672,0.276668237082453,-0.149704813957214,-0.399019384197891
"sub-112",4,0,1,0.41735,0,0,0,2,-0.0481608211994171,0.189631739769269,-0.104526749724755,-0.357734089903533
"sub-112",4,0,1,0.35643,0,0,0,2,0.465646652892853,-0.282237131092525,-0.267708914509664,-0.279357521049678
"sub-112",4,0,1,0.51244,0,0,0,2,0.593653488176642,-0.290365224773133,0.0974251519267758,0.0573576809838414
"sub-112",2,0,0,0.33977,1,1,0,2,-0.304280687986951,-0.0512176638262139,0.511834859013713,-0.299888479337096
"sub-112",4,0,1,0.41256,1,1,0,2,-0.941657237553348,-0.263932811544725,-0.195602609614677,-0.540980255510658
"sub-112",1,0,0,0.31948,1,1,0,2,-1.01800974390547,-0.0684113387984258,-0.873034662605884,0.371128147467971
"sub-112",4,0,1,0.37586,1,1,0,2,-0.986252439130718,-0.156928474721671,-0.232235120454182,0.255846944265068
"sub-112",3,0,0,0.46559,1,1,0,2,0.323358939184497,0.231824557193451,0.472917476901785,-0.947182288393378
"sub-112",7,0,1,0.47179,1,1,0,2,0.472727791018163,-0.697172373809196,0.346472987284263,-0.941981012816541
"sub-112",6,0,1,0.51095,1,1,0,2,0.621300567513875,-0.487426758433382,-0.229955542289341,0.13748436627211
"sub-112",1,0,0,0.45022,1,1,0,2,0.865044899424902,-0.00303847932567199,-0.00669705600982221,0.11315916441381
"sub-112",1,0,0,0.38146,1,0,0,2,-0.333512857013072,-0.303196906422575,-0.242235431845378,-0.590394590049982
"sub-112",8,0,1,0.15228,1,0,0,2,-0.605419903760776,-0.625603612236403,-0.283466854016297,-0.498687760159373
"sub-112",4,0,1,0.60842,1,0,0,2,-0.554853235856475,-1.06772287379674,-0.959200645796955,-0.607914430764504
"sub-112",6,0,1,0.61455,1,0,0,2,0.0500832257481913,-0.331476649269462,-0.62180008739233,0.272958190459758
"sub-112",3,0,0,0.32005,1,0,0,2,0.0635672627249733,1.01368962139909,0.462199821418229,1.12622520234436
"sub-112",4,0,1,0.59243,1,0,0,2,0.321706279025724,0.588150810829743,0.260857317674284,0.864725545141846
"sub-112",3,0,0,0.36512,1,0,0,2,-0.0326316363643855,-0.856766684118796,-0.166045272257179,-0.0962207006290555
"sub-112",4,0,1,0.68827,1,0,0,2,-0.272233167702022,-1.06502498237899,-0.0548222946866493,0.164977366616949
"sub-113",3,0,0,1.19739,0,0,0,1,-0.0995999797402571,-0.210235295230868,-0.0211032592536261,-0.247739138966426
"sub-113",1,0,0,0.58679,0,0,0,1,-0.205111744658401,0.35303799799402,-0.173196153171981,-0.138398096337914
"sub-113",1,0,0,0.89297,0,0,0,1,0.564146289698935,0.539815589854563,0.281631741362313,0.395967223402113
"sub-113",7,0,0,1.23374,0,0,0,1,0.811476041853894,0.589485440661924,0.581939591172462,0.184844754077494
"sub-113",1,0,0,0.47281,0,0,0,1,0.76749773156674,0.116239088139048,-0.105469303011584,0.382826775265858
"sub-113",2,0,0,0.46159,0,0,0,1,0.723105954006314,-0.363704895307482,-0.109947528263244,-0.200324455322698
"sub-113",6,0,0,0.88455,0,0,0,1,0.371287036842356,-0.426128504414077,0.671544395620003,-0.563604367896914
"sub-113",1,0,0,0.37326,0,0,0,1,-0.06966418097727,-0.414174337491945,0.740029914227004,-0.603608451131731
"sub-113",3,0,0,0.70438,1,0,0,1,0.549772098992738,-0.335864922894096,-0.00831144993814329,0.526173403952271
"sub-113",7,0,1,0.6118,1,0,0,1,0.0746687509235926,-0.0204142062510881,-0.363276715402814,-0.181650418974459
"sub-113",2,0,0,0.41978,1,0,0,1,-0.0639837982598692,-0.130451406955857,0.183842562139034,-0.176045600511134
"sub-113",6,0,1,0.90913,1,0,0,1,-0.0447641791542992,0.0265903328502275,0.311894003224249,0.15087086642161
"sub-113",4,0,0,0.5816,1,0,0,1,-0.214816360734403,0.307648427870676,-0.25131421815604,-0.14409897653386
"sub-113",4,0,0,0.52076,1,0,0,1,-0.386168591358,-0.338547846026443,-0.00367046675334374,0.0426929733366705
"sub-113",1,0,0,0.46037,1,0,0,1,0.300169974720726,-1.09145535042302,-0.176217397597308,-0.192721801367588
"sub-113",1,0,0,0.48256,1,0,0,1,0.879167376784608,-0.556395078409912,0.246655157456795,-0.28970018425025
"sub-113",4,0,0,0.77678,1,1,0,1,0.268778771702879,0.0509486650979077,0.140388458836242,0.569535622885451
"sub-113",1,0,0,0.38372,1,1,0,1,-0.158657261946549,0.387236406511403,0.175458551791962,0.421713377977721
"sub-113",4,0,0,0.69037,1,1,0,1,-0.215984759541849,0.347864608090647,-0.0665271668112837,-0.158648198843002
"sub-113",3,0,0,0.42922,1,1,0,1,0.274287115161618,-0.0320171275503795,0.169768261257559,-0.027548457676312
"sub-113",8,0,1,0.68513,1,1,0,1,0.838457557008951,-0.0152879745561492,0.673905668586182,0.129372892563697
"sub-113",1,0,0,0.42268,1,1,0,1,1.05847513419576,-0.41778026990101,0.511308748803155,-0.104837847966701
"sub-113",6,0,1,0.41465,1,1,0,1,0.217758593149483,-0.451240037257473,0.404920535200896,-0.0431466788286343
"sub-113",4,0,0,0.38707,1,1,0,1,-0.497016204367308,-0.523141070924423,-0.286173758252213,-0.32274854388088
"sub-113",4,0,0,0.41768,0,0,0,1,0.55190979068478,0.252583118604013,0.572504948669424,0.0237960292608477
"sub-113",8,0,1,0.62473,0,0,0,1,-0.376132841037664,0.885034753630559,0.502554660857034,0.184423513477668
"sub-113",1,0,0,0.46358,0,0,0,1,-0.958989868561427,0.752148411132145,0.612133547586078,1.11986748501658
"sub-113",4,0,0,0.41956,0,0,0,1,0.177779600334664,0.213870987158131,0.459955522868161,0.962243873532861
"sub-113",4,0,0,0.94249,0,0,0,1,0.430005660435806,-0.227875963500183,-0.155063709438158,0.186954707978293
"sub-113",2,0,0,0.38162,0,0,0,1,-0.00472822319958747,-0.437979956743894,-0.511110722126129,-0.148252915591002
"sub-113",1,0,0,0.3874,0,0,0,1,0.732729364031305,-0.05776447178451,-0.323345888638869,-0.556077227927744
"sub-113",5,0,1,0.72664,0,0,0,1,1.14536340914977,-0.759307391205059,-0.221957709931303,0.0371044533327222
"sub-113",8,0,1,0.65937,0,0,1,1,0.477283686244239,0.0203215109305111,0.195815196027979,0.276670910092071
"sub-113",2,0,0,0.43177,0,0,1,1,0.289187164589142,-0.191481577301467,-0.0371880623861216,0.718828730005771
"sub-113",5,0,1,0.9717,0,0,1,1,0.15629288519267,0.208427201542589,0.515520518335203,0.157363710552454
"sub-113",8,0,1,0.92745,0,0,1,1,-0.00336238120992978,0.181561874777631,0.464869809220545,-0.106783928815275
"sub-113",9,0,1,0.54966,0,0,1,1,-0.0434771726301998,-0.287029668585294,0.869205026926162,-0.193703402089886
"sub-113",8,0,1,0.84015,0,0,1,1,-0.394297206347498,-0.281392733497476,0.278513455763459,-0.504198762215674
"sub-113",8,0,1,0.72943,0,0,1,1,0.0874510941406091,0.112273292978191,0.745184932524959,-0.407134983222932
"sub-113",10,0,1,0.49763,0,0,1,1,0.51653367113128,-0.291649345360282,0.538702375100305,0.224171216689865
"sub-113",5,0,1,0.925,1,1,0,1,0.394500143049906,-0.336728189347519,-0.164648013327678,-0.64021341514308
"sub-113",2,0,0,0.38053,1,1,0,1,-0.253361384306724,-0.184241656696907,-0.132328751283543,-0.0629163269884884
"sub-113",2,0,0,0.72127,1,1,0,1,-0.413961199345067,-0.488839531377717,-0.302004405724195,0.0904519038507715
"sub-113",2,0,0,0.55764,1,1,0,1,-0.375697640915557,-0.187634717293636,0.00992747640702873,-0.268439093930647
"sub-113",7,0,1,0.64683,1,1,0,1,0.205925887586394,-0.362943640530661,0.210959491501853,-0.308995323022828
"sub-113",2,0,0,0.46957,1,1,0,1,0.608914411238705,0.572781266023715,0.539687223732471,0.154430262604728
"sub-113",2,0,0,0.45963,1,1,0,1,-0.168185751109074,1.33818488478385,0.47077202622313,1.11970708933659
"sub-113",1,0,0,0.78245,1,1,0,1,-0.301304872574595,-0.329697483012246,0.332100995680473,0.598691140454321
"sub-113",1,0,0,0.54741,1,1,1,1,0.0583754745312035,0.437042597957231,-0.0760589589287217,-0.918255527736619
"sub-113",7,0,1,0.5215,1,1,1,1,0.295907461317256,-0.0158922156939904,0.722707674101306,-0.463222476514056
"sub-113",8,0,1,0.44392,1,1,1,1,0.38663574505578,0.0803736042515892,0.454331205692142,0.675976950721815
"sub-113",6,0,1,0.66633,1,1,1,1,1.09464726814379,-0.256948411736327,-0.00835556296321253,0.980668007908389
"sub-113",7,0,1,0.55547,1,1,1,1,1.0358077075022,-0.43955753426309,0.0883683392312378,0.574397284630686
"sub-113",9,0,1,0.46137,1,1,1,1,0.52375832075874,-0.136900796382516,0.293803532971651,0.215371092036366
"sub-113",8,0,1,0.7665,1,1,1,1,-0.0207125195302069,0.503927262137748,0.0877793684291343,0.321416538394988
"sub-113",7,0,1,0.53844,1,1,1,1,0.498367580177728,0.846709991477568,-0.367595204656633,0.712018932588398
"sub-113",5,0,1,0.96658,1,0,1,1,0.155960527209875,-0.390667466515744,0.817112284489364,0.331803318508901
"sub-113",8,0,1,0.89067,1,0,1,1,-0.427013938315213,-0.568804438570859,-0.551289992174134,0.366459177581055
"sub-113",10,0,1,0.64744,1,0,1,1,-0.57777313804642,-0.424027660792624,-0.794655367188776,-0.143027782998979
"sub-113",4,0,0,0.41985,1,0,1,1,-0.587579249042392,0.155645316052768,0.331855682694974,-0.917759544309229
"sub-113",10,0,1,0.64232,1,0,1,1,0.0995468783657998,-0.149153441949575,1.25914254280118,-0.273027234524488
"sub-113",9,0,1,0.49923,1,0,1,1,-0.056693342582245,-0.0541636157539432,-0.830178172482798,0.315400255890563
"sub-113",10,0,1,0.45527,1,0,1,1,0.284527101165925,-0.0232428792795097,-0.982150602076823,-0.306379702640697
"sub-113",7,0,1,1.49618,1,0,1,1,0.995580083321935,0.143481667188031,-0.2706278389475,-0.625765080749989
"sub-113",10,0,1,0.25891,0,0,0,1,-0.950090058613569,-1.14330295971767,-0.431133575281516,-0.729768366971985
"sub-113",7,0,1,0.49871,0,0,0,1,-0.104737054081246,-0.374364527839201,-1.06781441726101,-0.131636226922274
"sub-113",7,0,1,0.43936,0,0,0,1,0.0355214145965874,0.326649367464361,-0.231494223427338,0.0716109979432076
"sub-113",9,0,1,0.44652,0,0,0,1,0.637293529619152,0.301412331423274,0.438953014963772,1.43181454185396
"sub-113",5,0,0,0.36891,0,0,0,1,0.29139438624649,-0.0861925030918361,0.339050877528886,0.813866713480093
"sub-113",9,0,1,0.60817,0,0,0,1,0.316731137068321,-1.32164424602632,-0.518220451660454,-0.600261412933469
"sub-113",4,0,0,0.51439,0,0,0,1,-0.989269073509301,-0.80651518592128,-0.723725435663558,0.373142258264124
"sub-113",7,0,1,0.4703,0,0,0,1,-0.607541912703406,-0.260237486274154,-0.339322412231316,0.303368088230491
"sub-113",9,0,1,0.74814,1,0,1,2,0.300734250728662,-0.653857306335811,-0.214628789884349,-0.0719003029982559
"sub-113",10,0,1,0.4722,1,0,1,2,0.818017380001644,0.0212294811520863,1.11284233924622,-0.11866016886197
"sub-113",8,0,1,0.49544,1,0,1,2,0.860350787814241,0.314630653165902,0.502466392722757,-0.812165115820244
"sub-113",8,0,1,0.41816,1,0,1,2,0.832575075794011,0.0668660446546575,-0.300299873517361,-1.03324221223593
"sub-113",5,0,1,0.84086,1,0,1,2,0.577633116239061,-0.215509142502452,-1.0756447413781,-1.23275832571089
"sub-113",9,0,1,0.41328,1,0,1,2,-0.140358658177623,0.0905977164705594,-0.830869332809622,-0.0905398141825572
"sub-113",7,0,1,0.46929,1,0,1,2,-0.157342676749977,-0.0109142601765968,0.559344843534442,0.971846587209438
"sub-113",4,0,0,0.42611,1,0,1,2,0.150457576507847,0.330126628762594,1.03591886395589,0.70705653205514
"sub-113",1,0,0,0.52376,1,1,1,2,0.649846306322919,0.467922961339355,-0.2912258314124,-0.905283896438777
"sub-113",10,0,1,0.42966,1,1,1,2,0.561229930104067,0.210989868268371,-0.0887847354169935,-0.975993901491165
"sub-113",7,0,1,0.55379,1,1,1,2,0.0952937234736358,-1.11533109947642,0.298657018691301,-1.16799675356597
"sub-113",9,0,1,0.69298,1,1,1,2,-0.238020124127312,-1.02338122134959,0.0426855060577509,-0.61011869572103
"sub-113",7,0,1,0.46481,1,1,1,2,-0.666234890813939,-0.11154067678446,-0.48721687324966,0.547174044325948
"sub-113",10,0,1,0.488,1,1,1,2,0.537804326527597,-0.525572980271169,0.0486196463461965,0.911023741029203
"sub-113",6,0,1,0.76071,1,1,1,2,0.527468622778542,0.257183561791424,-0.120412801547597,0.345197035593446
"sub-113",8,0,1,0.28293,1,1,1,2,-0.113559301069472,1.49649705924094,0.112149224112121,0.694718585535884
"sub-113",10,0,1,0.63061,1,0,1,2,-0.687424138886854,-0.684845900395885,-0.659498533428026,-0.251238027820364
"sub-113",9,0,1,0.58654,1,0,1,2,-0.109434080620607,-0.891263983626333,-0.626651808231448,0.213042152719572
"sub-113",10,0,1,0.37838,1,0,1,2,0.961010052279259,-0.815717157934732,0.210532290424453,-0.418749364395626
"sub-113",9,0,1,0.41753,1,0,1,2,0.690687061209852,-0.787056586808629,0.0769528700814893,-0.303268486633897
"sub-113",6,0,1,0.15676,1,0,1,2,0.278090055760307,-0.355700837517226,-0.447932920864938,-1.40552142076194
"sub-113",3,0,0,0.39689,1,0,1,2,0.863955364795402,0.456666541389293,-0.0655987462960184,-0.179634433425963
"sub-113",8,0,1,0.61967,1,0,1,2,0.506680381658953,0.239124295025788,0.577205561411878,0.49723407253623
"sub-113",8,0,1,0.60884,1,0,1,2,-0.109474370896351,0.231910720743515,0.16512246193209,0.394375595031306
"sub-113",4,0,0,0.55912,1,0,0,2,0.240460141697743,0.0651260481250507,0.259950287892328,-0.779303664295003
"sub-113",5,0,0,0.34833,1,0,0,2,-0.082208861092416,0.0623303970356506,0.272093899392833,-0.602002652361989
"sub-113",3,0,0,0.35421,1,0,0,2,0.725986886536703,-0.0449791693439086,0.0506522568951671,-0.729000758007169
"sub-113",1,0,0,0.36045,1,0,0,2,0.319259189340907,-0.217307079376446,0.139687351494407,-0.680386872822419
"sub-113",8,0,1,0.45056,1,0,0,2,-0.275631895676876,-0.385790182536261,-0.815081304870546,-0.882320793671533
"sub-113",1,0,0,0.55662,1,0,0,2,-0.294228368846234,-0.541294329972179,-0.169494521105662,-1.20036717925686
"sub-113",3,0,0,0.67944,1,0,0,2,-0.349993835960049,-0.346874886711939,-0.229820990411099,-0.373713832441717
"sub-113",3,0,0,0.73534,1,0,0,2,-0.356410453639304,-0.0972225986835029,-0.365798264198626,0.260720208316343
"sub-113",4,0,0,1.03233,1,1,0,2,0.618974536812554,0.438278371744134,0.433011916155616,-0.188632759777829
"sub-113",2,0,0,0.4056,1,1,0,2,-0.187821789722269,0.238354488793347,0.294877724649268,0.586848685191944
"sub-113",7,0,1,0.48069,1,1,0,2,-0.357531839671234,-0.511996107693348,0.07074978328698,0.288286867458373
"sub-113",1,0,0,0.38615,1,1,0,2,0.430186427974453,-0.22323142956399,0.251131118973717,-0.625021132640541
"sub-113",6,0,0,1.12622,1,1,0,2,0.725091509831448,0.243580709556463,-0.296883528043206,-0.707526869140565
"sub-113",3,0,0,0.39871,1,1,0,2,0.421455431302699,-0.551690023116492,-0.0424039877252653,-0.806600548233837
"sub-113",2,0,0,0.33851,1,1,0,2,0.51007877025404,-0.942019412914912,0.101923688004414,-0.656437630217988
"sub-113",2,0,0,0.39464,1,1,0,2,0.163041385278727,-0.581015465022237,-0.470727853787442,-0.273028582450934
"sub-113",8,0,1,0.92525,0,0,1,2,0.570509300916456,0.0625805542976768,0.356729013243845,0.183902891981415
"sub-113",7,0,1,0.46517,0,0,1,2,0.414141351551128,0.445166309019206,0.324308951346514,0.300303595923469
"sub-113",5,0,0,0.60455,0,0,1,2,-0.495037157088518,0.162913311212496,-0.507150423926456,-0.574638024461456
"sub-113",7,0,1,0.6605,0,0,1,2,0.0918236269111124,-0.150742679351458,0.353304591476141,-0.525737507338636
"sub-113",9,0,1,0.41632,0,0,1,2,0.354396217580264,-0.224518570738534,0.895691878705596,-0.321832271292806
"sub-113",8,0,1,0.35547,0,0,1,2,1.33282463469853,-0.198602598953854,0.35155588023675,0.261175754293799
"sub-113",2,0,0,0.4115,0,0,1,2,0.225497641755889,-0.433722886084406,-0.170094544262004,0.612568738218397
"sub-113",7,0,1,0.36743,0,0,1,2,0.00683418835978955,-0.234074038315426,0.104651624065203,0.204108154866844
"sub-113",1,0,0,0.64664,0,0,0,2,-0.645737925242429,-0.223449235195639,-0.28956707388473,-1.00039786477573
"sub-113",4,0,0,0.48609,0,0,0,2,-1.21396964633216,0.634564661765816,-0.344747142594618,-0.63995242472738
"sub-113",5,0,0,0.40916,0,0,0,2,0.182740486547118,0.248191568034667,-0.0687915161834098,-0.364797874446958
"sub-113",1,0,0,0.38152,0,0,0,2,0.35582573657545,-0.749489520159033,-0.122680535229544,-1.08595652785152
"sub-113",3,0,0,0.50441,0,0,0,2,0.332671618787572,-0.334320266075708,0.225080596341286,-0.53571677019354
"sub-113",10,0,1,0.64426,0,0,0,2,0.704258707119152,-0.403176044631335,-0.0615719487735381,-0.329018940776587
"sub-113",1,0,0,0.46632,0,0,0,2,-0.678998126803587,-0.207556722064813,-0.459836062276736,1.07690689526498
"sub-113",4,0,0,0.4558,0,0,0,2,-0.0814805673629356,-0.374727790140443,0.37187156570144,0.88530002667103
"sub-113",8,0,1,0.0505899999999999,1,0,0,2,0.690108301583678,0.726783970370889,-0.403018186795331,-1.05156616335735
"sub-113",4,0,0,0.39048,1,0,0,2,-0.467720506247133,0.0760511332363994,-0.0717464086095182,-0.861409971071407
"sub-113",3,0,0,0.56516,1,0,0,2,-1.05009152406516,-0.321228514252989,0.100945426131754,-0.110750455502421
"sub-113",3,0,0,0.45406,1,0,0,2,-0.423577373517522,-0.672449855671773,0.510127910723289,-0.159070862212684
"sub-113",2,0,0,0.4448,1,0,0,2,-0.149699687647323,-0.552717661088401,0.154031754781803,-0.149515739642084
"sub-113",1,0,0,0.48366,1,0,0,2,0.813658950229486,0.0141661795593488,-0.201135651062941,0.432829256402329
"sub-113",6,0,1,1.07342,1,0,0,2,0.399836191441864,0.206383382073707,0.0496281389302264,-0.503432530909777
"sub-113",1,0,0,0.5623,1,0,0,2,0.0777512582911489,-0.435380819771025,0.224367129150778,-0.256966148305219
"sub-113",9,0,1,0.4575,1,1,0,2,0.666447714436799,-0.286456151623969,0.508211819270703,-0.80722225762438
"sub-113",1,0,0,0.0295799999999999,1,1,0,2,0.780811421922408,-0.685310239800148,0.634444305566528,-0.375255722727161
"sub-113",8,0,1,0.3212,1,1,0,2,0.376840638229623,-0.523556845159166,-0.291852117031037,-0.543400018017201
"sub-113",9,0,1,0.39386,1,1,0,2,-0.231542722360852,-0.633409349920435,-1.2200781662638,-0.593308013770729
"sub-113",8,0,1,0.58363,1,1,0,2,-0.323674936235572,0.087152740607659,-0.707123228038351,0.474213436152786
"sub-113",10,0,1,0.47261,1,1,0,2,-0.14309790400633,0.606720158671831,-0.257885638236379,1.20174821633846
"sub-113",6,0,0,0.94549,1,1,0,2,0.299808817217126,0.107613868838935,-0.0794547872695451,0.415185983479023
"sub-113",9,0,1,0.40097,1,1,0,2,-0.181504644485055,0.380688968890657,0.592175667290576,-0.0834282492753118
"sub-115",9,1,0,NA,0,0,1,1,0.496278677135706,0.433389809620739,0.695020452141762,-0.141609297972173
"sub-115",8,0,1,1.23439,0,0,1,1,0.153382170964809,-0.292083056643605,-0.0687137285907132,-0.278530750668142
"sub-115",5,0,1,1.05769,0,0,1,1,0.203679230374595,-0.483757422547098,-0.40191903046798,0.503319245576858
"sub-115",9,0,1,1.34801,0,0,1,1,0.205968290994254,0.584267534384573,-0.102097956618915,0.707824341580272
"sub-115",7,0,0,1.03728,0,0,1,1,0.120334000753549,0.106361431875956,-0.0293901601883893,0.734476339258254
"sub-115",7,0,0,0.90701,0,0,1,1,-0.0320615552870246,-0.312367068294272,0.201963359955698,0.303279944835231
"sub-115",4,0,0,1.71427,0,0,1,1,-0.0500744684832171,-0.475342627476763,-0.0639691757969558,-0.0552446057554334
"sub-115",8,0,1,0.80342,0,0,1,1,0.559607746438511,-0.164794048639359,-0.0817988707955616,0.449171384703368
"sub-115",8,0,1,0.67942,1,0,1,1,-0.0723201604560018,-0.344617851699392,-0.437629425568351,-0.204033731389791
"sub-115",1,0,0,1.13559,1,0,1,1,0.0170996305532753,-0.0780798937711451,-0.410944771875317,-0.115096088359132
"sub-115",8,0,1,0.66052,1,0,1,1,-0.0283082607978334,0.246825154925722,-0.399444677866995,-0.91518425680697
"sub-115",7,0,1,1.16613,1,0,1,1,-0.135895646836919,0.10161932333614,-0.0113015052241584,-0.326706658047624
"sub-115",8,0,1,0.57357,1,0,1,1,-0.103330814706472,0.103658817329065,0.0478357784450054,-0.121625684015453
"sub-115",9,0,1,0.46122,1,0,1,1,0.74906115369716,0.0677674185415661,0.237716235472665,0.00663485759869218
"sub-115",5,0,1,0.48436,1,0,1,1,0.781088585577284,0.49061616451514,0.32260962689179,-0.0044414549774956
"sub-115",7,0,0,0.52565,1,0,1,1,0.245363664037238,0.177006943517847,0.231460292823613,-0.0182268502190709
"sub-115",8,0,1,0.5766,1,1,0,1,0.378464625081203,-0.311596156425636,-0.236111638398143,0.136159700900316
"sub-115",3,0,1,0.79754,1,1,0,1,0.588838102587033,0.0545041782746988,-0.00853125362967451,0.49323804685846
"sub-115",4,0,0,0.44001,1,1,0,1,0.375273495990162,0.397288239388554,0.228765560527487,0.584357065521181
"sub-115",1,0,0,0.59557,1,1,0,1,0.598529357773562,0.550967734927932,0.514086559802915,0.949685622053221
"sub-115",3,0,1,0.93577,1,1,0,1,-0.0720205483958125,-0.106492096109799,-0.159987734848983,-0.234211684262846
"sub-115",3,0,0,1.17637,1,1,0,1,-0.310037504124921,-0.89421553797675,-1.02052586432546,-0.714065037237015
"sub-115",3,0,0,0.23393,1,1,0,1,-0.190244043110094,-0.376731106804477,-0.393949505562584,-0.410515396762639
"sub-115",5,0,1,0.53808,1,1,0,1,-0.623321199246372,-0.708772947339134,-0.22684582893271,-0.289373948751017
"sub-115",1,0,1,0.57378,1,0,0,1,0.26998054550495,-0.0792411311219136,-0.00348395054849486,0.248023074772209
"sub-115",1,0,1,0.53269,1,0,0,1,0.099900355853606,0.0705139395582524,-0.196785009024704,0.129138746880926
"sub-115",1,0,1,0.90568,1,0,0,1,-0.165483826965404,0.18920032693832,0.159890574519522,-0.348005969985388
"sub-115",1,0,1,1.24462,1,0,0,1,0.290771494541938,0.327833348816192,0.561386397884538,-0.016790861915797
"sub-115",1,0,0,0.46802,1,0,0,1,0.322742622345686,0.476778088206494,0.638231543047974,0.165829449798912
"sub-115",4,0,0,0.5563,1,0,0,1,0.118910137486334,0.421666034048906,0.162531815857316,0.231911369226873
"sub-115",5,0,1,0.49712,1,0,0,1,-0.13237568953385,0.465693276823947,-0.139682738265644,0.243775432200346
"sub-115",10,0,1,0.71882,1,0,0,1,0.16659799668317,-0.322128851898015,-0.319645069072067,0.286642344365828
"sub-115",9,0,1,0.47936,1,1,1,1,0.373271937171618,-0.93683312991979,-0.0618185114193087,-0.149592839833349
"sub-115",7,0,0,0.50359,1,1,1,1,0.449772632603223,0.175969527068513,0.525998809239051,0.370063163060695
"sub-115",7,0,0,0.42798,1,1,1,1,0.593426527494254,0.579507807614627,0.487480405795698,0.705783750396222
"sub-115",8,0,0,0.61352,1,1,1,1,0.433852737866497,0.354798594696654,0.15353782583649,0.0801021703577135
"sub-115",9,0,0,0.42217,1,1,1,1,0.628311493977283,-0.12926233560278,-0.232105056289583,-0.173182182945311
"sub-115",9,0,0,0.39688,1,1,1,1,0.135351072220753,-0.192522353596157,-0.394409315282246,-0.0375060074031353
"sub-115",3,0,0,0.63674,1,1,1,1,-0.136158179724589,-0.210230442039945,-0.461799683835125,-0.363667061761953
"sub-115",6,0,1,0.65929,1,1,1,1,0.417782422511664,0.16706404673729,-0.656170868780464,-0.340211318433285
"sub-115",10,0,1,0.56373,1,0,1,1,0.0328562308956558,-0.156483333557844,-0.345055975796034,0.11138574918732
"sub-115",3,0,0,0.80545,1,0,1,1,-0.0583187477507939,-0.621621885060988,-0.189827841861794,-0.296626681741327
"sub-115",9,0,1,0.47837,1,0,1,1,-0.135266756483664,-0.294147453667527,0.190177422579533,-1.04424612112343
"sub-115",7,0,0,0.90286,1,0,1,1,0.175264672880682,0.0360896796919405,-0.25931783078704,-1.27510520555079
"sub-115",8,0,1,0.42679,1,0,1,1,-0.142766668616484,0.774812774905176,-0.151331367669627,-0.223191598011181
"sub-115",9,0,1,0.56161,1,0,1,1,-0.326964271798109,0.946170533601953,0.494307230653552,0.519324766099453
"sub-115",8,0,1,0.48633,1,0,1,1,-0.0751160832199578,0.32792845139004,0.757349567177395,0.94200953701511
"sub-115",6,0,0,0.42423,1,0,1,1,-0.0151445087976754,-0.623637810211491,0.736123137758113,1.72013835273683
"sub-115",6,0,0,1.52704,1,1,1,1,0.0831305000465363,0.121976338201892,0.250674517126754,1.22416022189427
"sub-115",9,0,1,1.02977,1,1,1,1,0.0670486595942445,-0.179995421665134,-0.158079393208027,0.56251031353604
"sub-115",8,0,1,0.9892,1,1,1,1,0.125435556362694,-0.251020359634249,0.0523468759468718,0.100175167620182
"sub-115",10,0,1,0.57791,1,1,1,1,0.544172990000031,0.74996882956475,0.0370856898759181,-0.861545620998368
"sub-115",7,0,0,0.68274,1,1,1,1,0.669342276795457,-0.00816054669795213,0.115538313286379,-0.989111998584121
"sub-115",9,0,1,0.42307,1,1,1,1,0.00248377110498647,-0.391087090803517,-0.461166156766315,-0.362198796030134
"sub-115",2,0,0,0.84534,1,1,1,1,0.73186083502757,0.0907097329833993,-0.380957503026972,0.276521404832602
"sub-115",7,0,0,0.45254,1,1,1,1,0.811165246452826,0.514372541948601,-0.309580429301908,0.281963978288695
"sub-115",4,0,0,0.80749,1,0,0,1,-0.127562505910949,-0.443193253405668,-0.123114285524935,0.224040874605998
"sub-115",3,0,1,0.3827,1,0,0,1,0.423663079719214,-0.339071919330982,0.0286976460726388,0.111478347098455
"sub-115",7,0,0,0.4408,1,0,0,1,0.698990122415125,0.260869618436253,0.538380904356018,0.854636320180725
"sub-115",4,0,0,0.6132,1,0,0,1,0.205468595920441,-0.0596146256559425,0.270464606893559,0.686370368354255
"sub-115",5,0,1,0.44967,1,0,0,1,-0.200489299449449,-0.453976566075451,-0.509492353342163,0.112172899139114
"sub-115",2,0,0,0.4572,1,0,0,1,-0.0204211373444802,-0.269101104343362,-0.27069215211183,0.0307804531417787
"sub-115",3,0,1,0.54656,1,0,0,1,-0.43578240997158,-0.900267007105328,-0.300911677069962,-0.253699661232531
"sub-115",3,0,1,0.40335,1,0,0,1,-0.212372108828276,-0.234387054763458,-0.084234126964778,-0.0854222596273757
"sub-115",2,0,0,1.1621,0,0,0,1,0.0493077969488998,-0.298529954213235,0.0391640074861546,-0.0349621291505173
"sub-115",3,0,1,0.384,0,0,0,1,0.336741970696797,-0.671015404337258,-0.290826939589654,0.369556368277699
"sub-115",3,0,1,0.44248,0,0,0,1,0.493202700590094,0.262578120317172,-0.0196748595141495,-0.0368587838951498
"sub-115",7,0,0,0.51432,0,0,0,1,0.146673295646906,0.0432864083149643,0.216370721561058,0.745100360922515
"sub-115",2,0,0,0.45446,0,0,0,1,-0.541765946274002,-0.0506214387024994,0.422657450428233,1.72213021423668
"sub-115",1,0,1,0.49053,0,0,0,1,-0.106275516678579,-0.00230898125166142,-0.371057519999643,-0.0299165281932801
"sub-115",2,0,0,0.34356,0,0,0,1,0.349924046701441,0.15305210346425,-0.367402981617488,-0.184936188021675
"sub-115",5,0,1,0.60331,0,0,0,1,0.0149039728955055,0.163220308505482,0.127615472670489,-0.0476799132535234
"sub-115",4,0,0,0.58254,0,0,0,2,0.665401044224078,0.428394345773591,-0.351307449959374,-1.05807443140075
"sub-115",8,0,1,0.57381,0,0,0,2,-0.340152087893027,-0.414620242883555,-0.404047033827131,-0.927974751172587
"sub-115",2,0,0,0.63304,0,0,0,2,0.116335758163283,-0.293104199157959,-0.152332227366666,-0.916672849119641
"sub-115",2,0,0,0.34916,0,0,0,2,0.47718678911527,0.733543581277546,0.0704337072287065,-1.00965684077237
"sub-115",2,0,0,0.02535,0,0,0,2,0.137110380921513,1.05578534567246,0.377608100466508,0.686050128564239
"sub-115",2,0,0,0.36541,0,0,0,2,-0.487127047478377,-0.0581436522167038,0.625977711383409,0.768629348650575
"sub-115",5,0,1,0.48658,0,0,0,2,0.0010543194366619,-0.672723935235775,0.289355768705718,0.378479224443436
"sub-115",3,0,1,0.5763,0,0,0,2,-0.319219978021768,-0.387492654569171,-0.11257838793487,0.645147864334285
"sub-115",4,0,0,0.40332,1,0,0,2,-0.507778140328204,0.24243795289658,0.570675974944606,1.12397739067674
"sub-115",3,0,1,0.43121,1,0,0,2,-0.376495771847355,-0.408653357773329,0.460820634063566,1.00515465606004
"sub-115",1,0,1,0.62227,1,0,0,2,-0.305176548019517,0.178155935973067,0.00188583391718566,0.796878948248923
"sub-115",3,0,1,0.42752,1,0,0,2,0.366216067632195,0.596984492651515,0.2977984205354,0.300339472386986
"sub-115",5,0,1,0.40107,1,0,0,2,0.228417707432527,0.0527383170470043,0.427387304264509,1.22693278118968
"sub-115",1,0,1,0.49048,1,0,0,2,0.503614161318789,0.114592437390928,-0.0353241345146671,0.818501928821206
"sub-115",10,0,1,0.53014,1,0,0,2,0.964983648698156,-0.275759104708279,-0.163620705405871,-0.769720774743473
"sub-115",3,0,1,0.40383,1,0,0,2,0.308344513471335,-0.0756362001929018,0.00539849524890694,-0.739675573073328
"sub-115",4,0,0,0.41868,1,1,1,2,0.288330103450183,0.619174277237444,-0.0924845998912739,0.34576419130899
"sub-115",10,0,1,0.45885,1,1,1,2,0.345044281178464,-0.246054668410647,0.074885955817687,0.466237259469926
"sub-115",10,0,1,0.51769,1,1,1,2,0.439505560944478,-0.0770908559810508,0.182498738402501,0.348607013997389
"sub-115",9,0,1,0.4382,1,1,1,2,-0.771665352537335,0.873024708694882,0.0405858511415621,-0.20961282402277
"sub-115",6,0,0,0.61341,1,1,1,2,-0.417578310657215,0.45844034002059,0.122821533276389,0.00623541548848152
"sub-115",8,0,1,0.4524,1,1,1,2,0.00806896109133959,-0.347702369300856,-0.297595149517292,-0.480254761409014
"sub-115",7,0,0,0.40847,1,1,1,2,0.266591303327004,0.155099369093983,-0.440564784182546,0.0989234710577875
"sub-115",7,0,1,0.49949,1,1,1,2,-0.046235623381411,0.0861708393527402,0.0299798385240138,0.299416046775877
"sub-115",9,0,1,0.4776,0,0,1,2,-0.394744424925496,-0.385302959941328,-0.37759052022011,-0.0996873148251325
"sub-115",8,1,0,NA,0,0,1,2,0.143325582503167,-0.555089076773988,-0.26193448920579,-1.11665170043707
"sub-115",8,0,1,0.4415,0,0,1,2,-0.280962512530095,-0.343779684307837,-0.337565586562657,-1.04374495778466
"sub-115",8,0,1,0.64853,0,0,1,2,-0.548160238113875,-0.184764760994801,-0.00529012805782259,-0.681128527410328
"sub-115",10,0,1,0.38943,0,0,1,2,-0.148169731145269,-0.00554990949523118,0.412571729529494,0.24079952625325
"sub-115",5,0,1,0.47866,0,0,1,2,0.423666020234426,0.116540476472841,-0.202970587900685,-0.187379067577422
"sub-115",8,0,1,0.38388,0,0,1,2,0.787862938712351,0.438847955316305,-0.239449602590563,-0.242895411886275
"sub-115",4,0,0,0.35848,0,0,1,2,-0.228205171607745,-0.381604087510991,0.366370728850598,0.976186585915275
"sub-115",7,0,0,0.42818,1,0,1,2,0.261496670679965,-0.0633277727325481,0.147550494177267,0.361058913450688
"sub-115",8,0,1,0.53508,1,0,1,2,-0.0698846581217367,0.525882332881102,0.106588280604531,0.614365138486028
"sub-115",6,0,0,0.59354,1,0,1,2,-0.0174839617296432,0.236038691605683,-0.93068964065363,-1.62396222762764
"sub-115",2,0,0,0.61464,1,0,1,2,0.189409631925325,-0.667322803426672,-0.762376457452774,-0.660086966305971
"sub-115",7,0,0,0.45532,1,0,1,2,-0.396895554071913,-0.612432525493205,0.287821275337289,-0.325584369292483
"sub-115",7,0,0,0.41121,1,0,1,2,0.274590391704502,0.250225605977768,0.82214782332691,0.230131921498105
"sub-115",8,0,1,0.49991,1,0,1,2,-0.046190092805773,0.346276206516281,0.555236774186293,0.295836568437517
"sub-115",9,0,1,0.50803,1,0,1,2,-0.121895824403812,0.671379743074929,0.422251862240955,0.403635273873806
"sub-115",9,0,1,0.47957,0,0,1,2,-0.153624362894334,0.000133873291175675,-0.593724631355144,0.168104955687886
"sub-115",6,0,0,0.71994,0,0,1,2,-0.194566467059,0.758372086479708,-0.154694881552132,0.257782657258213
"sub-115",2,0,0,0.39319,0,0,1,2,0.509008720555964,0.194194894421984,0.124017368575248,-0.183370072767138
"sub-115",9,0,1,0.49992,0,0,1,2,0.350935735080081,-0.294442398525361,-0.0701605607755482,-0.533607535879128
"sub-115",8,0,1,0.62235,0,0,1,2,0.692439553040458,0.0566955533792713,0.151424967509229,-0.142917176103219
"sub-115",7,0,0,0.39362,0,0,1,2,0.178724936112606,0.0249616617888764,0.0288585448191346,0.0926618847995997
"sub-115",9,0,1,0.46595,0,0,1,2,-0.363982367368105,-0.366304644831905,0.171538363948154,-0.00843659759848379
"sub-115",7,0,0,0.40552,0,0,1,2,-0.629580877333259,-0.682530982023174,0.294243778616268,0.0419414097210392
"sub-115",1,1,0,NA,0,0,0,2,0.0527121741324663,-0.365037703714161,-0.497733474127017,-1.06150278449059
"sub-115",3,0,1,1.34138,1,1,0,2,0.0942786334392925,-0.433827825425262,-0.580160393534849,-0.347278724890202
"sub-115",4,0,0,0.39774,1,1,0,2,-0.0143043363156418,0.0929492987623369,-0.390000121512761,0.00313516804017127
"sub-115",3,0,1,0.53602,1,1,0,2,-0.217034504244414,0.114207594965895,-0.508159986340615,-0.474628015141934
"sub-115",8,0,1,0.65916,1,1,0,2,0.0173532997820682,-0.473185841339054,-0.355369263716663,0.131307838764042
"sub-115",3,0,1,1.06567,1,1,0,2,0.469738780666376,-0.127134247113847,0.0518645785438518,0.432829962298274
"sub-115",2,0,0,0.50418,1,1,0,2,0.175918746506795,-0.549587748289384,0.326909997578089,0.213413463160396
"sub-115",5,0,1,0.44415,1,1,0,2,-0.0285262232840372,0.217757983754079,0.416389528642564,-0.283928951248527
"sub-115",10,0,1,0.44005,0,0,0,2,0.551853758748621,-0.179584521938253,-0.0722213250895341,0.51247890680097
"sub-115",1,0,1,0.92859,0,0,0,2,0.109670419556399,-0.224549122361673,-0.0113511634990573,-0.121057563368231
"sub-115",4,0,0,0.4708,0,0,0,2,0.234028044932832,0.240860179066658,0.217653037584872,0.40456865655724
"sub-115",1,0,1,0.3583,0,0,0,2,-0.280642095146807,-0.498497390912639,-0.126737615268212,0.305461625452153
"sub-115",3,0,1,0.44771,0,0,0,2,-0.220362331019714,-0.083163825036199,0.104346528183669,0.209632618183969
"sub-115",5,0,1,0.48814,0,0,0,2,-0.0790119596834605,0.429448100496773,0.274118736716143,0.45255690937629
"sub-115",4,0,0,0.37386,0,0,0,2,0.094042094812418,1.05562949598836,0.248121266175682,0.566599807748571
"sub-115",1,0,1,0.69914,0,0,0,2,0.00770753136991213,0.504450480074242,0.449041693262795,0.110060506861191
"sub-115",2,0,0,0.41491,1,1,0,2,-0.261990236099033,0.551062648633012,-0.01516459385554,0.240403531043557
"sub-115",1,0,1,0.40433,1,1,0,2,-0.171766373629604,-0.111835018369473,-0.172843046214742,-0.667032991326414
"sub-115",3,0,1,0.61159,1,1,0,2,0.228967927900764,-0.592117531432046,-0.291054706744035,0.450598641159013
"sub-115",1,0,1,0.43418,1,1,0,2,-0.258900168351829,-0.409944088732893,0.0959281861626853,0.884204829463852
"sub-115",6,0,0,1.04036,1,1,0,2,0.350455807065979,-0.0738747534514577,0.0785629466505876,0.211458799010143
"sub-115",4,0,0,0.49658,1,1,0,2,-0.204397334096332,0.494950378796569,-0.0304703323248153,0.131288172956556
"sub-115",8,0,1,0.46981,1,1,0,2,-0.153373269752289,0.125736759113217,-0.0960562489926815,0.181563351000659
"sub-115",1,0,1,0.44281,1,1,0,2,-0.316033854304502,-0.497285474091768,-0.459810107859084,-0.561312900425401
"sub-116",4,1,0,NA,0,0,0,1,0.598486197724318,0.352421792293036,0.294537875335664,0.763731927424669
"sub-116",6,0,1,0.04643,1,0,0,1,0.632757822129255,0.445166108232957,0.353621575981379,0.611293543688953
"sub-116",3,0,0,1.17723,1,0,0,1,0.374157468982351,0.608608382443587,-0.0986407518406243,0.252575282286853
"sub-116",1,0,0,0.49356,1,0,0,1,-0.282199074669431,-0.0309823939395655,-0.0461419979959222,-0.391765210730955
"sub-116",9,0,1,0.54443,1,0,0,1,-0.20047545270063,-0.0789017304605632,-0.135611108892287,-0.42149658111739
"sub-116",3,0,0,0.56027,1,0,0,1,0.0128182734673222,-0.455688021719214,-0.12291576480493,-0.52977183368057
"sub-116",3,0,0,0.43894,1,0,0,1,0.0273916830774397,-0.144917931683637,0.278393852257674,0.118375368602574
"sub-116",2,0,0,0.36624,1,0,0,1,-0.643447873648256,-0.121104404235397,-0.437606771864618,0.272106013027951
"sub-116",10,0,1,0.50273,1,1,1,1,0.22328983557721,-0.0950005288684258,-0.126764392131008,-0.571390226995572
"sub-116",10,0,1,0.38438,1,1,1,1,-0.227584982678915,0.666370817684327,0.289158381754532,0.58854307718575
"sub-116",6,0,1,0.38423,1,1,1,1,0.098408378699484,0.375425699891316,0.314753304992337,0.244188291858882
"sub-116",7,0,1,0.31634,1,1,1,1,0.246402972882303,0.372944757325092,-0.26982957260528,-0.34061750608962
"sub-116",4,0,0,0.38314,1,1,1,1,0.53418089915067,0.397191492118442,0.196627048862865,-0.0550325592979789
"sub-116",8,0,1,0.32908,1,1,1,1,0.460157708652938,0.140726338313134,0.320572211705439,-0.528597716987133
"sub-116",7,0,1,0.32754,1,1,1,1,0.357584656904995,0.194484237926426,0.31967200723011,-0.239624399133027
"sub-116",8,0,1,0.29444,1,1,1,1,-0.105581006432961,0.0236087088921556,-0.181519822372744,0.149534818483517
"sub-116",7,0,1,0.92967,0,0,1,1,-0.0559761951444671,-0.741148725152016,-0.429149336375607,-0.91518388427794
"sub-116",1,0,0,0.96428,0,0,1,1,0.281800218314553,0.332688603205261,-0.340204143702673,-0.344438052223995
"sub-116",7,0,1,0.33149,0,0,1,1,-0.27166979558145,0.348613755018623,-0.157037165476747,0.277221469255164
"sub-116",8,0,1,0.31335,0,0,1,1,0.400458741700277,0.586523865384084,-0.0928284896848102,0.852359504811466
"sub-116",6,0,0,0.52844,0,0,1,1,0.20962206463931,0.305294263659528,0.23813834010313,0.168014290370047
"sub-116",10,0,1,0.34203,0,0,1,1,0.598949798179092,0.0450291590834105,0.436720545170829,0.0183820172213018
"sub-116",7,0,1,0.32412,0,0,1,1,0.570810433913721,0.336947151942662,0.111133989218312,-0.216889729653485
"sub-116",8,0,1,0.3562,0,0,1,1,-0.464515110322585,0.411607831703602,-0.250560544703452,-0.0668165879324079
"sub-116",10,0,1,0.3722,1,0,1,1,0.370749011693988,-0.944276357000625,-0.112872443006684,-0.263549454859458
"sub-116",7,0,1,0.32071,1,0,1,1,0.308429329190403,-0.744497700145951,-0.163950438300769,-0.756815337575972
"sub-116",4,0,0,0.28876,1,0,1,1,0.473138900202078,-0.18589030896072,-0.332622597614924,-0.934059846261516
"sub-116",6,0,0,0.4233,1,0,1,1,0.371036128693959,0.111588846685158,0.170357538003979,-0.571164557011798
"sub-116",8,0,1,0.3044,1,0,1,1,-0.446890761722898,-0.400861115306961,0.43828822169841,-0.0314138826914132
"sub-116",8,0,1,0.28838,1,0,1,1,-0.922360829485115,0.17667450065966,0.0421557698379426,0.28200557292439
"sub-116",7,0,1,0.28952,1,0,1,1,-0.746682803922643,0.522864120081067,-0.0131029791664332,0.47054576408118
"sub-116",10,0,1,0.32308,1,0,1,1,-0.609820577160766,0.206457528367604,-0.0794461849727668,0.348705746326596
"sub-116",2,0,0,0.33223,1,0,0,1,0.478803023695946,-0.178104518360838,-0.806579212192446,-0.48647401612252
"sub-116",4,0,0,0.31103,1,0,0,1,0.873194163975616,0.363085807016533,-0.655145042886337,-0.214165184200465
"sub-116",7,0,1,0.3099,1,0,0,1,0.586088842091461,0.219438083504361,-0.144941891271931,0.0800353564321995
"sub-116",3,0,0,0.34143,1,0,0,1,0.706250862994542,-0.301817336292179,-0.119500026999352,-0.247197434492409
"sub-116",6,0,0,0.62184,1,0,0,1,0.67441357113421,0.350063255832841,0.110027642319134,-0.0829841771628708
"sub-116",2,0,0,0.30646,1,0,0,1,0.197974168288056,0.384748273046204,0.0206213331160446,-0.169130607275292
"sub-116",2,0,0,0.32274,1,0,0,1,0.296044176526872,0.431669382205992,0.124200339157445,-0.181098452024162
"sub-116",2,0,0,0.33766,1,0,0,1,0.00365785144579907,0.484771468443796,0.156610776456849,-0.08080137623474
"sub-116",1,0,0,0.39304,0,0,0,1,0.0813739866328736,-0.189892207099884,0.295670247559125,-0.415158677427098
"sub-116",1,0,0,0.31028,0,0,0,1,-0.120985875565869,0.379978280290271,0.235122524360728,0.135276391776279
"sub-116",6,0,0,0.35656,0,0,0,1,0.122073527115087,0.196978152177676,0.0315066738597428,0.170626194914803
"sub-116",4,0,0,0.30613,0,0,0,1,-0.111097978702067,-0.360521765882839,-0.189181829447383,-0.159191832831129
"sub-116",1,0,0,0.33801,0,0,0,1,0.28815204401811,-0.639183715123821,-0.528204217185703,-0.308595951832831
"sub-116",7,0,1,0.40424,0,0,0,1,-0.225420569292813,-0.206858156110953,-0.51628956454806,0.067084835190326
"sub-116",4,0,0,0.33341,0,0,0,1,-0.448214807004357,-0.829878368708133,-0.690675510481621,-0.085614383534994
"sub-116",4,0,0,0.33338,0,0,0,1,-0.388393607456237,-0.265629460190043,-0.137758922181092,0.0581612046342343
"sub-116",8,0,1,0.4039,1,1,1,1,0.164072599426921,0.256395410651479,-0.580269989479954,-0.0122506701620296
"sub-116",10,0,1,0.30145,1,1,1,1,-0.0765850300667807,-0.374195916681654,-0.293644422044357,-0.126639750809409
"sub-116",10,0,1,0.30143,1,1,1,1,0.148917110015949,0.739984892446686,0.665452038646132,0.502935606241226
"sub-116",10,0,1,0.34705,1,1,1,1,-0.101898489830395,0.308812751952145,0.247495506036406,0.390465443395078
"sub-116",10,0,1,0.33394,1,1,1,1,0.0593434948629389,-0.404105631569918,-0.194827920446793,0.16381000240799
"sub-116",5,0,0,0.38357,1,1,1,1,0.190773691011903,0.0332416295832782,-0.170561505636821,-0.156322606559843
"sub-116",7,0,1,0.39694,1,1,1,1,0.329749266384169,0.362217791130577,0.151462068373803,0.16719963796495
"sub-116",3,0,0,0.32992,1,1,1,1,0.136601579686006,0.675282817118353,0.539753243559971,0.359019400551915
"sub-116",3,0,0,0.43606,1,1,0,1,-0.834705758529405,-0.408984396882631,0.124076741408013,-0.0222639498533681
"sub-116",3,0,0,0.34862,1,1,0,1,-0.745151224546134,-0.449782688515606,-0.0270015203083555,0.166173833026551
"sub-116",7,0,1,0.37859,1,1,0,1,-0.560805301778601,-0.521693124237505,-0.472526477649808,-0.0122027922363486
"sub-116",3,0,0,0.47694,1,1,0,1,-0.0185678328853101,-0.380362365601791,-0.177476122354468,-0.132976755872369
"sub-116",6,0,0,0.35994,1,1,0,1,0.417028012258622,0.0776010148434175,-0.619427584887793,0.107766720905784
"sub-116",3,0,0,0.30992,1,1,0,1,0.137421113361294,-0.586314273773934,-0.808811689028516,-0.856229715421796
"sub-116",1,0,0,0.30667,1,1,0,1,0.0907016351508598,-0.574970741169872,-0.553326641539267,-1.06329431682825
"sub-116",4,0,0,0.3083,1,1,0,1,0.310665904738319,0.267103586276924,0.0478095743261899,-0.687076575588435
"sub-116",9,0,1,0.45135,1,0,0,1,0.295309950287143,0.560578104143065,-0.000723993871361017,0.089928783243522
"sub-116",8,0,1,0.29957,1,0,0,1,0.165217321560097,0.382884696022504,0.475896176144791,0.964609483443201
"sub-116",8,0,1,0.35139,1,0,0,1,0.300116116510859,0.640431591861502,0.418257727132489,0.526117670442909
"sub-116",6,0,0,0.33659,1,0,0,1,0.0808759358866761,0.762948080138476,0.0573352305606628,0.219572736881673
"sub-116",9,0,1,0.26561,1,0,0,1,-0.11625123268459,0.0519828754994604,-0.444786288077012,-0.1036416426301
"sub-116",3,0,0,0.28367,1,0,0,1,-0.398560327360125,-0.319172962327246,-0.441323287047756,0.278839629516005
"sub-116",9,0,1,0.34973,1,0,0,1,0.141594518360156,-0.0536556198365159,-0.431064747661973,0.370614513475448
"sub-116",7,0,1,0.38308,1,0,0,1,0.0594762100372463,-0.0142098050564528,-0.321288325668623,-0.521707095112652
"sub-116",7,0,1,0.28888,1,1,1,2,0.0409514392182852,-0.236713523855778,-0.228793378240274,0.0834810348518658
"sub-116",7,0,1,0.29008,1,1,1,2,-0.06053593121275,-0.213508026191482,-0.243253010882957,-0.139119593147188
"sub-116",7,0,1,0.2731,1,1,1,2,0.0761394266531473,-0.568102262086339,-0.285564713859155,-0.698402511607856
"sub-116",6,0,0,0.34216,1,1,1,2,0.34407102339901,0.0253554493430312,-0.00767095336535325,-0.171226086746901
"sub-116",10,0,1,0.27466,1,1,1,2,0.043220241865735,0.332714985504195,0.649186245786647,0.119626775942743
"sub-116",2,0,0,0.35522,1,1,1,2,0.0176267554440225,-0.0507015244586876,0.645314297328393,-0.279251182544976
"sub-116",8,0,1,0.30406,1,1,1,2,-0.0753449821689477,0.0509379226714373,0.275063803836626,0.573551640170626
"sub-116",10,0,1,0.41897,1,1,1,2,-0.351639142259955,0.0969686415046453,0.354932483596106,0.53284323727712
"sub-116",7,0,1,0.55659,0,0,1,2,0.456850618977721,-0.3812944374556,-0.579707957299737,0.174406476208242
"sub-116",7,0,1,0.32049,0,0,1,2,0.337054062712317,-0.459007674483237,0.0920164270016054,0.365955237299204
"sub-116",7,0,1,0.33453,0,0,1,2,-0.189643159993769,0.19872171976776,0.137863962328993,-0.315402000630274
"sub-116",9,0,1,0.33567,0,0,1,2,0.168991904628153,0.489571066469782,-0.253346103204725,-0.557470574788749
"sub-116",4,0,0,0.43366,0,0,1,2,-0.24015185572595,-0.438612422250487,-0.384946590056643,-0.176516397669911
"sub-116",9,0,1,0.32742,0,0,1,2,-0.221936439396814,-0.593186800126676,-0.410987465409562,-0.572877880500164
"sub-116",6,0,0,0.47392,0,0,1,2,-0.0748705719015561,-0.140837400703243,-0.263731527704901,-0.454826891981065
"sub-116",10,0,1,0.34417,0,0,1,2,0.301674411011239,-0.441928208426193,0.400433572707698,-0.0660977897670818
"sub-116",1,0,0,0.55806,1,1,0,2,0.0358531144447625,-0.868276109436044,0.0565344593269401,-0.18073645811528
"sub-116",5,0,0,0.32186,1,1,0,2,-0.0352780628794183,-0.666989825810392,-0.225799648333729,0.139660215866752
"sub-116",4,0,0,0.37212,1,1,0,2,-0.0834581686455446,-0.194444165116659,0.209534105767185,0.132936070347205
"sub-116",1,0,0,0.30567,1,1,0,2,-0.238938739581499,-0.761715052942438,-0.26332251727581,-0.0791108268807875
"sub-116",2,0,0,0.33882,1,1,0,2,-0.167192793839301,-0.921653880461775,-0.186625411733985,0.0237794622778893
"sub-116",1,0,0,0.42038,1,1,0,2,-0.430755995446816,-0.32358516442279,-0.144642664430042,-0.159392733382992
"sub-116",7,0,1,0.51901,1,1,0,2,0.347673787143625,-0.110271985090717,0.135152674978599,-0.215254908968927
"sub-116",2,0,0,0.43411,1,1,0,2,0.637277097130815,0.0951724447551425,0.505461688929548,0.481834284029901
"sub-116",7,0,1,0.54488,0,0,1,2,-0.381666166125797,0.394613380509394,-0.15238558058627,-0.126916708017234
"sub-116",6,0,0,0.3287,0,0,1,2,-0.455501611800476,-0.310537248987842,-0.493485446941728,0.1252017759718
"sub-116",8,0,1,0.34422,0,0,1,2,-0.23940660400937,-0.491880940894286,-0.11211185134016,-0.392322666570544
"sub-116",10,0,1,0.35616,0,0,1,2,-0.459406481434902,-0.00633539618165405,0.12716893106699,-0.23025773242116
"sub-116",10,0,1,0.30398,0,0,1,2,-0.0992338911940654,0.214095727368085,0.122255669906735,0.270673459256068
"sub-116",2,0,0,0.43738,0,0,1,2,0.739910639512042,0.0517545772923364,0.90718119032681,0.606757020670921
"sub-116",7,0,1,0.54874,0,0,1,2,0.449058802526755,-0.333309201420181,1.08137305018802,0.39599676206708
"sub-116",10,0,1,0.23324,0,0,1,2,-0.136613986610124,-0.314747117597748,-0.586540006178742,-0.199606420408236
"sub-116",2,0,0,0.65431,0,0,0,2,-0.069884970599863,-0.234805574226711,-0.784821303949381,-0.918265945091844
"sub-116",5,0,0,0.30491,0,0,0,2,-0.17455278634831,-0.659610058155118,-0.727460050644974,0.00908039025962353
"sub-116",3,0,0,0.30057,0,0,0,2,-0.338491779485291,-0.808498046809324,-0.483512334804497,0.0142513247206807
"sub-116",1,0,0,0.39872,0,0,0,2,-0.515540942084044,-0.880371085764771,-0.239009541692212,-0.711233812011778
"sub-116",4,0,0,0.30225,0,0,0,2,-0.365706811183675,-0.679480970621592,0.683364098270734,0.342150074616075
"sub-116",2,0,0,0.33323,0,0,0,2,-0.216609242682656,0.144094533666416,-0.0115103421145856,0.911875615082681
"sub-116",1,0,0,0.34613,0,0,0,2,0.154761819983833,0.89391864237755,-0.216490900299201,0.808908174769022
"sub-116",10,0,1,0.65998,0,0,0,2,0.469837676733732,0.433095487145086,0.55341672928383,0.173555752111133
"sub-116",3,0,0,0.35494,1,1,0,2,-0.0507941140870874,-0.365865747996227,0.0438889995760595,-0.135122249770211
"sub-116",2,0,0,0.33314,1,1,0,2,-0.118561586520324,-0.131834305684876,-0.231588448388114,0.037788826180622
"sub-116",1,0,0,0.33054,1,1,0,2,0.0961874999338761,0.230277950465852,0.397047229809687,0.76497477889061
"sub-116",8,0,1,0.4135,1,1,0,2,-0.201731035136618,0.199606157458254,0.296438559652112,0.416360076982528
"sub-116",3,0,0,0.39681,1,1,0,2,-0.768175608323266,-0.481452081973354,-0.200154396433694,-0.0979584295826498
"sub-116",1,0,0,0.34487,1,1,0,2,-0.71135392668657,-0.271129276844914,0.118510858000567,-0.334320202772506
"sub-116",6,0,0,0.26197,1,1,0,2,-0.131931853791078,-0.358729535955246,0.00410215895196113,-0.636598329711705
"sub-116",2,0,0,0.28883,1,1,0,2,0.296787467959803,-0.247538008632276,-0.0649742434422175,-0.267999093886465
"sub-116",2,0,0,0.34708,1,0,0,2,0.0163447322362723,0.459689122189216,-0.305957927368581,0.33732787668705
"sub-116",1,0,0,0.0287500000000001,1,0,0,2,-0.0941039349030082,-0.201174112036824,-0.485260481302248,0.0901051323860884
"sub-116",10,0,1,0.34419,1,0,0,2,-0.647489607013995,-0.620509003737458,0.450669882663836,0.140682774968445
"sub-116",1,0,0,0.32536,1,0,0,2,-0.0112284396309406,0.36349165322328,1.40438529259215,1.05033309804276
"sub-116",1,0,0,0.35858,1,0,0,2,0.154718803668705,0.40090079707335,0.930992972726623,0.569302852265537
"sub-116",6,0,0,0.3378,1,0,0,2,0.35400062877064,0.380703186823262,-0.236529583887508,0.775455973856151
"sub-116",1,0,0,0.33266,1,0,0,2,0.162257104500895,0.0101939545323451,-1.3550859655564,-0.394238406862132
"sub-116",4,0,0,0.50289,1,0,0,2,0.382324092905037,-0.63215237865397,-0.592877747296977,-0.504472414354677
"sub-116",9,0,1,0.42261,1,0,1,2,-0.358613081742078,-1.03484360237295,-0.746605352886642,-0.837961944751441
"sub-116",5,0,0,0.40491,1,0,1,2,-0.593558191011349,-0.915434175964307,-0.452597598506448,-0.740802390256431
"sub-116",8,0,1,0.30365,1,0,1,2,-0.743040584522532,-0.0771403580352112,0.318614150281064,0.301838386058807
"sub-116",8,0,1,0.33725,1,0,1,2,-0.3873285499479,0.0605268649912129,0.779851837316528,0.771749071741942
"sub-116",7,0,1,0.33238,1,0,1,2,0.018095931004306,0.0897629339661863,0.296521208928122,0.216160022094846
"sub-116",10,0,1,0.3438,1,0,1,2,-0.0857202995490904,-0.225228974354212,-0.0225514923610414,-0.322459082491696
"sub-116",9,0,1,0.32636,1,0,1,2,0.666523367491512,-0.233843885383707,0.253922798661127,-0.242054424318485
"sub-116",3,0,0,0.40942,1,0,1,2,0.655348847076918,-0.264047248840884,0.793793163325366,-0.170105068944395
"sub-116",2,0,0,0.35617,0,0,0,2,0.421017979504541,0.183969325799909,-0.0168221135390922,0.0706536814395804
"sub-116",4,0,0,0.40984,0,0,0,2,0.608821531369661,-0.0719284671358764,0.0962243378850568,0.973022492340533
"sub-116",2,0,0,0.33995,0,0,0,2,0.199276337555299,-0.0701256915237065,-0.0116475434042513,0.84841557694599
"sub-116",2,0,0,0.37175,0,0,0,2,0.814896595353881,-0.224275709487739,-0.210786704235943,0.274635237175971
"sub-116",6,0,0,0.35007,0,0,0,2,0.512781994882971,0.286574798222217,-0.201427562472721,-0.470795483049005
"sub-116",4,0,0,0.32965,0,0,0,2,-0.222634697643419,0.0719150009530562,-0.105258151345576,-0.23047071590554
"sub-116",9,0,1,0.36038,0,0,0,2,-0.0291296971554402,-0.153942577402901,0.107237982563674,-0.0800109219970182
"sub-116",3,0,0,0.30736,0,0,0,2,0.0737695366260596,-0.480483632741703,-0.125722548575141,-0.58441122607328
"sub-117",3,0,1,0.93465,1,0,0,1,0.43631212998298,0.613542231696623,1.03285577520728,-0.086564858769998
"sub-117",2,0,1,0.47002,1,0,0,1,0.145129755372182,0.302218292513216,0.257325810884746,-0.434743440197781
"sub-117",4,0,1,0.4145,1,0,0,1,0.17366089951247,0.978952505505057,0.374795373965753,0.0731379806995392
"sub-117",8,0,1,0.42858,1,0,0,1,0.498410135041922,0.207339571081792,-0.317479463779212,-0.931326372292824
"sub-117",2,0,0,0.69523,1,0,0,1,0.589844834816176,0.0176320085431346,-0.514242908703939,-0.614729014225304
"sub-117",5,0,1,0.35829,1,0,0,1,-0.257614685009078,-0.404931276070851,-0.439843161924121,0.109589282050729
"sub-117",4,0,1,0.49133,1,0,0,1,0.127110983477905,-0.242310270460116,-0.501899034832604,-0.0010505068814382
"sub-117",2,0,1,0.39324,1,0,0,1,0.439797449505325,0.0189234191741518,0.146400068983591,-0.0350563071668148
"sub-117",3,0,1,0.48174,0,0,0,1,-0.693700511008501,-0.779380933899019,0.0426128029424338,-0.420679802075028
"sub-117",2,0,1,0.63382,0,0,0,1,-0.307546263483043,-0.757853412103874,-0.117295507031182,-0.344662037282251
"sub-117",6,0,1,0.36577,0,0,0,1,-0.296999917268598,-0.425929912900621,0.173775206087157,0.020238932967186
"sub-117",7,0,1,0.44842,0,0,0,1,-0.254583034237536,-0.476015636628425,0.604880006518215,-0.161955694062635
"sub-117",4,0,1,0.41646,0,0,0,1,0.259846007315597,0.219251664148437,0.516020702198148,0.166823650915467
"sub-117",2,0,0,0.74682,0,0,0,1,0.537664521951228,-0.0699249202799466,-0.138916116285448,-0.81579419253394
"sub-117",1,0,0,0.34726,0,0,0,1,0.43125767307356,0.362880433875102,0.222763517638668,0.437771886168048
"sub-117",2,0,1,0.39673,0,0,0,1,-0.474286399102615,0.329183219647449,0.551069190803294,0.51437940755859
"sub-117",7,0,1,0.0268299999999999,0,0,1,1,1.00824537345519,-0.137979651848717,0.261968400484572,-0.372562015801668
"sub-117",7,0,1,0.42449,0,0,1,1,0.356887021024401,-0.174419234455046,-0.270549586760656,-0.760761070251465
"sub-117",8,0,1,0.43852,0,0,1,1,-0.00857294400339015,0.214973284341222,-0.21161943563493,-0.325644616642967
"sub-117",5,0,1,0.47042,0,0,1,1,-0.334785466218212,-0.041092865669203,-0.0381187033684303,-0.111301129078493
"sub-117",8,0,1,0.40132,0,0,1,1,-0.530440754878024,-0.820006283896941,-0.425484145681063,-0.704573992302176
"sub-117",9,0,1,0.38699,0,0,1,1,-0.113453829777427,-0.765018598900901,-0.095489197022592,-0.392014389391989
"sub-117",10,0,1,0.30273,0,0,1,1,-0.204483570725036,-0.45816817479553,-0.0137946366642912,0.247752200288232
"sub-117",1,0,0,0.46982,0,0,1,1,0.307899514969904,0.414812904213452,0.0272020021220669,-0.0264304601587355
"sub-117",4,0,1,0.54718,0,0,0,1,0.556756273765738,0.172672482949026,0.452880748683431,0.548799850558862
"sub-117",1,0,0,0.41283,0,0,0,1,0.273327325548356,0.420132695662755,0.510187728485713,0.0126265032216907
"sub-117",3,0,1,0.36187,0,0,0,1,-0.103146684731958,0.14728178570254,0.369053123024059,-0.350290859583765
"sub-117",6,0,1,0.02748,0,0,0,1,0.418862398105072,-0.236615210840548,0.418416866896829,-1.11584812404471
"sub-117",1,0,0,0.34614,0,0,0,1,0.36321410521244,-0.351811705916016,0.157165762851946,-0.586295304447413
"sub-117",2,0,1,0.36127,0,0,0,1,-0.433463987894356,0.0419493640462557,-0.0961110352848967,0.284607615642017
"sub-117",4,0,1,0.34197,0,0,0,1,-0.607390782892859,0.38769710553741,0.552823411417194,1.51852476589265
"sub-117",10,0,1,0.32328,0,0,0,1,-0.585758877452463,0.544548441276506,0.703997122667109,1.07822361513972
"sub-117",8,0,1,0.46323,1,1,1,1,-0.304108504021618,-0.44003054920446,-0.666810211237589,-0.558038923144341
"sub-117",10,0,1,0.36292,1,1,1,1,0.146040103352486,0.137012124527246,-0.046147343753546,0.388952486589551
"sub-117",5,0,1,0.347,1,1,1,1,-0.0719261116658648,0.0814543434556712,-0.149737097866212,0.158369479165412
"sub-117",7,0,1,0.31465,1,1,1,1,-0.0112429082704087,0.361367259933441,0.24007046437085,-0.445869737549219
"sub-117",10,0,1,0.93096,1,1,1,1,1.3708617547527,0.312416090612748,0.489951870326574,-0.192550404556096
"sub-117",1,0,0,0.52867,1,1,1,1,0.808387282304466,0.1799962968669,-0.0510665909387171,-0.905722050182521
"sub-117",9,0,1,0.38309,1,1,1,1,0.290107424196322,-0.357595666553135,0.144772855254511,-0.21645274143666
"sub-117",10,0,1,0.36749,1,1,1,1,0.598462373018265,0.551259516703862,1.10626968182623,0.615679057128727
"sub-117",8,0,1,0.45434,0,0,1,1,-0.0787944968324155,-0.486168423184642,-0.161554556922056,-0.103859334439039
"sub-117",8,0,1,0.47217,0,0,1,1,-0.690124964186301,-1.01029388413385,-0.392150088717851,-0.157502961740829
"sub-117",5,0,1,0.54047,0,0,1,1,-1.07433159564001,-1.16621916534172,-0.500953244152091,0.332341748476028
"sub-117",10,0,1,0.3373,0,0,1,1,-0.527688111605433,-0.467471273551281,0.403508794940232,0.333763669244945
"sub-117",8,0,1,0.35495,0,0,1,1,-0.220628899677346,-0.143165476827158,0.143243910885455,0.0450690116267651
"sub-117",7,0,1,0.30509,0,0,1,1,-0.144491383107379,0.185849639828558,-0.164524211315438,0.4162668120116
"sub-117",8,0,1,0.34401,0,0,1,1,-0.634141141936804,0.376552848857871,0.200514047270796,-0.139410385070369
"sub-117",1,0,0,0.42703,0,0,1,1,0.474399646162055,0.324126583822093,0.819154007981221,-0.331403359211981
"sub-117",2,0,0,0.51581,1,1,0,1,-0.247577339643613,-0.560847563324151,-0.558591874937216,-0.816509367703111
"sub-117",4,0,1,0.47005,1,1,0,1,-0.239619472781972,0.551114242041001,-0.253408471704461,0.37196398563683
"sub-117",10,0,1,0.40384,1,1,0,1,-0.0807446801724533,0.585456372066228,0.356187860714272,1.1603778032586
"sub-117",2,0,1,0.45138,1,1,0,1,0.281320890256514,0.311455371781011,0.342199294726015,0.808210725773824
"sub-117",1,0,0,0.36557,1,1,0,1,0.228901043912629,0.261481277817101,-0.126510889477989,-0.212962858937681
"sub-117",5,0,1,0.31846,1,1,0,1,1.02939808089286,0.296955017579926,-0.132210761269865,0.00835630013607442
"sub-117",2,0,1,0.33885,1,1,0,1,0.89695269203124,0.0757761943257517,-0.723692016288017,-0.519333545258269
"sub-117",2,0,1,0.37207,1,1,0,1,0.745906154237067,-0.673549928301428,-0.594590683234856,-0.348577438248321
"sub-117",8,0,1,0.44261,1,0,1,1,0.298933936806861,0.353278636992737,0.136581116355956,-0.391586247831583
"sub-117",6,0,1,0.0255099999999999,1,0,1,1,0.29638465862566,-0.0570359133459904,0.0617987112297366,-1.27414683643728
"sub-117",7,0,1,0.42372,1,0,1,1,0.231044627338027,-0.166923402222218,0.967025072973532,-1.10867396524409
"sub-117",7,0,1,0.29028,1,0,1,1,-0.230760952671214,-0.818223775105758,1.04810366608823,-0.519419290777296
"sub-117",3,0,1,0.37118,1,0,1,1,-0.756077339853315,-0.162931911923267,0.460020493153327,1.00839033704251
"sub-117",8,0,1,0.33686,1,0,1,1,-0.258148557467697,0.155691503728223,0.650457741847883,1.49577210657299
"sub-117",8,0,1,0.38668,1,0,1,1,-0.58047921412314,-0.289040086445985,0.639825124759227,1.50871257726103
"sub-117",9,0,1,0.33721,1,0,1,1,0.416652728939274,-0.113047784815232,-0.107867936138064,1.47821560911834
"sub-117",8,0,1,0.42113,1,1,0,1,-0.0954525602671007,-0.106339320247234,-0.468690904706212,0.29658552526962
"sub-117",4,0,1,0.50662,1,1,0,1,0.216354718625856,-0.415579835408978,-0.427266388597976,0.356785142619628
"sub-117",1,0,0,0.48843,1,1,0,1,-0.174833447963465,-0.470243567393886,0.170461402449291,-0.846861840970814
"sub-117",4,0,1,0.28794,1,1,0,1,-0.543471913610119,-0.0652487618779695,0.0797441486599079,-1.21228083092719
"sub-117",5,0,1,0.33475,1,1,0,1,0.132716894615442,0.120012557789407,-0.295751123405353,-1.03090256266296
"sub-117",4,0,1,0.38713,1,1,0,1,0.512583243815849,0.0360229401676743,-0.652109476892898,-0.56345275491476
"sub-117",1,0,0,0.41617,1,1,0,1,0.0644240206020186,0.00872144996430035,0.0216054561703155,-0.165016157890204
"sub-117",3,0,1,0.27896,1,1,0,1,-0.00471666587206225,-0.0929274433292449,0.519279837724753,0.785601894321735
"sub-117",8,0,1,0.54853,0,0,1,2,0.515987102718403,-0.207460075858291,-0.328727047269543,0.666302075237036
"sub-117",9,0,1,0.37888,0,0,1,2,0.175782570615411,-0.355925439339545,0.147844965026403,0.0898487783037126
"sub-117",7,0,1,0.43058,0,0,1,2,0.443340654950589,-0.00963245575985638,0.529202044708654,0.287712738011032
"sub-117",6,0,1,0.31252,0,0,1,2,0.507912132539786,-0.000361071580469056,0.198011184091835,0.347765206592157
"sub-117",10,0,1,0.32482,0,0,1,2,0.374493318454673,0.243166361624996,0.655237196110344,0.105911768041551
"sub-117",3,0,1,0.32572,0,0,1,2,0.304857628963267,0.594975288405463,0.357312973860341,-0.128107763221487
"sub-117",8,0,1,0.27833,0,0,1,2,-0.163185570854694,0.242569479522192,-0.565727144499154,-0.29799856543541
"sub-117",8,0,1,0.37768,0,0,1,2,0.0775869587475124,-0.107102030198331,-0.434470358333783,0.712305494211614
"sub-117",2,0,1,0.5971,1,0,0,2,1.17868309331243,0.372244305951797,0.222439279488754,-0.869836319796741
"sub-117",1,0,0,0.54957,1,0,0,2,0.390194518656547,0.119912093712224,0.393277933127441,-0.54689458576031
"sub-117",1,0,0,0.33557,1,0,0,2,-0.0211442549092074,0.301742936484516,-0.00133614987134933,-1.12349166129716
"sub-117",1,0,0,0.35282,1,0,0,2,0.677329958377716,0.636526824588482,0.1698820789267,-0.607402301207185
"sub-117",1,0,0,1.0002,1,0,0,2,0.582427821403447,0.277971010379217,-0.125587055071568,-0.400760280045506
"sub-117",6,0,1,0.317,1,0,0,2,0.209823925125723,-0.0829533104681306,-0.380790006136522,-0.36354751392646
"sub-117",10,0,1,0.43415,1,0,0,2,-0.000742679733472566,-0.0368318494961218,0.155273929178899,-0.0597333016288758
"sub-117",3,0,1,0.38565,1,0,0,2,0.149981569556985,0.718812023755163,0.343010662065353,1.48826447324827
"sub-117",5,0,1,0.49074,1,1,1,2,0.464711792689438,-0.912987795742487,-0.376498197554611,0.203879371634685
"sub-117",10,0,1,0.31995,1,1,1,2,0.12175812220327,-0.516594139928067,-0.568715260529037,-0.213162945595104
"sub-117",1,0,0,0.37002,1,1,1,2,-0.119417688964556,0.352161111241138,0.297237037487018,-0.217406930122524
"sub-117",9,0,1,0.3033,1,1,1,2,-0.528622868315627,-0.259513779819288,0.416725777951797,0.281702861672966
"sub-117",10,0,1,0.28479,1,1,1,2,0.455675859872523,-0.16051942555458,-0.0724489925972496,0.884400990884751
"sub-117",9,0,1,0.571,1,1,1,2,0.72583856076623,0.132702409685374,-0.201963985416417,-0.308631627075374
"sub-117",10,0,1,0.32156,1,1,1,2,0.522750141021485,0.474125237359355,-0.133363414322957,-1.06581039968878
"sub-117",10,0,1,0.48465,1,1,1,2,0.326216247902873,0.612224451335216,0.392681547130148,-0.147578042163514
"sub-117",7,0,1,0.65504,1,0,1,2,0.505811526726272,1.3431800711831,1.29406300373375,1.20498642995954
"sub-117",9,0,1,0.37639,1,0,1,2,0.749356636156639,0.801147944845811,0.066595802961577,0.693086306750774
"sub-117",7,0,1,0.29653,1,0,1,2,1.09549533209065,0.465515224401046,0.244894465256948,1.20761317946017
"sub-117",8,0,1,0.3298,1,0,1,2,1.39598125346432,-0.216838483026044,0.210045952970783,0.912060500122607
"sub-117",10,0,1,0.28267,1,0,1,2,-0.100693779997528,-0.458092619113072,-0.595635992436049,0.658693470992148
"sub-117",1,0,0,0.33494,1,0,1,2,-0.304507252100545,-0.373946191294602,-0.631376753929847,-0.0784294420387596
"sub-117",9,0,1,0.41755,1,0,1,2,-0.327338736659537,0.015592241866721,-0.233611511997879,-0.0516475363750942
"sub-117",5,0,1,0.33461,1,0,1,2,-0.902563531223374,0.485761129349056,0.226965037514068,0.355924115423113
"sub-117",2,0,1,0.58684,0,0,0,2,0.458993621791403,0.162561297235597,0.137935700360686,-0.338528190006036
"sub-117",1,0,0,0.48485,0,0,0,2,0.252442967534686,0.485183484722964,-0.139698993744484,-0.260749685531482
"sub-117",4,0,1,0.28452,0,0,0,2,0.178474993794225,0.475494643949248,-0.128455021263411,-0.637258218228817
"sub-117",4,0,1,0.37169,0,0,0,2,-0.0767180867648373,-0.237118087588223,-0.0607567807116235,-0.689504960272461
"sub-117",9,0,1,0.32029,0,0,0,2,0.381861966568977,-0.24961514259404,0.234254908224102,-0.109570343606174
"sub-117",3,0,1,0.47128,0,0,0,2,1.58560959560176,0.124289363079394,0.995181145107684,-0.425622293166816
"sub-117",1,0,0,0.52293,0,0,0,2,1.37855976788948,-0.0264156044771274,0.639254267793149,-0.99255852419883
"sub-117",6,0,1,1.17406,0,0,0,2,0.693474391242489,0.408211473196624,0.770196198214156,0.210766697197687
"sub-117",7,0,1,0.6057,1,0,1,2,0.649107741230788,-0.520509002644017,-0.412547690949092,0.551374734565616
"sub-117",8,0,1,0.85364,1,0,1,2,0.491134822252207,0.156872763160478,0.379015347066646,0.106506065605208
"sub-117",8,0,1,0.60154,1,0,1,2,-0.120552167121787,0.251969636159225,0.0136631735755752,-0.0199027582071722
"sub-117",9,0,1,0.36837,1,0,1,2,-0.163391433500995,0.0509395758379941,0.152951473569071,1.38102076593786
"sub-117",3,0,1,0.22008,1,0,1,2,0.315438780293334,0.404064186400285,0.586845152157669,1.42390270102769
"sub-117",6,0,1,0.02176,1,0,1,2,-0.144301347900182,0.727476008374382,-0.0269674464749793,-0.639648961089551
"sub-117",9,0,1,0.39011,1,0,1,2,-0.210915230331011,0.377607469498697,-0.104078365218205,-0.305617502424866
"sub-117",10,0,1,0.37525,1,0,1,2,0.493126253645945,0.434773033208869,0.20364890784064,-0.138203022169182
"sub-117",10,0,1,0.37741,1,0,0,2,0.19824363787969,-0.346603918751633,-0.338597426519603,0.676695899353945
"sub-117",4,0,1,0.34298,1,0,0,2,0.276646061451174,0.382473810041254,0.391266765305772,1.2817829310894
"sub-117",3,0,1,0.29315,1,0,0,2,0.154112225243201,-0.368340429125561,0.333442303196837,1.47083099335432
"sub-117",3,0,1,0.29551,1,0,0,2,0.272128758932619,-0.102903149884056,-0.379274563592238,0.515199697646312
"sub-117",2,0,1,0.34277,1,0,0,2,0.53420940367505,0.9373866547313,-0.0599215495555351,-0.131489716749638
"sub-117",4,0,1,0.27366,1,0,0,2,0.668538853526115,0.665928958535746,0.624750623557096,-0.338997264858335
"sub-117",5,0,1,0.34033,1,0,0,2,0.559407674707472,-0.206424578299953,-0.119552671288451,-1.17964370383415
"sub-117",2,0,1,0.40748,1,0,0,2,0.56361538808172,0.263073795061145,-0.0185158897268896,-1.54507936296286
"sub-117",9,0,1,0.55422,1,1,1,2,0.357576962249974,-0.133294901810586,0.817952262548109,-0.560840893199202
"sub-117",9,0,1,0.37289,1,1,1,2,-0.15118930618822,0.332545872549181,1.41369908178846,0.741816538339481
"sub-117",9,0,1,0.29117,1,1,1,2,-0.0084497828502208,0.304053864683266,0.582994499166186,1.07603954887018
"sub-117",7,0,1,0.31302,1,1,1,2,0.103873365325853,0.123888389448877,0.502101469620053,0.308673196891323
"sub-117",7,0,1,0.31011,1,1,1,2,0.324680173614373,0.306887273952641,0.411195655993652,0.642977735004388
"sub-117",5,0,1,0.30661,1,1,1,2,1.07969961928514,0.144222453370242,0.31126369042128,0.981888864934444
"sub-117",10,0,1,0.27188,1,1,1,2,0.269849392449639,-0.101336406440371,0.161159591865726,0.674877575132996
"sub-117",1,0,0,0.32297,1,1,1,2,0.30225119786337,-0.212536634152962,-0.288638227813256,-0.232225034711882
"sub-117",2,0,1,0.40385,1,1,0,2,0.0797192551350842,-0.268229139442728,-0.130108492293706,0.0686411929316819
"sub-117",4,0,1,0.44044,1,1,0,2,0.0530847933502325,0.375383362743176,0.576563865567247,0.361375369876623
"sub-117",9,0,1,0.25761,1,1,0,2,0.457022689321699,0.900793751080831,0.750017524929717,0.461252898123348
"sub-117",1,0,0,0.35516,1,1,0,2,0.172563348120699,-0.037776369670475,-0.334030303327988,-0.452251827577129
"sub-117",4,0,1,0.33912,1,1,0,2,0.167625156308835,0.137249924233873,-0.254137756574589,0.150726179056801
"sub-117",2,0,1,0.33595,1,1,0,2,0.237738670237983,0.0687320837751031,-0.33143967333793,-0.284378387033939
"sub-117",2,0,1,0.3205,1,1,0,2,0.0014171179694434,0.0489005875790975,-0.26929497744762,-0.256212552235229
"sub-117",5,0,1,0.33725,1,1,0,2,0.229457907887991,0.575687023207407,0.266618118621409,0.129483947250992
"sub-118",10,0,1,1.90067,0,0,1,1,0.469785819237586,-0.00198430957755557,-0.132924093612625,0.612951366545167
"sub-118",6,0,1,1.82321,0,0,1,1,0.385256294975989,0.12852890009095,-0.326517358344669,0.522340615466237
"sub-118",7,0,1,0.74941,0,0,1,1,-0.104176660417579,-0.0111181386573999,0.615795160449731,0.293266881536692
"sub-118",1,0,0,0.60799,0,0,1,1,-0.517449974354046,-0.00543972767923993,0.402081245711694,-0.493079172121361
"sub-118",10,0,1,0.4755,0,0,1,1,-0.481234666076489,-0.298241633766641,0.299392904931058,-0.206386772618862
"sub-118",8,0,0,1.75303,0,0,1,1,-0.106911978994807,-0.253974685859349,-0.562657261713563,-0.0104130153544247
"sub-118",8,0,1,0.65543,0,0,1,1,-0.0410851471630546,-0.0353505181976491,-0.39060005689195,-0.119281234638765
"sub-118",7,0,0,0.68874,0,0,1,1,0.307115277353053,-0.527825705965774,-0.226604335524219,-0.0945741190575063
"sub-118",7,0,0,0.85234,0,0,0,1,-0.0273853130638599,0.0797957555839309,-0.34250190271996,0.267920218664221
"sub-118",1,0,0,0.57814,0,0,0,1,0.0823070577365191,-0.29656296373664,0.0343705153403183,-0.217252623138484
"sub-118",3,0,0,0.81281,0,0,0,1,-0.343192919623107,0.131022874058949,0.10259297589073,-0.0559898551553488
"sub-118",5,0,0,0.40834,0,0,0,1,-0.39343996408085,0.455294456031104,-0.141002441901946,0.157353726279689
"sub-118",2,0,0,0.31093,0,0,0,1,-0.0468926683533937,-0.054429785589929,-0.233016707158337,-0.266548384074122
"sub-118",2,0,1,0.27423,0,0,0,1,-0.251544295344502,-0.466099865493123,-1.03693079583657,-0.645970356231555
"sub-118",2,0,1,0.36111,0,0,0,1,-0.296793618937954,0.184833462177603,-1.10126951600735,-0.474071260355413
"sub-118",3,0,1,0.32818,0,0,0,1,0.380755917169154,0.515776139671086,-0.401078037190018,0.188926679175347
"sub-118",10,0,1,0.80454,1,0,1,1,-0.247627689852379,0.08681073084396,0.0163708691640447,0.542127300705761
"sub-118",7,0,1,0.43932,1,0,1,1,-0.274745346745476,0.0351028349940424,0.0734274544908355,0.976487514097244
"sub-118",8,0,1,0.2955,1,0,1,1,-0.622599124675617,0.175715766985107,0.177803999705551,0.179846199322492
"sub-118",10,0,1,0.0253300000000001,1,0,1,1,-0.393994854025853,0.169845974004905,0.108498375382624,0.135867887595668
"sub-118",5,0,0,0.51282,1,0,1,1,-0.0360930485961338,0.255519520094687,0.0386637869911889,0.623977373028174
"sub-118",9,0,1,0.46775,1,0,1,1,0.150042793092628,-0.1091900460629,0.310371370210002,0.526484131254256
"sub-118",2,0,0,0.32366,1,0,1,1,0.593092605335793,-0.729933066526428,-0.0103810323635116,-0.458250364480773
"sub-118",9,0,1,0.02441,1,0,1,1,0.265564440128704,0.0484786458589413,-0.166092393337749,-0.331507232307922
"sub-118",5,0,1,0.36212,1,0,0,1,0.202181937949111,-0.923773427942285,0.0798007347912062,0.29521871691104
"sub-118",3,0,0,0.52105,1,0,0,1,0.118250258654977,-0.424947781393442,0.0701136496694138,-0.407170264609158
"sub-118",3,0,0,0.35391,1,0,0,1,0.238191357891386,0.319952505330245,0.167772197940697,-0.0617744452320039
"sub-118",9,0,1,0.35949,1,0,0,1,-0.104038870582978,0.643443394900748,1.0457234357018,0.520459138858132
"sub-118",3,0,0,0.43607,1,0,0,1,-0.723608757388623,0.43911712706365,0.922959129791707,0.496455751283793
"sub-118",3,0,0,0.4609,1,0,0,1,-0.661952219526332,0.709633104227207,-0.00368396565318108,-0.0479224856942892
"sub-118",4,0,0,0.33694,1,0,0,1,-0.161656012875028,0.421963777013675,-0.981934721387612,-0.177419461030513
"sub-118",1,0,0,0.29411,1,0,0,1,-0.406931618577801,-0.430462870445033,-1.554460850001,-0.413423741236329
"sub-118",8,0,1,0.53967,1,1,1,1,0.327829693094827,0.0507724615659013,-0.539053805172443,-0.106552214454859
"sub-118",8,0,1,0.32627,1,1,1,1,-0.137208858524294,-0.0205896082668376,-0.91916599838684,-0.0883600862696767
"sub-118",5,0,1,0.4805,1,1,1,1,-0.0319240579071144,0.0767855651469694,-0.502747660968453,0.339397743158042
"sub-118",9,0,1,0.30064,1,1,1,1,0.478456207473452,0.366524888409509,0.340843003243208,0.599546410981566
"sub-118",9,0,1,0.30264,1,1,1,1,0.319724623424311,0.178288244556084,0.0652008124161512,0.52286982149817
"sub-118",8,0,1,0.34329,1,1,1,1,0.318135060369968,0.477322238393956,0.386121288232971,1.08148893490434
"sub-118",4,0,0,0.44898,1,1,1,1,0.365536238299683,0.336672448139224,0.847255698846614,1.21230737455189
"sub-118",7,0,0,0.49146,1,1,1,1,0.0521098690514918,0.169577486192187,0.202698873142557,0.837772756442428
"sub-118",3,0,0,0.64704,1,0,0,1,0.152016855388259,-0.506064209444621,-0.596695375512354,-0.390891675744206
"sub-118",4,0,0,0.22476,1,0,0,1,0.243124010807757,0.0915894866231139,0.00400506351919224,0.11882476657629
"sub-118",10,0,1,0.24422,1,0,0,1,0.329742460239989,0.255636848060897,0.994443343564247,0.374691600492224
"sub-118",6,0,1,0.3603,1,0,0,1,0.201315638919671,-0.0286594806583943,0.959879138351729,0.431601041788235
"sub-118",3,0,0,0.31459,1,0,0,1,0.314703873979549,0.481362681973864,0.495086495531723,0.941031889803708
"sub-118",3,0,1,0.0245599999999999,1,0,0,1,-1.29385913621324,-1.31044778248502,-1.45852704718709,-1.38280930392211
"sub-118",4,0,0,0.51689,1,0,0,1,-2.35338470328134,-0.657489184600612,-1.59468589924897,-1.65961969252676
"sub-118",3,0,0,0.33559,1,0,0,1,-1.63003318376529,0.140426525639163,-0.45239285948143,-0.323961443081498
"sub-118",1,0,0,0.35515,1,1,1,1,-0.237101055836926,0.565573419547743,-0.84773653668041,0.286446618055925
"sub-118",9,0,0,0.0242500000000001,1,1,1,1,-0.108716944154973,-0.0511385765340593,-1.04102839349071,-0.100555950822309
"sub-118",6,0,1,0.31651,1,1,1,1,-0.322367898867621,-0.260193175084337,-0.295995069357256,-0.473237287485972
"sub-118",10,0,1,0.38519,1,1,1,1,0.722051117879649,-0.254495189801134,0.254889321203033,-0.366133812814951
"sub-118",9,0,1,0.9137,1,1,1,1,1.51237170770764,-0.442623066267482,0.384407215518877,0.523231866955757
"sub-118",7,0,1,0.29975,1,1,1,1,0.595902427293671,-0.768846944369014,-0.0137085341460382,0.943040779489092
"sub-118",10,0,1,0.28525,1,1,1,1,0.173418642385514,-0.231883879957928,-0.378199835075065,0.858925418404397
"sub-118",9,0,1,0.34169,1,1,1,1,0.440931611189929,-0.197636377773489,0.702607063227333,0.727455627545714
"sub-118",1,0,0,0.35126,1,0,1,1,-0.575213900097879,0.40638254472503,-0.506780131409566,0.0827585982391611
"sub-118",6,0,1,0.38037,1,0,1,1,-0.279395119131853,0.263389649076594,0.350768683778976,0.563108771946281
"sub-118",10,0,1,0.30442,1,0,1,1,-0.44286908985426,0.125495384412783,0.415806634894883,0.363606130878907
"sub-118",8,0,1,0.34466,1,0,1,1,-0.63998615470094,-0.235917359176609,0.256472451301912,0.913038464076817
"sub-118",9,0,1,0.41511,1,0,1,1,-0.420032800796131,-0.166218522936106,0.365065230056643,1.41797142252326
"sub-118",9,0,1,0.28772,1,0,1,1,-0.82772467751056,0.643325865268707,-0.301648169367885,-0.808581043430604
"sub-118",7,0,1,0.51588,1,0,1,1,-0.718366336931164,-0.0164973293776038,-0.472955272249237,-0.832277743704617
"sub-118",10,0,1,0.45146,1,0,1,1,0.686109286771777,-0.00766969665333077,0.016337632201612,-0.639343761824421
"sub-118",2,0,0,0.30678,1,1,0,1,0.640664195331434,-0.180373219376499,-0.601475986419246,0.498461319242779
"sub-118",6,0,0,0.52253,1,1,0,1,-0.271482956285278,-0.207191662121288,-0.671634653816,0.0435708503006026
"sub-118",4,0,1,0.90396,1,1,0,1,-0.564050228528989,-0.0926088373763142,0.156778900457236,0.111012695869431
"sub-118",1,0,0,0.3749,1,1,0,1,0.04595355472217,-0.71811343367315,-0.682120832129537,-0.241453221812844
"sub-118",9,0,0,0.02366,1,1,0,1,-0.187542992061935,-0.184519190341234,-0.990901787066832,0.203764913184568
"sub-118",1,0,1,0.38369,1,1,0,1,-0.379437586709779,-0.193679222198962,-0.192116412955026,0.812925308151171
"sub-118",4,0,1,0.33121,1,1,0,1,-0.466103384814536,0.838122396281472,0.733957771250668,0.356930308509618
"sub-118",4,0,1,0.0321800000000001,1,1,0,1,-0.0504711791096876,1.1757228963629,0.414147388539277,-0.301955413259566
"sub-118",7,0,1,1.01865,0,0,1,2,1.01835723295032,0.52264231160559,-0.274572108115535,0.351005851849914
"sub-118",5,0,1,0.39435,0,0,1,2,0.0116255016376575,0.215643400895513,0.260112728841098,0.127825582155492
"sub-118",1,0,1,0.32816,0,0,1,2,0.206240843050182,-0.0747630260022426,-0.0223542566139561,-0.628696142905392
"sub-118",9,0,1,0.53088,0,0,1,2,0.120140463336914,-0.388518046691186,-0.577800151639773,0.0315631590783596
"sub-118",10,0,1,0.33836,0,0,1,2,0.0497354698212196,-0.278174659220019,0.411802398428942,-0.32040419713594
"sub-118",7,0,1,0.35297,0,0,1,2,-0.689480522880331,-0.370321334063731,0.219055445680472,-0.629171888250858
"sub-118",10,0,1,0.37318,0,0,1,2,-0.207695340640688,-0.368721122842679,0.0974259253319663,0.123873358406126
"sub-118",10,0,1,0.34577,0,0,1,2,0.436808059069638,0.179889093256659,1.19552602339536,0.71657245401293
"sub-118",4,0,0,0.6541,0,0,0,2,-0.124640693422407,-0.182626781985164,-0.494102216570658,-0.226094690989703
"sub-118",5,0,1,0.43643,0,0,0,2,-0.305294372917463,0.162080399554085,-0.519103852139475,-0.615510521862234
"sub-118",2,0,1,0.0323800000000001,0,0,0,2,-0.370944486659331,0.40095771804314,0.0387061644966404,-0.132119394419715
"sub-118",1,0,1,0.4195,0,0,0,2,-0.300511754273127,0.0457721769257828,0.5043213123087,-0.387323504127562
"sub-118",2,0,1,0.46734,0,0,0,2,-0.694580551159258,-0.205339732165966,0.0310941264033318,-0.553033868782222
"sub-118",3,0,1,0.40299,0,0,0,2,-0.525803203131848,0.21823108492902,0.142436162723849,-0.329856520006433
"sub-118",4,0,1,0.3482,0,0,0,2,-0.757912970458468,0.216903033700806,0.0116613712161779,-0.254774625878781
"sub-118",10,0,1,0.3726,0,0,0,2,-0.223019111785106,0.662630491424352,0.142958107144902,0.200115024065599
"sub-118",4,0,1,0.3549,1,0,0,2,-0.519406551728025,-0.156465590690021,-1.02398522151634,-0.903350637760013
"sub-118",1,0,1,0.35757,1,0,0,2,0.455083853953208,-0.313249432240371,-0.156052342305581,-0.471027720626444
"sub-118",9,0,1,0.31019,1,0,0,2,0.79522026120685,-0.461038292420131,0.0618193685077131,0.613561719842255
"sub-118",1,0,1,0.33579,1,0,0,2,0.807040670731415,-0.250695052720537,0.192081177063907,0.332466222532094
"sub-118",3,0,1,0.3936,1,0,0,2,0.473486528111001,0.170846616780316,0.301475563513425,-0.161644800938666
"sub-118",5,0,1,0.58152,1,0,0,2,0.119910686897735,-0.250595578992808,-0.156213718718694,-0.376163247600198
"sub-118",4,0,1,0.3661,1,0,0,2,-0.0247775998723228,-0.016662256050579,0.6109643870271,0.524630175787024
"sub-118",3,0,1,0.55735,1,0,0,2,-0.161616617619681,-0.188857761901562,-0.209941756407109,-0.203265202604234
"sub-118",7,0,1,0.41431,0,0,1,2,0.416649289894849,-0.613088135228113,-0.538535516476259,-0.596127773635089
"sub-118",4,0,1,0.02996,0,0,1,2,0.82500498148147,0.0723055250494292,-0.251845788404656,-0.288392223604023
"sub-118",9,0,1,0.11471,0,0,1,2,0.109493084445906,0.0992163972308238,-0.0486239874638462,-0.445004073577002
"sub-118",7,0,1,0.31923,0,0,1,2,0.345364949508318,-0.0472858825491534,0.253952253648701,-0.0523970128037035
"sub-118",5,0,1,0.34719,0,0,1,2,0.395284740875165,0.343721265829151,0.678985682316124,0.429276530793868
"sub-118",10,0,1,0.48567,0,0,1,2,-0.201435223212078,0.0618947988410515,0.705118732138847,0.347607159474865
"sub-118",8,0,1,0.87282,0,0,1,2,-0.35701278145037,-0.0891220074974828,0.56270080509906,0.710967527143657
"sub-118",7,0,1,0.32036,0,0,1,2,-0.29628112934491,0.470466808438586,0.465370775510867,0.487979563139379
"sub-118",2,0,1,0.55281,1,1,0,2,-0.0449152297223918,-0.216554679692274,0.0798661174873511,-0.920807367190719
"sub-118",8,0,1,0.35857,1,1,0,2,-0.622816449797635,-0.270773664634261,-0.416080374270678,-0.54148136684671
"sub-118",1,0,1,0.38493,1,1,0,2,-0.902076876023784,-0.106158350790523,-0.0734444693856252,0.37604069611989
"sub-118",1,0,1,0.64629,1,1,0,2,-0.0418092535498242,0.0323134077092012,0.113509589214421,-0.175393758271821
"sub-118",3,0,1,0.21448,1,1,0,2,-0.284850043264062,-0.555384355355744,-0.694947772581751,-0.926780005451292
"sub-118",4,0,1,0.0286599999999999,1,1,0,2,0.00552294341226419,-0.165179163558167,-0.49124291104575,-0.958777131768875
"sub-118",5,0,1,0.01973,1,1,0,2,-0.166077476557499,-0.0751416020923191,0.149861647145978,-0.605641103861853
"sub-118",3,0,1,0.25367,1,1,0,2,-0.546227273989643,0.0990700941808798,0.147289677755907,-0.447381769865751
"sub-118",10,0,1,0.29753,1,1,1,2,0.0471096554926286,-0.532021949740334,-0.403938043202894,-0.250931660388596
"sub-118",10,0,1,0.43238,1,1,1,2,-0.0665498037512104,0.174156037780146,0.234806065214798,0.862124656233937
"sub-118",8,0,1,0.29747,1,1,1,2,-0.576400838348491,0.00924250142027934,-0.213352575718697,0.443457230599597
"sub-118",1,0,1,0.37663,1,1,1,2,-0.560584826705356,-0.0152159978428649,0.0161906428014239,-0.0746386849321425
"sub-118",7,0,1,0.46243,1,1,1,2,-0.295404984499328,-0.328023144940811,0.0119193277399366,0.0919631166383624
"sub-118",9,0,1,0.28533,1,1,1,2,0.369965284713544,-0.0397815381659678,-0.198087976605166,-0.00032938250224106
"sub-118",5,0,1,0.8913,1,1,1,2,0.805565434585636,0.210527956934163,0.105886855356706,0.217962546646595
"sub-118",10,0,1,0.54421,1,1,1,2,0.925995005411096,0.425306123215705,0.571522233930106,0.0804591882741079
"sub-118",1,0,1,0.22362,1,1,0,2,-0.390456548901663,0.174982414287687,-0.5088296472483,-0.529371684463695
"sub-118",3,0,1,0.01915,1,1,0,2,0.481264711551679,0.0877497083059064,-0.160817438838421,-0.773660265095532
"sub-118",2,0,0,0.0168699999999999,1,1,0,2,0.771480548855228,-0.119725975035517,0.221857778708606,-0.158097212602161
"sub-118",4,0,0,0.02983,1,1,0,2,0.387384127844901,0.0299610072419185,0.642239612992853,0.640948094055057
"sub-118",3,0,0,0.0177700000000001,1,1,0,2,0.103238814694729,0.317975199410554,0.550521452755978,0.204634399805218
"sub-118",7,0,1,0.02162,1,1,0,2,0.158904364022116,0.101773255573655,-0.349585119712477,-0.0640387967694551
"sub-118",6,0,1,0.11477,1,1,0,2,-0.285362981531459,-0.0225585809805327,0.300705742276477,0.180104210274294
"sub-118",1,0,1,0.0286900000000001,1,1,0,2,-0.0184756863939886,-0.112244087202405,0.537778280151997,0.0303390905726701
"sub-118",10,0,1,0.29904,1,0,1,2,0.105061577788244,0.326484318201741,-0.0788114774040878,-0.645074715651572
"sub-118",7,0,1,0.12162,1,0,1,2,-0.396643918007612,0.0128187339890886,-0.918658659114347,-0.178917327849194
"sub-118",7,0,1,0.02182,1,0,1,2,-0.145224082438896,0.440625604414554,-0.494047983006264,0.83235465567559
"sub-118",10,0,0,0.0301,1,0,1,2,-0.714375050117572,-1.07844814837531,-1.42275736154988,-1.23221980873495
"sub-118",4,0,1,0.01905,1,0,1,2,-0.837313819676638,-0.773034802465527,-0.975814176024869,-1.23836459591985
"sub-118",7,0,1,0.0244599999999999,1,0,1,2,-0.69609756738646,0.028710834785468,-0.43635214989384,-0.849525641277432
"sub-118",8,0,1,0.0324500000000001,1,0,1,2,-0.358746294417263,0.404509770614957,0.0540335644812634,-0.581206928938627
"sub-118",5,0,0,0.0246,1,0,1,2,-0.00543491759647926,0.304923457110784,-0.120217122215157,-0.160431868210435
"sub-118",3,0,1,0.20226,0,0,0,2,0.294595755869523,0.358269613995044,0.641126330010593,0.216130408155732
"sub-118",4,0,1,0.0240899999999999,0,0,0,2,-0.247645694801273,-0.603932479189502,-0.516160548664629,-0.252757751196623
"sub-118",3,0,1,0.32266,0,0,0,2,-1.28743999728855,-0.808843009932726,-0.389193792322961,-0.756219110731035
"sub-118",3,0,1,0.30254,0,0,0,2,-0.646470333992814,0.319170809385401,-0.0162789665725237,0.0123319426056696
"sub-118",9,0,1,0.25165,0,0,0,2,0.305047652684152,0.0517726392243747,0.148934615077451,0.115743350237608
"sub-118",1,0,1,0.55166,0,0,0,2,0.294861353914409,-0.271312190564694,-0.564114448148757,0.377917322702706
"sub-118",6,0,1,0.0199400000000001,0,0,0,2,-0.062463413438915,-0.219954659265501,-0.798490259175499,-0.180026395618916
"sub-118",1,0,0,0.02346,0,0,0,2,-0.258065643099447,-0.122196865147325,0.0397524926811457,0.0424538464285433
"sub-120",4,0,0,0.32117,1,1,0,1,NA,NA,NA,NA
"sub-120",8,0,1,0.0278799999999999,1,1,0,1,NA,NA,NA,NA
"sub-120",3,0,0,0.2679,1,1,0,1,NA,NA,NA,NA
"sub-120",3,0,0,0.2747,1,1,0,1,NA,NA,NA,NA
"sub-120",4,0,0,0.0304199999999999,1,1,0,1,NA,NA,NA,NA
"sub-120",3,0,0,0.36987,1,1,0,1,NA,NA,NA,NA
"sub-120",1,0,0,0.0253699999999999,1,1,0,1,NA,NA,NA,NA
"sub-120",5,0,1,0.63191,1,1,0,1,NA,NA,NA,NA
"sub-120",7,0,1,0.24423,0,0,1,1,NA,NA,NA,NA
"sub-120",10,0,1,0.0676699999999999,0,0,1,1,NA,NA,NA,NA
"sub-120",6,0,0,0.02407,0,0,1,1,NA,NA,NA,NA
"sub-120",7,0,0,0.02997,0,0,1,1,NA,NA,NA,NA
"sub-120",10,0,1,0.18631,0,0,1,1,NA,NA,NA,NA
"sub-120",3,0,0,0.25899,0,0,1,1,NA,NA,NA,NA
"sub-120",7,0,1,0.13157,0,0,1,1,NA,NA,NA,NA
"sub-120",8,0,1,0.33748,0,0,1,1,NA,NA,NA,NA
"sub-120",2,0,0,0.01844,1,1,1,1,NA,NA,NA,NA
"sub-120",10,0,1,0.02417,1,1,1,1,NA,NA,NA,NA
"sub-120",6,0,0,0.29843,1,1,1,1,NA,NA,NA,NA
"sub-120",8,0,1,0.10562,1,1,1,1,NA,NA,NA,NA
"sub-120",8,0,1,0.0276000000000001,1,1,1,1,NA,NA,NA,NA
"sub-120",9,0,1,0.21726,1,1,1,1,NA,NA,NA,NA
"sub-120",9,0,1,0.48993,1,1,1,1,NA,NA,NA,NA
"sub-120",9,0,1,0.17903,1,1,1,1,NA,NA,NA,NA
"sub-120",3,0,0,0.0565800000000001,1,0,0,1,NA,NA,NA,NA
"sub-120",6,0,0,0.29752,1,0,0,1,NA,NA,NA,NA
"sub-120",1,0,0,0.0206999999999999,1,0,0,1,NA,NA,NA,NA
"sub-120",4,0,0,0.0264200000000001,1,0,0,1,NA,NA,NA,NA
"sub-120",1,0,0,0.0325599999999999,1,0,0,1,NA,NA,NA,NA
"sub-120",7,0,1,0.23977,1,0,0,1,NA,NA,NA,NA
"sub-120",4,0,0,0.0285899999999999,1,0,0,1,NA,NA,NA,NA
"sub-120",4,0,0,0.35163,1,0,0,1,NA,NA,NA,NA
"sub-120",4,0,0,0.0308200000000001,1,1,0,1,NA,NA,NA,NA
"sub-120",2,0,0,0.27272,1,1,0,1,NA,NA,NA,NA
"sub-120",2,0,0,0.0450900000000001,1,1,0,1,NA,NA,NA,NA
"sub-120",3,0,0,0.65165,1,1,0,1,NA,NA,NA,NA
"sub-120",3,0,1,0.0235000000000001,1,1,0,1,NA,NA,NA,NA
"sub-120",8,0,1,0.02911,1,1,0,1,NA,NA,NA,NA
"sub-120",5,0,0,0.0184899999999999,1,1,0,1,NA,NA,NA,NA
"sub-120",1,0,0,0.0240899999999999,1,1,0,1,NA,NA,NA,NA
"sub-120",9,0,1,0.03315,0,0,0,1,NA,NA,NA,NA
"sub-120",5,0,1,0.29454,0,0,0,1,NA,NA,NA,NA
"sub-120",4,0,0,0.18359,0,0,0,1,NA,NA,NA,NA
"sub-120",4,0,0,0.0227299999999999,0,0,0,1,NA,NA,NA,NA
"sub-120",4,0,0,0.26218,0,0,0,1,NA,NA,NA,NA
"sub-120",4,0,0,0.30158,0,0,0,1,NA,NA,NA,NA
"sub-120",1,0,0,0.42414,0,0,0,1,NA,NA,NA,NA
"sub-120",2,0,0,0.28106,0,0,0,1,NA,NA,NA,NA
"sub-120",5,0,1,0.26306,1,0,1,1,NA,NA,NA,NA
"sub-120",2,0,0,0.38619,1,0,1,1,NA,NA,NA,NA
"sub-120",9,0,1,0.57665,1,0,1,1,NA,NA,NA,NA
"sub-120",9,0,1,0.73252,1,0,1,1,NA,NA,NA,NA
"sub-120",10,0,1,0.12132,1,0,1,1,NA,NA,NA,NA
"sub-120",8,0,1,0.0269699999999999,1,0,1,1,NA,NA,NA,NA
"sub-120",7,0,1,0.03291,1,0,1,1,NA,NA,NA,NA
"sub-120",10,0,1,0.0232699999999999,1,0,1,1,NA,NA,NA,NA
"sub-120",5,0,1,0.3354,0,0,0,1,NA,NA,NA,NA
"sub-120",10,0,1,0.6093,0,0,0,1,NA,NA,NA,NA
"sub-120",4,0,0,0.03087,0,0,0,1,NA,NA,NA,NA
"sub-120",3,0,0,0.02128,0,0,0,1,NA,NA,NA,NA
"sub-120",1,0,0,0.34433,0,0,0,1,NA,NA,NA,NA
"sub-120",2,0,0,0.01738,0,0,0,1,NA,NA,NA,NA
"sub-120",1,0,0,0.3415,0,0,0,1,NA,NA,NA,NA
"sub-120",3,0,0,0.83096,0,0,0,1,NA,NA,NA,NA
"sub-120",7,0,1,0.03044,0,0,0,1,NA,NA,NA,NA
"sub-120",6,0,1,0.0198700000000001,0,0,0,1,NA,NA,NA,NA
"sub-120",10,0,1,0.20932,0,0,0,1,NA,NA,NA,NA
"sub-120",2,0,0,0.28228,0,0,0,1,NA,NA,NA,NA
"sub-120",8,0,1,0.0220400000000001,0,0,0,1,NA,NA,NA,NA
"sub-120",9,0,1,0.0280800000000001,0,0,0,1,NA,NA,NA,NA
"sub-120",10,0,1,0.01718,0,0,0,1,NA,NA,NA,NA
"sub-120",7,0,1,0.02424,0,0,0,1,NA,NA,NA,NA
"sub-120",9,0,1,0.24362,1,0,1,2,NA,NA,NA,NA
"sub-120",10,0,1,0.26602,1,0,1,2,NA,NA,NA,NA
"sub-120",8,0,1,0.02383,1,0,1,2,NA,NA,NA,NA
"sub-120",4,0,0,0.0296099999999999,1,0,1,2,NA,NA,NA,NA
"sub-120",6,0,0,0.01864,1,0,1,2,NA,NA,NA,NA
"sub-120",8,0,1,0.0244899999999999,1,0,1,2,NA,NA,NA,NA
"sub-120",7,0,1,0.0305200000000001,1,0,1,2,NA,NA,NA,NA
"sub-120",8,0,1,0.01976,1,0,1,2,NA,NA,NA,NA
"sub-120",4,0,0,0.0176799999999999,1,1,0,2,NA,NA,NA,NA
"sub-120",1,0,0,0.02599,1,1,0,2,NA,NA,NA,NA
"sub-120",2,0,0,0.032,1,1,0,2,NA,NA,NA,NA
"sub-120",4,0,0,0.17252,1,1,0,2,NA,NA,NA,NA
"sub-120",7,0,1,0.0292600000000001,1,1,0,2,NA,NA,NA,NA
"sub-120",5,0,0,0.01823,1,1,0,2,NA,NA,NA,NA
"sub-120",2,0,0,0.0246,1,1,0,2,NA,NA,NA,NA
"sub-120",2,0,0,0.03009,1,1,0,2,NA,NA,NA,NA
"sub-120",2,0,0,0.02637,1,0,0,2,NA,NA,NA,NA
"sub-120",1,0,0,0.16739,1,0,0,2,NA,NA,NA,NA
"sub-120",6,0,1,0.0228900000000001,1,0,0,2,NA,NA,NA,NA
"sub-120",2,0,0,0.02888,1,0,0,2,NA,NA,NA,NA
"sub-120",1,0,0,0.40194,1,0,0,2,NA,NA,NA,NA
"sub-120",10,0,1,0.24101,1,0,0,2,NA,NA,NA,NA
"sub-120",4,0,0,0.0299100000000001,1,0,0,2,NA,NA,NA,NA
"sub-120",4,0,0,0.01929,1,0,0,2,NA,NA,NA,NA
"sub-120",9,0,1,0.24861,1,0,1,2,NA,NA,NA,NA
"sub-120",9,0,1,0.0209600000000001,1,0,1,2,NA,NA,NA,NA
"sub-120",8,0,1,0.06029,1,0,1,2,NA,NA,NA,NA
"sub-120",10,0,1,0.0328299999999999,1,0,1,2,NA,NA,NA,NA
"sub-120",2,0,0,0.12319,1,0,1,2,NA,NA,NA,NA
"sub-120",6,0,1,0.346,1,0,1,2,NA,NA,NA,NA
"sub-120",9,0,1,0.08527,1,0,1,2,NA,NA,NA,NA
"sub-120",7,0,1,0.02403,1,0,1,2,NA,NA,NA,NA
"sub-120",7,0,1,0.02023,1,1,1,2,NA,NA,NA,NA
"sub-120",8,0,1,0.02728,1,1,1,2,NA,NA,NA,NA
"sub-120",7,0,1,0.03335,1,1,1,2,NA,NA,NA,NA
"sub-120",10,0,1,0.02342,1,1,1,2,NA,NA,NA,NA
"sub-120",3,0,0,0.02962,1,1,1,2,NA,NA,NA,NA
"sub-120",9,0,1,0.01881,1,1,1,2,NA,NA,NA,NA
"sub-120",5,0,0,0.0245500000000001,1,1,1,2,NA,NA,NA,NA
"sub-120",7,0,1,0.03017,1,1,1,2,NA,NA,NA,NA
"sub-120",10,0,1,0.0265299999999999,0,0,1,2,NA,NA,NA,NA
"sub-120",5,0,1,0.21706,0,0,1,2,NA,NA,NA,NA
"sub-120",10,0,0,0.02267,0,0,1,2,NA,NA,NA,NA
"sub-120",9,0,1,0.0285899999999999,0,0,1,2,NA,NA,NA,NA
"sub-120",3,0,0,0.01789,0,0,1,2,NA,NA,NA,NA
"sub-120",10,0,1,0.19182,0,0,1,2,NA,NA,NA,NA
"sub-120",10,0,1,0.0304899999999999,0,0,1,2,NA,NA,NA,NA
"sub-120",7,0,1,0.01996,0,0,1,2,NA,NA,NA,NA
"sub-120",5,0,0,0.38528,1,1,1,2,NA,NA,NA,NA
"sub-120",10,0,1,0.0237700000000001,1,1,1,2,NA,NA,NA,NA
"sub-120",4,0,0,0.71491,1,1,1,2,NA,NA,NA,NA
"sub-120",9,0,1,0.0200400000000001,1,1,1,2,NA,NA,NA,NA
"sub-120",10,0,1,0.0260400000000001,1,1,1,2,NA,NA,NA,NA
"sub-120",9,0,1,0.03196,1,1,1,2,NA,NA,NA,NA
"sub-120",10,0,1,0.02233,1,1,1,2,NA,NA,NA,NA
"sub-120",10,0,1,0.0282,1,1,1,2,NA,NA,NA,NA
"sub-120",2,0,0,0.0261,1,0,0,2,NA,NA,NA,NA
"sub-120",3,0,0,0.48401,1,0,0,2,NA,NA,NA,NA
"sub-120",1,0,0,0.02295,1,0,0,2,NA,NA,NA,NA
"sub-120",5,0,0,0.0285899999999999,1,0,0,2,NA,NA,NA,NA
"sub-120",2,0,0,0.3183,1,0,0,2,NA,NA,NA,NA
"sub-120",1,0,0,0.02363,1,0,0,2,NA,NA,NA,NA
"sub-120",8,0,1,0.0299199999999999,1,0,0,2,NA,NA,NA,NA
"sub-120",2,0,0,0.01892,1,0,0,2,NA,NA,NA,NA
"sub-120",3,0,0,0.03051,0,0,0,2,NA,NA,NA,NA
"sub-120",2,0,0,0.38888,0,0,0,2,NA,NA,NA,NA
"sub-120",6,0,1,0.0276000000000001,0,0,0,2,NA,NA,NA,NA
"sub-120",10,0,1,0.01691,0,0,0,2,NA,NA,NA,NA
"sub-120",1,0,0,0.02389,0,0,0,2,NA,NA,NA,NA
"sub-120",1,0,0,0.02979,0,0,0,2,NA,NA,NA,NA
"sub-120",4,0,0,0.01909,0,0,0,2,NA,NA,NA,NA
"sub-120",2,0,0,0.0249999999999999,0,0,0,2,NA,NA,NA,NA
"sub-121",10,0,1,1.18822,0,0,1,1,0.0069519408668081,0.181509011873492,0.265314102245611,-0.878252073936164
"sub-121",8,0,1,1.04931,0,0,1,1,0.0693164825012597,0.358085261856171,0.26169797370676,-0.745140458433889
"sub-121",7,0,0,0.45751,0,0,1,1,0.318099960238518,0.260888135077915,0.102910159883322,-0.442767104879022
"sub-121",8,0,1,1.29801,0,0,1,1,-0.453202067951982,0.125815407338518,-0.340678713323238,0.348309155507013
"sub-121",5,0,0,0.44592,0,0,1,1,-0.0913543434192737,0.365027996970134,-0.158767441025702,0.256219611177221
"sub-121",9,0,1,0.65999,0,0,1,1,0.32380380652224,-0.117172208752621,-0.181809116038494,-0.724957571667619
"sub-121",3,0,0,0.59605,0,0,1,1,0.170522159712467,0.72263851672135,-0.0993377251628165,-0.35292492446024
"sub-121",8,0,1,0.92944,0,0,1,1,0.650066838444521,0.798765502732109,-0.177128320482249,-0.324693524441682
"sub-121",3,0,0,0.4774,0,0,0,1,-0.678331175508598,-0.528379040806882,-0.240309865601982,-0.0834054624894634
"sub-121",3,0,0,0.41488,0,0,0,1,-0.646564199278752,-0.398455955364086,0.00205350007551412,0.0352748047327623
"sub-121",6,0,0,0.57994,0,0,0,1,0.183366358474207,-0.156337800642682,0.0936166245567923,-0.506509897252545
"sub-121",2,0,0,0.4614,0,0,0,1,0.115274111623876,-0.0296889079941644,0.420424407384417,-0.618737730011344
"sub-121",7,0,1,0.42693,0,0,0,1,0.11549622984603,-0.206035581555355,-0.0220556511412724,-0.300065504526719
"sub-121",2,0,0,0.30607,0,0,0,1,0.595889453785882,0.455255262329485,0.210873956481616,0.383121778443456
"sub-121",3,0,0,0.39166,0,0,0,1,-0.0482552961912006,0.389442256220651,-0.246218485175632,0.601733853667974
"sub-121",2,0,0,0.38609,0,0,0,1,-0.294652549511132,-0.0442673902682684,-0.23141501735275,0.405201437487267
"sub-121",3,0,0,1.17162,1,1,0,1,0.0272230831566655,0.218202942050993,0.112606502293299,-0.356702161207795
"sub-121",2,0,0,0.32863,1,1,0,1,-0.0830702568249156,-0.0358504875804539,0.0500941331847571,-0.242185407690704
"sub-121",2,0,0,0.34237,1,1,0,1,-0.1237141477759,-0.565684323388807,-0.041244269736732,-0.343500273674726
"sub-121",1,0,0,0.45472,1,1,0,1,-0.195865432770612,-0.148962797959232,0.208803344905997,-0.203994996537222
"sub-121",1,0,0,0.0915600000000001,1,1,0,1,-0.290431857380706,0.454986574335231,-0.121432168069684,0.051336654741317
"sub-121",7,0,1,0.38265,1,1,0,1,0.0766259193575631,0.445278951587776,-0.00509624450933188,0.182162688206881
"sub-121",5,0,1,0.37249,1,1,0,1,0.170665273132424,0.707454972486529,0.514351478612904,0.7809884195216
"sub-121",2,0,1,0.75425,1,1,0,1,0.10411270657399,0.794462820170102,0.133888774784282,0.125275092571974
"sub-121",1,0,0,0.27621,1,0,0,1,-0.0596130007567505,-0.633589666009087,0.0448053625489896,-0.155116611719131
"sub-121",3,0,1,0.60738,1,0,0,1,0.191002498012191,0.868323609370876,0.145818546647206,0.0118786589242518
"sub-121",3,0,1,0.35665,1,0,0,1,-0.0664395527758946,0.940234938558812,-0.476717938280975,-0.300220103032188
"sub-121",4,0,0,0.87441,1,0,0,1,-0.0810566036961973,-0.111555534035519,-0.523881090475091,-0.706178432703018
"sub-121",5,0,1,0.35593,1,0,0,1,-0.0655938470736146,-0.374637079283949,-0.384547477723875,-0.987217439338565
"sub-121",10,0,1,0.32264,1,0,0,1,0.341851645789575,-0.813438786221754,-0.194365649328878,-0.845011958666146
"sub-121",3,0,0,0.52092,1,0,0,1,0.675027774181217,-0.372854706348368,-0.0469925107512002,-1.33803957104683
"sub-121",1,0,0,0.37126,1,0,0,1,0.0876329366292339,-0.185634857526532,0.0103049530492475,-0.0758178171294276
"sub-121",7,0,1,0.59822,0,0,1,1,-3.20589557910959e-05,0.740086752852356,0.117120012058876,0.00594015626702458
"sub-121",9,0,1,0.3305,0,0,1,1,0.62222994879509,0.975014508736354,0.00408373295795172,0.492004594253376
"sub-121",8,0,1,0.44765,0,0,1,1,0.0724375213612802,-0.299021714334635,-0.0540540684790661,0.402150550484657
"sub-121",7,0,1,0.40584,0,0,1,1,-0.292403567504759,-0.544497053548521,-0.162488866151155,-0.36830178918317
"sub-121",7,0,1,0.45421,0,0,1,1,-0.0683438426737363,-0.200636338649525,-0.323392836920296,-0.624436076171696
"sub-121",8,0,1,0.45445,0,0,1,1,-0.44912830957522,-0.521339328756935,0.141591939958744,0.583379484061152
"sub-121",5,0,1,0.40996,0,0,1,1,-0.493891375372186,-0.486209894220034,0.0661131488159299,0.28641164698638
"sub-121",2,0,0,0.44201,0,0,1,1,-0.310459192492999,-0.32180321375253,0.327312008555358,-0.957135686092079
"sub-121",5,0,1,0.91499,0,0,0,1,0.32338348372529,-0.307616212646718,0.186370895923271,-0.520382170784796
"sub-121",1,0,0,0.381,0,0,0,1,-0.0225532282929635,-0.0977708532440442,-0.0323647467448609,-0.852724797371775
"sub-121",2,0,0,1.01309,0,0,0,1,-0.389950975387668,-0.00671745046835255,-0.313329528551549,-0.0691889328882098
"sub-121",4,0,0,0.36048,0,0,0,1,-0.516103636977884,0.129986256740435,-0.588627050087477,0.516141627077013
"sub-121",2,0,0,0.0255399999999999,0,0,0,1,-0.209514443219329,-0.155833110489227,-0.245083159767091,-0.380071930680424
"sub-121",7,0,1,0.39264,0,0,0,1,-0.594087041759243,0.251694427596198,0.155444042989984,0.168711757892743
"sub-121",2,0,0,0.38352,0,0,0,1,-0.0817144795243318,0.730842516240146,-0.171857507123301,0.403409999143332
"sub-121",1,0,0,1.0312,0,0,0,1,0.166406302712858,-0.094612425469138,-0.322863550924618,-0.327806523535401
"sub-121",3,0,0,0.61304,1,1,1,1,0.694241402995734,0.687486389993595,-0.22971404006239,-0.894321550335735
"sub-121",9,0,1,0.38597,1,1,1,1,0.684557337061657,0.696080105327484,-0.417231657505909,-0.59922216553241
"sub-121",9,0,1,0.2939,1,1,1,1,0.244490031987273,-0.090257753652555,-0.357346946218361,-1.23758629048243
"sub-121",5,0,1,0.3597,1,1,1,1,-0.0381130187306553,-0.377237293265622,0.0438245730474591,-0.26230004519457
"sub-121",7,0,1,0.3762,1,1,1,1,0.248754057179516,0.0604511924277715,0.374760667022201,0.182549994112924
"sub-121",8,0,1,0.39209,1,1,1,1,0.534943754066868,0.569937391827504,-0.0524199714612526,0.202646159660071
"sub-121",7,0,1,0.37544,1,1,1,1,0.18947372668966,0.388575884513557,-0.355189831684887,0.479691688902676
"sub-121",9,0,1,0.33683,1,1,1,1,0.200632479357106,0.192937356846718,0.249173905778055,0.96051634773612
"sub-121",9,0,1,0.31253,1,0,1,1,-0.66014360031113,-0.188137836685335,-0.279681982472539,-1.64679470174806
"sub-121",10,0,1,0.4331,1,0,1,1,-0.92202459446465,-0.45115236361151,0.187537538741405,-1.51464577335864
"sub-121",1,0,0,0.20961,1,0,1,1,-0.495471384143457,-0.769774186235197,-0.168368455216599,-0.322046890528873
"sub-121",10,0,1,0.2267,1,0,1,1,-0.234534721821547,-1.29898379034259,-0.438478211930487,0.361454574950039
"sub-121",10,0,1,0.31357,1,0,1,1,0.0517570670878437,-0.314885167853424,-0.0937606497512509,0.403046261699637
"sub-121",6,0,1,0.41011,1,0,1,1,-0.0627476578811184,0.152215986823042,0.289313293294981,-0.0156232200097293
"sub-121",7,0,1,0.4118,1,0,1,1,-0.308509533264441,0.113778213901376,0.540894682363917,-0.0454089501872659
"sub-121",9,0,1,0.345,1,0,1,1,0.288609922553102,0.906308893666223,0.801550095124791,0.240436509717256
"sub-121",5,0,1,0.63503,1,1,0,1,0.53546652997223,0.597488054281308,-0.303981400250147,-0.303239714773372
"sub-121",8,0,1,0.45195,1,1,0,1,0.641680016725635,-0.184863222693955,-0.736902643771221,-0.464615356549621
"sub-121",4,0,1,0.50309,1,1,0,1,0.408615184559797,0.103109605437903,-0.82941698965927,-0.5074193055043
"sub-121",1,0,0,0.56626,1,1,0,1,-0.193711834794764,0.609868268033973,-0.269486166573188,0.0734525412321091
"sub-121",1,0,0,0.3631,1,1,0,1,0.337852631385128,-0.185798574652937,0.368666343468552,0.132753265136853
"sub-121",1,0,0,0.40473,1,1,0,1,0.588830314169172,-0.856798609649694,0.272020876873285,-0.411207931069657
"sub-121",1,0,0,0.3962,1,1,0,1,-0.0590961695609925,-0.0439230709992073,-0.505225948135679,-0.81312390442472
"sub-121",4,0,1,0.25999,1,1,0,1,-0.368733458453789,-0.22507417374463,0.0645077612716705,-0.0981412649620324
"sub-121",8,0,1,0.36021,1,1,1,2,0.00916376860792904,0.194395739516174,-0.0549029558897018,-0.549004580632027
"sub-121",8,0,1,0.27247,1,1,1,2,-0.358003269570569,0.349117708702882,0.252023394918069,-0.0645943407551385
"sub-121",8,0,1,0.35877,1,1,1,2,0.109421407978516,0.778752233434244,0.345554856195425,0.241229569911957
"sub-121",8,0,1,0.35793,1,1,1,2,0.643433615875741,0.368892450782436,-0.195542061817832,-0.93284121111501
"sub-121",8,0,1,0.32268,1,1,1,2,0.445847803959623,-0.343607512268203,-0.434868537238799,-1.13213278549956
"sub-121",6,0,1,0.32281,1,1,1,2,-0.0931140732718632,-0.654094257081548,-0.0876655351215353,0.393155155563727
"sub-121",10,0,1,0.33854,1,1,1,2,-0.110728324934219,0.0835281649121532,0.367325862403959,1.29181188289076
"sub-121",1,0,0,0.32108,1,1,1,2,-0.177783388023575,-0.353718171655028,-0.480179637166051,0.425609618518502
"sub-121",1,0,0,0.59483,1,0,0,2,-0.630391120600204,-0.17826778234707,-0.300467472242114,-0.926899110805243
"sub-121",2,0,0,0.27103,1,0,0,2,-0.325847242958844,-0.896324377489725,-0.579386593162781,-0.825598129129503
"sub-121",9,0,1,0.14501,1,0,0,2,0.247788223437965,-0.654988222203597,0.0716662528526892,-0.0369406023062766
"sub-121",2,0,0,0.26232,1,0,0,2,0.65173768933164,-0.130939657092784,-0.186730826894442,-0.58850425016135
"sub-121",2,0,0,0.0250600000000001,1,0,0,2,0.171187787355545,-0.0314472345290361,-0.432124928881725,-0.212440899387002
"sub-121",3,0,0,0.47482,1,0,0,2,-0.189835215530669,0.366120335143663,-0.148517164491447,0.581883317511529
"sub-121",5,0,1,0.28844,1,0,0,2,-0.165548258616279,0.445317144988588,0.17466961730194,0.286097850569058
"sub-121",4,0,1,0.31813,1,0,0,2,-0.0586479204745653,-0.543937845052116,0.359061417097109,-0.450623339787126
"sub-121",4,0,1,0.32346,1,0,1,2,-0.165146266168449,-0.577049328393682,-0.258757144057502,-0.581266239791876
"sub-121",10,0,1,0.3385,1,0,1,2,0.0291126179145067,0.111846657469869,0.100725715514272,-0.201841555256397
"sub-121",8,0,1,0.28795,1,0,1,2,-0.122761144074805,-0.037033384113952,-0.212487639936929,-0.0609021162847057
"sub-121",9,0,1,0.31991,1,0,1,2,-0.289075379492715,0.321550363260839,-0.190722052318354,-0.549937084503472
"sub-121",9,0,1,0.3041,1,0,1,2,0.291574528518443,0.00945650706826537,-0.0820845779186736,-1.39269738201983
"sub-121",8,0,1,0.1203,1,0,1,2,0.0326063309524519,0.117939955589396,0.0364749028813094,-0.427080071168166
"sub-121",10,0,1,0.32033,1,0,1,2,-0.475949682799789,0.21958330080465,0.188487699138932,0.561872453533579
"sub-121",5,0,1,0.33616,1,0,1,2,-0.430619669791971,0.386904084537592,0.0864375960469867,0.873711694637313
"sub-121",1,0,0,0.29235,1,1,0,2,0.338662374357227,-0.48241528308157,-0.338916301106413,0.119543291232549
"sub-121",3,0,0,0.38989,1,1,0,2,0.264919329357023,-0.286301486952989,-0.589381856290856,-0.701264247298241
"sub-121",4,0,1,0.22564,1,1,0,2,0.088791617124419,-0.157922133837861,-0.629189854167635,-0.392631219571922
"sub-121",5,0,1,0.38772,1,1,0,2,0.0407168326449513,0.129184326424298,-0.441667432702767,-0.715060705225915
"sub-121",10,0,1,0.50429,1,1,0,2,0.10926096548792,0.290200887868802,-0.162982073030435,-0.384455640101805
"sub-121",3,0,1,0.90288,1,1,0,2,0.475934463669546,0.366072000038845,0.0941481467646857,-0.994811325520277
"sub-121",3,0,1,0.39762,1,1,0,2,-0.129129157712062,0.513023392004133,-0.410237714104975,-0.215669569279999
"sub-121",1,0,0,0.2827,1,1,0,2,0.169106537825428,-0.939105846677665,-0.748448213523564,-0.504008212126791
"sub-121",9,0,1,0.42215,1,0,0,2,-0.148465410340577,0.639111374608345,0.288949908720194,0.853741366788745
"sub-121",6,0,1,0.28814,1,0,0,2,-0.43498625655775,0.0520025465499472,0.429156249156222,0.240326595399529
"sub-121",4,0,1,0.46638,1,0,0,2,-0.414236564693662,-0.226779109166711,0.317083400829385,-0.699420947267208
"sub-121",2,0,0,0.21748,1,0,0,2,-0.167990128082844,-0.812111451870469,0.21760361289004,-0.560505428351462
"sub-121",2,0,0,0.40945,1,0,0,2,-0.473520961949059,-0.41611846074186,0.18685109137247,-0.296424934733659
"sub-121",2,0,0,0.31156,1,0,0,2,-0.408762902831465,0.226540409994346,0.0876409048214555,0.0850607910600956
"sub-121",1,0,0,0.64676,1,0,0,2,-0.0607511998775105,-0.635781062559949,-0.377075560449157,-0.621355039346963
"sub-121",3,0,0,0.34314,1,0,0,2,0.257520795489351,-0.704858212645545,-0.252897068547706,-0.299947442952543
"sub-121",1,0,0,0.02718,0,0,0,2,0.10439252651607,0.511768173840311,0.276678937176863,-0.443169264541939
"sub-121",1,0,0,0.0204299999999999,0,0,0,2,-0.10682589149413,-0.384291566770386,-0.0243365308657909,-0.442014174442738
"sub-121",2,0,0,0.0171699999999999,0,0,0,2,-0.134570551473492,-0.726462444876907,-0.698317042260896,-0.680978186894208
"sub-121",3,0,0,0.08498,0,0,0,2,0.019153482047841,0.00382602345888261,-0.758421033232783,-0.0695758938847575
"sub-121",4,0,1,0.35092,0,0,0,2,0.306898499916618,0.768445250112563,0.0352027790310482,0.750085580421728
"sub-121",4,0,1,0.33135,0,0,0,2,0.574915393178041,0.0859252795301102,-0.167775868806833,0.94797276519239
"sub-121",9,0,1,0.2813,0,0,0,2,0.387190904157857,-0.621327389359336,-0.289519235724583,-0.716728274151683
"sub-121",6,0,1,0.2114,0,0,0,2,-0.154134889366105,0.365224464417056,-0.0929892567607264,0.0689428261015564
"sub-121",3,0,0,0.26397,1,1,1,2,-0.0247754224110395,0.158233513986623,-1.07670686137863,-0.416478467208799
"sub-121",10,0,1,0.45239,1,1,1,2,-0.577181677882133,0.174555563678344,-0.260892269901281,0.294579468807206
"sub-121",8,0,1,0.26875,1,1,1,2,-0.606039106836154,-0.753519845367582,-0.205079953962316,-0.116859985608608
"sub-121",8,0,1,0.31911,1,1,1,2,-0.371910063918525,-1.14383309410402,0.268363804051963,-0.528904878813773
"sub-121",7,0,1,0.23467,1,1,1,2,-0.225595521119734,-0.0333391882617165,0.460939031404754,0.206826276658103
"sub-121",5,0,1,0.36594,1,1,1,2,0.415937034684854,-0.277430937211547,-0.139951532240957,-0.801238428278884
"sub-121",10,0,1,0.0306500000000001,1,1,1,2,0.0784696604387136,0.109256793813849,-0.172441847719407,-0.867397738061845
"sub-121",7,0,1,0.0987800000000001,1,1,1,2,-0.140577685046689,0.239695236069599,-0.338870135853843,-0.261260339617729
"sub-121",1,0,0,0.19734,1,0,1,2,-0.0296029734696882,0.423660878343475,-0.358528761658818,-0.600961622071918
"sub-121",5,0,1,0.21361,1,0,1,2,0.149142042171055,0.610317512510206,0.274445309303701,0.410335318557918
"sub-121",8,0,1,0.0334700000000001,1,0,1,2,0.367805862411236,0.466904833291968,0.210643575449164,0.000306488946080208
"sub-121",8,0,1,0.0312600000000001,1,0,1,2,0.457996589241956,0.194705339528068,-0.217757385068884,0.443331282259896
"sub-121",10,0,1,0.02776,1,0,1,2,-0.203219694221237,-0.084093351451749,-0.434385646755497,1.00625457428396
"sub-121",7,0,1,0.32999,1,0,1,2,-0.426753530545587,0.00871982820401037,-0.365627244852173,0.978429577709176
"sub-121",8,0,1,0.37699,1,0,1,2,-0.130902365664952,-0.0772362879511935,-0.1563676353544,0.311308194044977
"sub-121",8,0,1,0.3098,1,0,1,2,-0.0311134670240184,-0.221559587762588,-0.0320788026826146,-0.657941920787562
"sub-121",5,0,1,0.37951,0,0,0,2,-0.121860014653066,-0.0179269896061332,-0.148238136355455,-0.701965966133866
"sub-121",7,0,1,0.0216799999999999,0,0,0,2,-0.0123366690046775,-0.323298001730884,-0.32599746932586,-0.0124432367738336
"sub-121",8,0,1,0.0184200000000001,0,0,0,2,0.0971470236545429,-0.395720368458165,0.0845375929493457,0.309425328020006
"sub-121",7,0,1,0.0211699999999999,0,0,0,2,-0.388382374755262,-0.490032238506333,0.176177991520187,-0.375404188456014
"sub-121",8,0,1,0.02176,0,0,0,2,-0.00284284023412814,-0.820531259670302,-0.269365013499434,-0.629295562114567
"sub-121",8,0,1,0.0196499999999999,0,0,0,2,0.00966301568162938,-0.334739204125341,-0.0707262264331803,0.0289192906697281
"sub-121",3,0,1,1.02021,0,0,0,2,0.0455461672972888,0.247591159513427,-0.152568231880044,-0.124142021685839
"sub-121",7,0,1,0.40133,0,0,0,2,0.390582781828319,0.583991193936931,-0.183058299783928,0.082324123030412
"sub-122",1,1,0,NA,0,0,0,1,0.324159068365892,-0.072413278605651,0.428089136141352,0.634921847516671
"sub-122",2,0,0,0.0330699999999999,1,0,0,1,0.301782953358876,-0.280728102204631,-0.174721711936096,-0.0854864490218461
"sub-122",1,0,0,0.72482,1,0,0,1,-0.688013305266698,-0.510983031312073,-0.368035052650763,-0.121946699265391
"sub-122",3,0,1,0.66788,1,0,0,1,-0.149358586641029,-0.205563678975321,-0.29336014034925,0.00248878300189972
"sub-122",5,0,1,1.34151,1,0,0,1,0.976629383706798,-0.320811439029596,0.0172861980196709,-0.349429207667708
"sub-122",2,0,1,1.04893,1,0,0,1,0.487981236347878,-0.685200501923208,-0.459384297214759,-0.702477810601704
"sub-122",4,0,1,0.83449,1,0,0,1,-0.362157617986668,-0.425861181518822,-0.5079060223264,-0.320601955382153
"sub-122",7,0,1,0.75709,1,0,0,1,-0.626224577776156,-0.792215735548072,-0.0350613286718726,-0.0018009390681982
"sub-122",1,0,1,0.89654,1,1,0,1,0.64452414928625,-0.164911098122873,-1.00019573944155,-0.365009387210011
"sub-122",2,0,1,0.58779,1,1,0,1,0.334572664073979,-0.231246200976548,-0.407773591189956,-0.0439914644375676
"sub-122",6,0,1,0.6632,1,1,0,1,-0.0329018448246643,0.0222618052028809,0.226757373796621,0.580076453601941
"sub-122",1,0,1,0.439,1,1,0,1,0.348741955317867,0.351119658090519,0.277826157165691,0.534240091592073
"sub-122",8,0,1,0.66298,1,1,0,1,0.599216276236499,0.454806098783458,0.172248657831612,0.0192345940507948
"sub-122",1,0,1,0.68549,1,1,0,1,0.577131384944854,-0.153886805116026,-0.270998259230206,-0.154976109974086
"sub-122",2,0,1,0.59726,1,1,0,1,0.342685945817114,-0.427431613137877,-0.360617994670368,0.30282400760334
"sub-122",3,0,1,0.68064,1,1,0,1,0.182321522016233,-0.079879573908531,-0.164538433852916,0.509969014301896
"sub-122",10,0,1,0.70434,0,0,1,1,0.628356950978438,-0.706105987092963,0.202818380668759,0.224998737382703
"sub-122",9,0,1,0.51281,0,0,1,1,-0.0189101237920113,-0.812683506661819,0.898369818848247,1.27457209052518
"sub-122",9,0,1,0.66894,0,0,1,1,-0.319487819312296,-0.930270411212135,-0.142509692865133,1.00639091101475
"sub-122",9,0,1,0.71225,0,0,1,1,-0.309212524987136,-0.7952705754864,-0.389050035305748,-0.1227924173465
"sub-122",3,0,1,0.65189,0,0,1,1,-0.357764014586185,-0.812160605857908,-0.373202529735863,-0.306142030190676
"sub-122",10,0,1,0.55896,0,0,1,1,-0.651918172991524,0.0817757660212616,0.0180503706797026,-0.332124582625693
"sub-122",9,0,1,0.75121,0,0,1,1,-0.169145430736535,-0.0194104463659675,-0.00364130386151373,-0.549675667844713
"sub-122",6,0,1,0.68656,0,0,1,1,-0.525824064544092,-0.286721020471305,-0.314425340243664,-0.161685787746683
"sub-122",10,0,1,0.76608,1,0,1,1,0.0716850194730796,0.825934852576918,-0.337314255380382,0.076139478944242
"sub-122",6,0,1,0.72397,1,0,1,1,-0.438452960030797,-0.264997187139535,-0.191651163021258,-0.102477496530628
"sub-122",9,0,1,0.60086,1,0,1,1,-0.00544961755319188,-0.537292202175767,0.065354733848532,0.0809385526925325
"sub-122",10,0,1,0.64059,1,0,1,1,0.610227528726682,-0.137373941208891,0.228494107888158,0.144661211810308
"sub-122",10,0,1,0.74428,1,0,1,1,0.781470919799176,-0.134852857501419,0.0370447031067063,0.155273787816986
"sub-122",2,0,0,0.66664,1,0,1,1,0.746391954676559,-0.0510901289930593,-0.499853061085256,0.0164697982370853
"sub-122",10,0,1,0.42259,1,0,1,1,0.597374658080904,-0.19489515458958,-0.393915252032457,0.108767811162397
"sub-122",9,0,1,0.58028,1,0,1,1,0.934922631209095,-0.186285177556177,0.293957892184456,-0.00438679987564683
"sub-122",10,0,1,0.67937,1,1,1,1,-0.374716353525097,-0.814090867388855,-0.402949301079692,0.668775574956089
"sub-122",10,0,1,0.53659,1,1,1,1,-0.507823691509354,-0.0733378768243172,0.0778432636676977,0.806452924571931
"sub-122",10,0,1,0.67334,1,1,1,1,-0.0124597920415302,-0.176968807354569,-0.071215378275762,0.332161219458794
"sub-122",8,0,1,0.52949,1,1,1,1,0.254691677788893,-0.143536375947642,-0.210269863707557,0.112503339536488
"sub-122",2,0,1,0.73628,1,1,1,1,0.0872444304016729,-0.193712084071228,0.121098763070828,-0.237666110426653
"sub-122",7,0,1,0.7421,1,1,1,1,-0.735807610986133,0.206101805900862,0.988961543732633,0.867355232033879
"sub-122",6,0,1,0.49737,1,1,1,1,-0.857030406487562,0.226023189378557,0.804285038757371,1.09032559697516
"sub-122",7,0,1,0.62165,1,1,1,1,-0.321293145539736,-0.167115051644268,0.156551214832386,0.326125695364317
"sub-122",4,0,1,0.68321,0,0,0,1,0.235247768927366,-0.546260106722238,0.0328203739287953,0.524794701999053
"sub-122",8,0,1,0.50602,0,0,0,1,-0.201329865599594,0.0136685130955475,0.396253727221241,1.17878405945376
"sub-122",4,0,1,1.06667,0,0,0,1,0.0992052305373363,-0.0970804909658101,0.357533325460584,0.464630648121238
"sub-122",5,0,1,0.80109,0,0,0,1,0.478215188719332,-0.481957163773822,-0.131916364674301,-0.108632700890303
"sub-122",3,0,1,0.8405,0,0,0,1,0.919640137367727,-0.77595701634332,-0.554350219472932,-1.00007940223441
"sub-122",1,0,1,0.7114,0,0,0,1,0.399779790857186,-0.0873637264249501,-0.355912833553399,-0.823491309210658
"sub-122",1,0,1,0.47061,0,0,0,1,0.349221863473455,-0.49506915802205,0.283247497000654,-0.0668470033677295
"sub-122",1,0,1,0.57804,0,0,0,1,0.0888996999904824,-0.225780309816064,0.273531773282836,-0.0294757565367036
"sub-122",6,0,1,0.57401,0,0,1,1,-0.359361815576752,-0.226011339471572,-0.804882115994891,0.150156490236986
"sub-122",10,0,1,0.75092,0,0,1,1,-0.13957031397149,0.00465713365486375,-0.622512381989509,0.480874138697982
"sub-122",1,0,1,1.05964,0,0,1,1,-0.143914334204358,-0.0350794696628495,0.233423452998977,0.921714256890118
"sub-122",10,0,1,0.51441,0,0,1,1,-0.0755748401085536,0.121882951874458,0.733281376771629,1.2217040233314
"sub-122",10,0,1,0.63988,0,0,1,1,0.341356419647733,-0.0236667236658158,0.0251596954185516,0.179268747009337
"sub-122",8,0,1,0.62024,0,0,1,1,0.467035641428083,0.00304760513137336,0.0120277900714427,0.021694016107358
"sub-122",8,0,1,1.0347,0,0,1,1,-0.0884235823856822,-0.112822962657514,0.196399724654232,-0.615586652327329
"sub-122",8,0,1,0.69278,0,0,1,1,-0.218887934577651,-0.453790185869568,0.401067913005439,-0.00767109580920078
"sub-122",7,0,1,0.67736,0,0,0,1,-0.073050847655395,-0.0487085868501001,-0.263411565101705,0.179671897366643
"sub-122",2,0,1,1.06812,0,0,0,1,0.771430558806363,-0.086080357639326,-0.334735091892071,0.368940698541701
"sub-122",3,0,1,0.67611,0,0,0,1,0.70507336826995,0.0906833387497399,-0.377841762228248,0.161906194640324
"sub-122",3,0,0,0.47782,0,0,0,1,0.0986009110153342,0.294354293616144,-0.138219410417757,0.5018520263955
"sub-122",3,0,0,0.44019,0,0,0,1,0.200965172999228,-0.281566931659149,-0.450881808802175,-0.110599991143681
"sub-122",1,0,0,0.41523,0,0,0,1,0.700691982851519,-0.374078526885973,-0.544408975518309,-0.708951391745359
"sub-122",1,0,1,1.43614,0,0,0,1,0.131159920575252,-0.547907317229719,-0.0513941404642537,-0.495096961408854
"sub-122",5,0,1,1.09042,0,0,0,1,-0.497473858646117,-0.878045872060789,0.193571172150162,-0.195627453038469
"sub-122",6,0,1,0.68836,1,1,0,1,-0.326774318639461,-0.610649034380913,-0.0175030565199753,0.848528749402612
"sub-122",9,0,1,0.81142,1,1,0,1,0.00207540540335079,-0.0427181225925408,0.0730537109969494,0.620405991561711
"sub-122",1,0,1,0.40446,1,1,0,1,0.416917781966428,-0.107097861943422,-0.250715272889162,0.447465300746262
"sub-122",4,0,1,0.4123,1,1,0,1,0.141947772237472,-0.133557198914113,0.450022210250609,0.46173938291613
"sub-122",4,0,1,0.54726,1,1,0,1,-0.25063964210373,-0.0822649769553984,0.542234489849458,0.418471581675112
"sub-122",3,0,1,0.53402,1,1,0,1,-0.409113044763217,0.285889281373885,0.391122617137929,0.669927804823965
"sub-122",3,0,1,0.40832,1,1,0,1,0.0965069772598023,0.0741159055614844,-0.105021487028959,-0.0292863059788942
"sub-122",2,0,1,0.4659,1,1,0,1,0.336160607441949,-0.210323630211254,-0.526937306703379,-0.310776716563851
"sub-122",5,0,1,0.88903,1,1,0,2,0.108387939573731,0.657198328110907,1.11018265232754,0.431865464150906
"sub-122",4,0,1,0.77891,1,1,0,2,-0.2559764063141,0.614026264563479,0.491926098203597,0.965339750330895
"sub-122",7,0,1,0.48847,1,1,0,2,0.0262125208973885,-0.448821021692344,-0.318537994559544,1.05875100754201
"sub-122",1,0,0,0.69678,1,1,0,2,-0.121619815259085,-0.653903527737216,-0.0818862686379968,0.351539568882436
"sub-122",3,0,1,0.41974,1,1,0,2,0.0834197328270723,-0.871298757959502,0.126725645968691,0.32888715879526
"sub-122",1,0,0,0.85603,1,1,0,2,0.205964491625006,0.149139932670988,-0.284474169059346,-0.548135264869779
"sub-122",1,0,1,0.57858,1,1,0,2,-0.515002331424815,0.409819281280593,-0.131973772348526,-0.179214732162654
"sub-122",1,0,1,0.48423,1,1,0,2,-0.382013937303176,-0.162459316680691,-1.05869032830621,-0.560305064264685
"sub-122",5,0,1,0.6625,1,0,1,2,0.516572604887187,-0.895397493408786,-0.615881688621206,0.819795626215637
"sub-122",9,0,1,0.43442,1,0,1,2,-0.314233716965343,-0.550323864242441,-0.135835275655457,0.455999547615647
"sub-122",9,0,1,0.49456,1,0,1,2,-0.150314535596408,-0.0711106392382472,0.486062313274791,0.384266712516546
"sub-122",7,0,1,0.56786,1,0,1,2,-0.318233480560593,0.0279807997522531,0.387205283118722,-0.14737994344905
"sub-122",7,0,1,0.42514,1,0,1,2,-0.0244927484697352,-0.375838216877094,-0.151426648333048,-0.584088946413249
"sub-122",8,0,1,0.86108,1,0,1,2,-0.00509935287603488,-0.208229793033011,0.231254789803643,0.319064994092332
"sub-122",3,0,1,0.91587,1,0,1,2,0.201945566106588,-0.033430570648138,0.000639441849974295,0.423352694697678
"sub-122",9,0,1,0.48903,1,0,1,2,0.451119376036028,-0.321543849125091,0.28728867599663,0.33957131113857
"sub-122",4,0,1,0.82952,0,0,0,2,0.494707446079701,-0.520757540646527,-1.08072452945635,-0.560893203876913
"sub-122",4,0,1,0.53337,0,0,0,2,-0.152170393111495,-0.439241987808297,-1.39405273056279,-0.481215278955642
"sub-122",1,0,1,0.58593,0,0,0,2,-0.00718041581179326,0.267557133679037,-0.880024675357466,-0.159199927281588
"sub-122",1,0,1,0.64345,0,0,0,2,-0.354979766668597,0.0401946057531017,-0.317645501228981,0.569002937991172
"sub-122",6,0,1,0.68404,0,0,0,2,-0.166907683965595,-0.425680171870799,0.163924750561515,0.159216612763703
"sub-122",2,0,1,0.79026,0,0,0,2,0.311692310497165,0.419542919223507,0.591951733222231,0.521724141482264
"sub-122",2,0,1,0.63162,0,0,0,2,0.3693320195113,0.214168045876755,0.476910749450326,0.854492791555822
"sub-122",9,0,1,0.48776,0,0,0,2,-0.270817611904931,-0.158300954244893,0.38826948342224,0.1611074231565
"sub-122",9,0,1,0.58332,1,0,1,2,-0.379541198412577,-0.960858248299229,-0.713433145778254,0.609595299698412
"sub-122",10,0,1,0.48807,1,0,1,2,-0.762235839230319,-1.07640451824086,-0.448752965312451,0.747270070482045
"sub-122",9,0,1,0.48077,1,0,1,2,-0.281810052072008,-0.357304523854206,-0.345124535068559,-0.0830476613715291
"sub-122",6,0,1,0.77079,1,0,1,2,-0.227239961735904,0.0313877968324555,0.410085504641756,0.952798227220774
"sub-122",7,0,1,0.45978,1,0,1,2,-0.0893923263841619,0.118291617543609,0.670015292164559,1.40439534131438
"sub-122",2,0,1,0.6015,1,0,1,2,0.395371141154707,0.0464005196182471,0.0093498418815822,0.781002620887011
"sub-122",8,0,1,0.65732,1,0,1,2,0.807485455569501,-0.505921000718243,-0.527047375449911,-0.323886818066239
"sub-122",10,0,1,0.59924,1,0,1,2,0.121151005694022,-0.591538193062189,-0.529913096067806,-0.531696540303528
"sub-122",4,0,1,0.54312,1,0,0,2,0.503451491395632,0.680459903190947,-0.651895490319779,0.401269480399787
"sub-122",4,0,1,0.02386,1,0,0,2,0.325448703680498,0.167801456870856,-0.366051553729145,0.0161104954779148
"sub-122",4,0,1,0.83234,1,0,0,2,-0.402979060619449,-0.696511404416351,-0.436697296099737,0.286262396129314
"sub-122",4,0,1,0.45509,1,0,0,2,0.200806708506813,-0.139568281392308,-0.643638261593878,0.183327302755788
"sub-122",5,0,1,0.64458,1,0,0,2,-0.0204747745107549,0.0323061469286956,-0.0364529406651855,-0.243375275316066
"sub-122",9,0,1,0.41931,1,0,0,2,-0.496855607023463,-0.340452071279287,-0.318770401496295,-0.38465729879681
"sub-122",3,0,0,0.75952,1,0,0,2,0.155151856869149,-0.419224196523255,-0.305512224556878,-0.0986852455986082
"sub-122",3,0,0,0.51853,1,0,0,2,0.455192382447422,-0.557886702284493,-0.245424324520476,-0.47540757348761
"sub-122",5,0,1,0.52466,1,1,1,2,-0.623676743203153,-0.427845374577575,-0.136733391069962,0.873545936658047
"sub-122",8,0,1,0.54962,1,1,1,2,-0.406804821939052,-0.478098047138364,-0.2154948823348,0.826276637427509
"sub-122",7,0,1,0.4846,1,1,1,2,-0.216492351377383,-0.138048535523315,0.15977051256535,0.692674776155036
"sub-122",9,0,1,1.02619,1,1,1,2,-0.0652612190072735,0.0859217682456667,0.424335392502447,0.0129919101949781
"sub-122",10,0,1,0.66414,1,1,1,2,-0.386374720663298,0.526045808982518,0.497169295481096,0.392899502255023
"sub-122",7,0,1,0.4383,1,1,1,2,-0.208457652460008,-0.112444619669717,0.268304958939552,0.602007701341063
"sub-122",9,0,1,0.62887,1,1,1,2,0.0955779533057163,0.0446109935486068,0.136644530207074,0.669411018304527
"sub-122",1,0,1,1.45273,1,1,1,2,0.590449879528023,-0.0219509586022468,-0.19622278684983,0.683241207659012
"sub-122",2,0,1,0.79379,1,0,0,2,0.0295097428218772,0.0286472688118617,-0.843296519946307,-0.434093520790339
"sub-122",1,0,1,0.61731,1,0,0,2,0.146568827331066,-0.0969155338351373,-0.761083392348761,0.154746495070867
"sub-122",5,0,1,0.57609,1,0,0,2,-0.221917604309662,-0.523311999798925,-0.334288356748099,0.0226828116807155
"sub-122",4,0,1,0.4317,1,0,0,2,-0.486930164644339,-0.455478118232417,0.136598677490838,0.45769777148962
"sub-122",3,0,1,0.72374,1,0,0,2,-0.935443442314863,-0.742546591787013,0.181289149487081,0.365044568432495
"sub-122",3,0,1,1.03192,1,0,0,2,-1.22894070258675,-0.514081025030464,0.0638262229040265,0.622519376222044
"sub-122",9,0,1,0.0197499999999999,1,0,0,2,-0.584224438178353,-0.520031524252974,-0.238890503610795,0.109779797442025
"sub-122",2,0,1,0.64594,1,0,0,2,0.092747846560087,0.338386529521948,-0.412331682319442,0.119735117116943
"sub-122",9,0,1,0.44391,0,0,1,2,0.0521514909826995,-1.04997613967431,-0.51697264816418,-0.445067958068103
"sub-122",8,0,1,0.38645,0,0,1,2,0.475772963268052,-0.466131643163627,-0.154624236330468,-0.115365033876151
"sub-122",7,0,1,0.42322,0,0,1,2,0.697578259394504,0.239879575316553,-0.105203169718152,-0.0599148209701525
"sub-122",1,0,0,0.58445,0,0,1,2,0.697534791581954,0.225655341706308,0.0305454309564084,0.183857732452452
"sub-122",9,0,1,0.77289,0,0,1,2,0.664459969382733,0.032556248690795,0.13259497032656,-0.138931057648733
"sub-122",6,0,1,0.51735,0,0,1,2,0.30822249482056,0.160508869698754,0.167648283997551,-0.294209536793642
"sub-122",8,0,1,0.75818,0,0,1,2,0.561687769164564,-0.124155237753358,0.0785157368906463,-0.567787250969559
"sub-122",10,0,1,0.44043,0,0,1,2,0.178803332460423,0.13274758882148,0.162072018429171,-0.340822412935086
"sub-122",9,0,1,0.59577,1,1,0,2,0.42496244093248,-0.102127305193183,-0.330121779232286,0.303609057702124
"sub-122",10,0,1,0.57228,1,1,0,2,-0.0223535845774071,-0.427304630685184,-0.733101128406512,0.141183557733893
"sub-122",7,0,1,0.59793,1,1,0,2,-0.607608293782202,-0.802030542692928,-0.0216223120029705,0.987537498457823
"sub-122",7,0,1,0.46713,1,1,0,2,-0.369683518695335,-1.02486444426769,0.369306411788178,0.955698275798932
"sub-122",1,0,0,0.87285,1,1,0,2,-0.441702191058236,-0.428750046701343,-0.0989036864872711,0.546914461627603
"sub-122",8,0,1,0.51281,1,1,0,2,-0.463830309318534,0.165769027477061,0.137573321565772,1.10880599534139
"sub-122",8,0,1,0.53716,1,1,0,2,0.127609616203699,-0.0514102905160851,-0.748596753925085,0.219789771376236
"sub-122",6,0,1,0.69273,1,1,0,2,0.237419116019737,-0.119426766501015,-0.524127733602654,-0.838297238852829
"sub-124",2,1,0,NA,0,0,0,1,-0.337494386088413,0.000283351905333499,-0.27252780640265,0.187269334308803
"sub-124",7,0,1,0.40018,0,0,0,1,-0.594800657670324,-0.148432051555978,0.157130181634178,-0.0836723926069681
"sub-124",3,0,1,0.42345,0,0,0,1,-0.160911381089439,0.00183557253330946,0.101437400871267,0.561778368195519
"sub-124",3,0,1,0.34684,0,0,0,1,0.480791532473328,0.0669298985362898,0.186366714964,0.583315981738269
"sub-124",5,0,1,0.31986,0,0,0,1,-0.00211312000950178,-0.225432375032041,-0.0883642939540247,-0.540222366899252
"sub-124",1,0,1,0.36015,0,0,0,1,0.0425253873690963,0.0471474285478945,-0.0621816006799539,-0.73615389810875
"sub-124",1,0,1,0.41459,0,0,0,1,-0.00407500277894239,0.325698943302053,-0.127487999658721,-0.11536989947781
"sub-124",2,0,1,0.52179,0,0,0,1,-0.795802885414256,-0.326443756689076,-0.464989262633026,0.216876109316945
"sub-124",5,0,1,0.55884,0,0,1,1,-0.0765564859611914,-0.846040825394017,-0.350527642663413,-1.19839662909508
"sub-124",10,0,1,0.66487,0,0,1,1,-0.00128193812755247,-0.76952942399334,-1.04525834465555,-0.448742586560547
"sub-124",3,0,1,0.53562,0,0,1,1,-0.552816420715923,-0.628718675010734,-1.07461243821308,-0.920205374760553
"sub-124",10,0,1,0.54228,0,0,1,1,0.082974529126659,0.0210931469444875,0.247990782450264,-0.1425004334189
"sub-124",7,0,1,0.03006,0,0,1,1,0.056761453122211,0.135309832187852,-0.0365230097862271,0.195676575950347
"sub-124",8,0,1,0.47244,0,0,1,1,-0.608572619773137,0.175743640072782,0.0889881146237409,0.530302006611601
"sub-124",9,0,1,0.72824,0,0,1,1,-0.826685737042377,0.192397342788118,0.269726256917541,1.10950636081398
"sub-124",9,0,1,0.36695,0,0,1,1,-0.993080300298364,-0.407040940701134,-0.00541374595680584,1.34309787712991
"sub-124",3,0,1,1.1786,1,0,0,1,1.05517505578852,-0.0307830131992146,0.704457738747199,-0.0634267437271774
"sub-124",1,0,1,0.76849,1,0,0,1,0.69837206035542,0.108894434861011,0.794192058810343,-0.4009541538544
"sub-124",8,0,1,1.13901,1,0,0,1,0.132937392742557,0.112353373077457,0.126736786813126,-0.380667485715821
"sub-124",1,0,1,0.36247,1,0,0,1,-0.180765942670405,0.485007871080328,-0.797808488792119,0.371203821973177
"sub-124",5,0,1,0.0179800000000001,1,0,0,1,-0.130837138586988,-0.0576674766424629,-0.599703726795269,-0.408739569410682
"sub-124",4,0,1,0.30727,1,0,0,1,-0.479222557973117,-0.521290132017047,-0.225946478565068,-0.912860152870417
"sub-124",2,0,1,0.69814,1,0,0,1,0.0749673285002549,-0.529505583772401,-0.434809795115143,-0.611603241367266
"sub-124",3,0,1,0.27217,1,0,0,1,0.0793945619370788,-0.193436869972006,-0.137974858478022,-0.512388993054628
"sub-124",7,0,1,0.65767,1,1,1,1,0.535261048004031,-0.459936619585345,-0.0172277418120454,-0.203797509428114
"sub-124",6,0,1,0.31212,1,1,1,1,0.283376881115449,0.0677638960381349,-0.486876669611471,0.0349834265187383
"sub-124",8,0,1,0.0175700000000001,1,1,1,1,0.0629693070659414,-0.00298592399943758,0.119068589992821,-0.0389534836634994
"sub-124",7,0,1,0.34001,1,1,1,1,-0.491070746502373,-0.361731263515712,0.237397221600986,0.359907549107447
"sub-124",10,0,1,0.44677,1,1,1,1,-0.713591561311356,-0.00744549830927065,0.0215584918041714,0.787958761490881
"sub-124",7,0,1,0.42024,1,1,1,1,-0.448379480745643,0.0926905098474688,0.182281407061964,0.476480919867754
"sub-124",3,0,1,0.32551,1,1,1,1,-0.446484444020219,-0.108437168006613,0.0494451740911851,0.286509642004967
"sub-124",10,0,1,0.567,1,1,1,1,-0.677727522464314,-0.174269255595627,-0.197408500127494,0.584628141857684
"sub-124",9,0,1,0.73774,0,0,1,1,-0.0297206135098046,-0.315763303578866,-0.168087993632071,-1.24051224030554
"sub-124",5,0,1,0.43029,0,0,1,1,-0.132224488072097,0.031101227082588,-0.0473372056925048,-1.34759106736165
"sub-124",7,0,1,0.11869,0,0,1,1,-0.775312833565598,-0.435541648400465,-0.405676250064668,-0.804428253485821
"sub-124",9,0,1,0.47401,0,0,1,1,-0.949989549194773,-0.641637928990854,-0.500491539947689,0.0624136596918106
"sub-124",8,0,1,0.71511,0,0,1,1,-1.20967202587053,-0.651454320936291,-0.213239211181644,1.29132374403998
"sub-124",7,0,1,0.70505,0,0,1,1,-0.0795464628220846,-0.35543673440676,0.272006124490872,0.994420935725793
"sub-124",8,0,1,0.52417,0,0,1,1,0.761246554398288,0.182491044444894,0.411268955135408,0.226807439047843
"sub-124",3,0,1,0.29775,0,0,1,1,0.717208456762213,0.454471582404545,0.243749496430003,-0.545630295202136
"sub-124",3,0,1,0.68183,1,1,0,1,0.288645687823494,-0.431620323478624,-0.11044787922098,-0.2034475997556
"sub-124",4,0,1,1.03678,1,1,0,1,-0.184032063368553,-0.251000247205849,0.329405032486344,0.911561961332336
"sub-124",5,0,1,1.29367,1,1,0,1,-0.388967529453415,-0.242525007437777,0.204337478013864,1.28626737892628
"sub-124",1,0,0,0.78232,1,1,0,1,0.274116799065572,0.275977736338973,-0.328365398881336,0.452513313665986
"sub-124",1,0,0,0.33964,1,1,0,1,0.359439604450017,0.452737508574501,-0.425932349016269,0.0417470029555261
"sub-124",8,0,1,0.43069,1,1,0,1,0.0828510380185132,-0.231450987048447,-0.516358825766171,0.0258664133027196
"sub-124",3,0,1,0.53706,1,1,0,1,0.0266372505187367,-0.36227739347076,-0.276317682582885,-0.382189177523833
"sub-124",2,0,1,0.49398,1,1,0,1,0.345555708898852,-0.10148186388391,0.625164844444953,0.178502180986106
"sub-124",9,0,1,0.80734,1,0,1,1,-1.25525933348884,-0.174955171015528,-0.171753572765738,-0.209880811581388
"sub-124",8,0,1,0.45535,1,0,1,1,-1.13864269798311,-0.531928100528334,0.16660377709195,0.0664468833245337
"sub-124",8,0,1,0.0259499999999999,1,0,1,1,-0.297281552106142,-0.534471004830535,-0.239638863907506,-0.767538917995989
"sub-124",7,0,1,0.25197,1,0,1,1,-0.142252773977816,-0.547685225666673,-0.643365791756272,-0.890518632577732
"sub-124",10,0,1,0.34187,1,0,1,1,-0.797001789556816,-0.705712134484202,-0.860189411381725,-0.727623765636235
"sub-124",10,0,1,0.71473,1,0,1,1,-0.29030550752456,-0.329191500527991,-0.631120810750872,-1.10818691947497
"sub-124",6,0,1,0.35499,1,0,1,1,-0.0423846934766819,-0.396951649234527,-0.333376119320747,-0.878808883274905
"sub-124",4,0,1,0.44516,1,0,1,1,-0.290429186308756,-0.358152181530992,-0.138355894479901,-0.772925490885973
"sub-124",9,0,1,0.62358,1,1,0,1,0.147794686335449,0.274496933462581,-0.130617641688635,0.608575950190425
"sub-124",4,0,1,0.44606,1,1,0,1,0.0805009736601884,0.0915263880182196,-0.306447824152807,-0.173029369581491
"sub-124",3,0,1,0.4529,1,1,0,1,-0.0424626272870228,-0.0254282261599588,-0.419740236694148,-0.0161712682340294
"sub-124",1,0,0,0.35876,1,1,0,1,-0.290483483423789,-0.0281283129006624,-0.185611519108837,0.227380223292857
"sub-124",5,0,1,0.36439,1,1,0,1,-0.791327109123813,0.0645394358370039,0.243783584252621,1.28535834494978
"sub-124",3,0,1,0.38602,1,1,0,1,0.08172229952955,-0.296297884511727,0.0890830859231452,0.604918272420764
"sub-124",4,0,1,0.45974,1,1,0,1,0.426358182972763,-0.663940921149872,0.0372236689145211,-0.0904368035960943
"sub-124",3,0,1,0.7826,1,1,0,1,-0.526585779637874,-0.246535766869783,0.138119502652747,-0.305055032204837
"sub-124",3,0,1,0.64366,0,0,0,1,-0.181258064733508,0.108322666742391,-0.0428955526246379,0.521557304949965
"sub-124",1,0,0,0.6504,0,0,0,1,-0.24485992489402,0.125141588488111,-0.20982062377152,0.464972657617182
"sub-124",4,0,1,0.0221499999999999,0,0,0,1,-0.194578966281066,-0.0213207604570521,0.167821601052613,0.325453194882721
"sub-124",1,0,0,0.02966,0,0,0,1,-0.104182547423989,-0.171594288476087,0.21644200978335,0.02928660614416
"sub-124",5,0,1,0.36851,0,0,0,1,-0.0994911750021856,-0.545129107518329,-0.133781643720188,0.680128155462444
"sub-124",2,0,1,0.44276,0,0,0,1,0.293188126641326,-0.536274634068832,-0.16943111528235,-0.192956043360755
"sub-124",2,0,1,0.39662,0,0,0,1,-0.22008134026449,0.190778673523002,0.0225091756631931,-1.02125186314806
"sub-124",7,0,1,0.50621,0,0,0,1,0.264607619103723,0.320462427377977,0.406259564993282,-0.171888569043949
"sub-124",7,0,1,0.02332,1,0,1,2,-0.485771411001527,-0.435137165089448,-0.456826959639632,0.0723749096971005
"sub-124",5,0,1,0.46532,1,0,1,2,-0.445674494529764,-0.407938293871228,0.0412509355131382,-0.0153111645951867
"sub-124",9,0,1,0.32392,1,0,1,2,-0.479767895878467,-0.250623359793314,0.451434940155499,0.231491466774605
"sub-124",2,0,1,0.34612,1,0,1,2,-0.0309148367183904,0.00421299240379422,0.0912538967871418,0.52514417328639
"sub-124",7,0,1,0.48687,1,0,1,2,-0.203070794142453,-0.00654476356727106,-0.189624937115392,0.0571831906090665
"sub-124",9,0,1,0.34237,1,0,1,2,0.198604211288815,0.364888476906344,-0.22931245562116,-0.0501389564800775
"sub-124",7,0,1,0.03078,1,0,1,2,0.580134927295148,0.267289723373122,-0.6517485731747,-0.620730615680804
"sub-124",9,0,1,0.62201,1,0,1,2,0.363859746993209,-0.10897675898202,-0.378395609402408,-0.468262865860015
"sub-124",9,0,1,0.89353,1,1,1,2,-0.172723666299134,-0.786984899391731,-0.577571374208977,-0.360169383045286
"sub-124",2,0,1,0.84867,1,1,1,2,-0.320176404435188,-0.244438205224772,0.431341864013424,0.385246091149747
"sub-124",7,0,1,0.49053,1,1,1,2,-0.195440433143328,-0.0438080685282195,0.689934041661521,0.708283587056212
"sub-124",7,0,1,0.49734,1,1,1,2,-0.200469487482527,0.408686758579548,0.499892194425532,0.413096669968218
"sub-124",10,0,1,0.46739,1,1,1,2,-0.128500130803635,0.100578738057434,0.115349314485987,0.565557422768325
"sub-124",10,0,1,0.75607,1,1,1,2,-0.103012287775831,-0.279901364628502,-0.293490247606921,0.0399489052360877
"sub-124",9,0,1,0.36197,1,1,1,2,0.0835319296844925,-0.463180839118582,-0.0660836170427501,1.09626788571477
"sub-124",6,0,1,0.31828,1,1,1,2,-0.571931875970525,-0.292314210346107,-0.0686477182122568,1.26412870511413
"sub-124",9,0,1,1.36357,1,0,1,2,-0.356585040998956,-0.759870027398898,-0.298764829446251,-0.623797923047096
"sub-124",10,0,1,0.48369,1,0,1,2,-0.430124261862754,-0.563774405254258,-0.292982767297265,-0.502181501779705
"sub-124",3,0,1,0.3571,1,0,1,2,0.00354630210980152,-0.154070264521848,-0.205881763482466,-0.536378156440332
"sub-124",6,0,1,0.41457,1,0,1,2,0.356023974095782,0.423277192680096,-0.170391067125214,-0.0599956849589944
"sub-124",7,0,1,0.01949,1,0,1,2,0.55873509987335,0.177862583280162,-0.0544249004063507,-0.496003496379126
"sub-124",10,0,1,0.0275399999999999,1,0,1,2,-0.388027844174455,0.055068103424101,-0.212487874086946,-0.22967226007022
"sub-124",8,0,1,0.33087,1,0,1,2,0.157120790953437,0.188903667998535,-0.133028104823704,0.0586621517315507
"sub-124",9,0,1,0.28869,1,0,1,2,0.943843973334879,0.906204935680661,0.476650311068321,0.744090915843844
"sub-124",2,0,1,1.47464,0,0,0,2,-0.514692617269854,-0.241643402587484,-1.00168207943595,-0.285520941764116
"sub-124",5,0,1,0.61337,0,0,0,2,-1.24748158349394,0.0523955534315772,-0.99147237992535,0.109071586246137
"sub-124",2,0,1,0.0194799999999999,0,0,0,2,-0.893199502645681,-0.184174821470623,-0.196101310109952,0.736756078479812
"sub-124",9,0,1,0.3269,0,0,0,2,-0.675613826295982,-0.5828355335527,-0.338856199465226,0.299606336886063
"sub-124",1,0,0,0.51628,0,0,0,2,0.201673611513494,-0.300899765454233,-0.268054041429423,0.127664458379149
"sub-124",1,0,0,0.0226299999999999,0,0,0,2,0.322456837670567,-0.193659272320845,-0.590288289900248,-0.490122955292463
"sub-124",4,0,1,0.39281,0,0,0,2,-0.165444715957468,-0.403760799758688,-1.12663491869656,-1.01574722491205
"sub-124",2,0,1,0.41896,0,0,0,2,-0.565380074588271,-1.03112095822063,-0.675993950028593,-1.00247680554166
"sub-124",1,0,0,0.6221,1,0,0,2,-0.193666616959187,-0.375749525200162,-0.579491396434605,0.48593343696557
"sub-124",1,0,0,0.37821,1,0,0,2,-0.358068793119552,-0.143072729930282,-0.530458828704771,0.275268091866747
"sub-124",1,0,0,0.23397,1,0,0,2,0.18378085992299,-0.0580013566822917,-0.0309104501502588,-0.356730725057423
"sub-124",4,0,1,0.32336,1,0,0,2,0.264542867803054,-0.508491743838898,0.180133893135159,0.0521933617070317
"sub-124",7,0,1,0.71454,1,0,0,2,-0.150109351496212,-0.627710673837336,-0.386374990611027,-0.0855606088181958
"sub-124",4,0,1,0.48617,1,0,0,2,-0.349109978453877,-0.0160554314239158,-0.032323349888126,-0.0288378350436687
"sub-124",5,0,1,0.37596,1,0,0,2,0.158071423725535,0.186568005657237,0.17476425554681,-0.4965371475555
"sub-124",2,0,1,0.39991,1,0,0,2,-0.0893524936400354,0.16693731252518,0.298218469329489,0.184947611065581
"sub-124",2,0,1,0.36653,1,1,0,2,-0.0595770310222482,-0.214428061239973,0.0947330159445604,0.128108622389846
"sub-124",5,0,1,0.30771,1,1,0,2,-0.315109347187293,0.130919331460501,-0.604568233403067,0.261191109288484
"sub-124",2,0,1,0.33152,1,1,0,2,-0.366680523652273,-0.483924136755781,0.227852116009065,-0.0150583609938622
"sub-124",2,0,1,0.02241,1,1,0,2,-0.00685745660060396,-0.521316568401677,0.0336422266251854,-0.980922318715602
"sub-124",3,0,1,0.47509,1,1,0,2,0.116352889143551,-0.259817067223291,0.317919571107874,-0.524294234835543
"sub-124",10,0,1,0.33525,1,1,0,2,0.307600744767115,-0.521572342797838,-0.462131722209354,0.0276348413899541
"sub-124",4,0,1,0.47592,1,1,0,2,0.294805958071568,-0.607059893508752,-0.576611882075667,0.496656371513382
"sub-124",1,0,0,0.4624,1,1,0,2,-0.0410579354502261,-0.515810225331397,-0.769833788906302,-0.23974689746974
"sub-124",10,0,1,0.43631,0,0,1,2,0.224496123439167,0.329023771134585,-0.862005782643488,-0.110961286025122
"sub-124",9,0,1,0.59552,0,0,1,2,-0.035429485142231,0.223187710296501,-0.584576774854213,0.590000076359138
"sub-124",7,0,1,0.31695,0,0,1,2,-0.59712404004919,0.098516709688637,-0.202814218394148,0.637063744384795
"sub-124",5,0,1,0.45495,0,0,1,2,-0.513881218930086,0.123129550643541,-0.267756098435105,0.0609102705842815
"sub-124",7,0,1,0.31239,0,0,1,2,-0.661127990810201,0.494917979860609,0.485205116138483,-0.371819124440663
"sub-124",2,0,1,0.28419,0,0,1,2,-0.492295553626415,0.00882875022512895,0.192088783000751,0.324314767256146
"sub-124",7,0,1,0.10786,0,0,1,2,-0.69134309408643,-0.343320074594683,-1.16435781096031,0.911139219719917
"sub-124",7,0,1,0.56459,0,0,1,2,-1.47524090049167,-0.93124950154581,-0.893136114046987,0.725537600924872
"sub-124",9,0,1,0.34685,1,1,1,2,-0.286553442128934,0.0146773076719708,-0.185083766875323,-0.795795539394021
"sub-124",7,0,1,0.42009,1,1,1,2,0.471649651299231,-0.549617467034194,-0.68841085214323,-1.13739273864776
"sub-124",7,0,1,0.72746,1,1,1,2,1.11806420407568,-0.613550187467977,-0.502170487336116,-1.24727214835584
"sub-124",7,0,1,0.63448,1,1,1,2,0.380746799016682,-0.780337921999119,-0.240259117757281,-0.579924552049488
"sub-124",8,0,1,0.7755,1,1,1,2,0.264923503932854,-0.345671461274226,-0.0825611198864256,-0.57420517255523
"sub-124",8,0,1,0.61349,1,1,1,2,0.506151918700198,-0.113221087889677,0.462075378047302,0.0251052834093571
"sub-124",6,0,1,0.75224,1,1,1,2,0.483654508308973,-0.219419677638345,0.729226328820611,0.387441280158237
"sub-124",4,0,1,0.7242,1,1,1,2,0.410991944312021,0.0739508953928533,0.834699947639213,0.706830121809617
"sub-124",3,0,1,0.50358,1,0,0,2,-0.640913374101122,-0.300095434714523,-0.37030821745672,0.488874618569389
"sub-124",5,0,1,1.09403,1,0,0,2,-0.929364097469564,-0.831242600041959,-0.717935530968437,-0.91514533078298
"sub-124",8,0,1,0.51834,1,0,0,2,-0.405024051533474,-0.436438416993176,-0.190263767726719,0.930510271154344
"sub-124",2,0,1,0.29058,1,0,0,2,0.31000746646896,-0.0371762813172407,0.831886248022784,1.40860999035649
"sub-124",1,0,0,0.0312399999999999,1,0,0,2,-0.131765056246271,0.0564409411443328,0.395827008411288,0.173544294538442
"sub-124",3,0,1,0.0328200000000001,1,0,0,2,0.0782027704602418,0.119308424828988,-0.650008051345746,-1.33143617585301
"sub-124",3,0,1,0.0264200000000001,1,0,0,2,-0.157809697154638,0.345817764600118,-0.291997336535132,-0.931646430119872
"sub-124",3,0,1,0.74779,1,0,0,2,-1.92494679731317,-0.543022153830087,-1.65685581529397,-1.52174364011735
"sub-125",7,1,0,NA,0,0,0,1,0.26442998337249,0.923972634598613,0.243401838932186,0.207035846775398
"sub-125",4,0,0,1.08264,1,1,0,1,0.0657284831783424,0.365059263107401,-0.512305619932401,-0.23719912446104
"sub-125",4,0,0,1.1529,1,1,0,1,0.121259157725187,-0.196743692098944,-0.0800457354635,-0.0523485090583563
"sub-125",6,0,0,1.06749,1,1,0,1,-0.0910500795580447,-0.425864350430116,-0.36447567306459,-0.359632141003385
"sub-125",2,0,0,0.95251,1,1,0,1,-0.138158496129715,-0.481481724591167,-0.39342366058069,-0.424214646429755
"sub-125",1,0,0,0.86874,1,1,0,1,0.165582497662399,-0.413748511734108,0.0602998056371386,-0.442916869278997
"sub-125",1,0,0,1.18683,1,1,0,1,-0.109772238065489,-0.414764417542352,0.227474900602829,-0.351719515584409
"sub-125",3,0,1,0.70485,1,1,0,1,-0.0223871851339936,0.115080714070549,0.317080471354226,-0.0170984659343958
"sub-125",8,0,1,0.78359,1,0,1,1,0.205997547134757,0.565476881133186,0.206453876104206,-0.362816216889769
"sub-125",6,1,0,NA,0,0,1,1,0.0581578786950558,0.493614566822847,-0.0855432480263213,-0.42129402635619
"sub-125",9,0,1,0.35642,1,0,1,1,-0.169062567622556,0.00282750521889991,-0.582764989230782,-0.399813745450228
"sub-125",7,0,0,0.78733,1,0,1,1,-0.235131073743105,-0.0929002501760368,-0.673547097016126,-0.242521679215133
"sub-125",7,0,0,0.70381,1,0,1,1,-0.20213751620031,-0.25288938085928,-0.703040375490673,-0.23244695198955
"sub-125",7,0,1,0.50565,1,0,1,1,-0.286376923904754,-0.60488810038401,-0.3717443717469,-0.152951996552292
"sub-125",4,0,0,0.38767,1,0,1,1,-0.0709224880750601,-0.587960709024359,-0.236168677918613,-0.507235859520733
"sub-125",9,0,1,0.38528,1,0,1,1,0.021551892219577,-0.406350109450243,-0.347851584898308,-0.299261041171849
"sub-125",1,0,0,0.44248,1,1,0,1,0.151954654448976,-0.576089766152479,-0.268568283626034,-0.431321923341602
"sub-125",7,0,1,0.5591,1,1,0,1,0.128486448520562,0.031351531855762,0.0273192520641411,-0.0677406376227736
"sub-125",1,0,0,0.4638,1,1,0,1,0.0531491130629244,-0.101574551934997,0.0456292919698171,-0.0923571690917015
"sub-125",4,0,1,0.56394,1,1,0,1,0.150523724538895,0.338911252924138,0.402329446573276,-0.196994848828763
"sub-125",4,0,0,1.03412,1,1,0,1,-0.31119276668566,-0.00541875339803044,0.190884689557909,-0.522358090989292
"sub-125",3,0,0,0.43518,1,1,0,1,-0.165022044830645,0.212202697785364,-0.305309144003938,-0.0816695120556687
"sub-125",5,0,1,1.06869,1,1,0,1,0.45519133269166,0.203230491287454,-0.308813421909387,-0.168997856229544
"sub-125",3,0,0,0.95221,1,1,0,1,0.282122445981561,0.367311889616152,-0.376948505911666,-0.0387842489406467
"sub-125",5,0,1,1.26308,0,0,0,1,0.546975372591987,0.234390178557347,0.304105762857944,-0.23427079905523
"sub-125",3,0,0,0.35238,0,0,0,1,0.235763759332864,-0.289695505121792,-0.239324476026619,-0.952903783135116
"sub-125",10,0,1,0.46901,0,0,0,1,0.0878292918302274,-0.553332618817135,-0.641953885089606,-1.09897709818324
"sub-125",2,0,0,0.42122,0,0,0,1,0.54369076648436,0.139550741187661,-0.0115092562045902,-0.314500209430116
"sub-125",3,0,0,0.58796,0,0,0,1,0.52172968389156,0.366654200548375,0.0530285560525954,-0.115019119903445
"sub-125",4,0,0,0.71752,0,0,0,1,0.231665843670877,0.0697942114590357,-0.555036625640544,-0.0563924165024218
"sub-125",1,0,0,0.51583,0,0,0,1,-0.0199353450443596,-0.334822732394699,-0.144182011019439,-0.602729759924114
"sub-125",1,0,0,0.89954,0,0,0,1,-0.387761943595251,-0.0913194719081124,0.0424682546096543,-0.470804624306038
"sub-125",9,0,1,0.77569,0,0,1,1,-0.0538607835769653,0.158324408655365,0.0615331502631307,0.418302596732974
"sub-125",7,0,1,0.57486,0,0,1,1,0.170688360657853,-0.413377779328989,-0.0226636943795408,0.378398652374744
"sub-125",8,0,1,0.60657,0,0,1,1,-0.102388317793763,-0.330818548108693,0.0565318283624947,0.455796185694635
"sub-125",1,0,0,0.60514,0,0,1,1,-0.135669470842307,0.0181451040337345,0.663860401138663,0.0884866528445855
"sub-125",8,0,0,0.60025,0,0,1,1,0.242514263539609,0.233513753938799,0.226084868423641,-0.473754727799678
"sub-125",6,0,1,1.13386,0,0,1,1,0.433953157936533,0.710818492255553,-0.26135764750264,-0.523582640080713
"sub-125",8,0,1,0.50033,0,0,1,1,0.286132455570623,0.266570252814779,-0.276183342871567,-0.502998253447004
"sub-125",9,0,1,0.59986,0,0,1,1,0.117521446440757,-0.483889883819588,-0.360413994446086,-1.08175969608128
"sub-125",3,0,0,0.45601,1,0,0,1,-0.253731661320974,0.258042156868787,-0.375539215359216,-0.157876496389508
"sub-125",3,0,0,0.42133,1,0,0,1,0.0116790093791982,0.416356766768904,-0.171939603615707,-0.720188056444749
"sub-125",1,0,0,0.42346,1,0,0,1,0.623951693647541,0.0586022676693069,-0.0463242026631624,-0.729013407835737
"sub-125",3,0,1,0.37044,1,0,0,1,0.59349853626918,-0.17046516135128,-0.359643511687561,-0.972490351088345
"sub-125",6,0,1,0.62082,1,0,0,1,0.612458767058949,0.0605445700111213,0.0253840826141338,-0.155701650422998
"sub-125",3,0,0,0.52359,1,0,0,1,0.485050459411771,0.692931980274066,0.320842695655301,0.83351436862722
"sub-125",4,0,0,0.71984,1,0,0,1,0.543840279055682,0.329008344595355,-0.457419807401796,0.230575368274003
"sub-125",9,0,1,0.57044,1,0,0,1,0.323504130899285,-0.216951470283675,-0.315939643866538,-0.270132665149868
"sub-125",7,0,1,0.54213,0,0,1,1,-0.410222621479382,-0.185233290859119,-0.183386809425429,-0.254967509251583
"sub-125",7,0,1,0.45833,0,0,1,1,-0.751303468807843,-0.761657136319964,-0.434034907026216,0.0882737435866147
"sub-125",8,0,1,0.52511,0,0,1,1,-0.835159102532392,-0.284305939174913,-0.325130879267817,-0.0147066738456488
"sub-125",7,0,1,0.40509,0,0,1,1,-0.505956171953585,0.194952408472697,0.154724189604167,0.0227145619690418
"sub-125",6,0,1,0.55658,0,0,1,1,0.526269124820828,1.26749960408994,0.903855786348383,0.388719193357974
"sub-125",7,0,1,0.44135,0,0,1,1,0.146123295805107,0.535087711919375,0.326842269860208,-0.0617316615767777
"sub-125",8,0,1,0.45752,0,0,1,1,-0.114390648862657,-0.0330885125807038,0.393209700162212,0.157083733007312
"sub-125",4,0,1,0.44151,0,0,1,1,0.0438488501822576,-0.316714235340004,-0.0623430186727395,-0.390443393774331
"sub-125",10,0,1,0.77842,1,1,1,1,0.427615697253107,0.391598462161643,-0.145929833253225,0.111717278789729
"sub-125",8,0,1,0.65892,1,1,1,1,0.451106622970353,0.0741747726720792,0.372826878190002,-0.187998062931001
"sub-125",6,0,1,0.52671,1,1,1,1,-0.0199681448672588,-0.0264562845092129,0.359888485943278,-0.129536178521812
"sub-125",7,0,1,0.59267,1,1,1,1,0.17568603035761,0.36786093160993,-0.662243592620598,-0.120148204406723
"sub-125",1,0,0,1.15879,1,1,1,1,0.217308056967643,0.061365874208234,-1.34687759152924,-0.806319713033736
"sub-125",9,0,1,0.61189,1,1,1,1,-0.0291164357525607,-0.999403991632991,-0.89777431365413,-0.952173380833119
"sub-125",9,0,1,0.99335,1,1,1,1,0.227769798832014,-0.93975443282613,-0.505825275817188,-0.874977849330753
"sub-125",10,0,1,0.92366,1,1,1,1,0.665715585268723,-0.0902549577187057,-0.150845862110145,-0.139117504749447
"sub-125",9,0,1,0.44506,0,0,0,1,-0.26412924482914,-0.450693815273957,-0.571539613573501,-0.526728541776538
"sub-125",1,0,0,0.6639,0,0,0,1,0.0878317038538323,-0.238830240555453,-0.647146397425483,-0.476281457208097
"sub-125",5,0,1,0.84854,0,0,0,1,0.171528544645601,0.251345548985733,-0.233496182908614,-0.328322278999258
"sub-125",2,0,0,0.48276,0,0,0,1,-0.329045458153511,0.143684964385574,-0.374912942100006,-0.484236397687346
"sub-125",4,0,0,0.81545,0,0,0,1,-0.291798806923907,0.274250622148867,0.169927560086459,-0.199082829919644
"sub-125",3,0,0,0.61654,0,0,0,1,0.0542521788738668,0.64958211614026,0.303626144149651,-0.192739888839424
"sub-125",2,0,0,0.73296,0,0,0,1,0.244968697409301,0.484698356077489,0.120332648900027,0.103655809629709
"sub-125",1,0,0,0.53232,0,0,0,1,0.382281379386162,0.220572912858592,0.403752497164533,0.279602135997266
"sub-125",7,0,1,0.52993,1,0,1,2,-0.00242543453350663,0.0301180249080062,0.210937030118657,0.0225478388136253
"sub-125",6,0,1,0.0272399999999999,1,0,1,2,-0.11028957425151,0.485454410176586,-0.0225887444491188,0.1945904715918
"sub-125",8,0,1,0.76036,1,0,1,2,-0.516040246894894,-0.215752750635147,-0.229495333119606,-0.344259918108582
"sub-125",1,0,0,0.6567,1,0,1,2,-0.672723470165996,-0.761046110445427,0.121708945604041,-0.375954019837081
"sub-125",9,0,1,0.922,1,0,1,2,0.117053260803611,-0.193053278778852,0.303297062870115,0.235614360729232
"sub-125",9,0,1,1.03945,1,0,1,2,0.159051238636797,0.197750065372222,0.125553701827206,0.626767197996378
"sub-125",7,0,1,1.12194,1,0,1,2,0.661425409217676,1.09650337504637,-0.426085995675142,0.550863307528198
"sub-125",7,0,1,0.87321,1,0,1,2,-0.057474706787616,0.35582060148698,-0.304739516907527,-0.0975828379392624
"sub-125",2,0,0,0.8238,1,0,0,2,-0.19236915872898,-0.360207386194142,-0.93952217628248,-0.271987909683958
"sub-125",1,0,0,0.9721,1,0,0,2,-0.0361351227620617,-0.715413355707251,-0.875808840811563,-0.510696286940947
"sub-125",3,0,0,1.17054,1,0,0,2,0.33582041086629,0.547046110102976,0.246765651507303,0.271300089545548
"sub-125",1,0,0,0.87077,1,0,0,2,0.228252206851418,0.153396233278154,0.431055733992252,0.69141261158511
"sub-125",7,0,1,0.81681,1,0,0,2,-0.153441242330397,-0.654101124171306,0.0172113928322991,0.0971780754625797
"sub-125",2,0,0,1.08334,1,0,0,2,0.0389818177112223,-0.536374374327284,0.0850775308354059,-0.544789679185487
"sub-125",5,0,1,1.16655,1,0,0,2,0.293969437402363,-0.332118184305727,-0.0619600851011152,-0.235777104645967
"sub-125",2,0,0,0.96765,1,0,0,2,-0.10132278604821,-0.368014136924305,-0.262936273609133,-0.0752233451232314
"sub-125",2,0,0,0.78393,0,0,0,2,-0.323586967773736,-0.673655108447376,-0.0261485062461967,0.109755543386564
"sub-125",2,0,0,0.68441,0,0,0,2,0.264689145357503,-0.183226227484368,0.237752984277904,-0.49222632907331
"sub-125",6,0,1,1.0355,0,0,0,2,0.20374578765283,0.411117663951936,0.0269253828640406,-0.571650561504066
"sub-125",1,0,0,0.52941,0,0,0,2,-0.0978000349617408,0.743150966711929,0.467240229326611,0.337230455689132
"sub-125",3,0,1,0.69557,0,0,0,2,0.285438524302056,1.15292386170822,0.515254483829873,1.05841134581715
"sub-125",9,0,0,0.96269,0,0,0,2,0.400845388649032,1.25565925088746,-0.261714789201505,0.548075884384161
"sub-125",1,0,0,0.89532,0,0,0,2,-0.219760973171409,0.219077374941359,-0.345337092876434,0.0710576362907887
"sub-125",4,0,0,1.04585,0,0,0,2,-0.0306069233932173,-0.312831940629554,-0.472870855592191,0.0353560524992645
"sub-125",9,0,0,1.06644,1,1,1,2,-0.129048733195911,-0.435648515497127,-0.632341351437693,0.107242999458686
"sub-125",9,0,1,0.48103,1,1,1,2,-0.084039718999217,0.0362026611412013,-0.228009772351167,0.157550911605358
"sub-125",10,0,1,0.49794,1,1,1,2,0.143041010325154,0.124426595038838,-0.461156215945569,-0.434761582501233
"sub-125",6,0,0,0.64669,1,1,1,2,0.2190954501469,-0.0649054233950597,-0.430635523904736,-0.498375819809735
"sub-125",7,0,1,0.46116,1,1,1,2,-0.242513708330686,-0.371816855130924,-0.121514952508733,-0.696733842790127
"sub-125",10,0,1,0.74849,1,1,1,2,0.65902297765327,0.0093448190255677,-0.339144443064773,-0.352152128703892
"sub-125",7,0,1,1.17974,1,1,1,2,0.281737097577813,0.0319819604908978,-0.168796683390004,-0.502636202424765
"sub-125",1,0,0,0.53044,1,1,1,2,-0.0479476096418997,-0.191224227952598,0.449073582926455,-0.102613581344485
"sub-125",2,0,0,0.52615,1,1,0,2,-0.302170588680383,0.303193416498188,-0.476270211414279,0.16616323775379
"sub-125",1,0,0,0.52888,1,1,0,2,0.348916990449652,-0.0206286317962049,-0.229243736481294,0.0564896103227511
"sub-125",9,0,1,1.17934,1,1,0,2,-0.00459296909199717,-0.231338791324998,0.245165861657976,0.250524293698254
"sub-125",1,0,0,0.54237,1,1,0,2,-0.498543140711263,-0.119910933098894,0.118194659318154,0.827429396088701
"sub-125",1,0,0,0.6102,1,1,0,2,-0.467390688584904,-0.0663529494087453,-0.317403195697504,0.602255359571427
"sub-125",2,0,0,0.45709,1,1,0,2,0.0923568124029164,0.251660472368477,-0.130823244956749,0.469557392597198
"sub-125",3,0,0,0.64203,1,1,0,2,-0.0710907566147701,-0.35616024426633,0.137836079756501,0.300668809958734
"sub-125",6,0,1,0.84196,1,1,0,2,-0.0969445735803068,-0.520219974944161,0.208041499679287,0.08709699397441
"sub-125",9,0,1,0.87738,1,0,1,2,0.371609886720156,0.356471649267607,-0.313791746428857,-0.313697318825871
"sub-125",4,0,1,1.1292,1,0,1,2,-0.149786432739347,0.222705835476518,-0.319876126479357,-0.201673882082105
"sub-125",9,0,1,0.79481,1,0,1,2,-0.424217954937679,-0.147857614896364,0.0211227981684109,-0.745846292003989
"sub-125",7,0,1,0.76096,1,0,1,2,-0.0201526303232337,0.10708189439201,-0.488774963382942,-0.463536225724965
"sub-125",8,0,1,0.4787,1,0,1,2,-0.124885472003371,0.275675769826328,-0.591117529276138,0.527760883979499
"sub-125",5,0,0,0.49673,1,0,1,2,-0.59421635104809,-0.0576021749940183,-0.528651968944663,0.56395626172889
"sub-125",9,0,1,0.69837,1,0,1,2,-0.478944904287346,-0.606105578718362,-0.329109513045599,-0.456720233499072
"sub-125",7,0,1,0.98125,1,0,1,2,-0.343869207252283,-0.466121662684061,-0.390749036800116,-0.268991354480386
"sub-125",7,0,1,0.68448,0,0,1,2,0.769578550942242,-0.0139876463347011,-0.00285355896145726,0.0899466561153531
"sub-125",7,0,1,0.73425,0,0,1,2,0.899132822019359,-0.3291262374432,-0.13351274949188,-0.0450612760032527
"sub-125",7,0,1,0.7986,0,0,1,2,0.588467696507602,-0.247338142383982,0.0433189711378266,-0.619571504509076
"sub-125",6,0,1,0.66053,0,0,1,2,0.220644999450694,0.291344707279846,0.0390093885556174,-0.623017194494605
"sub-125",7,0,1,1.04316,0,0,1,2,-0.099023471858042,0.800914753918295,0.0495875073441615,0.196124482760206
"sub-125",4,0,0,0.54371,0,0,1,2,0.000738731740663449,0.385399076277045,-0.0825582520725826,0.0950365951051935
"sub-125",7,0,1,0.60927,0,0,1,2,0.069295280186149,0.0944682283464957,-0.133947175228968,-0.389437249730327
"sub-125",9,0,1,0.62802,0,0,1,2,-0.339718572795391,-0.108196449431556,-0.162139899563044,-0.167495742067695
"sub-125",10,0,1,0.60194,1,0,0,2,-0.599505123371879,-0.0863207666789768,-0.197401868140635,0.820975004555658
"sub-125",1,0,0,0.4195,1,0,0,2,-0.630253791809082,-1.15259045445257,-0.369598104987138,0.556613571196795
"sub-125",1,0,0,0.53559,1,0,0,2,-0.311608161544427,-0.452633600406073,-0.904771037011718,0.0307274883845821
"sub-125",4,0,1,0.91587,1,0,0,2,0.0131947254897871,-0.291187815126721,-1.02871438550452,0.100059546162083
"sub-125",1,0,0,0.56502,1,0,0,2,0.239017555839382,-0.366934424119622,-0.617515621551623,-0.354994124546647
"sub-125",1,0,0,1.16605,1,0,0,2,0.323687311261892,0.0968204914436986,-0.39527785172686,-0.780930251255631
"sub-125",6,0,0,1.20334,1,0,0,2,0.000898116404035439,0.228767181936376,-0.138153963101407,-0.674228390865028
"sub-125",4,0,0,0.58638,1,0,0,2,-0.0862581139275183,0.534601490151275,-0.0507213843520731,-0.723428422911093
"sub-125",5,0,1,0.58517,1,1,0,2,-0.123447247703249,0.0656414140981657,0.280369103575746,0.272789944545366
"sub-125",3,0,0,0.46463,1,1,0,2,0.117169998081711,0.541395845098628,0.156825763367427,-0.3394267790718
"sub-125",7,0,1,1.13324,1,1,0,2,-0.365336290715883,0.157358689647582,-0.0450489597472673,0.137297835201025
"sub-125",7,0,1,0.85017,1,1,0,2,-0.445158608536682,-0.458593238076126,-0.169037571720158,0.210036880988628
"sub-125",10,0,1,0.45257,1,1,0,2,0.330151579231218,-0.155771337518537,-0.447019821711971,-0.301547111477703
"sub-125",7,0,1,1.22191,1,1,0,2,0.708352831037094,0.239301386608363,-0.141962659428827,-0.135001955600455
"sub-125",9,0,1,1.02177,1,1,0,2,0.168785468830417,0.288463928495292,0.203222278748096,0.529912282060832
"sub-125",9,0,1,0.63724,1,1,0,2,0.104163433580349,0.304914928205242,-0.0205178844820087,0.476592840347439
"sub-126",10,0,1,1.02905,1,1,0,1,0.54104003108417,0.249638052760727,0.473392331274226,-0.239709356054664
"sub-126",4,0,1,0.46605,1,1,0,1,0.375408142455854,0.202170610600324,0.277595350945679,-0.0974590678000823
"sub-126",1,0,1,0.34722,1,1,0,1,-0.126836388216664,0.317101694505524,-0.100359239072228,0.0419981740415096
"sub-126",3,0,1,0.3604,1,1,0,1,0.278205200738739,0.358377677560956,0.201332534624574,0.249307269416749
"sub-126",6,0,1,0.34458,1,1,0,1,-0.111089303119419,-0.519395582257184,0.136098959483206,0.39913414567709
"sub-126",2,0,1,0.44391,1,1,0,1,-0.314856248907745,-0.652638607589459,-0.490819865604863,-0.362530866544694
"sub-126",4,0,1,0.37789,1,1,0,1,0.124001704932501,0.710293577820132,-0.281522403704002,-0.127226301282644
"sub-126",1,0,1,0.02813,1,1,0,1,-0.286122823560921,0.54551664677759,-0.252098556763182,0.365045053092763
"sub-126",9,0,1,0.39043,1,1,1,1,-0.516089789026106,0.0388368488185936,-0.374615007215956,-0.44248347626999
"sub-126",9,0,1,0.37291,1,1,1,1,0.235556103247897,-0.00954317994829681,0.861018845501045,-0.041052401647903
"sub-126",8,0,1,0.35826,1,1,1,1,0.675343316281214,0.806889091100958,1.48720117635094,1.074658745341
"sub-126",9,0,1,0.50518,1,1,1,1,0.0828245053999126,0.535603265234925,0.578459465682196,0.348493299353868
"sub-126",9,0,1,0.95497,1,1,1,1,-0.125522999636208,0.204056657436821,-0.0291775094422822,0.0435165617614984
"sub-126",6,0,1,0.80765,1,1,1,1,0.189606405697608,-0.0161729901511636,0.111192652742223,0.371576816041488
"sub-126",7,0,1,0.4111,1,1,1,1,-0.0199738317945351,0.509737577082382,0.558045956771821,0.250430820533074
"sub-126",2,0,1,0.41347,1,1,1,1,0.325456944989128,0.37382323449802,0.690231187346702,-0.417169815022498
"sub-126",2,0,1,0.57183,1,0,1,1,-0.299444308038801,-0.456269414922981,-0.843943895204575,-0.570055796671659
"sub-126",10,0,1,0.27514,1,0,1,1,-0.299272524231734,-0.173843451361689,-0.458946029655635,-0.316979911387898
"sub-126",10,0,1,0.0257400000000001,1,0,1,1,0.123901354304204,0.164792739682727,0.615240053829135,-0.0769309735391289
"sub-126",10,0,1,0.35798,1,0,1,1,0.460382348004108,-0.290889279709922,0.731072452481991,0.131061678798869
"sub-126",7,0,1,0.33995,1,0,1,1,0.884477110637818,-0.0689864381285453,0.42155144904973,-0.097691504098475
"sub-126",9,0,1,0.38993,1,0,1,1,0.478921799920499,-0.0651864748948288,-0.431347596791359,0.468513759155758
"sub-126",8,0,1,0.29111,1,0,1,1,-0.267447521754851,0.432442057487572,-0.502386712624381,0.48873718297109
"sub-126",6,0,1,0.33876,1,0,1,1,-0.245248056133278,-0.0577975807849456,-0.0318694785237312,0.125389901921153
"sub-126",4,0,1,0.0240100000000001,1,0,0,1,0.796030465513468,1.17838902188534,0.426473075601583,-0.346089744009078
"sub-126",3,0,1,0.42329,1,0,0,1,-0.112489282852039,0.344984253592513,0.316802438518304,-0.194622652954422
"sub-126",4,0,1,0.35363,1,0,0,1,-0.901509506972313,-0.422841803688142,0.207864580190896,-0.252946878224611
"sub-126",4,0,1,0.33454,1,0,0,1,-0.397891827781374,-0.645331801311975,-0.0752985033517082,0.216814995743334
"sub-126",1,0,1,0.36799,1,0,0,1,0.369010906433687,-0.0476113640944715,0.010589597785535,-0.217762228660285
"sub-126",3,0,1,0.36596,1,0,0,1,0.282788633092423,-0.606311137753504,-0.375910947681405,-0.936874998454005
"sub-126",6,0,1,0.46586,1,0,0,1,0.325047515284192,0.638659945309714,-0.371345623396337,-0.102264147624373
"sub-126",8,0,1,0.45289,1,0,0,1,0.432449598020564,0.234051744177662,-0.0615628847541908,0.036465769726783
"sub-126",8,0,1,0.50058,1,0,1,1,0.126309652812779,1.07506580009229,0.572279917386671,0.766477588098496
"sub-126",8,0,1,0.26317,1,0,1,1,-0.16699657177863,0.758689243311959,0.571140955202281,0.619027478760108
"sub-126",10,0,1,0.3099,1,0,1,1,-0.362017774954438,-0.665244828719922,0.376914921177862,0.218277087311071
"sub-126",2,0,1,0.35981,1,0,1,1,-0.28735405732732,-0.960675084239079,0.40034484413142,-0.518721049278975
"sub-126",10,0,1,0.33994,1,0,1,1,0.520622136304155,-0.0412937076417384,0.677441171680888,-0.00194505685940385
"sub-126",10,0,1,0.35765,1,0,1,1,0.216184386129801,-0.242904128662,0.94401833085188,1.15615814477205
"sub-126",9,0,1,0.37538,1,0,1,1,0.401990594730402,-0.435954027080529,0.318250635056756,0.529348575859331
"sub-126",5,0,1,0.77751,1,0,1,1,0.139747159492496,-0.117360260175903,-0.642696728638839,-0.162152815051377
"sub-126",2,0,1,0.26228,0,0,0,1,0.386036931575897,0.00387207749817106,-0.485838417429477,-0.282554936595261
"sub-126",10,0,1,0.29295,0,0,0,1,0.0297074947350969,0.291017557459849,-0.14753543259576,-0.171801595017314
"sub-126",4,0,1,0.37933,0,0,0,1,-0.28660852718167,0.839735661357365,0.473049070453271,-0.0955437934258953
"sub-126",6,0,1,0.44605,0,0,0,1,0.0458017401397228,0.625616338586918,0.0696848086857547,-0.318455529445782
"sub-126",4,0,1,0.57681,0,0,0,1,0.0507465097665166,-0.655548301145986,0.120506816582444,-0.501805844437331
"sub-126",3,0,1,0.67793,0,0,0,1,1.01981403220755,-0.731771188546662,0.249908374777685,-0.781039038021117
"sub-126",3,0,1,1.04742,0,0,0,1,0.609207556951636,0.683391540863172,0.373509652194722,0.199349512113258
"sub-126",2,0,1,0.4504,0,0,0,1,0.650165880477289,0.732254213187844,0.699734914776248,0.712165977805853
"sub-126",10,0,1,0.36074,0,0,1,1,-0.386270447013279,-0.234686855226755,-0.0523707116565978,-0.609044390683994
"sub-126",6,0,1,0.37982,0,0,1,1,0.0674423578990779,0.0915950893336062,-0.731993783963844,-1.61973131038249
"sub-126",7,0,1,0.39861,0,0,1,1,-0.17354791611433,-0.321092069787146,-0.191665055734726,-0.495868902327493
"sub-126",10,0,1,0.57978,0,0,1,1,-0.183458631703009,-0.110044306765,0.0455542266427074,1.7354406606406
"sub-126",2,0,1,0.43047,0,0,1,1,-0.0983602807597587,0.225247719911514,-0.068243660061853,0.258955880347639
"sub-126",8,0,1,0.84592,0,0,1,1,0.124646837784288,0.321100248506776,-0.122513866672913,-0.214662491204217
"sub-126",8,0,1,0.49688,0,0,1,1,-0.00249285786412656,-0.00634014096943213,0.0875404183000986,0.440881696529686
"sub-126",10,0,1,0.44886,0,0,1,1,0.539724793430651,-0.206121995838152,0.183573025744408,0.461379414243856
"sub-126",3,0,1,0.35602,1,0,0,1,0.16893247825404,-0.291551021095883,0.41843578320307,-0.458581309393048
"sub-126",1,0,1,1.45502,1,0,0,1,1.34879271810253,0.473610377008164,-0.172013857945179,-1.09717563800514
"sub-126",8,0,1,0.50868,1,0,0,1,1.2845756537281,-0.209391101226814,-0.375055501868095,-0.717814438347705
"sub-126",1,0,1,0.75905,1,0,0,1,0.360247421311215,0.394862558002825,0.367508395691402,-0.0721164250746369
"sub-126",2,0,1,0.87779,1,0,0,1,0.486404340675411,0.803011379377158,0.861995780578582,0.337749770015944
"sub-126",1,0,1,0.41604,1,0,0,1,0.336765037204411,0.233163285276128,0.223516678723778,0.837824569549412
"sub-126",5,0,1,0.44939,1,0,0,1,-0.227817703678738,0.586888530946992,-0.301749448097932,-0.0214298765407875
"sub-126",1,0,1,0.41744,1,0,0,1,-0.636766133131459,-0.0911900071013305,-0.392034289853958,0.045445969235152
"sub-126",9,0,1,0.39929,1,1,0,1,-1.04122354014544,-0.160585667386099,-0.151551040355116,-0.368919702502899
"sub-126",7,0,1,0.33698,1,1,0,1,-0.935755213567366,-0.677698619525742,-0.28493392378247,-0.279770211968571
"sub-126",7,0,1,0.13955,1,1,0,1,-0.683047527136902,-0.648481110593787,0.0635510659194551,0.39788445783779
"sub-126",7,0,1,0.84462,1,1,0,1,0.932978473739543,0.336507584589223,1.18249210629923,0.781526116281748
"sub-126",3,0,1,0.03179,1,1,0,1,1.47720530390992,1.13105765067869,1.17299866885878,-0.15730604804121
"sub-126",10,0,1,0.03243,1,1,0,1,1.39859562413767,1.3768367672822,0.375382274699708,-0.0920570684160339
"sub-126",5,1,0,NA,0,0,0,1,0.977671619194249,1.22144313529134,0.285669424881538,-1.75525266267359
"sub-126",10,0,1,0.28903,1,1,0,1,0.29039802805831,-0.279455064623444,0.272222972426486,0.42198186898604
"sub-126",5,0,1,0.45132,1,1,0,2,-0.360778466487924,-1.54661566164793,-0.595774268841827,-1.13509434955195
"sub-126",4,0,1,0.4202,1,1,0,2,-0.235975074659412,1.15736823111635,0.0145244123414159,0.254978776769713
"sub-126",3,0,1,0.32038,1,1,0,2,-0.210995172771315,1.38099660393265,-0.163497101903583,0.808861253969371
"sub-126",3,0,1,0.28311,1,1,0,2,-0.221008707133781,0.113833118747506,-0.178864206323245,0.133277965523303
"sub-126",10,0,1,0.34762,1,1,0,2,-0.132099254832913,-0.467273312931259,-0.121253744776671,-0.118747868575156
"sub-126",4,0,1,0.29736,1,1,0,2,-0.701578576272974,-0.376589307285569,0.0643273036694154,0.206608333182521
"sub-126",4,0,1,0.41813,1,1,0,2,-0.719600624521263,-0.834713639346538,-0.138893573467309,-0.315155987069011
"sub-126",3,0,1,0.2841,1,1,0,2,-0.669287604745477,-0.860620191389764,-0.0682736987655517,-0.546594172343612
"sub-126",8,0,1,0.01878,1,1,1,2,0.808140875926862,0.103297847219639,0.0213274983689189,-0.614033497261698
"sub-126",4,0,1,0.01773,1,1,1,2,0.657544592580962,-0.358547599986196,-0.154796155150204,-1.10945655787364
"sub-126",10,0,1,0.0188999999999999,1,1,1,2,0.202450549152369,0.128120302843551,0.143236914843631,-1.17889851145446
"sub-126",9,0,1,0.02129,1,1,1,2,-0.0665598728713424,-0.163533538224766,0.236586980793315,-0.766034510405734
"sub-126",7,0,1,0.02058,1,1,1,2,0.0384349175728858,-0.561272639505289,-0.0440485840663314,0.252999963564798
"sub-126",9,0,1,0.01783,1,1,1,2,-0.413119355953919,-0.53006455509199,-0.355662998959209,-0.13182930261828
"sub-126",10,0,1,0.0309600000000001,1,1,1,2,-0.114508857271479,-0.0335234550455223,0.561666413860318,-0.384890495520085
"sub-126",5,0,1,0.0322499999999999,1,1,1,2,0.0333793388745107,-0.693082451087388,-0.0298292579051728,-0.884406408574432
"sub-126",2,0,1,0.23762,0,0,0,2,-0.586668926523998,-1.41440316006817,-0.899542131342362,0.533453912194818
"sub-126",6,0,1,0.37424,0,0,0,2,-0.222569005563855,-0.287903897567756,-0.825676466047298,0.194931147585157
"sub-126",4,0,1,0.45694,0,0,0,2,0.20053736314488,0.236314673088836,-0.0539219354486704,-0.208931479696184
"sub-126",2,0,1,0.47419,0,0,0,2,-0.339661137026269,0.829420749442997,0.533226097933948,-0.206216713832691
"sub-126",4,0,1,0.3755,0,0,0,2,-0.4159060211144,0.117493312150516,0.463436349891708,0.380181025201455
"sub-126",10,0,1,0.99109,0,0,0,2,0.310756118347247,0.188018405844492,0.261962169509691,-0.0601477770600468
"sub-126",4,0,1,0.9435,0,0,0,2,0.880471567894953,0.562026276744695,0.382542816126564,0.0277501974254847
"sub-126",1,0,1,0.82725,0,0,0,2,0.310567222283377,0.900090942573216,0.307631847768789,0.512735109264031
"sub-126",6,0,1,0.43975,0,0,1,2,-0.213324952637777,-0.3576336623066,-0.231913557314935,0.421069546879153
"sub-126",4,0,1,0.49177,0,0,1,2,-0.33098788520086,-0.119321058170128,-0.055016799592219,0.188766748737544
"sub-126",10,0,1,0.39618,0,0,1,2,-0.398036200902425,-0.272153625471724,0.207600577443372,0.440954184904695
"sub-126",8,0,1,0.46187,0,0,1,2,-0.0831459393569579,-0.43489194482013,-0.0599538156432876,-0.255536637920886
"sub-126",9,0,1,0.49439,0,0,1,2,-0.147429326471562,-1.09009394532552,-0.321815706595468,-0.882054389175028
"sub-126",8,0,1,0.56369,0,0,1,2,0.0505911260843277,-1.0586583952385,0.040025624659999,-0.995981001667678
"sub-126",8,0,1,0.3769,0,0,1,2,-0.207919601506243,-0.0542243463418412,0.328158696264533,-0.0108113228343427
"sub-126",8,0,1,0.35709,0,0,1,2,-0.833664443111047,0.444612067714506,0.47386794599394,-0.822419858863577
"sub-126",5,0,1,0.56522,1,0,0,2,0.792840470947946,-0.197406302999567,-0.189116584685204,-0.173368448333349
"sub-126",1,0,1,0.41651,1,0,0,2,0.60045955896688,-0.340165969812208,0.239815555784541,0.0733208196703345
"sub-126",3,0,1,0.35041,1,0,0,2,-0.491332633653656,-0.0815924964155312,0.540397755180796,0.0912154242396355
"sub-126",4,0,1,0.46799,1,0,0,2,-0.159704519746204,0.0830762437027362,0.0628626334752577,-0.413809509470593
"sub-126",9,0,1,0.33585,1,0,0,2,-0.0766657691759368,-0.725820936837139,-0.438758333300939,-0.140314724948257
"sub-126",1,0,1,0.38793,1,0,0,2,0.237587618175894,-0.53200362201918,0.00569084302211801,0.461639888491482
"sub-126",2,0,1,1.63836,1,0,0,2,0.87607893658181,0.0672357192228514,0.580365759320557,0.400280389562249
"sub-126",2,0,1,0.58915,1,0,0,2,0.482701225904748,0.596128776255581,0.172982166346628,0.126148827560246
"sub-126",6,0,1,0.39882,0,0,0,2,-0.125101101206383,-0.471788181492162,0.106116853829008,0.157177463872358
"sub-126",3,0,1,0.36617,0,0,0,2,0.116531531171252,0.576907279702869,0.474980761685098,0.822958428785205
"sub-126",4,0,1,0.0323899999999999,0,0,0,2,-0.100674989458639,1.0814168566355,0.132301902427571,0.431545581296086
"sub-126",3,0,1,0.29803,0,0,0,2,-0.327309309892977,0.478517331803838,0.192717609034541,0.705383389629424
"sub-126",4,0,1,0.0299400000000001,0,0,0,2,0.0154889834811911,0.17941946681175,0.10618131083902,0.730541875772178
"sub-126",8,0,1,0.02783,0,0,0,2,-0.274696488606423,0.539239625825926,0.194735499952609,0.360961652174592
"sub-126",4,0,1,0.49094,0,0,0,2,-0.292591422330588,0.000141343515780237,-0.287524315373351,0.311391215771437
"sub-126",2,0,1,0.52244,0,0,0,2,-0.207189041733121,-0.602274309464351,-0.117657228261426,-1.05054799448699
"sub-126",8,0,1,0.36419,0,0,1,2,-0.0523008247837424,-0.366954880059455,-0.132644018507563,-0.684626810066402
"sub-126",7,0,1,0.31399,0,0,1,2,0.23188500762141,0.159610624705372,0.637487529194914,-0.309352022083476
"sub-126",8,0,1,0.0326299999999999,0,0,1,2,-0.0202750791795552,0.289034620608652,0.948481863907849,-0.065144875459373
"sub-126",5,0,1,0.0319400000000001,0,0,1,2,-0.218830060917147,-0.0631607107266232,-0.0874897192697972,-0.12012710259296
"sub-126",7,0,1,0.11518,0,0,1,2,-0.461972572375089,-0.523275626271411,-0.689402664701144,-0.0147098310408182
"sub-126",4,0,1,0.11446,0,0,1,2,-0.447466830936416,-0.106205036691218,-0.378131368197501,0.215618014428765
"sub-126",7,0,1,0.06627,0,0,1,2,-0.136300606653094,0.0892249089493244,-0.0428527244366705,0.246633002592716
"sub-126",7,0,1,0.0499700000000001,0,0,1,2,-0.554316932335496,-0.573108357334234,0.256931053940207,0.721719926409423
"sub-126",10,0,1,0.45989,1,0,1,2,-0.117809405938412,-0.48982904644476,-0.68924474537683,-0.962891091615893
"sub-126",4,0,1,0.39543,1,0,1,2,-0.273702769773081,-0.255376959219575,-0.951994418088968,-0.576086654886603
"sub-126",10,0,1,0.41333,1,0,1,2,-0.104442716889025,-0.011787457736554,-0.6860346388227,0.280966681329301
"sub-126",9,0,1,0.38056,1,0,1,2,-0.163802583750415,0.179049004162489,-0.566922335206376,-0.062447915179655
"sub-126",7,0,1,0.34655,1,0,1,2,0.44992895082881,-0.00668763999689232,0.0936625787677864,0.331929504591972
"sub-126",7,0,1,0.49871,1,0,1,2,0.577384250160928,0.455122696615204,1.11885245652714,0.411627503298223
"sub-126",6,1,0,NA,0,0,1,2,0.440654009891053,0.337829906079504,1.26137707568705,0.093005314306356
"sub-126",8,0,1,0.23756,1,0,1,2,0.257239333392742,-0.130902095939274,0.523520569569276,-0.402571998932399
"sub-126",2,0,1,0.0257099999999999,1,1,0,2,-0.325025075192874,0.219312108794434,-0.229179456131533,0.00137671721167862
"sub-126",3,0,1,0.39093,1,1,0,2,-0.168376605763721,0.392271323750416,-0.313658700712646,-0.463712017470971
"sub-126",5,0,1,0.27545,1,1,0,2,-0.20584263978526,-0.141530228813213,-0.177108639385551,-0.196418332797475
"sub-126",3,0,1,0.30761,1,1,0,2,-0.918821955875804,-0.605258787188817,-0.626368641853333,0.223849567212164
"sub-126",2,0,1,0.27724,1,1,0,2,-0.806197909745,0.0346596790995035,-0.0491642944204311,-0.336457973346114
"sub-126",4,0,1,0.34706,1,1,0,2,-0.160798719385639,-0.175719854801341,-0.236460686583693,-1.02503906162456
"sub-126",10,0,1,0.34628,1,1,0,2,-0.389917774436374,-0.994841097037015,-0.323445406698738,-0.822159771993756
"sub-126",1,0,1,0.6762,1,1,0,2,-0.116402952504965,-0.369360196524886,0.217213011657198,0.192362748878077
"sub-127",6,1,0,NA,0,0,0,1,0.460116379612979,-0.181590539575727,0.295648977354479,0.101795074553229
"sub-127",3,0,0,1.52151,0,0,0,1,0.15066083567217,-0.120172269090458,0.141070714880091,-0.277336539584212
"sub-127",4,0,0,1.00903,0,0,0,1,0.118860170283976,-0.351182665434425,0.193284150678664,-0.307175166101661
"sub-127",2,0,0,0.68264,0,0,0,1,-0.157244814967271,-0.35041981043846,0.329217993188649,0.0129634942975827
"sub-127",10,0,1,0.5716,0,0,0,1,0.119557626545429,-0.335801150977474,0.537695461340869,-0.492154137510806
"sub-127",1,0,0,0.0271399999999999,0,0,0,1,0.395263615141933,-0.014267019789528,0.0454502730087067,-0.889456585794687
"sub-127",1,0,0,0.6836,0,0,0,1,0.365863702259958,0.60258161894658,0.414506264729425,-0.0816445416770875
"sub-127",2,0,0,0.47287,0,0,0,1,0.567207953038936,0.529905423453009,0.978356823169937,0.603748481883667
"sub-127",6,0,1,1.55319,1,0,1,1,-0.320210214995313,0.402214044770247,-0.553602335741743,-0.398544471897185
"sub-127",7,0,1,0.7598,1,0,1,1,-0.625935593930384,0.213929718351681,-0.166632260516053,-0.229079155065119
"sub-127",9,0,1,0.61685,1,0,1,1,-0.41630478251803,0.128752763107143,0.257201047381386,-0.547301444225013
"sub-127",9,0,1,0.0888199999999999,1,0,1,1,0.195278710142399,0.100739720158917,0.222576594135414,-0.503898452036083
"sub-127",8,0,1,0.61214,1,0,1,1,0.504328638431616,0.40875218104985,0.151904895988991,0.0447741858661175
"sub-127",7,0,0,0.51807,1,0,1,1,0.73410290464138,-0.230304615692822,0.376491407737679,-0.340599171631038
"sub-127",4,0,0,0.52386,1,0,1,1,-0.144182997193032,0.644277945160866,-0.483687284383147,-0.957968482328579
"sub-127",8,0,1,0.67983,1,0,1,1,-0.0142611816797095,0.173099109799498,-0.0635724777821451,-0.280843679513782
"sub-127",10,0,1,0.4766,0,0,1,1,0.939334080476935,0.310324650326813,-0.193026367148074,-0.161653527710587
"sub-127",6,0,0,0.66744,0,0,1,1,0.12612975340744,0.20271034112752,-0.436740417518498,-0.115323847858235
"sub-127",8,0,1,0.57285,0,0,1,1,-0.199583767978159,0.187223576699142,-0.103606240047763,-0.335830467008054
"sub-127",1,0,0,0.52869,0,0,1,1,0.104138868472849,-0.417452078260895,-0.0598644212974856,-0.282328452749061
"sub-127",9,0,1,0.48462,0,0,1,1,-0.563629753344382,-0.607114313429015,-0.343584295750285,-0.341299826977775
"sub-127",8,0,1,0.54153,0,0,1,1,-0.256592663713188,-0.830676891409826,-0.00206789133759836,-0.294072875240818
"sub-127",7,0,0,1.01465,0,0,1,1,0.818017116514966,-0.116390580276924,0.324063732492505,-0.266513912309892
"sub-127",8,0,1,0.537,0,0,1,1,0.287830798343445,0.330338680081897,1.14452417268573,-0.0321231639944017
"sub-127",6,0,0,0.73264,1,1,0,1,-0.289321627429066,0.224996365141124,-0.694755650009029,-0.545368969556876
"sub-127",4,0,0,0.42321,1,1,0,1,-0.157894310395932,-0.0402458435510872,-0.681164912336195,-0.303994638845325
"sub-127",2,0,0,0.43118,1,1,0,1,-0.101206923340214,0.126449531996278,0.258498321248529,-0.19458130877465
"sub-127",9,0,1,0.53736,1,1,0,1,-0.259710590665539,0.217541877766726,0.592760983854532,-0.620371997077018
"sub-127",4,0,0,0.42626,1,1,0,1,0.501810312518501,-0.246050800024359,0.187751687083316,-0.247150197252631
"sub-127",2,0,0,0.44936,1,1,0,1,0.779634086648002,-0.0577138771337491,0.0421800550539047,0.630560582783073
"sub-127",1,0,0,0.38822,1,1,0,1,0.220732019670929,0.490893528331071,0.223894871024337,0.613177448976785
"sub-127",1,0,0,0.49406,1,1,0,1,-0.230078340605057,0.821489814979335,0.845442984330778,0.356545205041766
"sub-127",9,0,1,0.42231,0,0,1,1,0.0596297094986464,-0.0899721537975387,-1.24618365018008,-1.00313807856292
"sub-127",10,0,1,0.44711,0,0,1,1,-0.040530720357007,0.067697090200252,-0.590976427023027,-1.3956174035091
"sub-127",7,0,0,0.63643,0,0,1,1,0.327141867271469,-0.549738612025976,-0.708072632085532,-1.00952363824472
"sub-127",4,0,0,0.60899,0,0,1,1,0.245330661399445,0.354202067927906,-0.30736144973586,-0.361151425959542
"sub-127",8,0,1,0.44843,0,0,1,1,-0.00514244103881841,0.612262739976696,0.145593870438461,0.259336283896118
"sub-127",7,0,0,0.4875,0,0,1,1,0.056321267116194,0.42148920379717,0.3638754846761,0.150694297580048
"sub-127",8,0,1,0.47683,0,0,1,1,0.272407562588342,0.207107270239956,0.0383840051945299,0.107970245741308
"sub-127",5,0,0,0.36597,0,0,1,1,0.529803540111364,0.169226770082282,-0.117795961501542,-0.490015915688127
"sub-127",9,0,1,0.42677,1,1,1,1,0.874158630506524,-0.293328257277608,0.269969657296315,0.00502399249235168
"sub-127",9,0,1,0.46625,1,1,1,1,0.562467703644264,-0.633077949044053,0.25779282526734,-0.470617378875613
"sub-127",7,0,0,0.45668,1,1,1,1,0.532579467825902,-0.738381469208333,0.521883305860683,-0.319514227099717
"sub-127",4,0,0,0.46265,1,1,1,1,-0.790185146887476,0.0254760629807909,-0.35680885448528,-0.0586208033375442
"sub-127",7,0,0,0.43498,1,1,1,1,-0.941991380338247,-0.455435512173507,-0.501171305465201,-0.0646022175438702
"sub-127",6,0,0,0.47441,1,1,1,1,-0.217788270286595,-0.743614319642937,-0.740940159341941,-0.37121625347063
"sub-127",8,0,1,0.56374,1,1,1,1,0.504006494884379,0.849624862101067,-0.134037977006907,-0.368429701030254
"sub-127",10,0,1,0.38719,1,1,1,1,0.608603843992266,0.820441446405042,0.218556087270069,-0.523461878113449
"sub-127",4,0,0,0.43486,1,0,0,1,0.0161201643835132,0.340409214280684,-0.409318761667237,-0.605639599310234
"sub-127",1,0,0,0.24056,1,0,0,1,0.355121886280055,0.401722847242598,0.117352749647883,-0.439157258532941
"sub-127",9,0,1,0.51452,1,0,0,1,-0.383360782172531,0.276271516207123,0.123006067471579,-0.15063351377612
"sub-127",2,0,0,0.42055,1,0,0,1,-0.363584892649669,-0.206088549138426,0.179942910559475,0.303195611818228
"sub-127",4,0,0,0.37658,1,0,0,1,-0.226019449386513,0.302119679231611,0.0343772240448743,0.531029140448663
"sub-127",4,0,0,0.51681,1,0,0,1,-0.119427295246472,-0.0135643968910531,-0.283569114612571,-0.261445504613221
"sub-127",1,0,0,0.4904,1,0,0,1,-0.00406858504478199,-0.0268666988100719,-0.333332462915375,-0.756930502562318
"sub-127",5,0,0,0.56285,1,0,0,1,0.131800352750967,-0.123179730510822,0.242207243378895,-0.514000356639735
"sub-127",1,0,0,0.44395,1,1,0,1,-0.0418390040285885,0.25273206560976,-0.25560073244075,-0.126275167986751
"sub-127",1,0,0,0.25111,1,1,0,1,0.657650011552808,0.381198423362716,0.600385352425898,0.0077597021125257
"sub-127",5,0,0,0.52466,1,1,0,1,0.577730420947773,0.429508616285468,0.0990287002641708,-0.601881267316639
"sub-127",3,0,0,0.43075,1,1,0,1,0.53286473499611,0.214848270536297,0.620986135851126,-0.167659702338278
"sub-127",1,0,0,0.40304,1,1,0,1,0.138447487028316,-0.333095763585772,0.414375240390655,0.0471362462732941
"sub-127",3,0,0,0.42584,1,1,0,1,0.426113601385926,-0.25130636503713,-0.12781083669203,-0.0114267020486295
"sub-127",1,0,0,0.58194,1,1,0,1,1.28134255493448,-0.647838268870988,0.191654928028584,-0.279212679341435
"sub-127",7,0,0,0.70447,1,1,0,1,1.22599456214812,0.00523250631091219,0.353392013077003,-0.707517183385789
"sub-127",4,0,0,0.47083,0,0,0,1,-0.393728424290506,-0.135398815523971,-0.847588815687535,-0.680652189138345
"sub-127",4,0,0,0.42858,0,0,0,1,-1.18522916423778,-0.280251148993287,0.0584683244038994,-0.295218100445345
"sub-127",2,0,0,0.48445,0,0,0,1,-0.960751664048682,-0.654966023345305,0.12605104331548,0.466883450001478
"sub-127",2,0,0,0.47478,0,0,0,1,-0.160139255613709,0.31721751978276,-0.421066148400617,0.297596430499107
"sub-127",10,0,1,0.4973,0,0,0,1,0.402320780868952,0.340742897035347,-0.324456149634595,-0.342194041237235
"sub-127",5,0,0,0.45325,0,0,0,1,0.219014225993305,0.57223072503176,0.0109746195375919,-0.305643989238888
"sub-127",4,0,0,0.41023,0,0,0,1,0.344108048962274,-0.117349416155506,0.255113863269798,0.0742858128622174
"sub-127",3,0,0,0.4328,0,0,0,1,0.505583162593515,0.111275512449167,0.95813051937148,-0.130103951413184
"sub-127",8,0,1,0.32119,1,0,1,2,0.220696544934375,0.13310331740865,-0.146745451415579,-0.344035256281495
"sub-127",7,0,0,0.744,1,0,1,2,0.139389919427534,0.0341241083073395,-0.214522106281947,-0.0279410908580758
"sub-127",8,0,1,0.70138,1,0,1,2,0.307861434101748,0.463118319710096,0.451964542386122,-0.58755312282592
"sub-127",4,0,0,0.50714,1,0,1,2,0.102625616205235,0.466107240153684,0.482664848988255,0.294355470733717
"sub-127",8,0,1,0.32969,1,0,1,2,0.104785111305925,-0.0586909717552502,-0.0269555769239863,0.0745133695862023
"sub-127",5,0,0,0.48647,1,0,1,2,0.176330039770013,0.225827181435846,0.507778731970272,0.216067741508596
"sub-127",9,0,1,0.0262800000000001,1,0,1,2,0.344639425942053,0.377350936866909,0.70505986486872,-0.105583778396249
"sub-127",9,0,1,0.56637,1,0,1,2,-0.061407196316092,0.764723066076705,1.15098105642634,-0.0912827578838915
"sub-127",4,0,0,0.42766,1,1,0,2,-0.0254367510109053,0.282513388536043,-0.674097025184892,-0.236742167919874
"sub-127",2,0,0,0.50141,1,1,0,2,-0.646355708090899,-0.798235806739993,-1.02123594518829,-0.778973640035838
"sub-127",4,0,0,0.55822,1,1,0,2,-0.266055341965208,-0.747382378481604,-1.35365546657704,-0.683581951027736
"sub-127",7,0,0,0.58097,1,1,0,2,0.0846768752283727,0.152420341416642,-0.832061511071515,-0.686822595447302
"sub-127",3,0,0,0.53789,1,1,0,2,0.267280142211045,0.791993226614539,0.484286080968256,0.05089559443295
"sub-127",5,0,0,0.54379,1,1,0,2,0.734802966665787,0.697543950992878,-0.175539940052355,0.472789399744943
"sub-127",2,0,0,0.53313,1,1,0,2,0.681885400204919,0.153882438523902,-0.189925639890134,-0.385997501481324
"sub-127",1,0,0,0.4583,1,1,0,2,-0.255878705648987,-0.0782560581962268,0.43193680800808,-0.217147739045322
"sub-127",9,0,1,0.05569,1,0,1,2,0.536213795945514,-0.408368685608299,-0.963692531610529,-0.636775672994554
"sub-127",1,0,0,0.47779,1,0,1,2,0.223274860375871,-0.208173986972758,-0.512122892464201,-1.28701596530154
"sub-127",8,0,1,0.41902,1,0,1,2,-0.205554080816607,1.09315537206001,0.358571826344511,-0.267177093727514
"sub-127",6,0,0,0.47516,1,0,1,2,-0.362746596103534,0.872679831615339,0.148268992158895,0.365853390842676
"sub-127",9,0,1,0.44769,1,0,1,2,-0.208697118843702,-0.126177023488304,0.223096456378698,-0.799287526123226
"sub-127",10,0,1,0.70379,1,0,1,2,0.0180423944063174,-0.392912218554152,0.648265292945628,-0.986574835516512
"sub-127",9,0,1,0.59402,1,0,1,2,0.159992627721901,-0.0361545531562081,0.582238126468534,-0.448122762329876
"sub-127",7,0,0,0.48425,1,0,1,2,0.694380959311578,0.260323486635806,0.935902068081001,0.127525902725756
"sub-127",6,0,0,0.31377,1,0,0,2,0.33563583464517,-0.222069862027032,-0.592274846198658,-0.460964786913246
"sub-127",8,0,1,0.02084,1,0,0,2,0.863673265480126,0.228721392099504,0.171661935591449,-0.555736986827105
"sub-127",1,0,0,0.46069,1,0,0,2,-0.022122976797012,1.25285188977917,0.55216892878525,0.366468649613671
"sub-127",3,0,0,0.36657,1,0,0,2,-1.05862852201487,0.891469480969978,-0.684572501185661,0.467671862244606
"sub-127",4,0,0,0.40589,1,0,0,2,-0.565349402682235,0.515634932788089,-0.91258819703944,0.00637597250752151
"sub-127",2,0,0,0.36271,1,0,0,2,-0.386951633893962,-0.531641359078801,-0.920644225213133,-0.366645847354084
"sub-127",3,0,0,0.46868,1,0,0,2,-0.887219019467011,-0.408248218319689,-0.297221525349111,-0.436941191740334
"sub-127",4,0,0,0.49222,1,0,0,2,-0.0688304492117216,-0.7433907677316,0.163990376361956,-0.145772477798164
"sub-127",8,0,1,0.55726,1,1,1,2,0.488816224504262,1.75558075101839,-0.446501045798262,-0.290111579885706
"sub-127",10,0,1,0.49631,1,1,1,2,-0.130674733547494,0.92371552951496,-1.00898514982934,-0.710209019202739
"sub-127",9,0,1,0.52024,1,1,1,2,-0.822566991128648,0.564229449878136,-0.654512012416186,-0.234442716104968
"sub-127",9,0,1,0.45966,1,1,1,2,-0.327280306548346,0.310003378394025,-0.335122163329894,0.529798010224476
"sub-127",10,0,1,0.53243,1,1,1,2,0.392631630413234,0.509641079783992,0.487286328376892,0.76807378847152
"sub-127",4,0,0,0.35573,1,1,1,2,0.694967049639672,0.43317078664485,0.712015484057095,0.78907725783065
"sub-127",7,0,0,0.41158,1,1,1,2,0.297083130843627,-0.00359340632955233,0.230256278494683,-0.20831056162715
"sub-127",5,0,0,0.4507,1,1,1,2,0.444722819207527,-0.301539443743726,0.353957207155569,-0.553309097187594
"sub-127",10,0,1,0.0315300000000001,1,0,0,2,-0.468772822214911,0.158397364395636,-0.898455342122664,-0.801375589519739
"sub-127",3,0,0,0.47212,1,0,0,2,-0.0577764213327706,0.0394291156144054,-0.230793170708542,-0.536851208657026
"sub-127",1,0,0,0.49603,1,0,0,2,0.170830387010938,-0.255183191107655,-0.364273896130423,-0.822661334089935
"sub-127",2,0,0,0.38527,1,0,0,2,-0.620290008140728,-0.209926949900196,-0.0814074314354609,-0.567798165231943
"sub-127",2,0,0,0.47457,1,0,0,2,-0.612590287424003,0.150974777009752,0.0750345540776228,0.237632123497315
"sub-127",4,0,0,0.48053,1,0,0,2,-0.37801941637493,0.0701556167116872,-0.210013900204406,0.606425671966281
"sub-127",3,0,0,0.4197,1,0,0,2,-0.0570725305976036,0.956758083482445,0.624922076550623,0.54585193246603
"sub-127",5,0,0,0.39218,1,0,0,2,0.423490232540341,0.682102400826773,0.839787568897009,-0.172588266571984
"sub-127",7,0,0,0.42309,1,1,1,2,0.0882673727658888,0.0109495728155943,-0.96804954080532,-0.819804977555759
"sub-127",9,0,1,0.54812,1,1,1,2,0.213128560280893,0.685087923132987,-0.355031016826009,-0.348121706955135
"sub-127",5,0,0,0.38847,1,1,1,2,0.340222258547631,1.27459807286936,0.350795834451371,-0.0199834733270109
"sub-127",7,0,0,0.44435,1,1,1,2,0.291772284273369,0.885906585871621,0.48246360446016,0.414186818851158
"sub-127",8,0,1,0.45011,1,1,1,2,1.05357908131555,0.328836135566235,0.0752530257838468,0.178701706801075
"sub-127",9,0,1,0.53965,1,1,1,2,0.311807724341634,0.177299996036001,-0.799410531607767,0.119772458076477
"sub-127",10,0,1,0.31205,1,1,1,2,-0.202091908392807,0.586586659291276,-0.406379954268535,-0.433969707926735
"sub-127",2,0,0,0.01718,1,1,1,2,0.394919148879126,0.529640267016711,0.0545604584234146,-0.731799205951393
"sub-127",4,0,0,0.79961,0,0,0,2,0.312215217330959,-0.377763089568665,0.31398792580391,-0.571294557064539
"sub-127",8,0,1,0.42518,0,0,0,2,-0.357593823069086,0.193182063978855,-0.230015977984294,-0.0799079372314736
"sub-127",3,0,0,0.0302,0,0,0,2,-0.883999293941694,0.360570190888312,-0.46500619679379,0.497026429930702
"sub-127",3,0,0,0.0194799999999999,0,0,0,2,-0.621710773318531,0.0199520909690936,-0.116472549426059,0.639066021610051
"sub-127",5,0,0,0.1254,0,0,0,2,-0.49927982960071,-0.187806123177762,0.4936836300573,-0.324452465120703
"sub-127",2,0,0,0.21615,0,0,0,2,-0.283460677950643,-0.0469316605788966,-0.400393621297553,-0.423514165738015
"sub-127",4,0,0,0.0217400000000001,0,0,0,2,-0.623012351570651,-0.100724344090041,-0.907139355045122,-0.63325613909401
"sub-127",4,0,0,0.02739,0,0,0,2,-0.146555682411417,0.302400960690445,0.00182220316492021,-0.416622819984332
"sub-127",10,0,1,0.0231600000000001,0,0,0,2,0.421410718001425,0.577814636614036,0.161282533430494,0.154950602725148
"sub-127",2,0,0,0.02908,0,0,0,2,0.313053745039118,0.363033553171489,0.159993361138428,0.329324253855157
"sub-127",8,0,1,0.0184200000000001,0,0,0,2,0.104778301591674,0.202014929830545,-0.22805444120119,-0.218914165673777
"sub-127",8,0,1,0.37455,0,0,0,2,-0.607767157896888,-0.0897262918728369,-0.751718159687395,-0.298231749609113
"sub-127",7,0,0,0.36391,0,0,0,2,-0.510332786182213,-0.242370407648936,-0.33964428693677,0.0778966785408556
"sub-127",10,0,1,0.01928,0,0,0,2,0.182402025015714,-0.172935548962818,-0.381923860424043,-0.176345318372478
"sub-127",10,0,1,0.0251600000000001,0,0,0,2,0.675393464392982,0.235374969788137,-0.346056880390582,-0.312984726764262
"sub-127",6,0,0,0.14829,0,0,0,2,1.3499348264498,0.0952496314421296,-0.426016190341519,-0.310339339106577
"sub-128",7,0,0,1.63578,1,1,1,1,-0.191381467040628,-0.229742894972097,0.19129604101181,-0.309852541686269
"sub-128",6,0,0,0.70844,1,1,1,1,-0.392061623570044,0.0322779815264598,-0.202277562852638,-0.726278637826908
"sub-128",8,0,0,0.26432,1,1,1,1,0.634428360305416,0.419390712989736,-0.249341969979772,-0.266268917618436
"sub-128",10,0,1,0.01956,1,1,1,1,0.782444911000008,0.965169807689057,0.328931730046558,-0.264867543336004
"sub-128",10,0,1,0.10914,1,1,1,1,0.55351941268115,0.765288917882437,0.441239355015568,-0.0666248645633459
"sub-128",7,0,0,0.16595,1,1,1,1,0.209779031341895,0.452419991035842,-0.153814469308903,0.21553937215358
"sub-128",2,0,0,0.27204,1,1,1,1,-0.434897006993803,0.116663561857961,-0.36084420994545,0.184429969638586
"sub-128",7,0,0,0.0612999999999999,1,1,1,1,-0.364118795255005,0.0646197030113803,-0.211363670338566,-0.269571091979742
"sub-128",4,0,0,0.70915,0,0,0,1,-0.0594049410040801,-0.186484230298514,-0.434436160683011,-0.289941088529304
"sub-128",1,0,0,0.0322199999999999,0,0,0,1,-0.128722048131749,-0.373459843021852,-0.443310642847791,-0.640169648081064
"sub-128",9,0,0,0.15699,0,0,0,1,-0.393547866192724,0.0850306371295894,-0.320270226259405,-0.627431692089885
"sub-128",2,0,0,0.03016,0,0,0,1,-0.485391692898702,0.0480900528254332,-0.43118338213147,-0.198352035880089
"sub-128",1,0,0,0.0194399999999999,0,0,0,1,0.151239041627074,0.559636126927756,-0.295196614849071,0.20033131405944
"sub-128",1,0,0,0.0252600000000001,0,0,0,1,0.45737269691502,0.787468700876666,-0.267699886346236,-0.0980814606882632
"sub-128",1,0,0,0.03138,0,0,0,1,0.797361991608341,1.18367792065773,-0.249160673469305,0.324579386343248
"sub-128",5,0,0,0.0722400000000001,0,0,0,1,0.372355730195219,0.525537596118671,0.343170862586703,0.2144940404105
"sub-128",6,0,0,0.0329900000000001,1,1,0,1,0.27928685809214,0.353143431591215,0.132424447113105,0.0167471549473703
"sub-128",4,0,0,0.0226900000000001,1,1,0,1,-0.0117881405749358,0.280780189877583,-0.136332816092287,0.00438234219327569
"sub-128",2,0,0,0.0300400000000001,1,1,0,1,-0.255286890004451,0.952823611804181,0.062732102892672,-0.376286507816985
"sub-128",2,0,0,0.01929,1,1,0,1,0.675774589491387,0.906615444407281,-0.0943791167907572,-0.223796205513645
"sub-128",2,0,0,0.02528,1,1,0,1,0.996548763631533,0.504855988374739,0.19467345206067,0.456706308759749
"sub-128",4,0,0,0.0311999999999999,1,1,0,1,0.232755303984353,0.183050093741191,0.489187443434882,0.191869529616088
"sub-128",3,0,0,0.02145,1,1,0,1,-0.405925454261402,-0.0866265012365248,0.138416446376747,0.158370095584542
"sub-128",7,0,0,0.0280400000000001,1,1,0,1,0.117215314569573,-0.927677809157305,-0.155222198382641,-0.0952828478068113
"sub-128",1,0,0,0.0234799999999999,1,0,1,1,-0.699338149851731,-0.696744218140979,-0.486141332735618,-0.71651251729345
"sub-128",10,0,0,0.0307599999999999,1,0,1,1,0.576652575439463,0.564011501355304,-0.329637667144804,-0.942734830081463
"sub-128",7,0,0,0.0210600000000001,1,0,1,1,0.503631674645779,0.593615913832629,-0.144975078583229,-0.994604651117697
"sub-128",7,0,0,0.0266999999999999,1,0,1,1,0.664106329385807,0.221840519492549,0.34236277868816,-0.531703347759321
"sub-128",6,0,0,0.0331600000000001,1,0,1,1,0.476252322182215,0.611600084747705,0.121688586698535,-0.192283153533936
"sub-128",7,0,0,0.02339,1,0,1,1,0.70179440571034,1.56848881931769,-0.276682308176532,0.898585957544856
"sub-128",9,0,0,0.02912,1,0,1,1,0.271632143781365,0.981985258179958,-0.330454136390472,0.780569272395223
"sub-128",9,0,0,0.01831,1,0,1,1,-0.194890865745644,0.265261928516406,-0.0815135283240428,0.371621845662594
"sub-128",3,0,0,0.0970200000000001,0,0,0,1,0.215434731081283,-0.145485879025526,0.0114102802084138,-0.201121861301363
"sub-128",5,0,0,0.02013,0,0,0,1,0.486978966975585,-0.0268145489885851,-0.0578758136058847,0.0763383602490649
"sub-128",4,0,0,0.026,0,0,0,1,0.214683004965385,0.645430018021553,0.0871789907493318,-0.081949104834348
"sub-128",1,0,0,0.0317400000000001,0,0,0,1,-0.173264118998001,0.895039112203651,-0.029750745180839,0.129084509517997
"sub-128",3,0,0,0.0222899999999999,0,0,0,1,-0.237983444239944,0.886890152581381,0.138821171945892,0.114387436525431
"sub-128",1,0,0,0.0282899999999999,0,0,0,1,0.231066307906682,0.944679040944687,0.311353709626322,-0.103965095151216
"sub-128",9,0,0,0.21773,0,0,0,1,0.14644224132644,0.764596022061866,0.0484966962054993,-0.411696080118418
"sub-128",1,0,0,0.0234000000000001,0,0,0,1,0.0414024376077577,-0.444235206478172,-0.484703542354206,0.0655318147968501
"sub-128",8,0,0,0.17296,0,0,1,1,0.281778887748563,1.25931897840497,-0.163455427794058,-0.549406707240269
"sub-128",2,0,0,0.0295399999999999,0,0,1,1,0.658566071108604,1.18973129911831,0.0446151420474052,-0.364213851792738
"sub-128",9,0,0,0.01891,0,0,1,1,0.855103018616016,0.325887546391675,0.252098552552828,0.53031458761543
"sub-128",5,0,0,0.0247599999999999,0,0,1,1,0.395110999234021,-0.179041596250264,0.757546694522413,0.671758984355256
"sub-128",8,0,0,0.03037,0,0,1,1,0.0695918808535983,0.323647485278478,0.0224258238449693,0.236503322725184
"sub-128",9,0,0,0.0200800000000001,0,0,1,1,0.362267103143192,-0.0190834198147058,-0.167885047150776,-0.00521039459854364
"sub-128",9,0,0,0.02593,0,0,1,1,0.562595090363175,0.457870782861762,0.356502915732563,-0.0977568364702165
"sub-128",10,0,1,0.0315099999999999,0,0,1,1,0.645818810832376,0.212515059306666,0.242817204523211,-1.07391218077391
"sub-128",5,0,0,0.12929,1,1,0,1,-0.421254357749907,-0.360184937232622,0.0305365684907883,0.0496749496087432
"sub-128",4,0,0,0.0184,1,1,0,1,-0.00174631597474217,-0.20242203294334,0.167570650053676,-0.52254490647465
"sub-128",3,0,0,0.02528,1,1,0,1,0.115323545100788,0.972129058644727,0.61789119662717,-0.118020998360589
"sub-128",9,0,0,0.0313699999999999,1,1,0,1,-0.00552320604523023,-0.590025241779922,0.336030691551665,-0.213670174969593
"sub-128",3,0,0,0.0215399999999999,1,1,0,1,-0.200514681443262,-0.24756021183674,0.228883136917527,-0.370572277484462
"sub-128",4,0,0,0.0190600000000001,1,1,0,1,-0.425448063916216,0.637033972958172,-0.426412021586051,0.593774745985866
"sub-128",4,0,0,0.0251399999999999,1,1,0,1,0.128152432696273,0.815940994010479,-0.57419717273054,0.637264872621745
"sub-128",3,0,0,0.0311600000000001,1,1,0,1,0.664363960541474,0.714553492160997,-0.894294923559452,0.412338703125715
"sub-128",7,0,0,0.34627,0,0,1,1,1.73297746510555,1.19896163142942,1.12475010718966,0.584617758030072
"sub-128",10,0,1,0.0190300000000001,0,0,1,1,0.360079862856461,0.697257179697907,1.01895946495521,0.0259155684732832
"sub-128",6,0,0,0.02477,0,0,1,1,-0.967861499792586,-0.563104522173052,0.600637726485729,-1.31281283725984
"sub-128",8,0,0,0.03087,0,0,1,1,-1.21842488931725,-0.709814814505754,-0.195085118136679,-0.934837304032408
"sub-128",8,0,0,0.0212399999999999,0,0,1,1,-1.21789635888611,-0.681933492672181,-0.09747677812508,-0.280987515486777
"sub-128",2,0,0,0.02704,0,0,1,1,-0.645261969281516,0.275883213478934,0.275438508533019,-0.689677017892245
"sub-128",7,0,0,0.0329600000000001,0,0,1,1,0.167937965986008,-0.153033927014029,-0.72287387214601,-0.521907874103636
"sub-128",8,0,0,0.0236700000000001,0,0,1,1,0.557985451538116,-0.456305065114672,-0.438672640865358,0.0242712158709764
"sub-128",4,0,0,0.0210900000000001,1,0,0,1,0.643078403353381,0.168324937802498,-0.699356120739443,-0.0132907565683126
"sub-128",10,0,0,0.02705,1,0,0,1,1.30963337448581,0.677393993914679,-0.660910853107149,-0.110715577797964
"sub-128",1,0,0,0.0176400000000001,1,0,0,1,1.50449632635961,1.78483575049581,0.353282259854798,0.00975675657391548
"sub-128",6,0,0,0.44196,1,0,0,1,0.833987874522184,1.30510280384786,0.696455853447939,-0.411787250754423
"sub-128",4,0,0,0.03024,1,0,0,1,-0.259542875884411,-0.170983154602625,0.397514972447728,-0.275542302057147
"sub-128",4,0,0,0.0199,1,0,0,1,-0.619738947600126,-0.647101884500848,-0.000354935104648272,0.0649758426472545
"sub-128",1,0,0,0.0256099999999999,1,0,0,1,-0.434246550003688,-0.261288850706209,0.211380978658174,0.225885209755506
"sub-128",1,0,0,0.0317000000000001,1,0,0,1,0.161401716744876,0.170919535509138,0.28628182017322,0.451129011530429
"sub-128",8,0,0,0.02227,1,1,1,2,-0.15746275964193,0.0330146272597765,-0.481211237337751,0.272735211672261
"sub-128",9,0,0,0.41244,1,1,1,2,-0.411835578425477,0.163637040631363,-0.477267404923623,-0.360680537205189
"sub-128",9,0,0,0.01922,1,1,1,2,-0.480203663775076,-0.570025288120464,-0.363708711306875,-0.805834199115634
"sub-128",9,0,0,0.0248699999999999,1,1,1,2,0.685607624977517,-0.10634668351634,0.24416166342174,0.0913268593139946
"sub-128",10,0,1,0.0305500000000001,1,1,1,2,0.170063329394907,-0.0932280499039701,0.605471793096513,0.185233344696462
"sub-128",6,0,0,0.0197700000000001,1,1,1,2,-0.0794884033190707,0.052539365383348,-0.0195127503247932,-0.384958738973364
"sub-128",8,0,0,0.02562,1,1,1,2,0.501432478427887,-0.311229476498233,-0.400393745706727,0.069117250747513
"sub-128",1,0,0,0.03146,1,1,1,2,-0.0525570379880567,0.193068235284752,0.103818046006684,0.1776945813559
"sub-128",1,0,0,0.0306200000000001,1,0,0,2,-0.212624857920067,-0.0634495110630437,0.140966319129802,-0.141697759204544
"sub-128",4,0,0,0.0221199999999999,1,0,0,2,-0.11230110010365,0.620027680950308,0.190826608333737,0.183583209989592
"sub-128",2,0,0,0.0280499999999999,1,0,0,2,0.259629910423731,0.119895275958158,-0.396150295389816,0.734385826438665
"sub-128",3,0,0,0.0174000000000001,1,0,0,2,0.256710935461645,0.845026951041763,-0.167532292175262,0.164206291921437
"sub-128",10,0,1,0.0242899999999999,1,0,0,2,-0.0455586148552053,0.506487406768698,0.403031288587954,0.219199628941715
"sub-128",1,0,0,0.0307500000000001,1,0,0,2,0.0908323705662042,-1.04388875107246,0.555038397278016,0.472302905656397
"sub-128",6,0,0,0.0191699999999999,1,0,0,2,0.232124969596043,-0.581338153324193,0.518503493784616,0.420594294555485
"sub-128",4,0,0,0.02539,1,0,0,2,-0.214885056144946,0.330682693394246,-0.129744633071823,0.429597419593483
"sub-128",9,0,0,0.08656,1,1,0,2,0.181059456474031,0.78030903993985,-0.232737325287114,-0.972961749334354
"sub-128",4,0,0,0.0441199999999999,1,1,0,2,0.97937092759336,0.206184634374006,-0.250677920024221,-0.155956958606839
"sub-128",1,0,0,0.55053,1,1,0,2,0.433908263842265,-0.0197497153551214,0.0341888967280587,-0.606633478403091
"sub-128",3,0,0,0.02223,1,1,0,2,-0.740885751574145,-0.392651594623371,-1.21456417270626,-0.0938196242554113
"sub-128",6,0,0,0.02816,1,1,0,2,-0.790499351545198,-1.08413041452015,-0.893802232923917,-0.602122271619737
"sub-128",4,0,0,0.01752,1,1,0,2,-0.00919980191004773,-1.52961870083689,-0.176055085922902,-0.611010326375254
"sub-128",1,0,0,0.0245599999999999,1,1,0,2,0.202120934613049,-0.561700164305943,0.309953478543321,-0.386898581124842
"sub-128",4,0,0,0.0303,1,1,0,2,-0.308088952830682,-0.327056402754452,0.426649941053862,-0.148132100468501
"sub-128",8,0,0,0.0250999999999999,1,0,1,2,-0.00497838916877906,0.316338485313786,0.259226017917778,-0.0219063578144414
"sub-128",6,0,0,0.0319100000000001,1,0,1,2,0.135316897120598,0.28287542273325,-0.201471225765999,-0.759588229004294
"sub-128",10,0,1,0.02223,1,0,1,2,0.971164903525884,0.904004741149644,-0.621425315892945,0.23758690552786
"sub-128",8,0,0,0.0279400000000001,1,0,1,2,0.349326796082702,-0.509896399798217,-0.736081608493502,0.556960495002568
"sub-128",8,0,0,0.0173000000000001,1,0,1,2,-0.101168906393771,0.679312580644532,0.0432286673458293,0.179572138655931
"sub-128",3,0,0,0.0912900000000001,1,0,1,2,0.112760255176302,0.829747385379893,0.705154002062045,0.331534886499867
"sub-128",10,0,1,0.03047,1,0,1,2,-0.10740577380299,-0.335134236142039,0.766454890215149,0.236355358443689
"sub-128",7,0,0,0.01959,1,0,1,2,-0.849455528892577,-1.51320391341492,0.203709187965918,-0.0691516784951091
"sub-128",7,0,0,0.0314700000000001,0,0,1,2,0.215509184480955,-0.40098692552635,0.0579352841014042,0.0963898003799841
"sub-128",8,0,0,0.0222599999999999,0,0,1,2,-0.39567763156568,-0.00739655663104107,-0.377592966193333,-0.639539954811335
"sub-128",2,0,0,0.0282800000000001,0,0,1,2,-0.363933923421428,0.276954908855259,-0.670746323963006,-0.752003127150238
"sub-128",8,0,0,0.01756,0,0,1,2,0.484587390523908,0.940511342258779,-0.633724920781484,0.101553279813379
"sub-128",10,0,1,0.0244,0,0,1,2,0.94574404329372,0.478637232876348,-0.726219087528686,0.211245971545577
"sub-128",6,0,0,0.0304,0,0,1,2,0.231222865132925,0.479220004545318,0.235278431636592,0.0745013307780027
"sub-128",9,0,0,0.83,0,0,1,2,0.347052985879903,0.638170486643772,-0.133678724834075,-0.137140698544681
"sub-128",8,0,0,0.0193300000000001,0,0,1,2,-0.144151899497956,0.722409804213654,-0.103036723778738,-0.108371459459886
"sub-128",5,0,0,0.03196,1,0,1,2,-0.616265900394258,-0.96889704082989,-0.290923023227757,-0.361282244161703
"sub-128",7,0,0,0.02234,1,0,1,2,-0.216481575645351,-0.0451491278751443,0.112587606767192,0.406526575796306
"sub-128",7,0,0,0.02956,1,0,1,2,-0.58150413298669,-0.400723100570893,-0.200250034763788,0.882143128756434
"sub-128",7,0,0,0.0187299999999999,1,0,1,2,0.0740057332829262,-0.623180433159211,-0.660688103797535,0.362779458239675
"sub-128",10,0,1,0.0250699999999999,1,0,1,2,0.506626461244499,0.0245632467687958,-0.00982098161087682,-0.331868352089077
"sub-128",8,0,0,0.0305899999999999,1,0,1,2,0.292644809543466,-0.0877737765786824,0.0954353436051558,-0.695927909202874
"sub-128",8,0,0,0.0197799999999999,1,0,1,2,0.00554272159934044,0.608449452039268,0.277103469503345,0.0930858500301838
"sub-128",1,0,0,0.05932,1,0,1,2,-0.269820598283938,0.806422100885323,-0.0547668733440029,0.331653460860252
"sub-128",3,0,0,0.292,1,0,0,2,0.171513649945458,-0.193374612989525,0.00471501285210252,-0.381292898533866
"sub-128",1,0,0,0.03077,1,0,0,2,-0.439829914985846,-0.00679040658805105,0.271500243882959,0.145685522817075
"sub-128",4,0,0,0.02112,1,0,0,2,-0.345573064405471,-0.0276306797232893,0.0359229320505013,0.125691047124565
"sub-128",3,0,0,0.0271600000000001,1,0,0,2,0.167254811928918,0.963080457428953,0.368710911367089,-0.352548718452454
"sub-128",1,0,0,0.0328599999999999,1,0,0,2,-0.345208220959951,-0.365848896990765,0.0694173014877985,-0.704447831193102
"sub-128",4,0,0,0.0233000000000001,1,0,0,2,-0.201979536116899,-0.749809142960994,-0.510040814595413,0.0925681787542999
"sub-128",6,0,0,0.26302,1,0,0,2,-0.207414639259999,-0.391173713944025,0.0370756957369546,0.514070455357432
"sub-128",8,0,0,0.0186500000000001,1,0,0,2,-0.384991895941009,0.0691905445936653,0.141978163728102,-0.289200235810131
"sub-128",4,0,0,1.85203,0,0,0,2,0.849966688392063,0.25676489924943,-0.0629764725842203,0.073098440177273
"sub-128",2,0,0,0.0229299999999999,0,0,0,2,0.405969813359358,0.734890924007804,0.379171163083811,-0.142318079713732
"sub-128",2,0,0,0.02976,0,0,0,2,0.178303635834406,0.337063659396436,0.407822753069922,-0.143028880609199
"sub-128",4,0,0,0.01956,0,0,0,2,-0.31300974470408,-0.598353922022162,-0.247405468428042,-0.318681675381958
"sub-128",2,0,0,0.02488,0,0,0,2,-0.150192515691742,-0.375105457427842,0.01748606042626,0.198432894723373
"sub-128",7,0,0,0.0307999999999999,0,0,0,2,-0.661840754095465,0.0657114779611153,0.0655946042388678,0.290565924439579
"sub-128",2,0,0,0.0202599999999999,0,0,0,2,-0.811392234793554,-0.0612308060646885,-0.086340238689445,0.0948044158285484
"sub-128",6,0,0,0.02633,0,0,0,2,-0.321880663939131,0.0217419072416508,-0.869960032093028,0.536121547129005
"sub-128",7,0,0,0.0223100000000001,1,1,0,2,0.378966419368737,0.334814826073987,0.0745248460831742,-0.577263563498855
"sub-128",9,0,0,0.1452,1,1,0,2,0.367351403304686,0.861929765074617,0.388391584778825,-0.279487059265375
"sub-128",2,0,0,0.0192699999999999,1,1,0,2,-0.463083154832323,-0.504434111562592,0.270978214840094,-0.0370641682995483
"sub-128",5,0,0,0.02407,1,1,0,2,-0.0951046126428992,-1.05124074510402,-0.311197095414779,-0.615593395428732
"sub-128",9,0,0,0.14707,1,1,0,2,0.192346248426475,-0.891347609050744,-0.619768569323545,-0.460972786135972
"sub-128",9,0,0,1.65461,1,1,0,2,0.865329303225735,0.333556897679551,-0.120061623508567,0.269545298855155
"sub-128",10,0,1,0.0252600000000001,1,1,0,2,0.491968528988461,0.502994643593276,0.415337074431591,0.413779537426308
"sub-128",10,0,1,0.0314000000000001,1,1,0,2,-0.308092458018412,-0.270043870748918,0.150038041858352,-0.57800666699186
"sub-129",7,1,0,NA,0,0,1,1,0.59974568769879,0.624205233908638,0.928469974712546,1.41969470065087
"sub-129",9,0,1,0.80538,0,0,1,1,0.109296752683197,0.940945735822121,0.389725664397702,0.0474227167200297
"sub-129",9,0,1,0.67801,0,0,1,1,-0.243118580508356,-0.494474617833341,-0.549992577522062,-0.818701632530428
"sub-129",7,0,1,0.71723,0,0,1,1,-0.41713456295353,-0.685669569885013,-0.677319728924582,-0.413667318969965
"sub-129",9,0,1,0.13934,0,0,1,1,-0.425346482617897,-0.220974051497049,-0.333353532361798,-0.447953041270375
"sub-129",1,0,0,0.76214,0,0,1,1,0.0768674115436928,0.983278634923476,0.0498252790033196,-0.54124103281647
"sub-129",6,0,0,0.80158,0,0,1,1,0.522504951804876,0.217406290065911,0.162131857709028,-0.883723930083215
"sub-129",10,0,1,0.14036,0,0,1,1,0.646126799518242,-0.446515875765019,0.235797390089526,0.0298066126648337
"sub-129",8,0,1,0.82105,1,0,1,1,0.693647100755091,0.686946084906123,-0.00968343166944881,-0.762344365112949
"sub-129",10,0,1,0.17757,1,0,1,1,-0.0591398857456321,0.714059434555195,-0.437094899825752,-0.952048162277788
"sub-129",6,0,1,0.15132,1,0,1,1,-0.25384395980897,0.348749159818032,-0.36200022433574,-0.573148299031891
"sub-129",3,0,0,0.10736,1,0,1,1,-0.320941500831395,0.128092915078418,-0.445025853773889,-0.0583369204308838
"sub-129",9,0,1,0.0296400000000001,1,0,1,1,-0.252924884747093,-0.281143755488167,-0.315521085130361,0.218366749514826
"sub-129",7,0,1,0.0189299999999999,1,0,1,1,0.359929241977322,0.148147031112953,-0.449456390924752,0.283208920364268
"sub-129",10,0,1,0.02457,1,0,1,1,0.085414953995496,0.528802325539463,-0.711341548031972,0.310623067850247
"sub-129",7,0,1,0.0809899999999999,1,0,1,1,0.191417748341337,0.290703292371257,-0.306867846675838,0.122236436163075
"sub-129",1,0,0,0.16206,0,0,0,1,0.416445362808493,-0.82425495258886,1.13925507517221,-0.355883393628756
"sub-129",4,0,0,0.36911,0,0,0,1,-0.708436383244892,-0.657330237053059,0.501934177649673,-0.848776502162218
"sub-129",5,0,1,0.22496,0,0,0,1,-0.478739176061936,-0.908103596902004,-0.0294090695679188,-0.267521171830595
"sub-129",2,0,0,0.0300499999999999,0,0,0,1,-0.0429293091098467,0.117099675004957,-0.083920373270909,-0.0783744391985238
"sub-129",3,0,0,0.20324,0,0,0,1,0.186124302563258,0.00983456777477706,-0.470835292828269,-0.352836472430499
"sub-129",2,0,0,0.21031,0,0,0,1,0.28699439469104,-0.047742384209953,-0.381997656045617,-0.154155708733015
"sub-129",9,0,1,0.03244,0,0,0,1,0.173037121935825,0.0869137748937916,-0.449767282581888,0.220338941877708
"sub-129",1,0,0,0.07298,0,0,0,1,-0.364837716391776,0.109756686862696,-0.349423067023357,-0.628457719675498
"sub-129",4,0,1,0.55245,0,0,1,1,0.45824520237511,0.510069378341238,-0.24293213399748,0.582761164032854
"sub-129",10,0,1,0.02433,0,0,1,1,-0.264703969346253,0.109667427234214,0.570227845339105,-0.253957869019359
"sub-129",9,0,1,0.0298499999999999,0,0,1,1,-0.528752636436063,0.0339792988745979,0.317426766191299,-0.859674703609198
"sub-129",6,0,1,0.01993,0,0,1,1,0.335655382523934,-0.372898091734559,-0.169433293500333,-0.550134001317201
"sub-129",8,0,1,0.0253699999999999,0,0,1,1,0.463619377852107,-0.17260506114474,-0.0913900514521326,-0.345496311620809
"sub-129",7,0,1,0.03132,0,0,1,1,-0.00943423503971038,0.279597491802027,-0.511079308091818,-0.892739259358496
"sub-129",10,0,1,0.0214700000000001,0,0,1,1,0.110653582649926,0.44751993763364,0.0247771369758993,-0.95214065387845
"sub-129",8,0,1,0.03237,0,0,1,1,-0.0691626485525679,-0.0557731689402351,-0.578459400800057,-0.248517430573702
"sub-129",10,0,1,0.0273000000000001,1,1,1,1,-0.182646010808336,0.415981734723405,0.184885325211023,0.722011745441705
"sub-129",10,0,1,0.0171300000000001,1,1,1,1,-0.120984490941434,0.163502129262606,-0.190836423775181,-0.28380916477181
"sub-129",10,0,1,0.0252399999999999,1,1,1,1,-0.294710177792391,-0.974344477678339,-0.513441430870444,-0.0284054839983582
"sub-129",2,0,0,0.16491,1,1,1,1,-0.463956465168546,-0.501561471847472,-0.222357879703244,0.152403940074146
"sub-129",10,0,1,0.0205200000000001,1,1,1,1,-0.157433450697378,-0.644539428184982,-0.0133872708732573,0.130114643089473
"sub-129",8,0,1,0.02667,1,1,1,1,-0.0591290854693701,-0.479058179297243,0.123617076664232,-0.13998941234313
"sub-129",6,0,1,0.0326200000000001,1,1,1,1,0.106889516270409,0.274840856438796,-0.0544378153281286,-0.0653868510387838
"sub-129",8,0,1,0.0225900000000001,1,1,1,1,0.0588288042393591,0.362924958281736,0.170410962503714,-0.419678281247616
"sub-129",8,0,1,0.10066,1,0,0,1,0.623348004184663,0.937688019885509,-0.220429464165742,0.0615382149349898
"sub-129",1,0,0,0.0912599999999999,1,0,0,1,0.20266815162419,0.670579930974378,-0.430328115471639,-0.712306328158593
"sub-129",4,0,0,0.34499,1,0,0,1,-0.216305154492147,-0.0508802528665573,-0.37916629971005,-1.1225772600621
"sub-129",4,0,0,0.28545,1,0,0,1,-0.693661900567046,0.182533636551212,-0.279961493487159,-0.0565490293316543
"sub-129",4,0,0,0.14081,1,0,0,1,-0.634449034774055,0.45622914506088,-0.381840015451113,-0.358030980499461
"sub-129",2,0,0,0.0646500000000001,1,0,0,1,-0.515178670505217,0.0171416091767174,-0.206864379656812,-0.390125840436667
"sub-129",5,0,1,0.0214399999999999,1,0,0,1,-0.5342041614349,-0.661552042734844,0.0127143349527614,0.824058131407946
"sub-129",4,0,1,0.21105,1,0,0,1,-0.330643456429243,-0.141793186715977,-0.132228852909369,-0.310214900691062
"sub-129",4,0,1,0.32391,1,1,0,1,0.00236991076963022,0.0251610476730598,-0.555623699678108,-0.883650067169219
"sub-129",3,0,0,0.0307900000000001,1,1,0,1,0.580535765106712,-0.634323999682372,-0.0113700450553248,-0.604334464669228
"sub-129",3,0,0,0.17131,1,1,0,1,0.104235890554264,-0.316122371668893,-0.0583688682236243,-0.757784214074491
"sub-129",2,0,0,0.0270300000000001,1,1,0,1,0.440279901803782,-0.211809575143788,0.0840542299338267,0.0552315164357424
"sub-129",8,0,1,0.0328900000000001,1,1,0,1,0.173856002336834,-0.209518086303163,0.0364085094382366,0.258035632409155
"sub-129",1,0,0,0.02318,1,1,0,1,-0.0257485818777544,-0.486897569046252,0.0750018188264221,-0.206984625570476
"sub-129",4,0,0,0.0290299999999999,1,1,0,1,0.458117903055002,0.386815647879202,-0.104963810954359,0.0641834695357829
"sub-129",5,0,1,0.0352600000000001,1,1,0,1,0.341611468233168,0.349690090347495,0.138151479128283,-0.15980316742789
"sub-129",6,0,1,0.33199,0,0,0,1,0.187850273561101,-0.0240746466098008,-0.190265922768352,-0.00503458864986897
"sub-129",1,0,0,0.0387999999999999,0,0,0,1,-0.480463092001931,-0.361331981417068,-0.242461499990895,0.147942940331995
"sub-129",2,0,0,0.0275099999999999,0,0,0,1,0.0251808225681695,-0.0768900305071535,-0.294519106003766,-0.313752160035074
"sub-129",1,0,0,0.01692,0,0,0,1,0.277364806514621,0.244223893551087,0.0980509432265535,-0.0537284469697624
"sub-129",2,0,0,0.02386,0,0,0,1,-0.102457061720391,0.713433037339537,-0.0760646044897536,-0.572399777849205
"sub-129",2,0,0,0.0298400000000001,0,0,0,1,0.365976994546751,0.153277490839914,0.0628858275789147,-0.514964659092948
"sub-129",10,0,1,0.0187299999999999,0,0,0,1,0.046053980399544,0.373795648256351,-0.331390560449411,-0.374379473365843
"sub-129",3,0,0,0.0248900000000001,0,0,0,1,-0.610965104715433,0.00607113353908062,-0.412633040609459,-0.481293027568609
"sub-129",3,0,0,0.45669,1,1,0,1,0.0244343780602018,0.642069438127456,0.21985873975791,-0.13460597069934
"sub-129",3,0,0,0.02901,1,1,0,1,-0.158868152648211,0.578197052081426,0.0157797851522143,-0.44638079481665
"sub-129",8,0,1,0.0194700000000001,1,1,0,1,0.0634661542717367,0.271531345115768,-0.188414823045605,-0.507816880382597
"sub-129",1,0,0,0.02518,1,1,0,1,0.244208465213887,-0.115113093138293,0.14969082797567,-0.233061921130866
"sub-129",3,0,0,0.03101,1,1,0,1,0.242991629755124,0.0585604488366732,-0.0826375584971781,-0.237804328091443
"sub-129",2,0,0,0.0213699999999999,1,1,0,1,0.264719829972212,0.243797565637915,-0.335240351926283,-0.293737583281472
"sub-129",3,0,0,0.02742,1,1,0,1,0.117557117482647,-0.347466036401413,-0.286493592507516,-0.346929608436767
"sub-129",6,0,1,0.03339,1,1,0,1,-0.220037133200094,-1.007791409131,0.145856697694398,-0.600747028645128
"sub-129",8,0,1,0.0191699999999999,1,1,1,2,-0.0690922426292673,0.248185922081272,-0.0898453787667677,-0.351366291474551
"sub-129",8,0,1,0.0262199999999999,1,1,1,2,0.509150462962377,0.22721568674401,-0.0518665050234025,-0.188311223359779
"sub-129",1,0,0,0.0322100000000001,1,1,1,2,0.134655237159071,0.397123805350727,-0.477524099250634,0.0664186688605696
"sub-129",9,0,1,0.02275,1,1,1,2,-0.071570132781441,0.123640259464823,-0.308301123324782,-0.457610668707639
"sub-129",9,0,1,0.0285299999999999,1,1,1,2,-0.0616915293649072,-0.204712641839352,0.0283316959782193,-0.0624530905392021
"sub-129",9,0,1,0.0181899999999999,1,1,1,2,-0.350316597924878,-0.0464839907363057,0.091858336275133,-0.291740697203204
"sub-129",6,0,1,0.0236000000000001,1,1,1,2,-0.0833242426936825,-0.139683741938185,0.256481757731914,-0.157935733301565
"sub-129",7,0,1,0.02976,1,1,1,2,0.752554759150371,0.0473944862045486,0.0248595459076266,0.0467940031550825
"sub-129",2,0,0,0.19483,1,0,0,2,-0.359418677088494,-0.707001297596704,-0.315683009801432,0.610500368662178
"sub-129",10,0,1,0.01844,1,0,0,2,-0.716663357801735,0.184774418568446,-0.181057230471803,0.110189939010888
"sub-129",6,0,1,0.02417,1,0,0,2,-0.363481942253808,0.0776358279916975,0.105042302069099,-0.195185875170864
"sub-129",1,0,0,0.03009,1,0,0,2,-0.0157397471290703,0.377132504350609,0.32621400958548,-0.221550658927299
"sub-129",4,0,0,0.1027,1,0,0,2,0.379060861751592,0.742154967971146,0.426968100791176,0.134556490369141
"sub-129",2,0,0,0.0252600000000001,1,0,0,2,0.425684205256402,0.678880729022677,0.0136650920224686,0.597866612672806
"sub-129",4,0,0,0.0311300000000001,1,0,0,2,-0.0857464973814785,0.689203489468329,0.205287906806916,0.336432076152414
"sub-129",3,0,0,0.0214799999999999,1,0,0,2,0.206177468372819,0.332499203168684,1.16338697178677,-0.260365536785685
"sub-129",5,0,1,0.01762,1,1,0,2,0.12325568512703,-0.375309785741761,-0.38273562444374,0.124882176355459
"sub-129",4,0,0,0.0267900000000001,1,1,0,2,0.338143951269255,-0.173696949957284,-0.756506580432566,-0.118697334080935
"sub-129",2,0,0,0.03281,1,1,0,2,0.435897684035202,-0.0855821024936934,-0.664776864616821,-0.00544774862937629
"sub-129",3,0,0,0.0232300000000001,1,1,0,2,0.338108123512939,-0.0388935003429651,-0.460541225736961,-0.305413457099348
"sub-129",3,0,0,0.0290900000000001,1,1,0,2,0.465656455140561,0.227713955827413,0.228416593793857,-0.11278614399489
"sub-129",1,0,0,0.0183800000000001,1,1,0,2,-0.232611499571552,0.713134518721037,0.0429927792865783,-0.0916073943459196
"sub-129",2,0,0,0.0243100000000001,1,1,0,2,0.00806566313258372,1.0198633077175,0.0809268167649861,-0.359439984336495
"sub-129",8,0,1,0.0303899999999999,1,1,0,2,0.0684335302212276,0.160683183344426,0.412449182573861,-0.284497887943871
"sub-129",1,0,0,0.12559,0,0,0,2,-1.14382326432193,-0.643067804993027,-0.592451549964608,-0.150702408804864
"sub-129",4,0,0,0.0328900000000001,0,0,0,2,-0.840975567582063,-0.60892893784438,-1.06182720419019,-0.62512866598554
"sub-129",3,0,0,0.0233699999999999,0,0,0,2,0.191643219868032,-0.311726239475387,-0.268090060417308,-0.20333715910092
"sub-129",10,0,1,0.02902,0,0,0,2,0.353735993839412,0.162259234296572,0.249332667910494,-0.0155272060073912
"sub-129",1,0,0,0.0189600000000001,0,0,0,2,0.326804447647495,0.715077527867699,-0.047592228744179,0.544539889134467
"sub-129",5,0,1,0.0243599999999999,0,0,0,2,0.559907763265073,0.909541161480808,0.190176854220529,0.295397983491421
"sub-129",1,0,0,0.03037,0,0,0,2,0.234165884699905,0.183190598885563,0.103986705265318,0.080832289904356
"sub-129",3,0,0,0.01953,0,0,0,2,0.199467352515512,-0.297761095687747,0.618513875214073,0.00592054896987975
"sub-129",2,0,0,0.0310900000000001,1,0,0,2,0.167308931083729,0.178738930262625,-0.369995541870594,0.233131458144635
"sub-129",4,0,0,0.02088,1,0,0,2,-0.162115595264671,0.705611551542663,-0.16256201127544,0.10959983394132
"sub-129",3,0,0,0.02797,1,0,0,2,-1.44009014506203,-0.241365282140948,0.208634012766803,0.300386565073859
"sub-129",2,0,0,0.01718,1,0,0,2,-0.93495427716213,-0.465437731050231,0.363333805464208,0.493684746534564
"sub-129",1,0,0,0.0241100000000001,1,0,0,2,-0.615057281063249,-0.555022908115966,-0.213627834183474,0.237150691449642
"sub-129",3,0,0,0.29752,1,0,0,2,0.573753703851253,-0.601815794974014,-0.316971376800211,-0.0508642778731883
"sub-129",7,0,0,0.92148,1,0,0,2,1.28403253408032,-0.299833255061121,0.322727059169362,-0.230754300983972
"sub-129",5,0,1,0.0263199999999999,1,0,0,2,0.496081375516951,-0.254470967822406,0.0717934461620947,-0.453691372554749
"sub-129",2,0,0,0.0254700000000001,1,0,1,2,0.258461735676974,0.824446909405567,0.11691998973644,-0.625321203609928
"sub-129",10,0,1,0.03084,1,0,1,2,0.0831580650992692,0.0372621034858403,0.0185962825780734,-0.261069311341271
"sub-129",9,0,1,0.0555600000000001,1,0,1,2,-0.0988471511906634,-0.0181928665066759,0.0602120358962566,0.514702578447759
"sub-129",10,0,1,0.0278700000000001,1,0,1,2,-0.211929464790349,-0.388238842336082,-0.274469642123828,-0.493454321473837
"sub-129",7,0,1,0.25092,1,0,1,2,-0.0138201577356085,-0.196957914434649,0.0199023705790751,-0.284389317594469
"sub-129",7,0,1,0.02406,1,0,1,2,0.474578346455625,0.233265666049664,0.249290119313324,0.508143061958253
"sub-129",6,0,1,0.0298400000000001,1,0,1,2,-0.384451171072821,-0.438758503369711,-0.488362356787547,0.255199696868658
"sub-129",8,0,1,0.01938,1,0,1,2,-0.152815093077758,-0.670074745253832,-0.236790711254192,0.00293424017727375
"sub-129",10,0,1,0.09914,1,1,1,2,0.13771076197736,-0.0693101569664173,0.0557102387150129,0.0544692925177515
"sub-129",9,0,1,0.0224899999999999,1,1,1,2,-0.253432643289367,-0.005389795569634,-0.455806423812949,-0.105474644122296
"sub-129",7,0,1,0.02847,1,1,1,2,-0.253942558774725,-0.292456743272918,-0.402600641342967,0.0259649655781686
"sub-129",10,0,1,0.0177799999999999,1,1,1,2,-0.0972626203632293,-0.695922136255023,-0.157396026785136,0.387953737098724
"sub-129",10,0,1,0.02298,1,1,1,2,0.209879506689807,-0.591996979675497,0.0166215999731018,0.543666286952794
"sub-129",9,0,1,0.0305500000000001,1,1,1,2,-0.221766495184662,-0.170778318135827,0.0760279376312004,0.109148041717708
"sub-129",3,0,0,0.01928,1,1,1,2,-0.924491749222701,-0.0424713749886939,-0.542052199326766,-0.749305355222896
"sub-129",6,0,1,0.0257799999999999,1,1,1,2,-0.895322193391621,0.714095283299685,0.132501616996403,-0.441047727735713
"sub-129",9,0,1,0.02041,0,0,1,2,-0.595674081453277,0.102916124975309,0.274131211529796,-0.287254882371053
"sub-129",1,0,0,0.0274300000000001,0,0,1,2,0.0279063852115845,-0.25992802499483,-0.368881345377304,0.0776583301834762
"sub-129",10,0,1,0.0169999999999999,0,0,1,2,0.0245360444314429,0.257080897550892,-0.34693178976886,-0.359847766242456
"sub-129",9,0,1,0.02403,0,0,1,2,0.646709661872592,1.07458797607709,0.0923904542578384,0.641638198215514
"sub-129",9,0,1,0.02966,0,0,1,2,0.530643098686899,0.738691796893599,-0.527208732363457,0.913046441227198
"sub-129",9,0,1,0.01915,0,0,1,2,0.849946777064664,-0.572569519971256,-0.203719770249639,0.210467245988548
"sub-129",6,0,1,0.0247299999999999,0,0,1,2,0.453460905390481,-0.380923819486742,0.340262397037198,0.217229869961739
"sub-129",9,0,1,0.0308299999999999,0,0,1,2,0.194082612239678,-0.443380352411488,0.406995506181071,0.111630140244961
"sub-129",8,0,1,0.27906,1,0,0,2,-0.516987230007847,0.506257207736511,-0.0962355782200272,-1.03933951091021
"sub-129",9,0,1,0.0180400000000001,1,0,0,2,0.198017169275166,-0.277102464033912,-0.278342971733461,-0.376395557075739
"sub-129",1,0,0,0.0250699999999999,1,0,0,2,0.325596520521988,-0.998703978265877,0.252199630679873,-0.228944859886542
"sub-129",9,0,1,0.03077,1,0,0,2,0.0850468496403967,0.0934403206877134,0.502760059175974,-0.415435208857525
"sub-129",8,0,1,0.02136,1,0,0,2,0.678068511847717,1.22062145973797,0.301759721924706,0.0568365659564734
"sub-129",6,0,1,0.02715,1,0,0,2,0.471050006958346,0.0529864510107372,0.0273729350301437,0.513610230991617
"sub-129",10,0,1,0.0329200000000001,1,0,0,2,-0.255971277025916,-0.801541493515725,-0.418222367472481,0.111486264364794
"sub-129",7,0,1,0.0234399999999999,1,0,0,2,0.418280895488958,-0.0422799852849157,-0.186009185718528,1.03635464981198
"sub-130",9,1,0,NA,0,0,1,1,0.143531154142693,-1.04307106440818,-0.327002318149122,-0.221663084626198
"sub-130",6,0,0,1.34096,0,0,1,1,0.497048186759154,-0.510819745870928,-0.397770448122174,-0.2714255861938
"sub-130",7,0,1,1.03221,0,0,1,1,0.531655595554184,0.0736646121346254,0.215459373700772,-0.198873194120824
"sub-130",8,0,1,0.85017,0,0,1,1,-0.240622233444204,-0.352987709972594,-0.0574046714076151,-0.272318882029504
"sub-130",2,0,1,0.17558,0,0,1,1,0.742641773327099,0.469208266310118,-0.0010006168546776,-0.25129699036479
"sub-130",8,0,1,0.98427,0,0,1,1,0.177923527119371,0.881613734143752,-0.462468509819397,-0.600973285734653
"sub-130",8,0,1,0.84054,0,0,1,1,0.308929369280425,0.38934991757075,0.0371437921033551,0.053555553033948
"sub-130",8,0,1,0.62936,0,0,1,1,0.526490802643821,0.177728589624166,0.566058427871515,0.375099384400528
"sub-130",1,0,1,1.13115,0,0,0,1,-0.936239876473943,-0.589022371711002,-0.301256146417775,0.238607963360846
"sub-130",9,0,1,0.95228,0,0,0,1,-0.732740225813662,-0.944224233497624,-0.282708607924481,0.277662664093077
"sub-130",1,0,1,0.56002,0,0,0,1,-0.0145084578058838,-0.295618039969769,-0.152066900162026,0.00974584370851517
"sub-130",2,0,1,0.73135,0,0,0,1,0.469409522794497,-0.172465507027314,0.577704962575808,0.0473266111453995
"sub-130",3,0,1,0.77045,0,0,0,1,-0.237275424335773,-0.159319020738756,0.138158236785481,-0.142041930463165
"sub-130",5,0,1,0.69166,0,0,0,1,-0.112868612942596,-0.228203855730869,-0.270318551842744,-0.101004905952141
"sub-130",3,0,1,0.58348,0,0,0,1,0.087384418467991,-0.410029345485209,-0.425460628236275,-0.310785127989948
"sub-130",1,0,1,0.57314,0,0,0,1,0.311086894534431,-0.0974296663232424,-0.52386582569064,-0.334579767473042
"sub-130",2,0,1,1.05388,1,0,0,1,0.526381676143501,-0.155838353455895,-0.211140170266541,-0.0283141613006592
"sub-130",2,0,1,0.46414,1,0,0,1,-0.183807693732282,0.312705240988483,0.245134972482144,0.322491942346096
"sub-130",7,0,1,0.60199,1,0,0,1,-0.204130655348611,0.0676430525318547,0.5876480146156,0.00856723799370229
"sub-130",4,0,1,0.66007,1,0,0,1,-0.279941901952649,-0.199895766046312,0.28874304102889,0.25811753552407
"sub-130",3,0,1,0.79762,1,0,0,1,-0.579688626108691,-0.266396095631299,-0.271115683096771,0.0332791793160141
"sub-130",4,0,1,0.82025,1,0,0,1,-0.240410976267109,-0.137228713405353,-0.0382623532786965,-0.210553277051076
"sub-130",6,0,1,0.79433,1,0,0,1,0.365409689800193,-0.521925940626749,0.359428198600654,0.302885049534962
"sub-130",1,0,1,0.81673,1,0,0,1,0.472453273289527,0.221910779980977,0.201934768042217,0.318065721879248
"sub-130",8,0,1,1.01109,1,0,1,1,0.891391704324633,0.0185785704740772,0.0992897651158273,-0.150943487510085
"sub-130",8,0,1,0.91794,1,0,1,1,0.430391188866148,-0.0754561806442561,0.0697318390011787,-0.301234797429061
"sub-130",10,0,1,0.6242,1,0,1,1,-0.317919804598205,-0.275986194524362,-0.284106759509693,-0.533152490796056
"sub-130",9,0,1,0.59741,1,0,1,1,0.145102023452637,0.354185548990413,-0.0908979522064328,-0.105425881501287
"sub-130",1,0,1,0.47125,1,0,1,1,0.557101711786042,0.554007197143855,0.0984348567823569,0.123884854558855
"sub-130",6,0,1,0.46139,1,0,1,1,0.414715180898687,-0.120134326111939,0.249413260491565,0.0167784074321389
"sub-130",10,0,1,0.53342,1,0,1,1,-0.0349146378187773,-0.362117446933149,-0.336310986914517,-0.240797454415588
"sub-130",10,0,1,0.55565,1,0,1,1,-0.617154144711094,-1.03909031700136,-0.154386651188058,-0.28139914907515
"sub-130",7,0,1,0.879,1,1,1,1,0.112398326241722,0.271745418245835,0.202835865318775,0.165785552681336
"sub-130",6,0,1,0.40129,1,1,1,1,0.701417474716436,0.333071478677017,0.283710667184399,0.324491266626865
"sub-130",10,0,1,0.45694,1,1,1,1,0.695746385026723,0.00608201773354301,0.653024870436639,0.366052825376391
"sub-130",9,0,1,0.46273,1,1,1,1,0.156841222080402,-0.279010699923944,0.444915760696555,0.354697692254558
"sub-130",9,0,1,0.45407,1,1,1,1,0.268297839618754,-0.497155126529159,0.226976881424586,0.234855610143859
"sub-130",7,0,1,0.54103,1,1,1,1,0.104581468612499,0.0614901147437868,0.394786455358068,0.523700565844774
"sub-130",1,0,1,0.98244,1,1,1,1,-0.943240594933741,0.0440232812047557,-0.50113317122062,0.302633830532432
"sub-130",7,0,1,0.65597,1,1,1,1,-0.707528024814868,-0.19114842365013,-0.26593533969329,-0.318600907968357
"sub-130",8,0,1,0.44826,1,0,1,1,-0.249954352116523,-0.731744432338962,-0.379941021092236,-0.108933066087775
"sub-130",6,0,1,0.22247,1,0,1,1,0.9176846233507,0.195106915250007,-0.233990996998424,-0.246973232831806
"sub-130",8,0,1,0.54858,1,0,1,1,0.640157105905625,0.451150930193425,-0.102906299366926,-0.526440421043662
"sub-130",10,0,1,1.91949,1,0,1,1,0.334821490182852,-0.0459267571999657,-0.515048742992803,-0.363913608202711
"sub-130",9,0,1,1.04301,1,0,1,1,0.47702155126414,0.079346707056242,-0.189477268839255,-0.372436699015088
"sub-130",8,0,1,0.58235,1,0,1,1,-0.229861218074802,-0.15760404633841,-0.0467793340406691,-0.141583565436304
"sub-130",8,0,1,0.5059,1,0,1,1,-0.104585257218181,-0.284625608712236,-0.0574144959100522,0.322877378575504
"sub-130",4,0,1,0.59849,1,0,1,1,0.0112292531800146,-0.276175750902405,-0.180908701072137,0.00402837172150612
"sub-130",7,0,1,1.33631,1,1,1,1,0.00328714933129959,-0.44013020415204,-0.112243427274128,-0.012031773570925
"sub-130",6,0,1,0.57661,1,1,1,1,0.357742808941718,-0.0663325688801706,0.231519640966629,0.0213451797142625
"sub-130",10,0,1,0.63217,1,1,1,1,0.39959947221602,-0.191984725788374,0.18695076861574,0.00680880974978209
"sub-130",1,0,1,0.85495,1,1,1,1,0.626891251498212,-0.0574094430905663,0.378376830136403,-0.0437599815428257
"sub-130",7,0,1,0.72766,1,1,1,1,0.580687477447403,0.394423808833515,0.265979408519343,-0.155748698487878
"sub-130",9,0,1,0.6681,1,1,1,1,0.0685960366511911,0.069259016007116,0.311446798887725,-0.00353499464690685
"sub-130",8,0,1,0.55773,1,1,1,1,0.359260043075968,0.019620051159075,0.447797776122267,0.0554225565865636
"sub-130",7,0,1,0.53132,1,1,1,1,0.719726358695577,0.419973001556678,1.14820032985881,0.65395843219012
"sub-130",7,0,1,0.86539,1,1,0,1,-0.975226088659838,-0.58776541971774,-0.852809316536877,-0.111381900589913
"sub-130",1,0,1,0.23873,1,1,0,1,-1.20850055486274,-0.276354050677684,-1.01979244562487,-0.526248434185982
"sub-130",5,0,1,0.5282,1,1,0,1,0.274397799454164,-0.322623627984689,0.101798641378991,-0.294500263314694
"sub-130",4,0,1,1.16783,1,1,0,1,0.247784467802073,0.615868764205111,0.371160311313967,0.220043230173178
"sub-130",1,0,1,0.82566,1,1,0,1,0.411722354047621,0.102802160868628,0.198831903854928,0.0120465345215052
"sub-130",2,0,1,0.4649,1,1,0,1,0.152956242614891,-0.0479685028215129,-0.0408329494142284,0.0480084264476318
"sub-130",3,0,1,0.7045,1,1,0,1,-0.493987895936395,-0.0348114057409543,-0.29717320871229,-0.398859100998379
"sub-130",4,0,1,0.42722,1,1,0,1,-0.633848833735101,-0.205721117625082,-0.49782725344024,-0.645744417142123
"sub-130",2,0,1,1.08322,1,0,0,1,-0.431810309179127,-0.624990893389892,-0.519827163157364,-0.248575438000262
"sub-130",8,0,1,0.4042,1,0,0,1,0.682461930206046,-0.867036205474977,0.39772074665719,-0.0436268748249859
"sub-130",3,0,1,0.61232,1,0,0,1,0.291186354899158,-0.368425516135715,0.0159294744177411,-0.347988233622164
"sub-130",3,0,1,0.59847,1,0,0,1,-0.0167358046067723,0.0371672869487493,-0.091697349504102,-0.0804419319028966
"sub-130",4,0,1,0.45543,1,0,0,1,-0.824181837922273,-0.282556050569164,-0.753027132440669,-0.364936258131638
"sub-130",5,0,1,0.46039,1,0,0,1,0.161436100339415,-0.13554833399313,-0.195466007106006,0.185558771900833
"sub-130",1,0,1,0.43515,1,0,0,1,0.705826433792633,0.157295801952757,0.475614702096209,0.580710492515937
"sub-130",3,0,1,0.02515,1,0,0,1,0.39305385760963,0.220329269801301,0.333548966329545,0.305315677588806
"sub-130",6,0,1,1.06498,0,0,0,2,-1.00150303560076,-0.766895194710405,-0.370312268923347,-0.913495240046177
"sub-130",2,0,1,0.43928,0,0,0,2,0.128270582878031,-0.308143351192552,0.188315642997622,0.125575783476233
"sub-130",4,0,1,0.51092,0,0,0,2,0.538437150777706,0.178199120100881,0.185898869720404,0.405919423303567
"sub-130",1,0,1,0.36812,0,0,0,2,0.324273487708221,0.568080022448191,0.240860227107381,0.243335467860743
"sub-130",8,0,1,0.47473,0,0,0,2,0.0716439916868694,0.354911952538209,0.38712835269204,0.280001665093005
"sub-130",4,0,1,0.51448,0,0,0,2,-0.404050734670212,0.0680202990252939,-0.401023009015868,-0.0244795069098473
"sub-130",4,0,1,0.58781,0,0,0,2,-0.0553627382250852,0.263415432931786,-0.289627129988124,0.177280846331269
"sub-130",2,0,1,0.46087,0,0,0,2,0.060035883623641,0.461912193784007,0.570903668374134,0.672875040629879
"sub-130",5,0,1,0.68382,1,0,1,2,0.0647077099007826,0.0713157797279699,-0.133672162201644,0.0489101921673864
"sub-130",8,0,1,0.49091,1,0,1,2,-0.513276085359394,0.161685563675645,-0.225471877124316,0.0738309514243156
"sub-130",7,0,1,0.46606,1,0,1,2,-0.0959207685276245,0.0202370641022248,0.238242354952187,0.197184773720801
"sub-130",4,0,1,0.51881,1,0,1,2,-0.00712114434766894,0.186439096065307,0.313500425574603,0.167467006869265
"sub-130",9,0,1,0.54035,1,0,1,2,0.350283722858876,0.427761775648428,0.585052071294437,0.713719032378867
"sub-130",8,0,1,0.56552,1,0,1,2,0.148062246279248,0.664984433739274,0.40051344774353,0.450202736351639
"sub-130",8,0,1,0.47065,1,0,1,2,0.0755163693296102,0.340119468733772,0.243424199676762,-0.143827705737203
"sub-130",10,0,1,0.42557,1,0,1,2,0.349881586463501,0.360439302020327,-0.432476826788237,-0.222486867383122
"sub-130",2,0,1,0.87763,0,0,0,2,-0.098628291375159,-0.397806503708664,0.870321948081255,0.329323328565806
"sub-130",9,0,1,0.46412,0,0,0,2,-0.320088510246327,-0.344350426285355,-0.206628363540707,0.135681227222085
"sub-130",6,0,1,0.54006,0,0,0,2,0.0145394018363731,-0.450647658116564,-0.544652770739049,-0.669323076447472
"sub-130",1,0,1,0.57951,0,0,0,2,-0.180572306426863,-0.456154021822537,-0.235638346445436,-0.0929954671766609
"sub-130",2,0,1,0.48497,0,0,0,2,-0.149345078699601,-0.0885044868897509,0.424445123023664,0.680528205260634
"sub-130",2,0,1,0.44126,0,0,0,2,0.188130831326513,0.351172227515943,0.970555519573585,0.528012675326318
"sub-130",2,0,1,0.51238,0,0,0,2,0.589676776978498,0.451076380563555,0.889293618577843,0.360462390392786
"sub-130",3,0,1,0.55229,0,0,0,2,0.428653457942952,-0.0355869884671712,0.284388705622405,0.151613224158064
"sub-130",9,0,1,0.56701,1,1,1,2,0.154007578501478,-0.440656481121011,-0.611003714472948,-0.25330620072782
"sub-130",10,0,1,1.0857,1,1,1,2,0.252769441964726,-0.14426731913247,0.146990607434418,-0.34739097005222
"sub-130",9,0,1,0.65959,1,1,1,2,-0.143658613048804,0.1444139112201,0.471951741686401,0.225260353984777
"sub-130",7,0,1,0.53436,1,1,1,2,-0.527433403680334,0.094294213068982,-0.0413057539941898,0.293492178129964
"sub-130",4,0,1,0.49039,1,1,1,2,-0.427657604780203,0.295061207962809,0.301806398589785,0.478054568427615
"sub-130",9,0,1,0.59898,1,1,1,2,0.0225547353426615,0.645249472249782,0.333500951591607,0.243169324973132
"sub-130",9,0,1,0.76846,1,1,1,2,0.113199589977739,0.350181669186525,0.195364255380506,0.316744043678045
"sub-130",6,0,1,0.72553,1,1,1,2,-0.0687564647911737,0.108523514727562,0.368102511235823,0.514201496634632
"sub-130",6,0,1,0.85301,1,1,0,2,0.374866152647883,-0.0810195932302762,0.398182627589752,0.173631558567286
"sub-130",3,0,1,0.60571,1,1,0,2,0.901202603631342,0.475458855568259,0.657674898160622,-0.157514286320657
"sub-130",1,0,1,0.51534,1,1,0,2,0.867163462564349,0.73842964035295,0.236873581307009,-0.465819978155196
"sub-130",3,0,1,0.50577,1,1,0,2,0.286187832748207,0.274085048818961,0.33524176874198,0.0567434581927955
"sub-130",1,0,1,0.47814,1,1,0,2,-0.802787595350916,-0.391460952961265,-0.501270473532107,0.560302316208981
"sub-130",4,0,1,0.43479,1,1,0,2,-0.556707694816093,-0.340804204620697,-0.0673160081690488,0.374531485140324
"sub-130",8,0,1,0.48793,1,1,0,2,-0.365843349602073,-0.471036567318219,-0.077349008526653,-0.134796795342118
"sub-130",2,0,1,0.49827,1,1,0,2,-0.0726799981979032,0.276874755629925,-0.330888305710687,0.0802073077298701
"sub-130",2,0,1,0.96427,1,0,0,2,-0.20355752905986,0.0586357799669107,0.182367945128741,-0.223068059794605
"sub-130",6,0,1,0.4704,1,0,0,2,0.279480224455862,0.432407249351618,0.558172158664092,0.720038958918303
"sub-130",1,0,1,0.82784,1,0,0,2,0.43477098927057,0.228826336390166,0.767910590783382,1.05397106539458
"sub-130",7,0,1,0.76709,1,0,0,2,-0.0430564109701663,-0.310465271067288,0.979247335577384,0.831342923577176
"sub-130",4,0,1,0.45451,1,0,0,2,0.0399045105441473,0.441246042485107,1.01799444272183,0.733049170393497
"sub-130",3,0,1,0.49542,1,0,0,2,0.614181801608841,0.778440858409913,1.14395285218294,0.45212207143195
"sub-130",4,0,1,0.48539,1,0,0,2,0.573720440113296,0.413482390482117,0.590932468806083,0.0186581507325172
"sub-130",1,0,1,0.54298,1,0,0,2,0.0989157306806495,0.267328493986969,0.137861194477106,-0.307255345676094
"sub-130",8,0,1,0.78078,0,0,1,2,0.197697724681348,0.365233040731659,-0.292596132453279,-0.0929823632934131
"sub-130",4,0,1,0.68724,0,0,1,2,-0.0956817025241132,0.0643504182721868,-0.0363146318122745,-0.575865110103041
"sub-130",6,0,1,0.54654,0,0,1,2,-0.307067916418115,0.278890261012647,-0.184338361917374,0.208062458783388
"sub-130",8,0,1,0.50035,0,0,1,2,-0.76689315335049,-0.215399318961082,-0.119068344123662,0.555597780179232
"sub-130",10,0,1,0.58959,0,0,1,2,-0.245692381790529,-0.661810844455397,0.0716989280190319,0.175186418835074
"sub-130",10,0,1,0.64734,0,0,1,2,-0.0308573367850234,-0.604160118227204,-0.0395910665392876,0.510232909908518
"sub-130",7,0,1,0.55354,0,0,1,2,0.0225135901321967,-0.192545566880317,0.286644234244401,0.680168295931071
"sub-130",10,0,1,0.82495,0,0,1,2,-0.043721937496836,0.036458281731164,0.356965552549809,0.455467848706758
"sub-130",4,0,1,0.58685,1,1,0,2,-0.233874835267973,0.253212226278804,-0.312733782144884,-0.344147805450484
"sub-130",5,0,1,0.4607,1,1,0,2,-0.274309458443895,0.444341958121017,0.238970794389994,-0.384636093396693
"sub-130",4,0,1,0.50153,1,1,0,2,-0.00775878977340957,0.242821096140822,0.51471057216016,-0.177882817853242
"sub-130",3,0,1,0.69052,1,1,0,2,-0.0836778342102965,-0.0714057923329097,0.381099296656127,0.226178382243961
"sub-130",7,0,1,0.61286,1,1,0,2,0.192070943070576,0.105823518363414,0.626978278101888,0.175109145781607
"sub-130",2,0,1,0.53794,1,1,0,2,0.235625492447677,0.542160814412421,0.510092768236063,0.212254219141323
"sub-130",4,0,1,0.47746,1,1,0,2,0.521629775602681,0.551420766170378,0.400813848032461,0.307663354929537
"sub-130",1,0,1,0.58563,1,1,0,2,1.12717427359894,0.958652455980579,0.434816530750444,0.619839894026518
"sub-130",10,0,1,0.66896,0,0,0,2,-0.00343982083722949,0.000830433986805103,-0.109238346223719,-0.0190208842977881
"sub-130",5,0,1,0.49313,0,0,0,2,0.0766499327146448,0.208520853271087,0.10363752907142,0.27863032091409
"sub-130",4,0,1,0.45225,0,0,0,2,0.06624555385982,-0.0559502619284171,0.968802821822464,0.7663005778566
"sub-130",8,0,1,0.67519,0,0,0,2,0.219482525639857,-0.212166937042235,0.411632765215472,0.341914994549006
"sub-130",9,0,1,0.64797,0,0,0,2,0.534766728058457,0.164262864260915,-0.259398301520074,0.237452333513647
"sub-130",7,0,1,0.58625,0,0,0,2,-0.0674687393281298,0.0282386459962085,-0.0842191426781937,-0.0181917614769191
"sub-130",8,0,1,0.44099,0,0,0,2,0.142498849762584,0.454327439777208,0.652217761574624,0.00881386583205312
"sub-130",7,0,1,0.53271,0,0,0,2,0.243438154289227,0.843015215532095,0.476239739606778,0.196222025994211
"sub-131",7,1,0,NA,0,0,1,1,NA,NA,NA,NA
"sub-131",10,0,1,1.56722,0,0,1,1,NA,NA,NA,NA
"sub-131",2,0,1,0.70624,0,0,1,1,NA,NA,NA,NA
"sub-131",9,0,1,0.82947,0,0,1,1,NA,NA,NA,NA
"sub-131",7,0,1,1.02002,0,0,1,1,NA,NA,NA,NA
"sub-131",10,0,1,0.50617,0,0,1,1,NA,NA,NA,NA
"sub-131",7,0,1,0.60965,0,0,1,1,NA,NA,NA,NA
"sub-131",5,0,1,0.81729,0,0,1,1,NA,NA,NA,NA
"sub-131",4,0,1,1.6786,1,1,0,1,NA,NA,NA,NA
"sub-131",2,0,1,0.80195,1,1,0,1,NA,NA,NA,NA
"sub-131",7,0,1,0.72714,1,1,0,1,NA,NA,NA,NA
"sub-131",4,0,1,0.46554,1,1,0,1,NA,NA,NA,NA
"sub-131",5,0,1,1.04121,1,1,0,1,NA,NA,NA,NA
"sub-131",4,0,1,0.74186,1,1,0,1,NA,NA,NA,NA
"sub-131",2,0,0,0.96902,1,1,0,1,NA,NA,NA,NA
"sub-131",3,0,1,1.55746,1,1,0,1,NA,NA,NA,NA
"sub-131",4,0,1,1.52134,0,0,0,1,NA,NA,NA,NA
"sub-131",5,0,1,0.61103,0,0,0,1,NA,NA,NA,NA
"sub-131",1,0,0,1.05147,0,0,0,1,NA,NA,NA,NA
"sub-131",3,0,1,0.55689,0,0,0,1,NA,NA,NA,NA
"sub-131",4,0,1,0.5134,0,0,0,1,NA,NA,NA,NA
"sub-131",8,0,0,0.71783,0,0,0,1,NA,NA,NA,NA
"sub-131",1,0,0,1.30905,0,0,0,1,NA,NA,NA,NA
"sub-131",2,0,0,0.49599,0,0,0,1,NA,NA,NA,NA
"sub-131",4,0,1,1.8026,1,1,1,1,NA,NA,NA,NA
"sub-131",5,0,1,0.44223,1,1,1,1,NA,NA,NA,NA
"sub-131",7,0,1,1.33504,1,1,1,1,NA,NA,NA,NA
"sub-131",9,0,1,0.7911,1,1,1,1,NA,NA,NA,NA
"sub-131",7,0,1,0.22913,1,1,1,1,NA,NA,NA,NA
"sub-131",9,0,1,0.66981,1,1,1,1,NA,NA,NA,NA
"sub-131",10,0,1,0.47061,1,1,1,1,NA,NA,NA,NA
"sub-131",9,0,1,0.34759,1,1,1,1,NA,NA,NA,NA
"sub-131",9,1,0,NA,0,0,1,1,NA,NA,NA,NA
"sub-131",4,0,0,1.04241,1,0,1,1,NA,NA,NA,NA
"sub-131",8,0,0,1.54672,1,0,1,1,NA,NA,NA,NA
"sub-131",7,0,0,0.66949,1,0,1,1,NA,NA,NA,NA
"sub-131",8,0,1,1.09299,1,0,1,1,NA,NA,NA,NA
"sub-131",8,0,1,0.90036,1,0,1,1,NA,NA,NA,NA
"sub-131",8,0,1,1.0235,1,0,1,1,NA,NA,NA,NA
"sub-131",5,0,0,1.49641,1,0,1,1,NA,NA,NA,NA
"sub-131",2,0,0,0.48612,1,0,0,1,NA,NA,NA,NA
"sub-131",2,0,0,0.27548,1,0,0,1,NA,NA,NA,NA
"sub-131",1,0,0,0.66857,1,0,0,1,NA,NA,NA,NA
"sub-131",1,0,0,0.22029,1,0,0,1,NA,NA,NA,NA
"sub-131",9,0,1,1.02613,1,0,0,1,NA,NA,NA,NA
"sub-131",5,0,1,0.93315,1,0,0,1,NA,NA,NA,NA
"sub-131",2,0,0,0.37163,1,0,0,1,NA,NA,NA,NA
"sub-131",3,0,0,1.06065,1,0,0,1,NA,NA,NA,NA
"sub-131",1,1,0,NA,0,0,1,1,NA,NA,NA,NA
"sub-131",5,0,1,0.68986,0,0,1,1,NA,NA,NA,NA
"sub-131",10,0,1,0.48042,0,0,1,1,NA,NA,NA,NA
"sub-131",10,0,1,0.28767,0,0,1,1,NA,NA,NA,NA
"sub-131",9,0,1,0.57738,0,0,1,1,NA,NA,NA,NA
"sub-131",7,0,1,0.48426,0,0,1,1,NA,NA,NA,NA
"sub-131",9,0,1,0.0210699999999999,0,0,1,1,NA,NA,NA,NA
"sub-131",9,0,1,0.49593,0,0,1,1,NA,NA,NA,NA
"sub-131",6,1,0,NA,0,0,0,1,NA,NA,NA,NA
"sub-131",1,0,0,0.87157,1,1,0,1,NA,NA,NA,NA
"sub-131",4,0,0,0.82914,1,1,0,1,NA,NA,NA,NA
"sub-131",10,0,1,0.0496000000000001,1,1,0,1,NA,NA,NA,NA
"sub-131",3,0,1,1.02515,1,1,0,1,NA,NA,NA,NA
"sub-131",1,0,0,0.61479,1,1,0,1,NA,NA,NA,NA
"sub-131",2,0,0,0.97088,1,1,0,1,NA,NA,NA,NA
"sub-131",3,0,0,0.69088,1,1,0,1,NA,NA,NA,NA
"sub-131",3,0,1,1.58593,0,0,0,1,NA,NA,NA,NA
"sub-131",8,0,1,0.54395,0,0,0,1,NA,NA,NA,NA
"sub-131",1,0,1,0.63429,0,0,0,1,NA,NA,NA,NA
"sub-131",2,0,1,0.72106,0,0,0,1,NA,NA,NA,NA
"sub-131",6,0,1,0.59427,0,0,0,1,NA,NA,NA,NA
"sub-131",4,0,1,0.0177400000000001,0,0,0,1,NA,NA,NA,NA
"sub-131",3,0,1,0.47201,0,0,0,1,NA,NA,NA,NA
"sub-131",2,0,1,0.44698,0,0,0,1,NA,NA,NA,NA
"sub-131",5,0,1,1.12233,1,0,0,2,NA,NA,NA,NA
"sub-131",4,0,1,0.17974,1,0,0,2,NA,NA,NA,NA
"sub-131",1,0,1,0.40111,1,0,0,2,NA,NA,NA,NA
"sub-131",2,0,1,0.14059,1,0,0,2,NA,NA,NA,NA
"sub-131",8,0,1,0.46534,1,0,0,2,NA,NA,NA,NA
"sub-131",2,0,1,0.03715,1,0,0,2,NA,NA,NA,NA
"sub-131",1,0,1,0.66283,1,0,0,2,NA,NA,NA,NA
"sub-131",4,0,1,0.0184200000000001,1,0,0,2,NA,NA,NA,NA
"sub-131",8,0,1,0.68698,0,0,1,2,NA,NA,NA,NA
"sub-131",2,0,1,0.4768,0,0,1,2,NA,NA,NA,NA
"sub-131",7,0,1,0.20067,0,0,1,2,NA,NA,NA,NA
"sub-131",8,0,1,0.52411,0,0,1,2,NA,NA,NA,NA
"sub-131",9,0,1,0.746,0,0,1,2,NA,NA,NA,NA
"sub-131",10,0,1,0.55182,0,0,1,2,NA,NA,NA,NA
"sub-131",5,0,1,0.57099,0,0,1,2,NA,NA,NA,NA
"sub-131",8,0,1,0.02735,0,0,1,2,NA,NA,NA,NA
"sub-131",7,0,1,0.50008,1,1,1,2,NA,NA,NA,NA
"sub-131",8,0,1,0.02352,1,1,1,2,NA,NA,NA,NA
"sub-131",9,0,1,0.0304199999999999,1,1,1,2,NA,NA,NA,NA
"sub-131",8,0,1,0.01997,1,1,1,2,NA,NA,NA,NA
"sub-131",2,0,1,0.0270699999999999,1,1,1,2,NA,NA,NA,NA
"sub-131",7,0,1,0.0178700000000001,1,1,1,2,NA,NA,NA,NA
"sub-131",5,0,1,0.72636,1,1,1,2,NA,NA,NA,NA
"sub-131",8,0,1,0.81495,1,1,1,2,NA,NA,NA,NA
"sub-131",9,0,1,0.78163,1,0,1,2,NA,NA,NA,NA
"sub-131",6,0,1,0.02132,1,0,1,2,NA,NA,NA,NA
"sub-131",4,0,1,0.02816,1,0,1,2,NA,NA,NA,NA
"sub-131",9,0,1,0.46935,1,0,1,2,NA,NA,NA,NA
"sub-131",10,0,1,0.52005,1,0,1,2,NA,NA,NA,NA
"sub-131",9,0,1,0.79772,1,0,1,2,NA,NA,NA,NA
"sub-131",10,0,1,0.70312,1,0,1,2,NA,NA,NA,NA
"sub-131",10,0,1,1.32535,1,0,1,2,NA,NA,NA,NA
"sub-131",4,0,1,0.6306,1,0,0,2,NA,NA,NA,NA
"sub-131",5,0,1,0.48884,1,0,0,2,NA,NA,NA,NA
"sub-131",9,0,1,0.0291399999999999,1,0,0,2,NA,NA,NA,NA
"sub-131",4,0,1,0.70347,1,0,0,2,NA,NA,NA,NA
"sub-131",2,0,1,0.02684,1,0,0,2,NA,NA,NA,NA
"sub-131",4,0,1,0.0172600000000001,1,0,0,2,NA,NA,NA,NA
"sub-131",2,0,1,0.53688,1,0,0,2,NA,NA,NA,NA
"sub-131",1,0,1,0.07629,1,0,0,2,NA,NA,NA,NA
"sub-131",1,0,1,1.01469,1,1,0,2,NA,NA,NA,NA
"sub-131",2,0,1,0.11963,1,1,0,2,NA,NA,NA,NA
"sub-131",1,0,1,0.02241,1,1,0,2,NA,NA,NA,NA
"sub-131",3,0,1,0.0297099999999999,1,1,0,2,NA,NA,NA,NA
"sub-131",3,0,1,0.01847,1,1,0,2,NA,NA,NA,NA
"sub-131",2,0,1,0.02528,1,1,0,2,NA,NA,NA,NA
"sub-131",5,0,1,0.0317700000000001,1,1,0,2,NA,NA,NA,NA
"sub-131",7,0,1,0.01892,1,1,0,2,NA,NA,NA,NA
"sub-131",9,0,1,0.41701,1,1,1,2,NA,NA,NA,NA
"sub-131",8,0,1,0.18957,1,1,1,2,NA,NA,NA,NA
"sub-131",8,0,1,0.02613,1,1,1,2,NA,NA,NA,NA
"sub-131",1,0,1,0.24809,1,1,1,2,NA,NA,NA,NA
"sub-131",10,0,1,0.12205,1,1,1,2,NA,NA,NA,NA
"sub-131",5,0,1,0.0263899999999999,1,1,1,2,NA,NA,NA,NA
"sub-131",10,0,1,0.25021,1,1,1,2,NA,NA,NA,NA
"sub-131",9,0,1,0.02403,1,1,1,2,NA,NA,NA,NA
"sub-131",8,0,1,0.98561,1,0,1,2,NA,NA,NA,NA
"sub-131",7,0,1,0.0280899999999999,1,0,1,2,NA,NA,NA,NA
"sub-131",8,0,1,0.03081,1,0,1,2,NA,NA,NA,NA
"sub-131",10,0,1,0.01868,1,0,1,2,NA,NA,NA,NA
"sub-131",2,0,1,0.0275000000000001,1,0,1,2,NA,NA,NA,NA
"sub-131",7,0,1,0.01762,1,0,1,2,NA,NA,NA,NA
"sub-131",6,0,1,0.02101,1,0,1,2,NA,NA,NA,NA
"sub-131",7,0,1,0.02911,1,0,1,2,NA,NA,NA,NA
"sub-131",2,0,1,1.22556,0,0,0,2,NA,NA,NA,NA
"sub-131",2,0,1,0.56385,0,0,0,2,NA,NA,NA,NA
"sub-131",7,0,1,0.0185599999999999,0,0,0,2,NA,NA,NA,NA
"sub-131",1,0,1,0.305,0,0,0,2,NA,NA,NA,NA
"sub-131",1,0,1,0.0305599999999999,0,0,0,2,NA,NA,NA,NA
"sub-131",3,0,1,0.0200499999999999,0,0,0,2,NA,NA,NA,NA
"sub-131",5,0,1,0.99356,0,0,0,2,NA,NA,NA,NA
"sub-131",2,0,1,0.43243,0,0,0,2,NA,NA,NA,NA
"sub-132",3,1,0,NA,0,0,0,1,0.519805171604579,-0.0131040191271394,-0.0256047543953173,-0.078261711075902
"sub-132",3,0,1,0.91647,0,0,0,1,0.256076042540371,0.0633750932498111,-0.235110267317699,0.0285881210118532
"sub-132",1,0,0,0.60393,0,0,0,1,0.417539037996903,0.388989685103297,-0.41252997724708,-0.367926011700183
"sub-132",8,0,1,0.71536,0,0,0,1,0.21685215861847,0.159454791944612,-0.358334508627498,-0.725831085722893
"sub-132",3,0,1,0.57057,0,0,0,1,-0.0993344440163734,-0.251625651485045,-0.436381145069997,-0.33185432793689
"sub-132",3,0,1,0.65404,0,0,0,1,-0.0433207630024602,-0.354640794297059,0.159446319099516,-0.07929429308424
"sub-132",5,0,1,0.64623,0,0,0,1,-0.33986192534212,-0.375836342090258,0.811104387588178,-0.487719865492545
"sub-132",4,0,1,0.76953,0,0,0,1,0.0383899233614405,-0.2265124038224,0.729163425741717,-0.549524845555425
"sub-132",3,0,1,1.97556,1,0,0,1,0.599432793872741,-0.895885512922649,-0.136053869345536,-0.312096130289137
"sub-132",8,0,1,0.6582,1,0,0,1,-0.0645985718971739,-0.385199566406232,-0.409673597789758,-0.110674951551482
"sub-132",2,0,1,0.60806,1,0,0,1,-0.110445405511806,0.0200991271908774,-0.149259965711584,-0.302055039256811
"sub-132",2,0,1,0.67359,1,0,0,1,0.380364444184427,0.187313687056303,-0.394611075520515,-0.0338312417268753
"sub-132",2,0,1,0.73604,1,0,0,1,0.152136466000229,-0.965302887441659,-0.105791964075858,-0.561672836588696
"sub-132",6,0,1,0.5937,1,0,0,1,-0.135450480505824,-0.415222362528935,0.391293482971378,-0.202347108675167
"sub-132",3,0,1,0.57967,1,0,0,1,-0.243578337482177,0.223861860042369,0.223956059703293,0.376649216172518
"sub-132",4,0,1,0.92085,1,0,0,1,0.030511796202821,-0.229925667867064,0.291375868488103,0.0172980662435293
"sub-132",9,0,1,0.56995,0,0,0,1,-0.1829505059092,-0.193297306006705,0.577420135644691,-0.68061792049557
"sub-132",5,0,1,0.48738,0,0,0,1,0.19262204344462,0.359960522640634,-0.463312634460938,-0.256772305490449
"sub-132",4,0,1,0.64904,0,0,0,1,0.532433708353589,0.35728701279947,-0.573907557254036,-0.872010631789453
"sub-132",3,0,1,0.56578,0,0,0,1,0.0744327502470696,-0.0303929841352834,-0.988195983848224,-0.79174528028816
"sub-132",2,0,1,0.62441,0,0,0,1,-0.278618369096269,-0.779451899850688,-1.41767472028732,-1.08438576720655
"sub-132",3,0,1,0.64973,0,0,0,1,0.50626048593161,-0.220439169969824,-0.594031658644477,-0.60813397532329
"sub-132",4,0,1,0.68599,0,0,0,1,0.862267938403723,0.00634393585776841,-0.0502753988451635,-0.466401575691998
"sub-132",4,0,1,0.54242,0,0,0,1,0.53587386427292,-0.0280470116046706,0.389567487097035,-0.0200712954625487
"sub-132",4,0,1,0.45445,1,1,0,1,-0.0839488526495795,-1.08267557834861,-0.741575412704454,-0.83639412765624
"sub-132",1,0,1,0.71171,1,1,0,1,0.288845639093779,-0.612112471025385,-0.567807804172238,-0.723484609089792
"sub-132",1,0,1,0.67001,1,1,0,1,0.289444249579295,-0.22375139463003,-0.224841888683538,-0.62535968265729
"sub-132",5,0,1,0.5321,1,1,0,1,0.167890528813587,0.255472819036287,0.155990719562396,-0.144563126866706
"sub-132",1,0,1,0.51132,1,1,0,1,0.289237771105642,-0.196166472518127,-0.0386087289080024,-0.344693401828408
"sub-132",7,0,1,0.47797,1,1,0,1,0.29191431729123,-0.554341148309134,0.329380642811884,0.234179405216128
"sub-132",3,0,1,0.50503,1,1,0,1,0.0291546410880983,-0.0393536401337331,0.940555112902075,0.169051598850638
"sub-132",2,0,1,0.86542,1,1,0,1,-0.36015071036915,-0.132614311934621,0.504842123792817,-0.134975672094151
"sub-132",8,0,1,0.48857,0,0,1,1,0.277839447643297,-0.062893048480705,0.0550473631398442,-0.568476326565724
"sub-132",9,0,1,0.53318,0,0,1,1,-0.26373896204556,0.533563500201261,0.258262543279367,0.114594804379158
"sub-132",7,0,1,0.6686,0,0,1,1,0.179066533766066,0.651067444416522,-0.0605610208391833,-0.0442160151549615
"sub-132",10,0,1,0.54754,0,0,1,1,1.00027213067127,0.817983594007307,0.398303369836261,0.494715099688619
"sub-132",6,0,1,0.54707,0,0,1,1,-0.00532740339015921,0.963210850979926,0.469314843804265,0.418632196262479
"sub-132",8,0,1,0.80286,0,0,1,1,-1.0511465560024,-0.086662435800665,0.181935350876302,-0.0358592648524791
"sub-132",2,0,1,0.62099,0,0,1,1,-0.647467468244334,-0.442394832890757,-0.413481713699487,-0.25707898628898
"sub-132",7,0,1,0.56197,0,0,1,1,-0.0889323439126504,-1.49399131122563,-0.801489262375981,-0.702741114143282
"sub-132",2,0,1,0.39696,1,1,0,1,0.318568298321528,-0.403802978392277,-0.250603905723741,-0.471114723943174
"sub-132",3,0,1,0.74521,1,1,0,1,0.237533337436616,-0.183228595699701,-0.379449703284384,-0.980805145390332
"sub-132",1,0,1,0.50127,1,1,0,1,0.617411625770425,-0.0814653943396277,-0.480747788501806,-0.809698798053432
"sub-132",5,0,1,0.52714,1,1,0,1,0.464374330360442,-0.80512475049882,-0.594444986859647,-0.301720787584782
"sub-132",3,0,1,0.56049,1,1,0,1,0.403116080599527,-1.01455915446773,-0.102457500111389,-0.622525175102055
"sub-132",4,0,1,0.50439,1,1,0,1,-0.0980318515406301,0.249153413706356,0.190520305167108,-0.438818320259452
"sub-132",10,0,1,0.5344,1,1,0,1,0.403074738957609,0.558599925048097,0.473861834189544,-0.457720623165369
"sub-132",4,0,1,0.61638,1,1,0,1,0.230770815532499,0.5126982136733,0.718660086276941,0.166346895019524
"sub-132",7,0,1,0.34703,0,0,1,1,0.295621070855608,-0.478041183932132,-0.000661631576197882,-0.528533637709916
"sub-132",1,0,1,0.76801,0,0,1,1,-0.488292925331431,0.680123631963161,-0.968161342122282,-0.0372866023331881
"sub-132",5,0,1,0.5208,0,0,1,1,0.203808974061152,-0.17456680466421,-1.29858199323644,0.220855259452946
"sub-132",10,0,1,0.43661,0,0,1,1,0.101494859380182,-0.221576384027247,-0.225852944888175,-1.06587894074619
"sub-132",9,0,1,0.56991,0,0,1,1,-0.849831414408982,-0.806497763247333,0.208345948650579,-1.36721404157579
"sub-132",10,0,1,0.75217,0,0,1,1,-0.640106804048022,-0.600381716706411,-0.00085251530011495,-0.444350096397102
"sub-132",8,0,1,0.80337,0,0,1,1,-0.398542568902485,-0.546112722682732,0.0111501105905821,-0.161792116169818
"sub-132",10,0,1,0.46855,0,0,1,1,-0.112870971167771,-0.17041308881232,0.613034964325683,0.353830343601294
"sub-132",9,0,1,0.4284,1,0,1,1,0.256039614960173,-0.186102800774043,-0.566273713620224,-0.300240549538285
"sub-132",7,0,1,0.5174,1,0,1,1,0.404180391691625,0.131245289204849,-0.731417787261307,-0.776038525416516
"sub-132",10,0,1,0.03325,1,0,1,1,0.554929266800173,-0.105874318267322,-0.38329437483723,-0.85857226960361
"sub-132",9,0,1,0.74873,1,0,1,1,0.0384070747337925,-0.243835541937086,0.245846441898417,-0.43426815783605
"sub-132",7,0,1,0.61839,1,0,1,1,0.25421886977468,-0.649350145870509,0.0478550332190935,-0.482210091035813
"sub-132",5,0,1,0.78842,1,0,1,1,0.550077145143102,-0.898271442521407,0.183265740090671,-0.585228998027742
"sub-132",1,0,1,0.86468,1,0,1,1,0.467530161802036,-0.442387049608105,0.487258952731888,-0.367678058333695
"sub-132",8,0,1,0.7349,1,0,1,1,0.195176967885345,-0.404324391097934,0.372174887917936,-0.247005393507425
"sub-132",10,0,1,0.64272,1,1,0,1,0.581242454589907,0.965592058651425,0.594001846029035,-0.0689778763800859
"sub-132",3,0,1,0.86968,1,1,0,1,0.572376594102631,0.202696676745459,-0.444344860656808,-0.125977102294564
"sub-132",10,0,1,0.78517,1,1,0,1,-0.0737137040511395,-0.455292589466639,-1.01545191168164,-0.412532106041908
"sub-132",10,0,1,1.26649,1,1,0,1,0.218354010256007,-0.446674652259659,-0.583436129857243,-0.0086021913215518
"sub-132",9,0,1,0.99199,1,1,0,1,0.0985493403859437,-0.468620434817341,-0.18486279489783,-0.113346059480682
"sub-132",10,0,1,0.89515,1,1,0,1,0.189467908930965,-0.846498365134553,0.0544527477080313,-1.22321114167571
"sub-132",7,0,1,0.82626,1,1,0,1,0.0520855455348889,-0.562932078485136,-0.0309681128710508,-0.153143767695292
"sub-132",5,0,1,0.70181,1,1,0,1,-0.395756877056556,-4.90608487140249e-05,0.222023552448566,0.102873317850754
"sub-132",7,0,1,0.48745,1,1,0,2,0.325955445257326,0.556925809769719,0.594400674647962,0.775095842522569
"sub-132",1,0,1,0.53037,1,1,0,2,-0.285596257538449,1.4120720597329,1.02702213001127,0.852161477110349
"sub-132",4,0,1,0.67182,1,1,0,2,-0.00288035373281067,1.29197203981932,0.797019697104891,1.04094460591441
"sub-132",2,0,1,0.72801,1,1,0,2,0.335838353838578,0.2930822254469,0.315128640892605,0.725392571464181
"sub-132",1,0,1,0.59994,1,1,0,2,-0.00430512273063262,0.00813466514874664,0.301112475552751,0.272404504008591
"sub-132",6,0,1,0.90164,1,1,0,2,0.123097791355879,0.116627817870014,-0.0390929533847763,-0.121752702360391
"sub-132",3,0,1,0.47537,1,1,0,2,0.16641135548889,-0.114682577998826,-0.0492313855017225,-0.455625384813175
"sub-132",2,0,1,0.7583,1,1,0,2,-0.0919591430016832,-0.392458386843188,-0.274232887546532,-0.780074474215507
"sub-132",7,0,1,0.3781,0,0,1,2,0.633927846016983,-0.311896432423964,-0.420051285531372,-0.395988622959703
"sub-132",3,0,1,0.66073,0,0,1,2,-0.1828857595101,0.141069490462542,-0.223166226467583,-0.16499769827351
"sub-132",7,0,1,0.47157,0,0,1,2,-0.255349203168104,0.158152989186756,0.160001367563382,0.404885578982066
"sub-132",5,0,1,0.65464,0,0,1,2,-0.445127991125143,-0.198293371884911,0.631333488194893,0.328325123945251
"sub-132",10,0,1,0.81032,0,0,1,2,0.156752175147024,0.936627775430679,1.09032438144398,0.883623393205926
"sub-132",7,0,1,0.78336,0,0,1,2,0.244568431517109,1.48243637430413,1.30325850006193,0.897090403549373
"sub-132",10,0,1,0.59473,0,0,1,2,0.266705539543182,0.977837610989809,0.955813172738999,0.413687003287487
"sub-132",8,0,1,0.61818,0,0,1,2,-0.47433920755672,-0.421909092201127,-0.0529218877976139,-0.407781028561294
"sub-132",1,0,1,0.81094,1,0,0,2,0.0126111124797414,-0.0407294233122634,0.265966241558393,0.248542078118771
"sub-132",1,0,1,0.59679,1,0,0,2,-0.110878227433811,-0.647456351730162,-0.315947278964207,0.0292581537738442
"sub-132",4,0,1,0.6492,1,0,0,2,0.488857963782114,0.0218008033655308,0.121363507506127,0.191428935673321
"sub-132",8,0,1,0.60831,1,0,0,2,0.436356293280066,0.809029346538915,0.768242052368199,0.322275818441994
"sub-132",1,0,1,0.78687,1,0,0,2,0.173426554072648,0.504320860967575,0.547280813935989,0.632061054406222
"sub-132",6,0,1,0.68975,1,0,0,2,0.455244914706176,0.76553475111723,0.161246281272421,0.520576544734649
"sub-132",2,0,1,0.59215,1,0,0,2,-0.211154433956835,0.146218452257691,-0.0620602551692476,-0.393407455924898
"sub-132",1,0,1,0.93575,1,0,0,2,-0.628662801037232,-0.352840389633827,-0.301397807352866,-0.763885791506618
"sub-132",8,0,1,1.35393,1,0,1,2,0.641002104966901,0.789818568569091,0.505634523928165,0.92008141707629
"sub-132",10,0,1,0.82324,1,0,1,2,0.928712507370316,0.295281821447942,0.26688469783403,1.0134103291668
"sub-132",4,0,1,0.84428,1,0,1,2,0.379279300260047,0.0338777448568079,0.0803310335225736,1.08388526793569
"sub-132",10,0,1,0.63172,1,0,1,2,0.00572993487973387,0.455252496698112,0.189232936866271,0.760417624784168
"sub-132",6,0,1,0.60211,1,0,1,2,0.0445414362087225,0.379921491680391,0.62335919495672,0.121913709584624
"sub-132",7,0,1,0.66292,1,0,1,2,0.0463561005890369,0.62198684281773,0.444363000181814,0.0414939968381077
"sub-132",9,0,1,0.75918,1,0,1,2,0.0646217027679086,0.492721148635071,0.0156737079232698,0.196281975740567
"sub-132",7,0,1,0.605,1,0,1,2,0.279036314265492,0.216667333893754,0.297378320829011,0.0721277493270463
"sub-132",10,0,1,0.82054,1,1,1,2,0.108725660325338,0.325805513136503,0.211644182292124,-0.178235641866922
"sub-132",6,0,1,0.56127,1,1,1,2,0.0594752691880179,0.41699203669473,0.365834545266504,0.14482156811282
"sub-132",9,0,1,0.63093,1,1,1,2,0.439394303289494,0.706773000458876,0.745364399937292,0.552065099118045
"sub-132",10,0,1,0.59711,1,1,1,2,0.108072901639389,0.233385874202078,0.199616253046164,-0.137753249084926
"sub-132",10,0,1,0.59001,1,1,1,2,-0.597251962926142,-0.0672126561403275,-0.0844554145975659,-0.34920277716592
"sub-132",10,0,1,0.65062,1,1,1,2,-0.122489854683711,0.146106712813317,0.218812402881061,0.203858094476163
"sub-132",4,0,1,0.73974,1,1,1,2,0.193693128453257,-0.0493409267316262,0.254627463834671,0.457974054012448
"sub-132",9,0,1,0.80661,1,1,1,2,-0.718927360275605,0.0611119271704444,0.0545359012515595,0.260259374976158
"sub-132",8,0,1,0.51282,1,0,1,2,-0.00261032222382103,-0.40980723331234,-0.0591716848624249,-0.907521588134114
"sub-132",8,0,1,0.41689,1,0,1,2,0.125171214962999,0.00537008288557883,-0.0694816155980031,-0.0729268008843064
"sub-132",1,0,1,0.63057,1,0,1,2,-0.314102609991096,0.525520040757126,0.0336110702482983,0.536748543521389
"sub-132",6,0,1,0.60459,1,0,1,2,-0.209855443332344,-0.177861038043543,-0.0436903031077236,0.397937415004708
"sub-132",9,0,1,0.50806,1,0,1,2,-0.389992464721824,-0.0193449519229708,0.0670757940970361,0.330200223810971
"sub-132",7,0,1,0.77236,1,0,1,2,0.111353763922428,0.0308566703806045,-0.00707213095544527,0.388241756666685
"sub-132",7,0,1,0.80029,1,0,1,2,0.605536517105065,0.396124838109784,0.367133212586244,0.571461443649605
"sub-132",8,0,1,0.46451,1,0,1,2,0.194755162558674,1.24561068463933,0.812362910287144,0.548463762691245
"sub-132",2,0,1,0.63159,0,0,0,2,0.0746111759217456,-0.280117523752981,0.0853056084985534,0.181658427021466
"sub-132",6,0,1,0.7678,0,0,0,2,0.0116639832655589,0.612089995174082,0.349226870923303,0.328792417095974
"sub-132",2,0,1,0.54573,0,0,0,2,0.178478155091094,0.900569421049483,0.398416198479633,0.4998754655011
"sub-132",2,0,1,0.57057,0,0,0,2,0.255957181875904,0.573585746068232,0.659063312642199,0.46879293564707
"sub-132",1,0,1,0.59708,0,0,0,2,0.749229800809796,1.22063085326442,0.964534238756945,1.08398634204641
"sub-132",9,0,1,0.79159,0,0,0,2,1.02475826118219,1.25076346656014,0.438365996504823,0.920808961614966
"sub-132",4,0,1,0.52947,0,0,0,2,0.557163389516063,0.508731783505667,0.348831488828485,1.0043443210423
"sub-132",4,0,1,0.68941,0,0,0,2,0.240277986653382,0.116421737535684,0.213189791732778,-0.0299370628315955
"sub-132",9,0,1,0.63566,1,1,1,2,0.33231993795683,-0.232447900912828,-0.0387339953449555,0.38139204911422
"sub-132",9,0,1,0.89318,1,1,1,2,0.123886925750412,0.0267364513128996,-0.116886646321897,0.0618112073745578
"sub-132",10,0,1,1.03129,1,1,1,2,-0.366990952694323,0.212613710564458,-0.268872545993266,-0.531029030168429
"sub-132",5,0,1,0.77069,1,1,1,2,-0.195651429627712,-0.491754107091024,-0.0866200129579132,-1.02239415477961
"sub-132",10,0,1,0.74986,1,1,1,2,-0.287477572293331,-0.282730764536946,0.412459289713297,-0.827189175132662
"sub-132",3,0,1,0.50717,1,1,1,2,-0.466232712594016,0.193761835899312,0.445645583156875,-0.712991203812999
"sub-132",8,0,1,0.67932,1,1,1,2,-0.574166177849596,0.684265473443601,0.279790704701251,-0.0539101092144847
"sub-132",8,0,1,0.69465,1,1,1,2,-0.767133270584357,0.157875024623031,0.37434356000449,0.349788049736526
"sub-132",3,0,1,0.85639,1,0,0,2,0.681094643465864,0.123714301295372,0.518110070891756,0.30888738646172
"sub-132",2,0,1,0.65713,1,0,0,2,0.412076676885287,-0.11273069527966,0.368920656852424,0.35861011800007
"sub-132",4,0,1,0.63746,1,0,0,2,0.112407787470147,0.0341481445529671,0.0274741073759894,-0.00642157029360533
"sub-132",2,0,1,0.52497,1,0,0,2,-0.249711759466057,-0.375631952175388,-0.230644590945303,-0.0200719988904893
"sub-132",2,0,1,0.56101,1,0,0,2,0.0535633275285363,-0.218895540538209,0.0378148770929935,0.773907246599265
"sub-132",6,0,1,0.03302,1,0,0,2,0.474427332403138,0.0904447194188833,0.444786225794815,0.690605286625214
"sub-132",9,0,1,0.65779,1,0,0,2,0.0729256392611812,0.293134372043251,0.416310633959559,0.043340533412993
"sub-132",3,0,1,0.87967,1,0,0,2,0.258886898208099,0.658775383365099,0.277554454679678,0.139781809505075
"sub-133",10,1,0,NA,0,0,1,1,-0.0144247480978568,0.215172213778176,0.910722592535118,0.337020933273016
"sub-133",7,0,1,1.16421,1,0,1,1,0.19794527363653,-0.275895954195962,-0.182894723247349,0.137532804289367
"sub-133",10,1,0,NA,0,0,1,1,0.145958316124355,-0.646291275612182,-0.0601271538762376,-0.0422720621339977
"sub-133",6,0,1,0.84697,1,0,1,1,0.126473800880679,-0.499583517787633,0.00748330168426037,-0.0300871901214123
"sub-133",10,0,1,1.30335,1,0,1,1,0.607122377057143,-0.0248041246862461,-0.0741455728809039,-0.0670151878148317
"sub-133",8,0,1,1.12544,1,0,1,1,0.651471979916096,0.102433672416265,0.0463581897784024,0.261170681100339
"sub-133",8,0,1,1.26592,1,0,1,1,0.137250214233063,0.225499190183149,0.181067974229033,-0.219807486911304
"sub-133",1,0,0,1.88201,1,0,1,1,0.315902083025624,0.624712910641123,0.238301915465854,0.211642993416172
"sub-133",9,0,1,1.12468,1,1,0,1,0.0628358492006858,0.670849250517441,-0.207213340948025,-0.419363273936324
"sub-133",5,0,1,1.3166,1,1,0,1,0.149300492562664,-0.140182055601919,-0.925795760005713,-0.496121211815625
"sub-133",1,0,0,1.12306,1,1,0,1,0.00359203282702462,-0.110913072833446,-0.686749758198857,-0.142071906570345
"sub-133",4,0,1,0.72854,1,1,0,1,0.00984527044541513,0.0989160894295546,-0.208937431375186,-0.112759203929454
"sub-133",1,0,0,0.51791,1,1,0,1,0.495758739532903,0.0403634402211066,0.509969425116045,-0.045912763196975
"sub-133",3,0,1,1.1916,1,1,0,1,0.246800469331599,0.133020032197237,0.227053225496396,0.51156352031976
"sub-133",2,0,1,0.49749,1,1,0,1,-0.221911805245327,-0.0724885736212686,-0.0567899377395709,0.123200257074132
"sub-133",4,0,1,0.75373,1,1,0,1,0.188646651416396,-0.00731577168874167,0.165222322063831,-0.215986614022404
"sub-133",10,0,1,1.00238,0,0,1,1,-0.22242390725296,-0.333162860962114,0.335679562170602,-0.284774560295045
"sub-133",9,0,1,1.07682,0,0,1,1,0.0178504943614826,-1.09701030480641,0.139181004972973,-0.24423514069058
"sub-133",6,0,1,0.81571,0,0,1,1,0.0275397166260518,-0.466020792722702,-0.288977090579768,-0.190498532261699
"sub-133",1,0,1,0.64588,0,0,1,1,-0.192432220171516,0.308853755912019,-0.0304715531528927,-0.352636736282147
"sub-133",8,0,1,0.68519,0,0,1,1,0.302653680710743,0.454938487460216,-0.00190470872136454,0.203807616233826
"sub-133",10,0,1,0.85789,0,0,1,1,0.253296067123301,0.608222287657015,0.00174932802716891,0.405963384266943
"sub-133",10,0,1,0.5301,0,0,1,1,0.186573378062652,0.00558445692338325,0.0140855316227923,0.202958598639816
"sub-133",7,0,1,0.30269,0,0,1,1,0.462062683106827,-0.167852647809519,0.535825846813774,0.0670407670206259
"sub-133",3,0,1,1.23339,1,0,0,1,0.532463938938842,-0.261463537536286,0.000475646074240406,-0.0968165862606838
"sub-133",5,0,1,0.7401,1,0,0,1,0.0841641522323092,0.0951289290786479,-0.0813357537069048,0.62269914583303
"sub-133",1,0,1,0.54984,1,0,0,1,0.425374193272243,-0.443184745118574,-0.419582988931021,-0.0494461845140904
"sub-133",3,0,1,0.74019,1,0,0,1,-0.292822306250552,-0.700621745411169,-0.189088235269689,-0.512903972691856
"sub-133",9,0,1,0.52922,1,0,0,1,-0.363743461823712,-0.0425081635583882,-0.088027699966915,-0.769582143332809
"sub-133",2,0,1,0.75188,1,0,0,1,-0.267044540630498,0.201087815307633,0.139441728708334,0.210007212124765
"sub-133",4,0,1,0.85898,1,0,0,1,0.0810557613876881,-0.096222335110522,-0.262956488256653,0.246669046836905
"sub-133",3,0,1,0.73138,1,0,0,1,0.778575686039403,0.494074230927422,0.00901818469477197,0.0350923377438448
"sub-133",8,0,1,0.89489,1,1,1,1,-0.312713499879465,-0.0904669704743558,-0.129990879291048,0.163030610606074
"sub-133",8,0,1,0.85165,1,1,1,1,-0.66326735828261,-0.0977675673310403,0.538171474972235,0.148294433159754
"sub-133",9,0,1,0.94103,1,1,1,1,0.0209611797472462,0.41789312377848,0.784976589803894,0.264032210165169
"sub-133",5,0,1,1.01351,1,1,1,1,0.794653524450647,0.890873442507452,0.766718097613193,0.465460111014545
"sub-133",8,0,1,0.98611,1,1,1,1,0.772328135712693,0.381072600354889,0.492789276254674,-0.0831607188098133
"sub-133",9,0,1,0.75952,1,1,1,1,0.17478572720817,-0.141185718140116,0.333887796538572,-0.50552574309404
"sub-133",9,0,1,1.48263,1,1,1,1,-0.197547124427122,-0.312368846256976,0.0192767017288134,-0.62050811117515
"sub-133",1,0,1,0.60464,1,1,1,1,0.202237392154833,0.0133044908720034,-0.193140006779383,-0.254902707785368
"sub-133",7,0,1,0.81615,0,0,1,1,-0.472586652419219,-0.310736792041334,-0.406121466037196,-0.656340663076844
"sub-133",9,0,1,0.87431,0,0,1,1,0.129415484057972,-0.328762511748614,-0.0401218961924314,-0.650177613738924
"sub-133",5,0,1,0.37954,0,0,1,1,-0.0995452595525421,-0.0608283487769465,0.0536450057964733,-0.298287943191826
"sub-133",2,0,1,0.86955,0,0,1,1,-0.0190602234409501,-0.148678174962428,-0.425678486826655,-0.146158543438651
"sub-133",9,0,1,0.64193,0,0,1,1,0.489802880445495,-0.307868785811243,-0.307810412719846,-0.0811242839088663
"sub-133",7,0,1,0.63236,0,0,1,1,0.816869229233513,-0.478506097949489,-0.0770118062306816,-0.185826064279536
"sub-133",7,0,1,0.88827,0,0,1,1,-0.034638849281085,-0.240917121131874,0.166771612828597,-0.142255507223308
"sub-133",10,0,1,0.47733,0,0,1,1,0.580926880114324,0.150216761424586,-0.0561548046922932,-0.477832348737866
"sub-133",2,0,1,0.32629,0,0,0,1,-0.437201484513935,-0.253935445927911,0.241546041176965,0.455538468831219
"sub-133",7,0,1,0.7657,0,0,0,1,-0.980252728797495,-0.0293406741348682,-0.0219182141978915,-0.0621215271763504
"sub-133",4,0,1,0.23924,0,0,0,1,-0.257788893475663,-0.288827317421911,0.323146228135253,0.994320908561349
"sub-133",4,0,1,0.97904,0,0,0,1,-0.28391595192564,0.399770288072802,0.987825556735819,1.56947130006738
"sub-133",4,0,1,1.03526,0,0,0,1,0.295021644890464,0.249731359727405,0.30484394558395,1.27777804862708
"sub-133",5,0,1,1.04098,0,0,0,1,-0.0971962803353866,-0.128889877487112,-0.158256514851625,0.641898717475124
"sub-133",3,0,1,1.26373,0,0,0,1,-0.384253550514889,0.612638839761968,-0.305033941794439,-0.0127607626840472
"sub-133",1,0,1,0.75306,0,0,0,1,0.431204015389085,0.342879706812609,-0.227028427335123,-1.27701718509197
"sub-133",2,0,1,1.01561,1,1,0,1,0.395391532375167,0.441465842537582,-0.361192594301732,-0.683241442404687
"sub-133",3,0,1,0.68902,1,1,0,1,0.316614443669096,-0.0304109779428001,-0.176364709157497,-0.33609602888173
"sub-133",5,0,1,0.80861,1,1,0,1,0.228984301405338,0.0295903553013448,-0.271752835872273,-0.493569261813536
"sub-133",10,0,1,0.66432,1,1,0,1,-0.59039292174081,-0.397121392397417,-0.301400511758402,-0.723259227816015
"sub-133",1,0,1,0.65364,1,1,0,1,-0.810522826446686,-0.0167172884706546,-0.290336519343934,-0.954177070688456
"sub-133",3,0,1,0.44257,1,1,0,1,0.523498808344205,-0.0562062126981025,-0.255162790534087,-0.53692916831933
"sub-133",1,0,1,0.1983,1,1,0,1,0.197239942693462,-0.354301425110963,0.112089760271677,0.755401852354407
"sub-133",1,0,1,0.33777,1,1,0,1,-0.233591750972361,-0.253234753454173,0.696077063017583,1.18027496114373
"sub-133",1,0,1,0.14957,0,0,0,1,0.7488827308019,0.412844264258941,0.0709781122083465,-0.191285267565399
"sub-133",3,0,1,0.02244,0,0,0,1,0.489733778949206,-0.25963625718874,-0.17232418533725,-0.0666842842954793
"sub-133",2,0,1,0.02843,0,0,0,1,0.305636293031663,-0.111639489419758,-0.00974704038041333,-0.308766182232648
"sub-133",7,0,1,0.0175000000000001,0,0,0,1,-0.223558649071492,-0.326492274593976,0.308259888280493,-0.0206706628203392
"sub-133",3,0,1,0.0244800000000001,0,0,0,1,-0.250690634643737,-0.390484442826602,0.654214120469987,0.0655461646383628
"sub-133",4,0,1,0.0303899999999999,0,0,0,1,0.0817203965428537,-0.121271297145911,0.454424266329928,0.476858672173694
"sub-133",2,0,1,0.0196700000000001,0,0,0,1,0.51111476511384,0.301617861483936,0.231006473186426,0.605985233606771
"sub-133",5,0,1,0.0255799999999999,0,0,0,1,0.280495656499018,0.788501720530567,-0.31220026719772,-0.3341337518621
"sub-133",8,0,1,0.64809,1,0,1,2,-0.107406765610601,-0.0169139755544839,0.090551085731325,0.364750392071437
"sub-133",6,0,1,0.0871599999999999,1,0,1,2,-0.442573521577287,0.218508057451497,0.0969865436830635,0.0882474947255105
"sub-133",10,0,1,0.16088,1,0,1,2,0.175800339330749,-0.178094591290035,0.361861020869886,0.363325152546167
"sub-133",7,0,1,0.55037,1,0,1,2,0.452544535607255,-0.051547591427893,0.323311506421305,0.329879018291831
"sub-133",7,0,1,0.53957,1,0,1,2,0.134571094221125,-0.30156268413972,-0.136551507981494,0.0115187803981826
"sub-133",7,0,1,0.0281199999999999,1,0,1,2,-0.363074558554217,-0.370373871867303,-0.00682417210191488,0.174795433273539
"sub-133",4,0,1,0.01752,1,0,1,2,-0.394106598039798,-0.475481248650424,-0.558823846071997,-0.116730070486665
"sub-133",8,0,1,0.0243,1,0,1,2,-0.214607009429831,0.57814746250019,-0.430485440650955,0.137543176492909
"sub-133",7,0,1,0.2568,0,0,1,2,-0.368821614732345,-0.454138847688834,-0.175835063525786,-0.167766266223043
"sub-133",6,0,1,0.0295300000000001,0,0,1,2,-0.6210026567569,-0.104582979253286,-0.441875758794292,0.235319812013768
"sub-133",9,0,1,0.01894,0,0,1,2,-0.238022884645034,0.142092043051013,-0.327513173222542,-0.440892013255507
"sub-133",8,0,1,0.15831,0,0,1,2,0.134737188617388,-0.00314209029225081,-0.100369103097667,-0.112210667692125
"sub-133",10,0,1,0.0318499999999999,0,0,1,2,0.746881450293586,-0.199133394665464,0.135756407250786,1.33442707546055
"sub-133",8,0,1,0.37265,0,0,1,2,0.315840027542436,0.206122213741764,0.59059482285132,0.752596681099385
"sub-133",7,0,1,0.0447500000000001,0,0,1,2,0.435456921889757,0.121375381446409,0.340361931788114,-0.534885574864029
"sub-133",2,0,1,0.01725,0,0,1,2,-0.218113211061185,-0.164376864554705,-0.525101263755156,-1.03819937263615
"sub-133",6,0,1,0.34828,1,0,0,2,-0.0349693621974438,-0.0880185776666083,0.209180464934131,1.01009265040047
"sub-133",4,0,1,0.93796,1,0,0,2,-0.0583821228356101,-0.479981389310625,0.219018268631771,0.670596509194002
"sub-133",3,0,1,0.59595,1,0,0,2,-0.7624551349921,-0.131478464230895,0.0548855576586599,0.603176767146215
"sub-133",3,0,1,0.0191399999999999,1,0,0,2,-0.558956165487568,-0.367200632821079,-0.0472447358964322,0.225244706100784
"sub-133",10,0,1,0.07521,1,0,0,2,0.324765286582988,-0.553724413151266,-0.55826865012447,0.497606859542429
"sub-133",3,0,1,0.0306500000000001,1,0,0,2,0.629030729275352,-0.387210953014868,-0.337835934362374,0.280904389009811
"sub-133",4,0,1,0.13707,1,0,0,2,0.475163918560914,0.000588381456004249,0.0904549004820486,-0.105665685702115
"sub-133",4,0,1,0.0439400000000001,1,0,0,2,0.80996122622552,-0.112228031891088,-0.139642873313278,-0.578802720457315
"sub-133",9,0,1,0.44024,1,0,1,2,0.227892056456767,0.365418896984516,-0.0588320690828065,0.277380186505616
"sub-133",10,0,1,0.21234,1,0,1,2,0.316923414706253,-0.0052521606940664,0.109509901374016,-0.149619695357978
"sub-133",10,0,1,0.7686,1,0,1,2,-0.250963499866581,0.0103571630876373,0.071173454625144,-0.304681429639459
"sub-133",6,0,1,0.7414,1,0,1,2,-0.568153574985142,0.106888796754733,0.00186234933789819,-0.324069949946716
"sub-133",4,0,1,0.68049,1,0,1,2,-0.110919204036084,-0.0856780705766545,0.349525944019357,0.00807488653808832
"sub-133",10,0,1,0.48617,1,0,1,2,-0.124370429044575,-0.355890864849142,0.344459980415801,0.680657603219151
"sub-133",9,0,1,0.55983,1,0,1,2,-0.260045057705914,-0.37712900983644,0.370636815864903,1.50475290531758
"sub-133",9,0,1,0.49922,1,0,1,2,0.312714125859202,0.103877991437912,0.747388570259015,1.50533205848187
"sub-133",8,0,1,0.67759,1,1,1,2,-0.502145924294988,-0.367893608907859,-1.35315677174367,-0.661432310286909
"sub-133",10,0,1,0.43397,1,1,1,2,-0.16416456119623,-0.531265208204449,-0.610522978706285,-0.849597750976682
"sub-133",1,0,1,0.37311,1,1,1,2,0.181457496092965,0.119589359671981,-0.639306218072306,-0.38836969549011
"sub-133",10,0,1,0.02843,1,1,1,2,-0.188042995287105,0.334083933072786,-0.738913845523105,-0.371544515248388
"sub-133",8,0,1,0.0177700000000001,1,1,1,2,-0.106205295344504,0.10347302382191,-0.0791383652249351,0.727037564944476
"sub-133",5,0,1,0.02481,1,1,1,2,-0.39997059799498,0.246809922335497,0.0850722405884881,0.893040740070865
"sub-133",10,0,1,0.1643,1,1,1,2,-0.192690560438981,0.296919797342357,0.0182293745456263,0.486184455826879
"sub-133",7,0,1,0.01997,1,1,1,2,0.26546222922237,0.37252258700836,0.0786935178936498,0.150710676051676
"sub-133",8,0,1,0.0816699999999999,1,0,0,2,-0.0865014514420182,-0.990057927073428,0.00238748104311526,0.493148594908416
"sub-133",4,0,1,0.0215399999999999,1,0,0,2,-0.162733487784863,-0.244838427303842,-0.0046156778310736,0.681078537553549
"sub-133",4,0,1,0.32801,1,0,0,2,0.0675214420965252,-0.0842394537326914,-0.312180778516146,0.210484954112326
"sub-133",5,0,1,0.40179,1,0,0,2,0.490611292305402,-0.0678887550926043,-0.341730460291728,-0.321049988549203
"sub-133",2,0,1,0.52421,1,0,0,2,-0.0714055809463995,-0.099976615773307,-0.233486245541523,-0.242061238270253
"sub-133",2,0,1,0.31335,1,0,0,2,0.103540062778241,-0.195446767050911,-0.3731549832155,-0.146560075506568
"sub-133",4,0,1,0.39559,1,0,0,2,0.290502334634463,-0.0842303590211991,-0.589595344344464,-0.0242367426719284
"sub-133",1,0,1,0.48489,1,0,0,2,0.0353641653200611,-0.227014216456424,-0.239766504770766,0.111223344795872
"sub-133",3,0,1,0.58291,0,0,0,2,0.143785182316302,-0.0590798062858758,0.0811989822735389,0.157601484935731
"sub-133",2,0,1,0.17245,0,0,0,2,-0.111820097299642,-0.250684273946616,-0.141396726132371,-0.179109306586906
"sub-133",6,0,1,0.14622,0,0,0,2,-0.0242044894306067,-0.412149699146135,0.12769833591301,-0.100040695443749
"sub-133",3,0,1,0.0182800000000001,0,0,0,2,-0.922370562019447,-0.955121023580432,0.219641562420293,0.707526505226269
"sub-133",4,0,1,0.0242,0,0,0,2,-0.371962426618362,-0.562623369050454,0.137896704070348,1.47671310836449
"sub-133",1,0,1,0.23009,0,0,0,2,0.0266731734542797,0.268834659760749,0.0307793783819458,0.519492628052831
"sub-133",1,0,1,0.38663,0,0,0,2,0.255569377758851,0.481081328251296,-0.108590125261496,0.102280972964218
"sub-133",10,0,1,0.49268,0,0,0,2,-0.112044294500568,0.265573089321454,0.0976993526952962,-0.164645028114319
"sub-133",9,0,1,0.2578,1,1,1,2,-0.307786848366959,-0.62868911165882,-0.848208347025017,0.0450476632453501
"sub-133",8,0,1,0.0295300000000001,1,1,1,2,0.476474452957821,0.0817131691060408,-0.237958856198626,0.401737943384796
"sub-133",8,0,1,0.01986,1,1,1,2,0.46043683491492,-0.288092616945505,-0.414356456991906,0.117609532736242
"sub-133",8,0,1,0.29248,1,1,1,2,-0.616379092835511,0.0647694002147074,-0.0722807936059932,-0.47334039141424
"sub-133",10,0,1,0.38205,1,1,1,2,-0.722981390892528,-0.323570600296888,-0.239409048944556,-0.315778247779235
"sub-133",10,0,1,0.37127,1,1,1,2,-0.110970613275034,-0.272581395417176,-0.320464076959373,0.344620820693672
"sub-133",4,0,1,0.39381,1,1,1,2,0.499508117480824,0.162717741741626,0.142903146489213,0.632185813318938
"sub-133",6,0,1,0.13288,1,1,1,2,1.02485583350062,-0.13428825478035,0.33146885879493,0.20889798537828
"sub-133",1,0,1,0.02997,1,1,0,2,-0.285318064018308,-0.626642956777855,-0.686126903165132,0.0588867589831352
"sub-133",1,0,1,0.58652,1,1,0,2,0.317611416103318,-0.7080239770865,-0.488031867348279,-0.327112128119916
"sub-133",2,0,1,0.02532,1,1,0,2,-0.0450652439224844,-0.51506778462445,-0.570129103880996,-0.331647211685777
"sub-133",4,0,1,0.02247,1,1,0,2,0.479009859884779,-0.0964706661524596,-0.667412450537086,-0.167569209262729
"sub-133",4,0,1,0.41193,1,1,0,2,0.878137429283621,-0.0594995968319752,-0.203498558723368,-0.170616952260025
"sub-133",2,0,1,0.71818,1,1,0,2,0.309744378357815,-0.0911342539928026,-0.0915733553313961,0.222377609275281
"sub-133",10,0,1,0.60735,1,1,0,2,-0.0312058746058028,0.140198449914654,0.069542067979152,0.787638554349542
"sub-133",5,0,1,0.68025,1,1,0,2,0.413384272583547,0.260894645626346,0.497771848575212,0.51925205164589
"sub-134",2,1,0,NA,0,0,0,1,0.227434119054427,0.595482679791059,0.338681818180097,-0.0566513874102384
"sub-134",8,0,1,0.68217,1,0,0,1,0.284703382911781,0.356098376900061,0.27615286797906,-0.0366077799350023
"sub-134",1,0,0,1.13859,1,0,0,1,0.326272772469868,0.0458035816748937,-0.0173036390527462,-0.331668271578383
"sub-134",2,0,1,0.22713,1,0,0,1,-0.112481390669321,-0.519193288706312,0.113184401532635,-0.436481511453167
"sub-134",4,0,1,0.0663199999999999,1,0,0,1,-0.0335506793732444,-0.607813069131225,-0.302904850182434,-0.409776892419904
"sub-134",5,0,1,0.12219,1,0,0,1,-0.116643611884986,0.0269383284052041,-0.278825878597369,-0.237242523275199
"sub-134",1,0,1,0.42844,1,0,0,1,-0.128628822780835,-0.0259773773658607,-0.114917030946041,-0.391189749934711
"sub-134",1,0,0,1.30173,1,0,0,1,0.229480734439373,-0.149145704763079,0.180271916013832,-0.298285344336182
"sub-134",8,0,1,1.54748,1,0,1,1,-0.00326832907740027,0.595663370978501,-0.196545465228458,0.00812714563217014
"sub-134",10,0,1,0.10332,1,0,1,1,0.465854572151632,0.518074595300412,0.235283605133494,-0.025279502873309
"sub-134",10,0,1,0.04253,1,0,1,1,0.348281477946633,0.14709165909638,0.0125108994155501,0.116466944321292
"sub-134",7,0,1,0.3987,1,0,1,1,-0.223663450917229,-0.119694775832748,-0.313449188523615,-0.493320386187406
"sub-134",8,0,1,1.0385,1,0,1,1,-0.12423886001731,-0.0943392778281122,-0.100304606448238,0.0309124536812305
"sub-134",6,0,1,0.21154,1,0,1,1,0.228411738605549,0.380912550397355,-0.140666608970302,0.141976843867451
"sub-134",10,0,1,0.03254,1,0,1,1,-0.0384956972363094,0.688541577370078,-0.222701408977931,-0.392745274258777
"sub-134",4,0,1,0.52343,1,0,1,1,0.274710198243459,0.797530053390397,0.178577235844083,-0.0039764478802681
"sub-134",8,0,1,0.90101,0,0,1,1,0.069188415024352,0.419772435945493,0.254068537731655,-0.383523781585973
"sub-134",10,0,1,0.0244,0,0,1,1,0.37297701338927,0.294152417944537,0.245079504791647,-0.0641268213279545
"sub-134",4,0,1,0.09788,0,0,1,1,0.210363985485552,0.0731352077866042,-0.0311752276417489,-0.133157708949875
"sub-134",6,0,1,0.0201800000000001,0,0,1,1,0.263226438856994,-0.201826674156581,-0.0407031015492976,-0.20793580468744
"sub-134",7,0,1,0.17704,0,0,1,1,0.000174897878120343,-0.127385713642946,0.190194491917888,-0.249953247699887
"sub-134",7,0,1,0.03223,0,0,1,1,-0.172661746464049,-0.243298983287618,0.101776646915823,0.17028540559113
"sub-134",9,0,1,0.85644,0,0,1,1,0.0854731968914469,0.183238654018,0.232125268395369,0.108344113267958
"sub-134",9,0,1,0.028,0,0,1,1,0.107978093777395,-0.144751610579314,-0.13931597423895,-0.319102491624653
"sub-134",2,1,0,NA,0,0,0,1,0.879311287465195,0.886263596790808,-0.200958856090438,0.218750496796565
"sub-134",3,0,1,0.27983,1,1,0,1,0.598512168740854,1.0096221052938,-0.114791774540208,0.325977723300457
"sub-134",8,0,1,0.02077,1,1,0,1,-0.251221053370197,-0.243800402998372,0.219280754914507,-0.182310506887734
"sub-134",4,0,1,1.06113,1,1,0,1,-0.20397679443704,-0.431693473623859,0.259801201153702,-0.0486113762257446
"sub-134",2,0,1,0.08291,1,1,0,1,0.180944696088166,-0.486228738118101,0.14772401105923,-0.266396440938115
"sub-134",6,0,1,0.022,1,1,0,1,0.0379192229981224,-0.404370893482809,-0.099436750873186,-0.811056015454233
"sub-134",3,0,1,0.09493,1,1,0,1,-0.360621956463244,-0.169832328317204,-0.265141650714213,-0.603059492935426
"sub-134",1,0,0,0.11828,1,1,0,1,-0.159392855789823,-0.110550958387278,-0.074714730377309,-0.524214130104519
"sub-134",3,0,1,0.35111,0,0,0,1,0.0230206598547132,0.031336383825099,0.0839219691697508,-0.0406405960209668
"sub-134",5,0,1,0.0238400000000001,0,0,0,1,-0.199126193959576,0.187556702643633,-0.0361562613979913,0.0232241564663127
"sub-134",4,0,1,0.0302199999999999,0,0,0,1,0.236105570142778,0.242639788495446,-0.268299034932473,-0.33072952106595
"sub-134",10,0,1,0.0187200000000001,0,0,0,1,0.579829910614838,0.282448888059999,-0.349785452092571,-0.122461945062969
"sub-134",3,0,1,0.64204,0,0,0,1,0.58921377461229,0.472945702296716,0.233677346831731,0.199871981889009
"sub-134",3,0,1,0.03159,0,0,0,1,0.537641460386415,0.78299937442083,-0.0434770288023477,0.286681178119034
"sub-134",4,0,1,0.0219100000000001,0,0,0,1,0.560352821814983,0.778818783591743,0.0171177422356171,0.559915146045387
"sub-134",3,0,1,0.0279100000000001,0,0,0,1,0.606489841840812,0.605442958297553,0.327364148067621,0.134532456239685
"sub-134",2,0,1,1.2922,1,1,1,1,-0.503147198217145,0.333137834996537,0.438084372784942,0.0570054411888123
"sub-134",10,0,1,0.03003,1,1,1,1,-0.534879131936274,1.23510498967436,0.208423876048376,0.228241376392543
"sub-134",9,0,1,0.02125,1,1,1,1,-0.0351363612959782,0.119120930218034,-0.292840961677333,0.0837176769971848
"sub-134",5,0,1,0.2111,1,1,1,1,-0.0120746290000776,-0.26788033947728,-0.603978252892072,-0.368157560192049
"sub-134",10,0,1,0.03331,1,1,1,1,0.107003591100996,-0.561204870472904,-0.103567519467712,-0.4975042225793
"sub-134",10,0,1,0.02335,1,1,1,1,0.321042614979281,-0.729578920249844,0.18096448409536,-0.764891359279864
"sub-134",7,0,1,0.02928,1,1,1,1,0.469628282124177,0.0364475495147484,-0.0467939668645461,-0.460485705919564
"sub-134",9,0,1,0.01858,1,1,1,1,0.632519242198517,0.66333873183639,0.0968182237508396,0.197335317358375
"sub-134",9,1,0,NA,0,0,1,1,-0.721238163299859,-0.784201325581375,-0.59721010659996,-0.651450007222593
"sub-134",7,0,1,0.0227200000000001,0,0,1,1,-0.0712816877445827,0.337147856338157,0.605737071406717,-0.0872140383115038
"sub-134",5,0,1,0.02921,0,0,1,1,0.0520809253212065,0.481990145795323,0.958059948558609,-0.298056715261191
"sub-134",7,0,1,0.0185299999999999,0,0,1,1,-0.118459848764663,0.394038290061333,0.495658137292291,-0.753399660158902
"sub-134",3,0,1,0.0243800000000001,0,0,1,1,0.0791991739533842,-0.261239378782058,0.725020599085838,-0.160978450789116
"sub-134",9,0,1,0.0302,0,0,1,1,0.0225495446162919,-0.474449242913613,0.276126330097516,0.348959668027237
"sub-134",8,0,1,0.40347,0,0,1,1,0.270306075147043,-0.423089782638406,-0.0460238633677363,-0.0644233534709201
"sub-134",7,0,1,0.0253099999999999,0,0,1,1,0.210694824655851,-0.374564320642363,-0.022308423416689,-0.484067573607899
"sub-134",6,0,0,0.79231,0,0,0,1,0.397715296285848,0.856467020111503,-0.942236830169956,0.158668475301238
"sub-134",2,0,1,0.21434,0,0,0,1,0.913930384131769,0.93733427590794,-0.515620375828197,0.0978411365300417
"sub-134",3,0,1,0.0201499999999999,0,0,0,1,0.453205245935048,0.419238890779929,-0.0605251848076781,-0.282431411743164
"sub-134",4,0,1,0.0257000000000001,0,0,0,1,-0.337873052698948,0.0621729900163633,0.278629242054497,-0.204816844221205
"sub-134",4,0,1,0.03169,0,0,0,1,-0.106835574357926,-0.171433253851892,0.281213469415282,-0.205242488672957
"sub-134",3,0,1,0.02206,0,0,0,1,0.216006370920998,0.330505589230193,0.0282168907385009,-0.272528800554574
"sub-134",7,0,1,0.04491,0,0,0,1,-0.0308260150389591,0.517745056534531,0.0980755681521259,0.159949973877519
"sub-134",4,0,1,0.01736,0,0,0,1,0.226171052568437,0.281300585441015,0.442311624996364,0.182849406823516
"sub-134",2,0,1,1.11706,1,1,0,1,-0.851877156024178,-0.507644824062785,0.535785132553428,-0.222628040472046
"sub-134",3,0,1,0.0221,1,1,0,1,0.103658387282242,-0.0191490996146092,0.725295160237389,0.023359596170485
"sub-134",7,0,1,0.02901,1,1,0,1,0.0997978174127638,0.196932489673297,0.298463697933281,0.0433159693726338
"sub-134",1,0,0,0.25215,1,1,0,1,0.0185203529739132,0.240577588582204,0.197408457075653,-0.175235313549638
"sub-134",2,0,1,0.0250600000000001,1,1,0,1,0.239534078534537,0.348419541286098,-0.141019649493198,-0.219914979947498
"sub-134",2,0,1,0.0312399999999999,1,1,0,1,0.296680580623312,0.18555250581078,-0.662314008572139,-0.456520794238895
"sub-134",6,0,1,0.02159,1,1,0,1,0.453272975981236,-0.0865328004928651,0.0417882282636128,-0.0632996682077646
"sub-134",3,0,1,0.81162,1,1,0,1,-0.047450150528069,-0.349619493974994,-0.10900958487764,-0.393121632188559
"sub-134",2,0,1,0.13454,1,1,0,2,0.109406108347078,0.146511018319331,0.478694525527923,0.125772153027356
"sub-134",8,0,1,0.0239499999999999,1,1,0,2,-0.100074026850052,0.236880418258133,0.302155984099954,-0.0137187535307021
"sub-134",2,0,1,0.14694,1,1,0,2,-0.559845469309948,0.32549526349262,-0.496685654196578,-0.438967979513109
"sub-134",4,0,1,0.0189699999999999,1,1,0,2,0.0286391755604806,0.568722750025767,-0.620847083472957,-0.0811727091670036
"sub-134",5,0,1,0.07491,1,1,0,2,0.0104216493976613,0.275585281507423,-0.0849865826797516,0.209246792679187
"sub-134",4,0,1,0.03068,1,1,0,2,-0.0961823832864563,-0.143554926625694,0.0224535734159872,0.245403358526528
"sub-134",2,0,1,0.0212000000000001,1,1,0,2,0.0929680410578537,-0.0493570991826278,0.729797449195758,0.65892039318569
"sub-134",4,0,1,0.0274000000000001,1,1,0,2,0.175088636383104,0.432215706945431,0.354334022384137,0.281785486638546
"sub-134",1,1,0,NA,0,0,0,2,0.207692708199223,-0.0616250724566204,-0.399189144392343,-0.437809312297031
"sub-134",1,0,1,0.14872,0,0,0,2,-0.122416167025222,0.656046645698586,0.620070687339952,0.20379654369317
"sub-134",1,0,0,0.20485,0,0,0,2,0.0274404247757047,0.737990338493277,0.523587261986298,0.519469536538236
"sub-134",1,0,0,0.0277799999999999,0,0,0,2,-0.154205872987707,0.0195785225541503,-0.224666457565036,-0.479889681050554
"sub-134",4,0,1,0.01719,0,0,0,2,-0.0331508078185531,0.218256020685658,0.312296434033973,0.389625539211556
"sub-134",4,0,1,0.02562,0,0,0,2,-0.463657864806009,-0.694831990429925,-0.0204347701898466,-0.28662779686274
"sub-134",6,0,1,0.0300199999999999,0,0,0,2,-0.137036406047021,-0.64250644742882,-0.260821286627712,-0.514251041901298
"sub-134",10,0,1,0.01938,0,0,0,2,0.0323986914008856,-0.618955587360284,-0.52796321893887,-0.473195033997763
"sub-134",6,0,1,0.16335,1,0,0,2,0.234778465470299,0.564570966213338,0.184275163997275,0.221877814084291
"sub-134",4,0,1,0.01894,1,0,0,2,0.0489959272866448,0.305666715958742,0.0970030427755167,0.232681400328875
"sub-134",4,0,1,0.0264599999999999,1,0,0,2,0.00112500371566663,0.505324268252244,0.107893014947573,0.0368191427784041
"sub-134",8,0,1,0.03227,1,0,0,2,0.106465157936327,0.229916272097466,0.439368319911106,0.207191996462643
"sub-134",4,0,1,0.0227299999999999,1,0,0,2,0.418874661872299,0.200721491611114,0.63057055491178,0.18983224441763
"sub-134",3,0,1,0.0788800000000001,1,0,0,2,0.470109603290136,0.596617764482895,0.0468373155454174,0.509631826728582
"sub-134",4,0,1,0.01898,1,0,0,2,0.596321778604761,0.634084902841736,-0.920510780221472,0.0225957561284304
"sub-134",2,0,1,0.14182,1,0,0,2,0.637731575717529,0.922100109496602,-0.232665472237083,0.434153231664095
"sub-134",7,0,1,0.1581,1,1,1,2,-0.0961300571507309,0.135603878759193,0.0684901854256168,0.207586170209106
"sub-134",10,0,1,0.01936,1,1,1,2,0.0191076558888502,-0.13059604311086,0.00485880434280261,0.203649471513927
"sub-134",9,0,1,0.0250600000000001,1,1,1,2,0.25885764695704,0.0519074921116785,0.0731439448718447,-0.122665967606008
"sub-134",8,1,0,NA,0,0,1,2,0.114702539906527,0.589403185182837,-0.118003960660038,0.0835434406995773
"sub-134",2,1,0,NA,0,0,1,2,-0.38161650384427,-0.206667940856682,0.190333860693499,0.115286011208082
"sub-134",5,0,1,0.02935,1,1,1,2,-0.390330951660872,0.397456922395914,0.958825646860835,0.860352845303714
"sub-134",7,0,1,0.0190300000000001,1,1,1,2,-0.0162493228369082,0.471465876670899,-0.0453242235356205,0.197258719301317
"sub-134",8,0,1,0.02447,1,1,1,2,-0.235348881377528,-0.0288417532833086,-0.530863743139586,-0.391086148563772
"sub-134",5,0,1,0.0206299999999999,1,0,1,2,0.127833684227274,0.185291908888353,-0.301832726744275,0.320150907337666
"sub-134",10,0,1,0.02739,1,0,1,2,0.0362357005263524,-0.206749953088109,-0.0699226924043614,0.241381410416216
"sub-134",9,0,1,0.0170699999999999,1,0,1,2,-0.254082949250005,0.359893991034133,-0.0386227203222613,0.349604181502946
"sub-134",10,1,0,NA,0,0,1,2,-0.103908305056393,0.280381534593525,0.229489871766418,0.412350841891021
"sub-134",8,0,1,0.96981,1,0,1,2,-0.000875036309783657,0.283529041179766,0.362288859828065,0.291118160029873
"sub-134",10,0,1,0.01816,1,0,1,2,0.636191401009758,0.845016917489745,0.530050472889949,0.860323285590857
"sub-134",7,0,1,0.02352,1,0,1,2,0.314311472310995,0.662955785170197,-0.131100430085401,0.101401258260012
"sub-134",1,0,1,0.0299100000000001,1,0,1,2,0.330937834068512,-0.01722484237204,0.00399221218928384,-0.589945113193244
"sub-134",9,0,1,0.19277,0,0,1,2,0.430076862326435,0.301351415993715,0.369592210045084,-0.251105769025162
"sub-134",4,0,1,0.03199,0,0,1,2,0.456375383849566,0.139912398695068,0.155789900881549,-0.264460155786946
"sub-134",8,0,1,0.0223500000000001,0,0,1,2,0.126682976881663,-0.550650139356515,0.0945254854838519,-0.44310281695798
"sub-134",10,0,1,0.02824,0,0,1,2,-0.503659985513271,-0.685465433945258,0.0387681160063948,-0.512469866289757
"sub-134",10,0,1,0.01756,0,0,1,2,-0.175163236446679,0.0589434415515926,-0.0138847222939755,-0.0457543483003974
"sub-134",10,0,1,0.02441,0,0,1,2,0.35119189399605,0.504967676406657,0.412071324846086,0.520018547074869
"sub-134",10,0,1,0.0309699999999999,0,0,1,2,0.172271486759807,0.691895368022853,0.679711569003606,1.00543570695445
"sub-134",5,0,1,0.0367299999999999,0,0,1,2,-0.209939087275416,0.486963170615059,-0.705430453332762,0.0591519184876233
"sub-134",8,0,1,0.0172000000000001,1,0,1,2,-0.0291529512808969,0.49370815301383,0.191861422305616,0.488550190045498
"sub-134",7,0,1,0.0241800000000001,1,0,1,2,0.293677179065223,0.329923917022016,0.0430538667666648,0.376007936894894
"sub-134",6,0,1,0.88212,1,0,1,2,0.226142383311526,0.450356274532775,0.564630139774332,0.582632018334698
"sub-134",8,0,1,0.02075,1,0,1,2,-0.0131951661896892,0.756191476291321,0.491017893276876,0.882704213634133
"sub-134",8,0,1,0.02617,1,0,1,2,-0.204035308435171,-0.0976449134199087,0.463448283980445,0.373259371891618
"sub-134",7,1,0,NA,0,0,1,2,0.260993859614246,-0.0666567112526132,0.313552596087296,0.447170825954527
"sub-134",9,1,0,NA,0,0,1,2,0.167092331956762,0.118145520729875,-0.519406504618625,0.409379341080785
"sub-134",1,0,1,1.01407,1,0,1,2,0.134256318987658,0.270445446466544,0.0692754338184993,-0.152643798477948
"sub-134",3,0,1,0.0270699999999999,1,0,0,2,0.0267194567713886,-0.0937481940448008,-0.201599942374742,-0.475561460945755
"sub-134",8,0,1,0.03311,1,0,0,2,0.0108318609418347,-0.866788386996767,-0.197351720339308,-0.335293055325747
"sub-134",1,0,0,0.02318,1,0,0,2,0.315456659300253,0.0480882620645894,0.379645246779546,-0.478007893636823
"sub-134",3,0,1,0.02919,1,0,0,2,0.0658597188303247,0.277272162545058,-0.347469446870188,-0.314074401231483
"sub-134",5,0,1,0.0182899999999999,1,0,0,2,0.367230557720177,0.40537887652991,-0.10730841589005,-0.171463012788445
"sub-134",3,0,1,0.32495,1,0,0,2,0.29913784491752,0.178801950377723,0.660143186726297,0.107835688022897
"sub-134",1,0,0,0.0302100000000001,1,0,0,2,-0.122659517044667,0.1070994530563,0.0928792655079936,-0.137087463523494
"sub-134",3,0,1,0.01953,1,0,0,2,-0.0117910280214346,0.284977804748686,-0.302494113508146,-0.337179596768692
"sub-134",7,0,1,0.03125,1,1,0,2,-0.0228625799839695,0.077873975124762,-0.110569879820105,0.647690662555397
"sub-134",9,0,1,0.02254,1,1,0,2,-0.10667333623375,0.190292721786709,0.247814137643824,0.18282325733453
"sub-134",8,0,1,0.11181,1,1,0,2,0.257507779761606,0.125748246011359,0.708490308529387,0.483368287794292
"sub-134",7,0,1,0.0185200000000001,1,1,0,2,0.247684901871253,0.604351805385064,0.142609597397192,0.476552943885326
"sub-134",1,0,0,0.0244200000000001,1,1,0,2,0.424424765864387,0.796289612539113,-0.344010596590427,0.252687290124595
"sub-134",5,0,1,0.03033,1,1,0,2,-3.22586856782436e-05,0.355865765087031,-0.765742518783857,-0.336131503921933
"sub-134",8,0,1,0.0196499999999999,1,1,0,2,-0.41851727416118,-0.315436170000962,-0.810493394266814,-0.7532943344675
"sub-134",10,0,1,1.39353,1,1,0,2,0.150355451352273,-0.403538462981858,-0.31388269434683,0.154429441969842
"sub-135",5,1,0,NA,0,0,0,1,0.494067417321882,0.202175559689446,0.550703188018815,0.821912983967923
"sub-135",3,0,0,1.93843,1,0,0,1,-0.0934359835616003,1.00050825867112,0.628623506665463,0.269280357565731
"sub-135",2,0,1,0.46102,1,0,0,1,0.317854258154208,1.51873322383121,0.765589960113478,0.258442903496325
"sub-135",3,0,1,1.35116,1,0,0,1,0.490351551949667,0.949253594763663,0.780681592858552,0.0365342112199869
"sub-135",7,0,0,0.90687,1,0,0,1,0.014333080034703,0.0585677114625772,-0.535904509694471,-0.543666338128969
"sub-135",1,0,0,0.61347,1,0,0,1,-0.200260244309902,-0.333066534751129,0.0401933950682481,-0.929575845552608
"sub-135",1,0,1,0.68548,1,0,0,1,-0.00111517286859453,0.243534298199746,-0.071311666086937,-0.551716853212565
"sub-135",1,0,0,0.45832,1,0,0,1,0.652338890758983,0.155676538883536,0.526136869331822,-0.672171916998923
"sub-135",8,1,0,NA,0,0,1,1,-0.0575657055790847,-0.0923268873399744,-0.518160847229107,-0.273817860847339
"sub-135",1,0,0,0.54451,0,0,1,1,-0.352117687502566,-0.132783572180887,-0.456084726417127,-0.581129996693926
"sub-135",7,0,1,0.61725,0,0,1,1,-0.0393533416402837,-0.590508235549485,0.179612442618236,-0.409703890327364
"sub-135",9,0,1,0.58988,0,0,1,1,0.363475124041239,0.0205246538648175,0.290059035799156,0.0122255065012723
"sub-135",9,0,1,0.61261,0,0,1,1,0.345733387958414,-0.295846369462433,0.534372743141527,-0.294449786655605
"sub-135",10,0,1,0.0176000000000001,0,0,1,1,-0.0624060543486848,-0.0124771189358499,0.401699385411727,-0.320207072421908
"sub-135",5,0,0,0.3418,0,0,1,1,0.0335012840417524,0.472767514625081,0.914341864146991,0.09541780075524
"sub-135",8,0,0,0.24761,0,0,1,1,-0.222598058559621,0.620454497221443,0.174032914486209,0.783525615325198
"sub-135",1,0,0,0.66298,1,0,1,1,0.481399264729892,0.583367617800832,0.17855341359973,0.350034852512181
"sub-135",10,0,1,0.10156,1,0,1,1,0.0879742996767163,0.250801745319256,-0.0567907425574958,0.0916282870341092
"sub-135",10,0,1,0.12532,1,0,1,1,-0.0909860108513385,0.29077469781731,0.0805299882388984,-0.27136917039752
"sub-135",8,0,0,1.49997,1,0,1,1,0.51349737351605,-0.0432898023476203,0.0302920643298421,-0.0912052530795336
"sub-135",10,0,1,0.18924,1,0,1,1,0.545651530575318,1.10131119005382,0.760949830602234,0.403119960892946
"sub-135",7,0,0,0.17936,1,0,1,1,0.712811381944145,0.610254782907389,1.08240361143059,-0.123861569154542
"sub-135",8,0,0,0.08528,1,0,1,1,0.253770814029849,-0.0863445030732287,0.616262142701695,-0.0345027444884181
"sub-135",5,0,0,0.17458,1,0,1,1,0.0235453434676553,0.120873915686927,0.126534206870322,-0.207899861041551
"sub-135",5,0,0,0.27384,1,1,1,1,-0.224957771288852,-0.0588280953190945,0.430639249854721,-0.151957629900426
"sub-135",9,0,0,0.44761,1,1,1,1,-0.0757045213443538,0.0688390378943748,-0.322291514016494,-0.0186923744622618
"sub-135",1,0,0,0.43683,1,1,1,1,0.210498994526764,0.584592540644937,-0.323427392489975,0.413316056318581
"sub-135",10,0,1,0.0258100000000001,1,1,1,1,0.402490603349482,0.423506286823087,-0.0898958898809118,0.505032356828451
"sub-135",10,0,1,0.0314700000000001,1,1,1,1,0.0903388865602513,0.424982298691585,0.392046801086205,-0.408695909881499
"sub-135",9,0,0,0.07239,1,1,1,1,-0.431356198348415,-0.400219837082895,-0.133614981702218,-0.735514965932816
"sub-135",7,0,0,0.02783,1,1,1,1,-0.409242361686969,-0.617977080952928,0.313887466055651,-0.529983520321548
"sub-135",7,0,0,0.01709,1,1,1,1,-0.172733510912318,-0.774426815220741,0.656339128812154,-0.711049465928227
"sub-135",2,1,0,NA,0,0,0,1,-0.028040648282816,-0.172006166988501,-0.447333262146761,0.0423594773747027
"sub-135",7,0,0,0.70682,1,1,0,1,0.232643179110407,0.442292305123475,-0.00481568564039965,0.24491339592787
"sub-135",2,0,0,0.42927,1,1,0,1,0.555410238758971,-0.0556531644391793,0.696713936747983,0.726043269783258
"sub-135",4,1,0,NA,0,0,0,1,0.750356659293175,0.439184061993189,0.684202023393785,1.25832672603428
"sub-135",3,0,0,0.97578,1,1,0,1,0.55881742182343,0.871825872058118,0.174444640210519,0.678278503473848
"sub-135",4,1,0,NA,0,0,0,1,0.595387174282223,0.450801398950043,0.04772265003218,0.00642331447452307
"sub-135",6,0,0,0.32229,1,1,0,1,0.06635814657299,0.264000364544767,-0.0973643402685411,-0.204822485975455
"sub-135",4,0,0,0.02773,1,1,0,1,-0.0420578004171451,0.678998054281153,0.435092373440663,-0.239406949467957
"sub-135",3,0,0,0.35876,0,0,0,1,0.143715927852706,0.107017358540799,-0.601620152670269,-0.249929091148078
"sub-135",3,1,0,NA,0,0,0,1,0.00578164860295753,0.0840915762991817,0.415236070490209,0.464934372482821
"sub-135",6,0,0,0.79001,0,0,0,1,0.634759177589634,0.470814468821994,-0.0717277797521092,-0.0141901266295463
"sub-135",3,0,0,0.62931,0,0,0,1,0.219240877234067,0.14663429396158,-0.060648343981787,-0.250612130016089
"sub-135",2,1,0,NA,0,0,0,1,0.487728452465187,0.0473055678497379,0.662514764970789,0.579444512212649
"sub-135",4,1,0,NA,0,0,0,1,0.832029884370665,0.314015108496985,0.703898202026418,1.0300398560008
"sub-135",3,0,0,0.79944,0,0,0,1,0.817361176945269,0.789330057351402,0.609627382829785,0.0566478839144111
"sub-135",7,0,0,0.0223199999999999,0,0,0,1,0.0713126347594274,0.41023987521314,0.529822796777201,-0.283652755647199
"sub-135",5,0,0,0.0181,0,0,1,1,-0.806343983858824,-0.722391171311891,-0.00141273788176477,-0.454388853069395
"sub-135",3,0,0,0.0237000000000001,0,0,1,1,-0.463448386406526,-0.439159984993576,0.73088760820004,0.0271441090852022
"sub-135",9,0,0,0.0297400000000001,0,0,1,1,-0.515128331258893,-0.0860252751434153,0.453835469078816,0.548895004764199
"sub-135",7,0,0,0.01911,0,0,1,1,0.240034254151396,0.239575801486218,0.0175743517465889,0.00920254462398589
"sub-135",10,0,0,0.27529,0,0,1,1,0.489608533583426,0.617429394688871,0.211806542434109,0.236970052821562
"sub-135",10,0,1,0.398,0,0,1,1,0.218184277880937,0.116178379083673,-0.353020662558265,-1.2202437274158
"sub-135",7,0,0,0.0199400000000001,0,0,1,1,-0.617594929276189,-1.01278073547615,-1.00036578255822,-2.24804615210742
"sub-135",9,0,0,0.0259499999999999,0,0,1,1,-0.413179046086346,0.122475536514281,-0.434774258872494,-0.359373027039692
"sub-135",1,0,0,0.89159,1,1,0,1,0.763645143869022,0.64594573693143,0.512399832756879,0.0921649643452838
"sub-135",1,0,0,0.21483,1,1,0,1,-0.00459839838731568,0.630803328326524,0.268145458074287,0.391232612263411
"sub-135",3,0,0,0.0214099999999999,1,1,0,1,-0.287346790525286,0.588345104776737,0.070084624690935,1.00331792193465
"sub-135",5,0,0,0.0275300000000001,1,1,0,1,-0.0995035241357982,0.233286316463448,0.237621156033128,1.24851354211569
"sub-135",9,0,0,0.03318,1,1,0,1,0.632429869108213,0.18074949544475,0.222496241369906,1.25636936527444
"sub-135",4,0,0,0.0234700000000001,1,1,0,1,2.21702027569214,0.950894803119202,0.816754971941312,0.484897608775645
"sub-135",3,0,0,0.02928,1,1,0,1,0.193152512671077,0.318838364548153,-0.441511783399619,-0.479090894805267
"sub-135",3,0,0,0.01884,1,1,0,1,-0.245782032473168,0.0719186604298927,-0.0909670174975569,-0.214239120739512
"sub-135",2,0,0,0.19736,0,0,0,1,-0.133174179366809,-0.0695072992670315,0.494393710745499,-0.256052770279348
"sub-135",4,0,0,0.02044,0,0,0,1,0.00574766239151359,-0.258144520430101,0.014931107366768,0.0748266925103962
"sub-135",1,0,0,0.02626,0,0,0,1,-0.135085668259611,0.0277836750330472,0.520172946193876,-0.122138313855976
"sub-135",6,0,0,0.0322199999999999,0,0,0,1,0.238966312989457,0.410305657389539,0.772018793853931,0.498111677588895
"sub-135",3,0,0,0.0225900000000001,0,0,0,1,0.398346804858496,0.71739359634618,0.435465274611488,0.231590006873012
"sub-135",3,0,0,0.02824,0,0,0,1,-0.334272090268011,0.277486485140226,-0.0658055578048031,-0.0354629848152399
"sub-135",8,0,0,0.03294,0,0,0,1,-0.0997209766355809,-0.252810714352462,0.559450778489312,0.0796402384527028
"sub-135",3,0,0,0.02481,0,0,0,1,-0.24088691547513,0.501597478468385,-0.122971612416829,0.0414671082049608
"sub-135",2,0,0,0.31699,1,1,0,2,-0.210086483993412,0.245733883035427,-0.172400650548904,-0.155602247733623
"sub-135",4,0,0,0.0218799999999999,1,1,0,2,-0.0826634159311652,-0.359772969606436,-0.334836662756667,-0.33696222268045
"sub-135",4,0,0,0.0289200000000001,1,1,0,2,-0.312748245468053,-0.423825114534271,-0.331515783094801,-0.117251982842572
"sub-135",4,0,0,0.0186299999999999,1,1,0,2,0.022413185070036,-0.228397991232298,-0.337613363313721,0.0155211007222533
"sub-135",2,0,0,0.0241100000000001,1,1,0,2,0.674891437714299,0.188268227019796,0.252649548526582,0.353197356965393
"sub-135",7,0,0,0.0300199999999999,1,1,0,2,0.512762033380568,0.404742205549997,0.401165087047654,0.804493410268333
"sub-135",1,0,0,0.0192300000000001,1,1,0,2,0.231856428552419,0.27756768544377,0.199279580110063,0.712952232640237
"sub-135",5,0,0,0.02512,1,1,0,2,0.459002948792962,0.498560822611951,0.0964009777332346,0.360649814223871
"sub-135",5,0,0,0.073,1,1,1,2,0.225989094392086,0.636397224264564,0.100621749142495,-0.0279639147222042
"sub-135",1,0,0,0.02843,1,1,1,2,0.37640280641305,0.488774392615866,0.270374846101428,0.424749147519469
"sub-135",9,0,0,0.26822,1,1,1,2,0.73435779788997,0.654485352475334,0.851689843266892,0.500800748169422
"sub-135",7,0,0,1.08483,1,1,1,2,0.44379818920667,0.55354962049535,0.763950880461683,0.81294174157083
"sub-135",8,0,0,0.0227999999999999,1,1,1,2,-0.474140683150229,-0.736691716368552,0.252705540546837,1.03691682852805
"sub-135",10,0,1,0.57955,1,1,1,2,-0.186328776782223,-0.876608624950879,-0.00479155620754076,-0.438606142625213
"sub-135",10,0,1,0.01921,1,1,1,2,-0.325809310306795,-1.15744251185269,-0.461306197937423,-0.503686683438718
"sub-135",10,0,1,0.02495,1,1,1,2,0.397672777520105,-0.184371180487452,-0.0964610925681579,0.0676191319013014
"sub-135",7,0,0,0.50684,1,0,1,2,-0.0270749698781098,-0.42248230834526,0.0585392822977155,-0.488236426003277
"sub-135",7,0,0,0.0303,1,0,1,2,-0.0123006408490861,-0.480441750751601,-0.300303461883838,0.324440205621067
"sub-135",4,0,0,0.0195099999999999,1,0,1,2,0.153062444723522,-0.0470833549000047,-0.891347032117968,0.514910759413033
"sub-135",10,0,1,0.0253000000000001,1,0,1,2,-0.140528264222667,0.235652427706454,-0.850027504648703,0.488814641628414
"sub-135",10,0,1,0.03131,1,0,1,2,0.045768825589524,-0.121197220110507,-0.389966924053927,0.132014506764244
"sub-135",10,0,1,0.02172,1,0,1,2,0.37098374904599,0.289247047880458,0.192317681658703,0.155731227993965
"sub-135",6,0,0,0.02748,1,0,1,2,0.491146378219128,1.02276677721077,-0.150190830744881,0.980644749780186
"sub-135",10,0,1,0.01681,1,0,1,2,0.474605323707995,0.991974132273484,0.261281141700844,1.24797621369362
"sub-135",10,0,1,0.02972,0,0,1,2,0.647853273277481,0.0973731880938565,0.093890687256741,0.141452563530765
"sub-135",6,0,0,0.2197,0,0,1,2,0.0878757387399673,0.236837721744518,-0.0303002599005898,0.350701577123255
"sub-135",9,0,0,0.0266999999999999,0,0,1,2,-0.472991190385073,0.0152214172951601,-0.44026268622838,-0.00030265161767602
"sub-135",10,0,1,0.0325500000000001,0,0,1,2,-0.241372817195952,0.359144540917542,-0.671504709889026,0.216649469919503
"sub-135",7,1,0,NA,0,0,1,2,0.29442103796949,-0.32867516660028,-0.932792961131781,1.00970159824938
"sub-135",9,0,0,0.49704,0,0,1,2,0.320226440827052,-0.261660800349933,-0.929555750141541,0.251458526216447
"sub-135",9,1,0,NA,0,0,1,2,0.311216475975622,-0.29949511051247,0.475274004857056,0.0169044312089682
"sub-135",4,0,0,0.0258400000000001,0,0,1,2,0.405229340763375,-0.314179928951759,0.576777660753578,-0.591551848431118
"sub-135",4,0,0,0.15457,1,0,0,2,0.140748233844837,-0.331792469602078,0.120629767964905,0.509973041899502
"sub-135",4,0,0,0.02626,1,0,0,2,-0.0480077555403113,0.274147681003712,0.78384401416406,0.8318123038669
"sub-135",2,0,0,0.63414,1,0,0,2,0.0322896879709636,0.298718553623648,0.439232192235067,0.239142995118164
"sub-135",4,0,0,0.02254,1,0,0,2,-0.446103947683393,-0.0043190169941496,-0.489505578841393,-0.439160308241844
"sub-135",2,0,0,0.07847,1,0,0,2,-0.429509266706494,0.0831452696066764,0.0426922875922173,-0.26445921305567
"sub-135",8,0,0,0.01894,1,0,0,2,0.0161053046079663,-0.119468974192892,0.0526494875678812,0.0409476648666896
"sub-135",1,0,0,0.0247599999999999,1,0,0,2,-0.0972379802357561,-0.980213228199217,-0.305672963266261,-0.0778206065995619
"sub-135",5,0,0,0.03077,1,0,0,2,0.10574698560716,-0.158228628538146,0.455314527445201,0.399138230856624
"sub-135",9,0,0,0.14583,1,1,1,2,0.539446185032527,0.218577020801604,-0.165317137861469,0.445259311562404
"sub-135",3,0,0,0.0178199999999999,1,1,1,2,0.49457489408087,0.426757904804415,0.0458020304019252,0.763388796057552
"sub-135",7,0,0,0.07639,1,1,1,2,0.220905466041586,0.170418850422181,-0.247410738530258,0.555326336808503
"sub-135",8,0,0,1.4835,1,1,1,2,0.190733562068393,0.216504162315417,0.129648710290591,0.334873207565397
"sub-135",7,0,0,0.02139,1,1,1,2,0.430017490327979,0.158245395989744,0.409414774325948,0.36556735727936
"sub-135",8,0,0,0.02721,1,1,1,2,0.456310367056479,-0.151638599561044,-0.269130631708928,0.610743399895728
"sub-135",5,0,0,0.0330600000000001,1,1,1,2,0.531076987118771,0.0872678113023371,0.045722105850776,0.162042764143553
"sub-135",8,0,0,0.0569599999999999,1,1,1,2,-0.341790238763982,0.736552055235262,0.740654313175279,-0.030872236401774
"sub-135",10,0,0,0.0686500000000001,1,0,1,2,0.841030706030627,0.473147821509176,-0.714064947533188,0.405628394382074
"sub-135",8,0,0,0.0249600000000001,1,0,1,2,0.322875102981925,0.678875961927352,-0.253813451272435,0.140909018763341
"sub-135",9,0,0,0.31436,1,0,1,2,-0.295166994386818,0.449113861554199,0.168129408751459,-0.0817258527502418
"sub-135",8,0,0,0.0212600000000001,1,0,1,2,-0.283198330122104,-0.214715322333009,-0.459150438429788,-0.196992161264643
"sub-135",8,0,0,0.0271600000000001,1,0,1,2,-0.38226200114362,-0.417347224239536,-0.107996080381175,0.310644939076155
"sub-135",7,0,0,0.0331300000000001,1,0,1,2,-0.435354379781832,-0.249336021883344,0.373915653831015,-0.445052954182029
"sub-135",5,0,0,0.0236000000000001,1,0,1,2,-0.191328376247839,-0.0743936491026371,0.27210357916556,-0.211255433410406
"sub-135",1,0,0,0.5969,1,0,1,2,0.29310584134267,-0.531143774312955,0.0539695364035045,0.23486904585734
"sub-135",9,0,0,0.17747,1,0,0,2,0.328438045767446,0.207022868450386,0.312269778340124,-0.389935395913199
"sub-135",5,0,0,0.0321199999999999,1,0,0,2,0.358272047664893,0.443305515270266,1.03398842924677,0.347689845878631
"sub-135",1,0,0,0.0231300000000001,1,0,0,2,-0.309414362360258,0.366009166291742,0.456040074990597,0.90192376980558
"sub-135",3,0,0,0.02881,1,0,0,2,-0.137315076659434,0.00134380860254169,0.0396740883879829,0.25497971206205
"sub-135",1,0,0,0.0186900000000001,1,0,0,2,0.303487465891521,-0.296810172067058,0.0976191254643102,0.316733874101192
"sub-135",1,0,0,1.64224,1,0,0,2,0.786997654785713,0.282552791328204,-0.20503123733215,0.105074780341238
"sub-135",2,0,0,0.03091,1,0,0,2,0.110833866230678,0.777519851905742,0.306546075327788,-0.496480298361712
"sub-135",1,1,0,NA,0,0,0,2,-0.0381452910369262,-0.582869053852779,0.43454563136523,0.212257046438754
"sub-135",1,0,0,0.80394,0,0,0,2,0.218601435345287,0.587809994195898,0.883576187926034,0.234767480881419
"sub-135",3,0,0,0.0257700000000001,0,0,0,2,-0.237090665575427,0.460085170240038,-0.100434064942723,-0.144417283032089
"sub-135",5,0,0,0.03207,0,0,0,2,-0.373953209879498,-0.460975310075338,-0.662644224474207,0.106784269679338
"sub-135",2,0,0,0.0223199999999999,0,0,0,2,0.124387674188862,-0.345581679294507,-0.69385167855459,0.749643004778773
"sub-135",7,1,0,NA,0,0,0,2,0.527993052771005,-0.235930111431689,-0.754419263219461,1.22550745373592
"sub-135",1,0,0,0.1521,0,0,0,2,0.598543083295226,0.93858884931197,0.223034168746381,0.14612288402277
"sub-135",4,0,0,0.0244,0,0,0,2,0.195278717437759,0.415391866324676,0.509058451435218,-0.238375504827127
"sub-135",2,0,0,0.03026,0,0,0,2,0.347871860273396,0.289093157759419,0.274296758463606,0.557069920841604
"sub-136",10,0,1,1.72414,1,0,1,1,0.478260799699153,-0.10579138773459,-0.497898021101719,-1.49598308447748
"sub-136",9,0,1,1.4925,1,0,1,1,0.738444584732254,0.301896267053154,-0.616603102826048,-0.568979040789418
"sub-136",4,0,1,0.91875,1,0,1,1,0.516127251922929,0.65864686600657,-0.43123529284882,-0.0663011271506548
"sub-136",8,0,1,0.59948,1,0,1,1,-0.610390502726659,-0.018395372700912,-0.43977195880143,-0.146154260076582
"sub-136",10,0,1,0.18852,1,0,1,1,-0.0637981107186836,-0.599995394202846,0.311409390230741,0.568767707277584
"sub-136",8,0,1,0.1294,1,0,1,1,0.626177077026417,-0.0843237601565542,0.448448261634136,0.90441675321199
"sub-136",5,0,1,0.85011,1,0,1,1,0.21904849113586,0.150237995142729,-0.0733720043984552,0.729539565974846
"sub-136",9,0,1,0.17728,1,0,1,1,-0.251782888478677,-0.0491107893693778,-0.037992487118269,0.550046144804219
"sub-136",9,0,1,1.48219,0,0,0,1,-0.25977130800796,-0.0951839337746302,-0.592316573931991,-0.251464985311031
"sub-136",1,0,0,0.99656,0,0,0,1,0.457810156188013,0.00264229611666114,-0.0491641426536565,-0.25759910242632
"sub-136",2,0,0,1.27857,0,0,0,1,0.191265462121616,0.24231838076203,0.00519216828979552,-0.339767961576581
"sub-136",4,0,1,0.3274,0,0,0,1,-0.632657834871983,-0.309087032141785,0.134194360054304,0.212398754007881
"sub-136",4,0,1,0.02345,0,0,0,1,-0.837604717196276,-0.795657491518391,-0.0518357792558769,-0.165394893314806
"sub-136",2,0,0,1.13829,0,0,0,1,-0.173094358256397,-0.561212909028486,-0.118974935234291,-0.168519868236035
"sub-136",3,0,1,0.99136,0,0,0,1,0.436471483670175,-0.0838644974347618,-0.157298512446384,0.167270980461035
"sub-136",6,0,1,0.0227999999999999,0,0,0,1,-0.0569462418400993,0.606576461830021,0.187117400967206,0.471206892840564
"sub-136",10,0,1,0.6407,0,0,1,1,0.38712298257451,0.0494382457712803,-0.00289593121124199,0.230437229736708
"sub-136",9,0,1,0.19407,0,0,1,1,0.208840974684184,-0.534349630207375,-0.30006217516105,0.125702562555671
"sub-136",5,0,1,0.03884,0,0,1,1,-0.389102390191207,-0.718117735107188,-0.535093530352848,-0.624235504958779
"sub-136",1,0,0,0.32116,0,0,1,1,0.187924188076674,-0.198155855777225,-0.00268070861541977,-0.0252184799173847
"sub-136",8,0,1,0.28432,0,0,1,1,0.336294183003095,0.610714731979425,0.344347797062558,0.511368946870789
"sub-136",8,0,1,0.02128,0,0,1,1,0.141453409970078,0.619396155631101,-0.0415777654852718,0.150223916268442
"sub-136",9,0,1,0.40659,0,0,1,1,0.0522014236000056,0.572089650357763,0.0552756706019863,0.0440026469528675
"sub-136",9,0,1,0.02077,0,0,1,1,0.44786084148412,0.76820951714008,0.0194706527205805,0.20213918206282
"sub-136",1,0,0,0.57831,1,1,0,1,-0.755910901507984,-0.954498271397487,-0.470107273043444,0.0046615794650279
"sub-136",6,0,1,0.0290600000000001,1,1,0,1,-0.430360205781956,-0.786347677741476,-0.0532739827564607,-0.404001268031425
"sub-136",1,0,0,0.0265599999999999,1,1,0,1,-0.287796697453208,-0.350230901683163,-0.297308228541321,-0.366894058184698
"sub-136",3,0,0,0.97789,1,1,0,1,0.248906863969751,-0.274204613020023,-0.570714135654271,0.480104054091498
"sub-136",1,0,0,0.0266299999999999,1,1,0,1,0.0119388157036155,-0.00848194123763177,-0.454284559673397,0.226444107915813
"sub-136",3,0,0,0.02471,1,1,0,1,0.121494316437747,0.0658698417763743,-0.524843606098633,-0.0754684976302087
"sub-136",3,0,0,0.32124,1,1,0,1,-0.275943836430088,-0.35967129399931,-0.163215667901871,-0.138891818397678
"sub-136",8,0,1,0.02403,1,1,0,1,-0.285146788499939,0.0623387688839877,-0.265927411771069,0.44947667872766
"sub-136",7,0,1,0.53416,1,1,1,1,-0.0244248095356549,-0.309370539401209,0.50681412856405,0.0175241939723492
"sub-136",7,0,1,0.0310299999999999,1,1,1,1,-0.0598068923767035,-0.0565736685638075,0.511587340579354,-0.775362610351294
"sub-136",4,0,1,0.07802,1,1,1,1,0.191801445558667,-0.00939859258424905,0.32321734718668,-0.628824319667183
"sub-136",9,0,1,0.0283599999999999,1,1,1,1,-0.169770296221638,0.0213730703991907,0.0492137797991745,-0.133555973414332
"sub-136",8,0,1,0.02617,1,1,1,1,-0.218712755828165,-0.0506244377681503,0.0466897627338767,0.0569892869330943
"sub-136",8,0,1,0.0589500000000001,1,1,1,1,0.362920115455684,0.64717808407214,0.449947942232636,0.705924543458968
"sub-136",6,0,1,0.02719,1,1,1,1,0.475424232679264,0.695073570879349,0.491442713905902,0.393805354798678
"sub-136",10,0,1,0.14724,1,1,1,1,-0.0944562643999234,0.198611135973975,-0.112381275976077,-0.288216237910092
"sub-136",6,0,1,0.40404,1,0,0,1,-0.46718219522154,-0.842993386089802,-1.02160572540015,-0.0993650017655455
"sub-136",3,0,0,0.28827,1,0,0,1,-0.24995173040467,0.0285590548344232,-0.158864135970362,-0.680906394915655
"sub-136",7,0,1,0.0214300000000001,1,0,0,1,0.360066914892135,0.1333550723718,0.414209402670773,0.445553711033426
"sub-136",1,0,0,0.0392699999999999,1,0,0,1,0.285331837522487,0.249648812412353,0.127924092113972,0.633703235350549
"sub-136",4,0,1,0.0200199999999999,1,0,0,1,0.0279952969043128,0.176449643861916,-0.407942864422997,0.040996812004596
"sub-136",2,0,0,0.57364,1,0,0,1,-0.360524876843556,0.0237871075256003,-0.600273168762214,-0.0155329365516081
"sub-136",2,0,0,0.02251,1,0,0,1,0.184826802928001,0.377537375988646,-0.36931714405849,0.115455279476009
"sub-136",3,0,0,0.48777,1,0,0,1,0.130234541061024,0.159579963733753,-0.118302056872684,0.0180496970191598
"sub-136",7,0,1,0.04637,0,0,1,1,-0.752131159378526,-0.91967635249926,-0.839263017599781,-0.520409005484544
"sub-136",9,0,1,0.0304899999999999,0,0,1,1,-1.46635430428432,-1.02424427951229,-0.427185500777947,-0.301132602803409
"sub-136",8,0,1,0.0297400000000001,0,0,1,1,-0.511296731250089,-0.429327961678306,0.0361331589519978,0.145149646606296
"sub-136",6,0,1,0.0307500000000001,0,0,1,1,-0.18704863723057,0.0995837098539427,0.310359776951373,-0.458924731006846
"sub-136",2,0,0,0.50885,0,0,1,1,0.218029229330417,0.205673124848141,0.0694264497530336,0.199597504781559
"sub-136",9,0,1,0.02223,0,0,1,1,0.590478421499332,0.15073375362489,-0.421661334733168,0.427915958315134
"sub-136",8,0,1,0.40552,0,0,1,1,-0.158705065647761,-0.166161579804288,-0.145870721976583,0.723326194670517
"sub-136",10,0,1,0.02149,0,0,1,1,-0.0607684934899832,-0.0374012050494828,0.580430263071321,0.424523085262626
"sub-136",3,0,0,0.99457,1,1,0,1,0.177384051630118,0.556284274183714,0.377256592890869,0.355077347531915
"sub-136",2,0,0,0.0291399999999999,1,1,0,1,0.232385043268247,0.977619503366037,0.221308225300163,0.343538484768942
"sub-136",3,0,0,0.0315799999999999,1,1,0,1,0.467945267669468,0.322928949500676,0.18779937007154,0.0519788792473264
"sub-136",6,0,1,0.11087,1,1,0,1,0.540393841763337,-0.220021270974367,-0.366772510615798,0.0340844927355647
"sub-136",4,0,1,0.0297000000000001,1,1,0,1,0.158763991746431,-0.337715947978992,-0.623555193111921,-0.26180827121716
"sub-136",3,0,0,0.79509,1,1,0,1,-0.280197547903905,-0.000233428820070845,-0.5819698170914,-0.351753422385082
"sub-136",9,0,1,0.55961,1,1,0,1,-0.441393550390785,-0.327753380803322,-0.548817595311751,-0.496698933560401
"sub-136",4,0,1,0.08975,1,1,0,1,-0.553882890031673,-0.599018104046721,-0.488315485417843,-0.252052348929465
"sub-136",3,0,0,0.61669,0,0,0,1,0.201944079453824,0.490237868287497,-0.00363094607988993,0.725710905750748
"sub-136",1,0,0,0.0216000000000001,0,0,0,1,-0.318607979919761,0.473258318896923,0.434570301168909,1.13693358281162
"sub-136",2,0,0,0.0299400000000001,0,0,0,1,-0.127912843211864,0.0699424219697162,-0.132063178966443,-0.0272413051687181
"sub-136",1,0,0,0.0274700000000001,0,0,0,1,-0.0775875630788505,-0.170330600054176,-0.205974572660883,-0.58111616037786
"sub-136",4,0,1,0.02813,0,0,0,1,-0.0605405348275478,0.112852675909245,-0.161669402538488,-0.25360256403219
"sub-136",4,0,1,0.02668,0,0,0,1,-0.0746799507178366,0.209061924851051,-0.00840259909940263,0.503710411494831
"sub-136",6,0,1,0.02668,0,0,0,1,-0.457133259003361,-0.143354085187807,0.494019288191339,0.781185809150338
"sub-136",7,0,1,0.02488,0,0,0,1,-0.308480682239557,0.0824912904278824,0.336515045297953,0.902416786970571
"sub-136",1,0,1,0.48778,0,0,1,2,-0.493813107896131,-0.648596718493435,-1.03869601214925,-1.18759982511401
"sub-136",6,0,1,0.01922,0,0,1,2,0.438192122926315,0.20629806616516,0.381867860133449,-0.501530338637531
"sub-136",9,0,1,0.01969,0,0,1,2,-0.178861991672117,0.150521214775465,0.382125366168718,0.129302054108121
"sub-136",10,0,1,0.01915,0,0,1,2,-0.108290805558984,0.540670582748674,0.572036930670341,0.944427262386307
"sub-136",7,0,1,0.0198100000000001,0,0,1,2,0.00188236524506162,0.448074716212297,0.408876820118167,0.238147953012958
"sub-136",7,0,1,0.26804,0,0,1,2,0.892279324597136,0.258507976377452,0.133953159675002,0.253230333240936
"sub-136",9,0,1,0.15004,0,0,1,2,0.408323285674366,0.285154027933324,-0.429813158746886,-0.132411959581077
"sub-136",8,0,1,0.0292699999999999,0,0,1,2,0.265022864953304,0.144206697086769,-0.131475765455434,0.175099919550121
"sub-136",4,0,1,0.17124,1,0,0,2,-0.0830561660113744,0.0901304403733876,0.492015300163378,0.367414309708693
"sub-136",2,0,1,0.11718,1,0,0,2,0.425445346782605,-0.84103025385627,-0.473250524800581,0.175227177143097
"sub-136",2,0,1,1.0194,1,0,0,2,1.34794207670105,-0.667836981446103,-0.689965570190301,-0.219712480728049
"sub-136",1,0,1,0.33537,1,0,0,2,0.906044191298861,-0.172831817944017,-0.792098692851141,-0.434701299481094
"sub-136",8,0,1,0.0850500000000001,1,0,0,2,-0.197105423236887,0.367165499884221,-0.321099691248188,-0.205485665053129
"sub-136",5,0,1,0.25025,1,0,0,2,-0.181453469209373,0.400278503144229,0.222100894742956,0.486210677586496
"sub-136",1,0,0,1.48308,1,0,0,2,0.398889592033811,0.364192758755827,0.245422636779646,0.447019225961412
"sub-136",1,0,0,0.0685,1,0,0,2,0.533410486852517,-0.309139482814957,-0.0198430547801157,0.268231894494966
"sub-136",1,0,0,0.43132,1,1,0,2,-0.371758475045984,-0.231785144242975,0.0505641640629619,-0.127203190815635
"sub-136",3,0,1,0.60644,1,1,0,2,-0.428638074857493,0.0976024408031393,-0.00988067748645941,0.33424972910143
"sub-136",2,0,1,0.96334,1,1,0,2,-0.0153337138860176,0.359550574242517,-0.193854216641436,0.148115251341369
"sub-136",7,0,1,0.02833,1,1,0,2,-0.0367017057381721,0.367138458967761,-0.448910716300209,-0.166353038977832
"sub-136",3,0,1,0.19766,1,1,0,2,-0.145965922197017,-0.033318503725308,-0.825179978273809,-0.67593559557572
"sub-136",4,0,1,0.0257799999999999,1,1,0,2,0.18449328529338,0.19884258163748,-0.433556301781209,-0.79161776911933
"sub-136",1,0,0,0.02528,1,1,0,2,0.495501743125108,0.0797751850526159,-0.100769844061385,-0.309632567781955
"sub-136",6,0,1,0.3256,1,1,0,2,-0.088784380738313,-0.0330007291329956,0.0142626233476525,0.464620672445744
"sub-136",10,0,1,0.06884,1,0,1,2,0.285991009596425,-0.193120377379711,-0.126483183043698,-0.412732220813632
"sub-136",6,0,1,0.18238,1,0,1,2,0.618807378729495,-0.0309009292266435,-0.100906314968597,0.241162637295201
"sub-136",7,0,1,0.03244,1,0,1,2,0.648022035912921,-0.611542709447719,0.236924969047929,0.767536511272192
"sub-136",7,0,1,0.01745,1,0,1,2,-0.257188477398207,-0.236356390157232,-0.0605026429208616,0.273735793679953
"sub-136",3,0,1,0.0332300000000001,1,0,1,2,-0.402476272351729,-0.369444404258738,-0.143649253877811,-0.465194148314185
"sub-136",7,0,1,0.0316399999999999,1,0,1,2,-0.248556760273156,-0.241655489291858,0.0835494958640387,-0.244382631260669
"sub-136",9,0,1,0.39722,1,0,1,2,0.153755619501074,0.306157312666376,0.451789778036376,0.299428474437445
"sub-136",10,0,1,0.0289999999999999,1,0,1,2,0.33293832714359,0.0732334062987421,0.466178210491004,0.583449302334338
"sub-136",9,0,1,0.23721,1,1,1,2,0.0465764605905861,0.557531178756445,-0.498979770035173,-0.131726990011521
"sub-136",9,0,1,0.15421,1,1,1,2,0.553230079278971,0.459469262557967,-0.554356045461949,-0.426738887070678
"sub-136",7,0,1,0.02031,1,1,1,2,0.261499373863141,0.0227241136685566,-0.422084538518296,0.344353170786053
"sub-136",6,0,1,0.0186500000000001,1,1,1,2,-0.465403649141081,0.186977809433032,-0.547281729212652,0.938998967316002
"sub-136",1,0,0,0.01844,1,1,1,2,-0.412374165394188,0.668880863184178,-0.238955029596885,0.227355461940169
"sub-136",7,0,1,0.01847,1,1,1,2,0.51373443310149,0.218739763160961,0.339859808174272,-0.00166088030673563
"sub-136",8,0,1,0.08097,1,1,1,2,0.308182448691999,-0.327409978266116,0.194902163483979,-0.556922090053558
"sub-136",7,0,1,0.08026,1,1,1,2,-0.0195116515581806,-0.148960073219819,-0.0926067406156411,-0.483175143762492
"sub-136",5,0,1,0.5141,1,0,1,2,0.0782261251976403,-0.164704904917421,0.0254726866066145,-0.605501050647581
"sub-136",7,0,1,0.0322199999999999,1,0,1,2,0.0107629298290703,-0.222349467709339,0.359419789010038,0.316117009008303
"sub-136",10,0,1,0.01691,1,0,1,2,0.247557630917678,0.0797653518168739,0.255627100821584,0.234416659525596
"sub-136",8,0,1,0.0242800000000001,1,0,1,2,0.49301207686464,0.00716561458452984,0.17671553689676,-0.040974233369343
"sub-136",7,0,1,0.02149,1,0,1,2,0.094614622493585,-0.11223544609513,-0.0609842361882329,-0.390514603094198
"sub-136",7,0,1,0.02268,1,0,1,2,0.361057462791602,-0.0903062785251273,-0.623096330712239,-0.236376422713511
"sub-136",8,0,1,0.0240199999999999,1,0,1,2,0.35583744981947,0.144397885918065,-1.11958480020985,-0.444735366490204
"sub-136",1,0,1,0.0242599999999999,1,0,1,2,0.29311727914804,0.480251727556741,-0.214738242405777,-0.0455274958570953
"sub-136",5,0,1,0.12544,1,1,1,2,-0.498457448382396,-0.404825159452028,-0.33385803802715,-0.49959173463285
"sub-136",7,0,1,0.0251999999999999,1,1,1,2,-0.819450365069012,-0.467695240724694,0.320941151313794,-0.297586328024045
"sub-136",10,0,1,0.02976,1,1,1,2,-0.643644274445251,-0.379889284364051,0.269246224236364,0.458787893457338
"sub-136",7,0,1,0.0172600000000001,1,1,1,2,-0.316827244513358,-0.205398008477426,-0.152708791273957,0.359466489218175
"sub-136",3,0,1,0.0220100000000001,1,1,1,2,0.353217398437361,-0.122252688363746,-0.0521249550135205,0.586019054113422
"sub-136",9,0,1,0.0205900000000001,1,1,1,2,0.0912589703996976,0.763026834879484,-0.0760707274603192,0.478255650773644
"sub-136",9,0,1,0.0185,1,1,1,2,-0.00468170456588268,0.484079524667727,-0.0704950273502618,0.589951169595588
"sub-136",8,0,1,0.33502,1,1,1,2,0.444798734679352,-0.0584957611367658,0.274931079795351,0.997483321325853
"sub-136",4,0,1,0.47736,0,0,0,2,0.126322168313588,-0.155193493184116,-0.228013248250742,-0.214102945988998
"sub-136",6,0,1,0.02501,0,0,0,2,-0.0524854589020833,-0.286057128915908,0.389001897342193,0.176113248802722
"sub-136",7,0,1,0.02176,0,0,0,2,-0.386717557286223,-0.472206381184083,0.785230972260858,0.304390717390925
"sub-136",1,0,1,0.57387,0,0,0,2,-0.00840818957658485,0.469835996834768,0.124921090862093,-0.249268989311531
"sub-136",1,0,0,1.39023,0,0,0,2,-0.000721737296165278,0.02583223067362,-0.163233504616073,-0.76477711321786
"sub-136",3,0,1,1.17389,0,0,0,2,0.635594291496091,-0.143334259313566,-0.34566368185915,-0.959263157099485
"sub-136",3,0,1,0.0211699999999999,0,0,0,2,1.50604168017162,-0.000392132404225844,-0.688759131492892,-1.16072190739214
"sub-136",3,0,0,0.91992,0,0,0,2,0.441888685182979,0.291956433888387,-0.477387007238576,-0.569925739243627
"sub-136",5,0,1,0.41774,1,0,0,2,0.535970183322206,-0.46080023201217,-0.0275905464465419,-0.0890847870905418
"sub-136",2,0,1,0.2853,1,0,0,2,0.789276555534646,-0.0316611160006788,-0.0632994240925958,-0.0631578296422958
"sub-136",3,0,1,0.0200499999999999,1,0,0,2,0.70906184775716,0.0235177786261947,-0.360277830118624,0.116257408075035
"sub-136",4,0,1,0.0199,1,0,0,2,0.156269363748531,0.36820415340157,-0.612371337374498,0.298913986934349
"sub-136",3,0,1,0.03454,1,0,0,2,0.171673253644258,-0.0660407251367966,-0.178276866363982,0.0409188009332866
"sub-136",10,0,1,0.03223,1,0,0,2,0.0897544100880623,0.134453973284474,0.445333161022669,0.62330454455514
"sub-136",3,0,1,0.29935,1,0,0,2,-0.933194153166066,-0.318722350643603,-0.0649598254822195,0.433966380357742
"sub-136",4,0,1,0.03047,1,0,0,2,-0.371184475681124,-0.878824022771032,0.134769251026834,-0.103086669094046
"sub-137",1,0,0,1.89046,1,1,1,1,0.286472716834396,0.328123830948715,0.600549238423506,0.139636161876842
"sub-137",9,0,1,0.96393,1,1,1,1,0.0699834673044582,0.0503672723899837,-0.25111721681363,0.621239589480683
"sub-137",7,0,1,1.67102,1,1,1,1,0.0505816700169817,-0.458680488807322,0.0347900456787708,0.213766478840262
"sub-137",7,1,0,NA,0,0,1,1,0.280027906992473,-0.311624944210052,0.123404917268393,-0.228212797176093
"sub-137",6,0,1,0.89967,1,1,1,1,0.884910823001216,0.161780449083178,-0.320223427843302,-0.46103274282068
"sub-137",9,0,1,0.17153,1,1,1,1,0.686018623780304,-0.180002649763116,-0.155240155290812,-0.0399193183984607
"sub-137",7,0,0,0.97936,1,1,1,1,0.413911982478263,0.0320913258819254,-0.364549488498596,0.298157712677494
"sub-137",8,0,1,0.0175700000000001,1,1,1,1,0.453745576742222,0.092551980667782,0.0597351700998843,0.347688233410008
"sub-137",7,0,1,0.93332,1,0,1,1,-0.0176652053560247,-0.529498836836191,-0.746633291981804,0.126820195280015
"sub-137",6,0,0,0.0895699999999999,1,0,1,1,-0.449841602550199,-0.961110077798367,-0.804661367825853,-0.524379631096963
"sub-137",8,0,1,0.02979,1,0,1,1,-0.502647800759102,-0.968732268583995,-0.411249955165355,-0.5883629004471
"sub-137",10,0,1,0.51959,1,0,1,1,-0.0394562859631454,-0.446452466150125,-0.455316488650472,-0.623373570013791
"sub-137",1,0,0,0.17508,1,0,1,1,-0.0580941838367532,-0.465031005097208,0.177095169511934,-0.280315283377422
"sub-137",7,0,1,0.61474,1,0,1,1,0.157749014440924,-0.348214928698898,0.0900257469620556,-0.282192670507357
"sub-137",7,0,1,0.53762,1,0,1,1,0.294180224960049,-0.080150460065515,-0.0659404204537471,-0.220691447332501
"sub-137",7,0,1,0.50984,1,0,1,1,0.90885888399013,-0.197413289910872,0.267624510646177,0.12246164297685
"sub-137",1,0,0,0.30571,1,0,0,1,0.661396506785726,0.590791872547319,0.794904267997481,0.113701380987186
"sub-137",3,0,0,0.0944799999999999,1,0,0,1,0.277047133073211,0.446771152627965,0.161816548951416,0.0530641961377114
"sub-137",5,0,0,0.16846,1,0,0,1,0.220549945253879,0.461376937451186,0.0481681677823265,0.431753258220851
"sub-137",10,0,1,0.02393,1,0,0,1,0.114981533947988,0.143567234346712,0.171944210092382,0.330822562612593
"sub-137",4,0,0,0.02956,1,0,0,1,0.078738932342579,0.135901568526471,0.241739361352908,-0.0274359642527998
"sub-137",3,0,0,0.0523899999999999,1,0,0,1,0.409423314481198,-0.442074671939567,0.0393221552561348,-0.367163206163968
"sub-137",2,0,0,0.45882,1,0,0,1,0.179995067572842,-0.533060303268333,-0.231103720841929,0.15858840085566
"sub-137",3,0,0,0.19789,1,0,0,1,-0.752383842947893,-0.162875607747723,-0.349472107676168,-0.0373930852394551
"sub-137",4,0,0,0.89478,1,1,0,1,0.140520331216976,-0.722176981331022,-1.3647359283641,-0.660613851808012
"sub-137",2,0,0,0.0175099999999999,1,1,0,1,-0.300805906105476,-0.4170446506253,-1.03690711300199,-0.0590711133554578
"sub-137",6,0,1,1.32559,1,1,0,1,0.554334409534931,0.332137352666231,-0.451426494323338,0.221599452383816
"sub-137",2,0,0,0.0303500000000001,1,1,0,1,0.714677276545748,0.639830515297406,0.0484054352758297,0.368395662400872
"sub-137",4,0,0,0.0198,1,1,0,1,-0.0273253032549595,0.414858993401544,0.219638743748268,0.335010150214657
"sub-137",4,0,0,0.0254700000000001,1,1,0,1,-0.0887099502142519,-0.288735245250993,-0.113814285102611,0.0489962787367404
"sub-137",8,0,1,0.19857,1,1,0,1,0.0991609942866489,-0.345709077875923,0.0572080404187242,-0.418484786711633
"sub-137",4,0,0,0.0206,1,1,0,1,0.111218012481307,-0.425470882768018,0.172712530087059,-0.14083995744586
"sub-137",8,0,1,0.2175,1,0,0,1,-0.214355150090341,-0.0589567635691276,0.127683053025976,0.0226407470647246
"sub-137",6,0,0,0.22547,1,0,0,1,0.383022312094302,0.923516900658056,0.455853299858669,0.00822279304265976
"sub-137",1,0,0,0.19831,1,0,0,1,0.696795227064285,0.439655783034309,0.378338167080074,0.253363285167143
"sub-137",1,0,0,0.0203199999999999,1,0,0,1,0.0943836354805778,-0.49158247905197,0.20635202806443,0.370314779831097
"sub-137",1,0,0,0.04322,1,0,0,1,0.0481701895284156,-0.849122916727706,-0.0607702233634579,0.204834882402793
"sub-137",1,0,0,0.46612,1,0,0,1,0.557739783039627,-0.539906084054598,0.276552410408234,0.112888205051422
"sub-137",2,0,0,0.12162,1,0,0,1,1.02510014626508,0.223681619218378,1.12364117583881,-0.66732231490314
"sub-137",3,0,0,0.0271699999999999,1,0,0,1,0.382378841323468,0.263436796178144,0.643264139226327,-0.146306918561459
"sub-137",7,0,1,0.24037,1,0,1,1,-0.506109275311852,-0.446844519167725,-0.527601678157225,-0.565837303549051
"sub-137",7,0,1,0.11248,1,0,1,1,-0.300863631389802,-0.582069514371041,-0.761265933668862,-0.83435791740194
"sub-137",7,0,1,0.48553,1,0,1,1,0.0634390201109151,-0.539552851959511,-0.225747220606233,-0.285907879727893
"sub-137",2,0,0,0.02511,1,0,1,1,0.195880354304487,-0.202110791001124,0.612940709339455,0.349170923512429
"sub-137",8,0,1,0.0311699999999999,1,0,1,1,0.161451518069953,-0.449515011937668,-0.0805227066739462,0.192078421730548
"sub-137",6,0,0,0.32226,1,0,1,1,0.109526881792893,-0.166444029572799,-0.668158147406454,-0.449652876501204
"sub-137",7,0,1,0.02715,1,0,1,1,-0.076812738184041,0.524303773969964,-0.76672539805683,-0.764916324196383
"sub-137",7,0,1,0.03315,1,0,1,1,-0.178415691790481,-0.0338711557840859,-0.593330153884987,-0.1523773196619
"sub-137",1,0,0,1.7014,0,0,0,1,0.163778427794265,0.602301300451573,-0.558725992993762,0.0885646412149072
"sub-137",4,0,0,0.54012,0,0,0,1,-0.152656264758358,0.682692557573318,-0.119363883224044,0.499069157522172
"sub-137",4,0,0,0.37889,0,0,0,1,0.453960548911709,0.220919402109252,0.420842658345161,-0.0110398421064019
"sub-137",4,0,0,0.26833,0,0,0,1,0.309267052914947,-0.365140205801085,0.0584774557889129,0.189427105989307
"sub-137",3,0,0,0.0244899999999999,0,0,0,1,-0.108663768070983,-0.257349664138423,-0.105408516911363,0.20160803925246
"sub-137",1,0,0,0.0299199999999999,0,0,0,1,0.154663132817101,-0.289729217567516,0.133580381982028,-0.120290680174367
"sub-137",5,0,0,0.35308,0,0,0,1,0.449349416599337,-0.0136730620654783,-0.0638540468959642,0.0669972711708397
"sub-137",10,0,1,0.49229,0,0,0,1,0.756809717936752,0.514943050211985,0.6014910468366,0.125637732073665
"sub-137",8,0,1,0.57345,0,0,1,1,-0.051594261584493,-0.358847764355165,-0.467127715991713,-0.229231743514538
"sub-137",7,0,1,0.51263,0,0,1,1,-0.098302864159147,-0.782711702605916,-0.0426080039663551,-0.283145568333566
"sub-137",3,0,0,0.13483,0,0,1,1,-0.655189817965341,-0.683806491994161,-0.109776139569779,-0.582568125892431
"sub-137",10,0,1,0.42442,0,0,1,1,-0.623547605709367,-0.649925875442999,-0.310784941500363,-0.751606604922563
"sub-137",7,0,1,0.59802,0,0,1,1,0.0347596829136213,-0.111797791940195,-0.397071433253586,-0.723287422116846
"sub-137",8,0,1,0.58721,0,0,1,1,0.556569128724126,0.0285038454544351,-0.0942827689771851,-0.425104308873415
"sub-137",6,0,0,1.01016,0,0,1,1,0.559966960766663,-0.639268806687108,0.42219812819773,0.497365424502641
"sub-137",9,0,1,0.53233,0,0,1,1,-0.299893819824016,-0.127534531229348,0.222828750265762,-0.208667338232044
"sub-137",10,0,1,0.52815,1,1,0,1,1.23642907858205,-0.0885212073895942,0.249196472616556,0.388678386900574
"sub-137",6,0,1,1.98595,1,1,0,1,0.92589457827853,0.500569272786379,-0.575730952279021,0.667559240793344
"sub-137",7,0,1,0.3918,1,1,0,1,0.921060031590362,0.652499442006013,-0.0814207278502484,0.135004865936935
"sub-137",8,0,1,0.44889,1,1,0,1,0.224796688688608,-0.243183120878206,-0.117116306132327,0.0779712554256548
"sub-137",3,0,0,0.0206999999999999,1,1,0,1,-0.727606073797991,-0.318541874462325,-0.467964149701099,0.409732650779188
"sub-137",10,0,1,0.0266999999999999,1,1,0,1,-0.216317169911539,0.0693913922414477,-0.0114184822159586,0.0926499720662832
"sub-137",7,0,1,0.11631,1,1,0,1,-0.340531784847068,-0.245762345346588,0.0230171099732009,0.0285200072452426
"sub-137",9,0,1,0.02207,1,1,0,1,-0.644720579497516,-0.0924440632656182,-0.210261476502637,-0.114109654934146
"sub-137",10,0,1,0.40105,1,1,0,2,0.361918682077279,0.116849623070771,0.49213730651536,0.506340298801661
"sub-137",3,0,0,0.02423,1,1,0,2,-0.0430815933117022,0.103584990388265,0.804011735909929,0.187564506568015
"sub-137",4,0,0,0.0299400000000001,1,1,0,2,0.311361639217163,0.160483839867488,0.0966966229801377,0.152798068337142
"sub-137",2,0,0,0.0529599999999999,1,1,0,2,-0.0434021345960597,-0.283302790416336,-0.516271389710406,0.32365566965891
"sub-137",1,0,0,0.29225,1,1,0,2,-0.881035317259375,-1.04104766433981,-0.515923470142297,0.425003190897405
"sub-137",2,0,0,0.03105,1,1,0,2,-0.934674400797424,-0.956084675741968,-0.223493821831653,-0.00214918050915003
"sub-137",6,1,0,NA,0,0,0,2,-0.0233481157726298,0.0407968897510458,-0.247669927465419,-0.588431170769036
"sub-137",3,0,0,0.02827,1,1,0,2,-0.175316229501429,0.0269873082223866,-0.00389689276198624,-0.623323373962194
"sub-137",3,0,0,0.14476,0,0,1,2,0.00376767830069487,0.0319536062543867,-0.121788065085032,-0.357309254817665
"sub-137",9,0,1,0.02304,0,0,1,2,-0.105963307646258,-0.20739313707411,-0.767500434381266,-0.347546173562296
"sub-137",7,0,1,0.40618,0,0,1,2,0.424876561174945,0.342495844251028,-0.429218378558289,0.105269584059715
"sub-137",7,0,1,0.39673,0,0,1,2,-0.262192003681169,0.531277430950905,-0.328360881215455,-0.0675535571761429
"sub-137",8,0,1,0.21909,0,0,1,2,-0.720208414131775,-0.190282355993986,-0.186842349474318,-0.642362739611417
"sub-137",10,0,1,0.17579,0,0,1,2,-0.696557998967667,-0.413856122642756,-0.584151992067442,-0.910862248716876
"sub-137",5,0,0,0.1485,0,0,1,2,-0.704041942740635,0.685486520265436,-1.19175693020225,-0.87255050316453
"sub-137",9,0,1,0.40467,0,0,1,2,-0.156631690838064,0.605364148246331,-0.061251668104281,0.490401093615219
"sub-137",10,0,1,0.56596,1,0,1,2,-0.582560240446279,-0.789051105716714,-0.0968777399199704,-0.180057391151786
"sub-137",9,0,1,0.02166,1,0,1,2,-0.641825913626235,-0.304989363377293,-0.514784921814377,-0.19964914281154
"sub-137",10,0,1,0.3618,1,0,1,2,-0.352728583229085,-0.549002920967285,-0.651165437011514,-0.428929730388336
"sub-137",5,0,0,0.20189,1,0,1,2,0.290210606064647,-1.07621644966787,-0.306269868432234,-0.379715261235833
"sub-137",8,0,1,0.40813,1,0,1,2,0.0947392338421196,-0.593268376257684,-0.033105139467807,-0.379528153361753
"sub-137",10,0,1,0.18167,1,0,1,2,-0.286434681077177,-0.226773584666834,-0.38577985453109,-0.497248964279424
"sub-137",4,0,0,0.30439,1,0,1,2,-0.171145325378651,-0.324459659315094,-0.369841864798218,-0.291697070150985
"sub-137",8,0,1,0.20998,1,0,1,2,-0.129120584189271,0.0433598684353961,0.271230947624038,0.172742382157594
"sub-137",5,0,1,1.95644,1,1,1,2,1.13017696600097,0.491239992263554,0.250998136587441,0.389204765763134
"sub-137",8,0,1,0.47854,1,1,1,2,0.78424354766806,0.952023036295065,0.241140126359824,0.425995519384742
"sub-137",7,0,1,0.40101,1,1,1,2,0.625305855860158,0.620714937647184,0.0717904228076804,0.0858814077917486
"sub-137",7,0,1,0.35696,1,1,1,2,0.184521404170179,0.181127614408507,0.236290337653675,0.471563131688163
"sub-137",8,0,1,0.02901,1,1,1,2,0.00329767118091695,-0.184891012807687,0.518591672298498,0.163788556400687
"sub-137",3,0,0,0.01837,1,1,1,2,-0.0907756089776133,-0.584847549252488,0.509959854107971,-0.185667150327936
"sub-137",7,0,1,0.02424,1,1,1,2,-0.806375719296435,-0.809251335552997,-0.386559217983934,-0.615101857157424
"sub-137",9,0,1,0.0302199999999999,1,1,1,2,-1.00914744039377,-0.772685579610644,-0.116029968485236,-1.072986827977
"sub-137",2,0,0,0.0956300000000001,1,0,0,2,-0.000956352256859342,-0.00108633414600734,-0.568884421760837,0.0596151695819572
"sub-137",2,0,0,0.01973,1,0,0,2,-0.362463314217166,0.323332433459991,-0.547337242266318,-0.403185664862394
"sub-137",8,0,1,0.02596,1,0,0,2,0.325622794489997,0.656219257145292,0.269914272823371,-0.230169360945001
"sub-137",2,0,0,0.03155,1,0,0,2,-0.512953194614965,0.0555043278124045,0.041106529145812,-0.58537678020075
"sub-137",6,0,0,1.23995,1,0,0,2,0.13001769821858,-0.279612619093516,-0.450121923388603,-0.088239021517802
"sub-137",4,0,0,0.02779,1,0,0,2,0.0117531464105317,-0.0413349413278478,-0.0816965269526311,0.264594533108175
"sub-137",1,0,0,0.01698,1,0,0,2,0.197229660826755,-0.0627740940286054,-0.390848390292376,0.235165857197717
"sub-137",3,0,0,0.07443,1,0,0,2,-0.04616327645878,-0.166690775400235,-0.620156881399453,0.353274413419422
"sub-137",3,0,0,0.52162,0,0,0,2,-1.19450806841875,-0.592000927569138,-0.3811351818343,-0.17655546925962
"sub-137",6,0,1,0.94534,0,0,0,2,-1.27433210068072,-0.899055782015677,-0.70773584653701,-0.963941231183708
"sub-137",1,0,0,0.0334099999999999,0,0,0,2,-0.63825619368193,-0.570897341106535,-0.38799452723227,-0.748986106878146
"sub-137",9,0,1,0.0240199999999999,0,0,0,2,-0.116348110178175,-0.255021675144909,0.194374871750673,-0.407211461255793
"sub-137",3,0,0,0.0296700000000001,0,0,0,2,0.403265798542028,0.0560334055960454,0.389729527329716,0.133739956049249
"sub-137",4,0,0,0.68639,0,0,0,2,0.115461825625971,0.540458653881042,0.240529639316568,0.0200597845949233
"sub-137",3,0,0,0.29229,0,0,0,2,0.248236919481618,0.999315637129324,-0.290549313547672,0.241287387395278
"sub-137",4,0,0,0.33164,0,0,0,2,-0.118887764401734,0.162427023294623,0.387539155907386,0.282747591263615
"sub-137",7,0,1,1.33149,0,0,1,2,0.338364790087023,0.613492450228444,0.237609349812071,0.178444608161226
"sub-137",1,0,0,0.10271,0,0,1,2,0.487402939742121,0.581821057566062,0.0392962898282955,0.13497028471902
"sub-137",9,0,1,0.0251999999999999,0,0,1,2,0.816843177502354,0.855216494968368,0.451648550083822,0.209968129763729
"sub-137",8,0,1,0.03115,0,0,1,2,0.257678593353679,0.252906952174035,0.188952858715008,0.296184552367777
"sub-137",9,0,1,0.35528,0,0,1,2,-0.568879455832454,-0.482810095435491,-0.42550523984634,-0.000289417058229446
"sub-137",10,0,1,0.36114,0,0,1,2,-0.252875950051627,-0.790425441331334,-0.524461174325552,-0.436146908812225
"sub-137",6,0,0,0.68514,0,0,1,2,-0.168550096626859,-0.443538214459463,-0.502056760286602,-0.591297352313995
"sub-137",8,0,1,0.02336,0,0,1,2,-0.956536711397348,-0.604646463154091,0.0712237264766979,-0.487365024187602
"sub-137",1,0,0,0.95438,1,1,0,2,0.492062050267123,0.389346234086487,-0.133829397484078,-0.166228447365575
"sub-137",6,0,0,1.67836,1,1,0,2,0.419745556796746,-0.0850725097374784,-0.154159596694323,0.105708569101989
"sub-137",2,0,0,0.0840099999999999,1,1,0,2,0.128735140974944,0.0471143068538772,-0.46619593029997,-0.180984761891887
"sub-137",1,0,0,0.0403899999999999,1,1,0,2,0.341219677007757,0.152306587159358,0.169607109225277,-0.0540487251942977
"sub-137",9,0,1,0.02895,1,1,0,2,-0.0744109972050258,-0.321508280346515,0.187078407492663,0.375892054382712
"sub-137",3,0,0,0.0183500000000001,1,1,0,2,-0.752423555939458,-0.16539429359276,-0.377790618707271,-0.137512812699424
"sub-137",4,0,0,0.0240499999999999,1,1,0,2,-0.793638523182987,0.0527629491493658,-0.314938689446232,-0.80235163057223
"sub-137",2,0,0,0.02997,1,1,0,2,-0.924187223271777,0.0482198538051711,-0.0554008109805485,-0.859364872565493
"sub-137",1,0,0,0.71085,0,0,0,2,0.581464288756251,0.465747881266806,-0.263819182058796,-0.278909423202276
"sub-137",5,0,0,0.46735,0,0,0,2,-0.23437269765418,-0.424889808382701,-0.00661234651731017,-0.555358943995088
"sub-137",2,0,0,0.02294,0,0,0,2,-0.321061489773759,0.402294944109464,0.0693622851589074,-0.103290564857889
"sub-137",1,0,0,0.02877,0,0,0,2,0.0648900518426672,0.189238489984914,0.156602857207569,0.124280352611095
"sub-137",2,0,0,0.01803,0,0,0,2,-0.455907046639671,-0.633100493673097,-0.30078044248512,0.160984316235408
"sub-137",4,0,0,0.0239100000000001,0,0,0,2,-0.635286835798373,-0.725644191451095,-0.428084407389785,-0.192606568266638
"sub-137",7,0,1,0.33017,0,0,0,2,0.0695802809592957,-0.127840423059684,0.302208729942019,-0.0632748306728899
"sub-137",4,0,0,0.02007,0,0,0,2,-0.111242896644399,-0.403699241242268,0.327078108578765,-0.124914607778192
"sub-138",4,1,0,NA,0,0,0,1,-0.412383598896364,-0.40562586631212,-0.0416822939490279,-0.432991111231968
"sub-138",3,0,1,0.05539,0,0,0,1,-0.0379755295968304,-0.755150924014203,-0.857244676580497,-0.488871369371191
"sub-138",6,0,1,0.43701,0,0,0,1,0.0268115895748148,-0.412102843634784,-0.247430697064071,-0.10256180735305
"sub-138",3,0,1,0.34198,0,0,0,1,0.291575823018017,0.229558562842646,1.04020937664124,-0.0637806943850592
"sub-138",1,0,1,1.59912,0,0,0,1,0.131824092861886,-0.0242591316777247,0.26676624865892,-0.340551664680243
"sub-138",3,0,1,0.0214000000000001,0,0,0,1,-0.453553592204116,-0.372096020866323,0.211514460233351,-0.390242710337043
"sub-138",8,0,1,0.02031,0,0,0,1,-0.441136383470924,-0.586145791397602,0.153449519304559,0.030396175198257
"sub-138",1,0,1,0.0428599999999999,0,0,0,1,0.374973454046994,-0.048285401529736,-0.281175726015742,0.546739763370715
"sub-138",10,0,1,0.02623,1,0,1,1,-0.0829225615598261,-0.239927875365269,0.26378576294519,-0.584326082468033
"sub-138",8,0,1,0.0335799999999999,1,0,1,1,0.0394627771650751,-0.105533577432787,-0.0446298238821328,-0.0206468606367707
"sub-138",7,0,1,0.02444,1,0,1,1,0.102620892847578,-0.161138488531665,-0.59541539552932,-0.0730022363364697
"sub-138",9,0,1,0.0306900000000001,1,0,1,1,0.478534671012312,0.460927592245517,-0.205641390144592,0.0947325688786805
"sub-138",4,0,0,1.8051,1,0,1,1,0.0685440007946454,0.596000549624915,0.183895804078929,0.128120941668749
"sub-138",6,0,1,0.15948,1,0,1,1,0.0319030246852587,0.0586740531553342,0.0429518575935314,0.0363060388946906
"sub-138",8,0,1,0.11586,1,0,1,1,-0.187971599341836,-0.149755633539624,-0.617281468429913,-0.178646251780447
"sub-138",8,0,1,0.13783,1,0,1,1,0.324937318699085,-0.681391931276906,-0.246821936219931,-0.296675782767124
"sub-138",10,0,1,0.01905,1,1,1,1,-0.511985319744175,-0.0989046584883774,-0.286450375026713,-0.0472200172953308
"sub-138",9,0,1,0.0259199999999999,1,1,1,1,0.0508314091712236,0.0536971156260632,-0.0524216114620989,0.0455002035014331
"sub-138",10,0,1,0.18227,1,1,1,1,-0.126246803362543,-0.238129855530268,-0.0407555610096703,-0.0370430196169764
"sub-138",2,0,0,0.82212,1,1,1,1,0.249695133107404,0.249307300039045,0.148978683360231,-0.083444781973958
"sub-138",9,0,1,1.99569,1,1,1,1,0.6849440819351,0.0696219633639514,0.328468276498218,0.306229994539171
"sub-138",9,0,1,1.63441,1,1,1,1,0.000464997331922253,-0.67329663282726,-0.262143019761425,0.00783129055052996
"sub-138",10,0,1,0.0891900000000001,1,1,1,1,0.422207073968214,-0.0189352742120348,-0.210732449078932,0.0516140234190971
"sub-138",5,0,0,0.12843,1,1,1,1,-0.161576482467353,-0.178902341186552,0.0598070955262907,-0.220130013441667
"sub-138",5,0,1,1.20876,1,0,0,1,-0.418882808027168,0.350119680511179,0.150972144833455,0.141901872353628
"sub-138",2,0,0,0.71564,1,0,0,1,-0.162333185008417,1.40195293959092,-0.494986145136257,-0.0656656642444432
"sub-138",2,0,1,0.0208299999999999,1,0,0,1,0.307787514349911,-1.82856831285689,0.142124518014801,-0.710614894330502
"sub-138",4,0,1,0.0268200000000001,1,0,0,1,0.518586403224617,-1.73372731340566,0.522364552288006,-0.69137045647949
"sub-138",8,0,1,0.0326599999999999,1,0,0,1,-0.501076447001348,-0.644971383908005,-0.771600140879552,0.0997437195153907
"sub-138",3,0,1,0.0400199999999999,1,0,0,1,-0.611444766109344,-0.16721598078126,-0.0842296193198611,-0.119568885164335
"sub-138",3,0,0,0.0959700000000001,1,0,0,1,0.271921849188705,-0.129097103106755,-0.298575568051698,0.097613042127341
"sub-138",3,0,1,0.01936,1,0,0,1,0.401622470313062,0.733818096039748,0.524988490370257,0.286484866216779
"sub-138",10,0,1,0.18411,1,1,1,1,0.375330211090234,0.241664231047724,-0.0817825569441387,-0.242599352827528
"sub-138",9,0,1,1.00859,1,1,1,1,0.152520568832794,-0.483901371894818,0.259113851857061,-0.188380677765235
"sub-138",10,0,1,0.03007,1,1,1,1,0.0694460902595893,-0.51820751334782,0.0990643909317441,0.0116639799438417
"sub-138",2,0,0,0.87047,1,1,1,1,0.0828803004696965,-0.0974320024424405,-0.5481879026435,-0.097588462184649
"sub-138",7,0,1,0.87624,1,1,1,1,0.142158010567073,-0.0331346067358498,0.0317688947155451,0.029356194473803
"sub-138",5,0,1,1.01765,1,1,1,1,-0.419006217115869,0.0952609901141841,-0.108516733705377,0.0577700123656541
"sub-138",9,0,1,0.20661,1,1,1,1,-0.840311549293498,-0.159966290937047,-1.02384490314095,0.298771760426462
"sub-138",10,0,1,0.0296000000000001,1,1,1,1,0.045758302633961,0.406130719102091,-0.245671932275097,0.278868992440403
"sub-138",1,0,1,0.50949,0,0,1,1,-0.0551390319596976,-0.232051595148665,0.375053477473557,-0.601641904935241
"sub-138",10,0,1,0.21592,0,0,1,1,-0.672172234432461,-0.27040605938614,0.198732229205537,0.00683619007468224
"sub-138",9,0,1,0.08847,0,0,1,1,-0.820107107749209,-0.0552026654973074,-0.0244179658281306,-0.027941810619086
"sub-138",10,0,1,0.39479,0,0,1,1,-0.235666606652861,0.214681767849942,-0.802524587061877,-0.379786384198815
"sub-138",5,0,1,0.76758,0,0,1,1,0.72747058464059,-0.200881417392305,-0.228442818469678,0.204312172881328
"sub-138",7,0,1,0.02376,0,0,1,1,0.207703867151091,-0.0588040424131409,0.232310553644008,0.0992855828721076
"sub-138",9,0,1,0.02931,0,0,1,1,-0.20863309832445,0.283365569525847,-0.132326528575504,-0.298775370791554
"sub-138",7,0,1,0.06905,0,0,1,1,0.130136349820532,-0.0309858977432466,-0.119592595030554,0.0875438863411546
"sub-138",8,0,1,0.46402,1,0,1,1,0.780674814712256,0.592402728291711,0.355048489601662,0.170082064159215
"sub-138",10,0,1,0.0194099999999999,1,0,1,1,-0.0241990478922768,0.0996371925705009,0.181966406836485,-0.438021031441167
"sub-138",7,0,1,0.19335,1,0,1,1,-0.242450342009154,0.179991397799717,-0.110712277198521,-0.298634562641382
"sub-138",9,0,1,0.03192,1,0,1,1,-0.875705018639565,-0.142119277544596,-0.0475352948221068,-0.229931778786704
"sub-138",8,0,1,0.0222100000000001,1,0,1,1,-0.752508980978746,-0.521657793444185,-0.114099305258909,0.143534451944288
"sub-138",8,1,0,NA,0,0,1,1,-0.0790199825229744,-0.845805649559393,-0.381285620853305,-0.302363809454255
"sub-138",5,0,1,1.03633,1,0,1,1,-0.00725629838173821,-0.698355731312875,-0.00132661305057506,-0.289523855457082
"sub-138",4,0,0,0.55819,1,0,1,1,-0.441310667588065,-0.124834720597223,-0.0204976272555844,-0.200115386513062
"sub-138",1,0,0,0.57415,1,0,0,1,0.249436310657378,-0.293113369667144,0.173483134713024,-0.560736891627312
"sub-138",3,0,0,0.63042,1,0,0,1,0.182051866295903,0.166860063698281,0.23976171031245,-0.140068338596393
"sub-138",5,0,1,0.33623,1,0,0,1,-0.167738506260018,0.0614678433371915,-0.0596019211419237,-0.0882240840233862
"sub-138",9,0,1,0.0249900000000001,1,0,0,1,-0.48973130256248,-0.118515252515122,-0.0212756085287159,-0.010947842290625
"sub-138",1,0,0,1.21513,1,0,0,1,-0.209746047563385,-0.472400435950409,0.169318985841528,-0.127001402471797
"sub-138",4,0,0,0.65393,1,0,0,1,0.263152762626608,-0.393770323272932,0.153093593059263,-0.0962731622159481
"sub-138",1,0,0,0.36064,1,0,0,1,0.366694428989528,0.0586643250038226,0.158105940402796,-0.296460297796875
"sub-138",3,0,1,0.70025,1,0,0,1,-0.040209483820945,0.192366652811567,-0.0904185090427442,-0.123866424243897
"sub-138",6,1,0,NA,0,0,0,1,0.21443945216015,-0.355112969288947,-0.107630267428855,-0.326151653751731
"sub-138",10,1,0,NA,0,0,0,1,0.534485943848267,0.205850155679164,0.813596523560894,0.509678204637021
"sub-138",4,0,0,1.41342,1,1,0,1,0.810619793366641,-0.101489725729658,0.633472852869697,0.109536679193843
"sub-138",4,0,1,0.63516,1,1,0,1,0.165316672374805,0.0834977106984567,-0.00673216100161274,-0.330212566675618
"sub-138",2,0,1,1.4423,1,1,0,1,0.192955906347682,0.0879145463997567,-0.180939444030325,0.0868588997749612
"sub-138",2,0,1,0.78053,1,1,0,1,0.170563697446293,-0.279026458902216,-0.158569730818272,0.225946995429695
"sub-138",2,0,0,0.06951,1,1,0,1,-0.759801166054482,-0.555272970664427,-0.568021220277539,-0.391892717592418
"sub-138",1,0,0,0.0248699999999999,1,1,0,1,-1.16709440368383,-1.2121015396659,-0.120286147032554,-0.435830934299156
"sub-138",10,0,1,1.1604,0,0,0,2,-0.569098060126028,-0.101867562987738,-0.214482051359179,-0.373331648018211
"sub-138",6,0,1,0.6487,0,0,0,2,-0.272731934596474,0.0772377640802275,-0.184895440315207,0.0509001601487398
"sub-138",1,0,0,1.35565,0,0,0,2,0.0615447919796376,-0.764315650349966,-0.217868326154227,-0.727681169472635
"sub-138",2,0,0,0.52804,0,0,0,2,0.0871448948358496,-0.685731670232835,0.103597530823511,-0.348472485324601
"sub-138",4,0,1,1.38447,0,0,0,2,-0.177120944717899,-0.468785506983598,0.00168855664863562,-0.174089955096133
"sub-138",1,0,0,0.08952,0,0,0,2,0.102730292904501,-0.304818672973111,-0.00994484514618913,-0.124523639027029
"sub-138",3,0,0,1.22947,0,0,0,2,0.0589721957997729,-0.238366444478743,-0.0661175397690386,0.0555376418866217
"sub-138",1,0,0,0.53527,0,0,0,2,-1.00663968594745,-1.46655290546241,-0.751749418287848,-0.618931944276847
"sub-138",4,0,1,0.67994,1,1,0,2,-0.690063491657687,-0.64441800719403,-0.426440418515995,-0.4969816849567
"sub-138",3,0,1,0.0857000000000001,1,1,0,2,-0.861974310905983,-0.177953330834431,-0.337639935780317,-0.331291638500988
"sub-138",4,0,1,0.05847,1,1,0,2,-0.794330560912689,0.045920655963494,-0.779854838425914,-0.268642513640225
"sub-138",1,0,1,1.89945,1,1,0,2,-0.0678704388653083,-0.479156841506699,-0.311445306055248,-0.270431393245235
"sub-138",8,0,1,0.63769,1,1,0,2,-0.634255290036284,0.20696949393109,0.0542667561676353,-0.0220630127936602
"sub-138",2,0,0,1.49422,1,1,0,2,-0.309379457418496,-0.214787568241634,-0.0133174935278172,-0.160912843979895
"sub-138",4,0,1,0.26654,1,1,0,2,0.138438184357559,0.012912857114484,-0.217018118516232,-0.281526187527925
"sub-138",6,0,1,0.0224200000000001,1,1,0,2,-0.361328244752561,-0.0344569205685898,-0.826210334150043,-0.542634503077716
"sub-138",10,0,1,0.55527,1,0,1,2,0.237558279975322,-0.8179620962452,0.686502568190311,0.612720778165385
"sub-138",3,0,1,0.22815,1,0,1,2,-0.338034787380214,-0.547801314887625,0.234401014749892,-0.402369617321528
"sub-138",9,0,1,0.0325200000000001,1,0,1,2,-0.807768969951818,-0.270416154595161,-0.635929722843381,-0.987945781112649
"sub-138",9,0,1,0.10733,1,0,1,2,-0.909079872469495,-0.686075181872756,-0.656498382333666,-0.958056866610423
"sub-138",9,0,1,0.02965,1,0,1,2,-1.25959475136672,-0.822641449325063,-0.283775509955982,-0.490694158419501
"sub-138",8,0,1,0.11956,1,0,1,2,-0.323440825275611,-0.837573907062135,-0.0824680847969527,0.271456059906632
"sub-138",7,0,1,0.14206,1,0,1,2,-0.256883085278484,-0.947010353897457,-0.397139221187293,-0.448020896688104
"sub-138",5,0,1,1.43336,1,0,1,2,0.611248855091011,-0.106196326721046,0.0213440223985041,-0.105657948827138
"sub-138",1,0,1,1.42997,1,1,0,2,0.00312395576232423,-1.08915343080406,-0.208658572014732,-0.590094860864337
"sub-138",7,0,1,0.0186299999999999,1,1,0,2,-0.26424181740731,-0.573276053536338,-0.213956884671158,-0.37339071232127
"sub-138",6,0,1,0.0247900000000001,1,1,0,2,-0.458629716226521,-0.792875019902432,-0.337360998770843,-0.229688628576696
"sub-138",1,0,0,1.63216,1,1,0,2,-0.148297281741785,-0.610847508500296,-0.140575219062157,-0.295591143798083
"sub-138",3,0,0,0.85322,1,1,0,2,0.387817665391291,-0.438630584299702,0.216505165483492,0.00495107043534517
"sub-138",4,1,0,NA,0,0,0,2,0.0856190926084916,-0.353086277394107,0.240047882970733,0.142273167008534
"sub-138",2,0,1,0.0325500000000001,1,1,0,2,-0.207339385563197,0.100260316747827,0.143002959472748,-0.206763947941363
"sub-138",4,0,1,0.40667,1,1,0,2,-0.760176833253354,-0.0480015122297185,-1.06852127728052,-0.902788531640545
"sub-138",2,1,0,NA,0,0,1,2,-0.63916684108699,-0.89969552197942,-0.634476527455263,-0.443646414298564
"sub-138",5,0,1,0.62731,1,1,1,2,-0.275218417712798,-0.317038113328939,-0.120688243458668,0.206812087201251
"sub-138",8,0,1,0.0169999999999999,1,1,1,2,-0.880462874968847,-0.285987622742714,-0.431066041307834,0.44045333089307
"sub-138",9,0,1,0.25765,1,1,1,2,0.00649263670978447,0.0343915397835964,-0.27992470554697,-0.0593352690979373
"sub-138",7,0,0,1.71471,1,1,1,2,0.416769667218129,0.0561638379391904,0.0659425508153314,-0.0522333816625178
"sub-138",10,0,1,0.0189900000000001,1,1,1,2,-0.0511619591464599,0.0747454521349735,-0.168638996003817,0.114178883517161
"sub-138",9,0,1,0.24215,1,1,1,2,-0.0576009348151274,0.813458254146907,0.137107523662659,0.1009015976917
"sub-138",7,0,1,0.0980000000000001,1,1,1,2,0.0880687482616243,0.736350133118254,0.250929759272064,0.387974021432456
"sub-138",3,0,0,1.9131,0,0,1,2,-0.120673415251076,0.381148383556003,-0.227833093726076,-0.134091542940587
"sub-138",8,0,1,0.0168699999999999,0,0,1,2,0.47923510785525,0.0580385689347706,-0.064991733020482,0.440535893850029
"sub-138",7,1,0,NA,0,0,1,2,-0.37854524787205,-1.167524440421,-0.0126245526674514,-0.671420166292228
"sub-138",7,0,1,1.43308,0,0,1,2,0.0845810569978009,-0.69055715382651,0.401470964502854,-0.235085012204945
"sub-138",8,0,1,0.40371,0,0,1,2,-0.361054261428459,-0.872609949429278,-0.109023788342408,-0.747002884850372
"sub-138",10,0,1,1.06118,0,0,1,2,-0.564001417097946,-0.776311344311883,-0.211658290946313,-0.997307862481102
"sub-138",8,0,1,0.2667,0,0,1,2,-0.486044342978857,-0.81018735744335,-0.540765429536502,-0.473034182097763
"sub-138",6,1,0,NA,0,0,1,2,0.00738925713812932,-0.328872376363035,-0.64198920247145,-0.396313566667959
"sub-138",2,0,1,1.52054,1,0,0,2,-0.185828379355371,-1.09899762190051,0.475613028587153,0.352028409764171
"sub-138",4,0,1,0.0242599999999999,1,0,0,2,-0.694528319368449,-1.41340411675197,-0.0630536993849091,-0.348672885401174
"sub-138",3,0,1,0.31547,1,0,0,2,-0.959153740278756,-1.31592678306279,-0.519282866773816,-0.658918566070497
"sub-138",5,0,1,0.82184,1,0,0,2,-0.00520748407870997,-0.357745738700032,-0.401943954639137,-0.0329848215915263
"sub-138",8,0,1,0.37729,1,0,0,2,0.418654412574445,0.300899484022348,0.179199760896154,0.275550675042905
"sub-138",4,0,1,1.76886,1,0,0,2,0.301613233886504,0.16288266648297,-0.461463632333713,0.0915669167879969
"sub-138",2,0,1,0.09002,1,0,0,2,-0.485312609545266,-0.10515314657931,-0.770214598082627,0.0292231635190546
"sub-138",3,0,1,0.49596,1,0,0,2,-0.0965024447650649,0.0544773836240724,-0.321766003539475,0.0546517634764314
"sub-138",6,0,0,1.6124,0,0,0,2,-0.635993380177145,-0.487403357897333,-0.109803440204511,-0.428804423753172
"sub-138",8,0,1,1.28549,0,0,0,2,-0.345006452097247,0.0560518018297713,-0.178846489056014,-0.118115518428385
"sub-138",3,0,0,1.92542,0,0,0,2,-0.166389905634181,0.0285604392626771,-0.0100505521210531,-0.157183437794447
"sub-138",2,0,0,0.43008,0,0,0,2,-0.677148188076293,-0.597116633835766,0.272433405877867,-0.537345237116096
"sub-138",4,1,0,NA,0,0,0,2,0.0770838594374557,-0.408908511339514,0.453048897674307,-0.0929400714347139
"sub-138",1,0,0,1.05979,0,0,0,2,-0.0120205225733419,-0.364665399960898,-0.0530875261562566,-0.798764289962128
"sub-138",2,0,0,1.53301,0,0,0,2,-0.140626597043592,-0.185817510338017,-0.123773915402126,-0.510521832969971
"sub-138",1,0,0,0.78949,0,0,0,2,-0.270778843279307,0.902584738787954,-0.313822992999728,0.39022160358727
"sub-138",5,1,0,NA,0,0,0,2,0.750418463120392,0.104511891818321,0.280015333633249,1.06012736265548
"sub-138",7,0,0,0.49358,0,0,0,2,0.121857710725938,-0.0456828241133028,-0.0156617076378704,-0.143904212769121
"sub-138",8,0,1,0.04905,0,0,0,2,-0.835112061312733,-0.0685522134493416,-0.237048781079163,-0.426687119342387
"sub-138",4,0,1,0.0728,0,0,0,2,-1.25581135957812,-0.58942187446411,-0.905714711251979,-0.852110015542712
"sub-138",10,0,1,0.0283,0,0,0,2,-0.925627302533636,-0.956108000370915,-0.796832943179955,-0.713161502161529
"sub-138",7,0,1,0.28515,0,0,0,2,-0.256013337755576,-0.436537901094804,-0.0379820699454285,-0.0235036014113575
"sub-138",9,0,1,0.95792,0,0,0,2,-0.586683086541598,-0.562800353668906,-0.0420943870364378,-0.488456836296245
"sub-138",7,0,1,0.09684,0,0,0,2,-0.286105291258233,0.00470595344625137,0.0954548330822339,-0.000679375464096665
"sub-140",7,1,0,NA,0,0,1,1,-0.433431039273273,0.396982469975396,-0.160698963096365,0.0417489935643971
"sub-140",8,0,1,0.74646,1,0,1,1,0.450881054489097,1.31154616343944,0.153910096579542,-0.156314910622314
"sub-140",4,0,1,0.736,1,0,1,1,0.955703244699786,0.722168338778256,0.489337856997736,0.417886683088727
"sub-140",7,0,1,0.19255,1,0,1,1,0.827536846976727,1.12981653668814,0.511279763692679,0.567362745432183
"sub-140",7,0,0,1.21599,1,0,1,1,0.421188910802205,0.0299125453802171,0.129088833772888,-0.322137550543994
"sub-140",6,0,1,0.35439,1,0,1,1,0.0179776865212868,-0.436852759095254,-0.88978128368035,-0.410751852067187
"sub-140",8,0,1,0.5439,1,0,1,1,0.149403493579788,-0.850104489225756,-1.19775042155137,-0.330615288950503
"sub-140",9,0,1,0.13279,1,0,1,1,0.354662842660521,-0.539113574557834,-0.270925074214271,0.222838798037265
"sub-140",2,0,0,1.88204,1,0,0,1,-0.17957822054935,-0.621393086940602,-0.558970782631756,-0.958707617223263
"sub-140",1,0,1,0.01918,1,0,0,1,-0.00187803714895078,0.0216796816223198,-0.00985133337477843,0.377160845976323
"sub-140",1,0,0,0.64243,1,0,0,1,-0.284418019427297,0.127763185434526,-0.209804287165753,0.104313934562742
"sub-140",7,0,1,0.03216,1,0,0,1,-0.34254227221633,-0.292083211329386,-0.0220178275679549,-0.26334805060178
"sub-140",1,0,1,0.28952,1,0,0,1,0.336320606914038,-0.17735042268005,-0.431207786818656,-0.0707367539405823
"sub-140",5,0,0,1.39632,1,0,0,1,0.458171863089471,0.306064938333023,-0.13284338839973,0.551775397453457
"sub-140",1,0,1,0.60156,1,0,0,1,0.39075363582621,0.455386175670558,0.081833034035905,0.208515159552917
"sub-140",2,0,0,0.55784,1,0,0,1,0.502957728342153,0.183070822722382,-0.232423570550357,-0.282533133786637
"sub-140",2,0,1,0.98526,0,0,0,1,0.130075177177787,-0.0338776535354555,-0.409232395778721,-0.42940681418404
"sub-140",2,0,0,1.45958,0,0,0,1,0.624703604406022,0.741297441569191,0.310610751931866,-0.374225705116987
"sub-140",1,0,1,0.29936,0,0,0,1,-0.0221793050489699,0.395425709861296,0.194747232754404,-0.21032843273133
"sub-140",4,0,1,0.17269,0,0,0,1,-0.586710066379358,0.317360685275937,0.362505592949068,0.250901898206212
"sub-140",6,0,1,0.31333,0,0,0,1,0.506348147251022,0.351221608273961,0.256033837213181,-0.295872863056138
"sub-140",3,0,1,1.87154,0,0,0,1,0.384516760706902,0.0469496255326602,-0.319049225033571,0.203553186170757
"sub-140",2,0,0,0.80969,0,0,0,1,0.851587871904485,0.331119937339315,0.277876024755339,0.323912430275232
"sub-140",9,0,1,0.04861,0,0,0,1,0.14608334536509,-0.0910887524347614,0.218387973601542,-0.249069339595735
"sub-140",1,0,1,0.49434,1,1,0,1,-0.175597490742803,-0.286103482565118,-0.271498326347986,0.177211877750233
"sub-140",4,0,1,0.03288,1,1,0,1,0.060020057343839,-0.412360755036827,-0.486581579665653,0.211096245609224
"sub-140",2,0,0,0.55863,1,1,0,1,0.366870157187805,-0.354683046556871,-0.309036654963468,-0.284430031862576
"sub-140",2,0,1,0.03054,1,1,0,1,-0.118047246534843,-0.081419772847935,-0.539805210855169,-0.396343876607716
"sub-140",5,0,1,0.121,1,1,0,1,-0.289212106106182,0.438516405859479,-0.000987929369633396,0.115370559925213
"sub-140",2,0,0,1.84506,1,1,0,1,0.117616398715957,0.19576919831646,0.204317820675593,0.110529669187963
"sub-140",1,0,0,0.53419,1,1,0,1,0.348299503210001,0.0665926206856966,-0.131645354287078,0.137522397912107
"sub-140",9,0,1,0.02278,1,1,0,1,0.426144678708321,0.40977062491907,-0.464132971052701,0.245243830094114
"sub-140",9,0,1,1.32163,1,1,1,1,0.299691811116645,0.255358070962959,-0.414625444139044,-0.141866751582711
"sub-140",5,0,1,0.47682,1,1,1,1,0.301559727056883,-0.0343258647179162,-0.223979650453354,-0.231966056957026
"sub-140",9,0,1,0.0491299999999999,1,1,1,1,0.395626011614998,-0.123116101621202,-0.289979379206973,-0.553919356467668
"sub-140",9,0,1,0.03949,1,1,1,1,0.107434716774151,-0.595365869985135,-0.217167033542258,-0.298766542971134
"sub-140",4,0,0,0.22868,1,1,1,1,0.371172906598076,-0.647493056952953,0.169775161271294,0.0877371064387262
"sub-140",10,0,1,0.30145,1,1,1,1,0.123102598949724,-0.645187629093589,0.451053864477823,-0.031604164885357
"sub-140",7,0,1,0.15759,1,1,1,1,-0.306202143469515,0.222554669698217,0.474646097999842,-0.639074116956908
"sub-140",8,0,1,0.21426,1,1,1,1,-0.329340942281609,-0.274116288857638,-0.23158197683127,-0.693265731353313
"sub-140",9,0,1,0.29234,0,0,1,1,0.421256875405864,0.186222860762091,0.52762683283072,0.347036826098338
"sub-140",9,0,1,0.03237,0,0,1,1,0.171194393245969,0.102559078001866,-0.276706231563973,0.368383614905179
"sub-140",7,0,1,0.0225200000000001,0,0,1,1,0.00438723833455394,0.680583687887217,-0.443554137212535,0.0676605031359941
"sub-140",8,0,1,0.02841,0,0,1,1,0.474954026440779,0.806311188921056,-0.408929222729057,-0.214274144067895
"sub-140",2,0,0,0.41829,0,0,1,1,1.04334304438089,0.951635444157377,0.0518860734106662,-0.314432151906658
"sub-140",6,0,1,0.22378,0,0,1,1,1.09926459441582,0.304848797964277,0.445233938478244,-0.0976581803988665
"sub-140",8,0,1,0.3803,0,0,1,1,-0.0738127182703465,0.248217280268566,-0.296897698077373,0.36124813844217
"sub-140",8,0,1,0.0189299999999999,0,0,1,1,-0.676138980692485,-0.445988162800118,-1.05815884240049,-0.385371991293505
"sub-140",4,0,1,0.90173,1,0,1,1,0.323380133932612,0.214549574630197,0.0321974917314947,0.111227362509817
"sub-140",10,0,1,0.0232699999999999,1,0,1,1,0.331887524264554,0.328068506765973,0.473141215974465,0.103864558716305
"sub-140",9,0,1,0.03064,1,0,1,1,-0.0766675636599151,0.0775055397901236,0.573038361656169,-0.037268340960145
"sub-140",7,0,1,0.20381,1,0,1,1,0.19114489647715,-0.455199604095132,0.192824690583317,0.115639230050147
"sub-140",7,0,1,0.04348,1,0,1,1,0.0829502873433133,-0.518954302667192,-0.125596088839908,0.0586139551829547
"sub-140",7,0,1,0.19948,1,0,1,1,-0.389209107495844,-0.181853538258346,0.56387169950176,-0.177873987518251
"sub-140",8,0,1,0.15554,1,0,1,1,-0.0346806805270414,-0.132993688668918,0.541104709962383,0.550763782998547
"sub-140",5,0,0,0.46158,1,0,1,1,0.17399733979255,-0.752586057866682,-0.204504765182113,0.123746141053562
"sub-140",10,0,1,0.30946,1,1,1,1,-0.19149589460964,-0.286359275337654,-0.712321604026026,-0.602666179463267
"sub-140",10,0,1,0.03285,1,1,1,1,0.0730462803815802,-0.20427401839859,-0.695697739254683,-0.0858978570438921
"sub-140",2,0,0,0.55703,1,1,1,1,0.278855144705934,-0.498887507676112,0.0524973871263986,0.373029505187878
"sub-140",9,0,1,0.02911,1,1,1,1,0.166850780680155,-0.503553956264147,0.0258912921417505,1.0579563871026
"sub-140",9,0,1,0.0177,1,1,1,1,0.386037155073912,0.152110766653937,0.278499975664696,0.350751262134872
"sub-140",6,0,1,0.14213,1,1,1,1,0.7765687230664,1.19777823494816,0.52466474690785,-0.0688821170479059
"sub-140",7,0,1,0.03243,1,1,1,1,0.415111549586679,1.16814537981042,0.106061625760049,-0.0590315375477076
"sub-140",10,0,1,0.0228999999999999,1,1,1,1,-0.120942689517202,-0.122966586094764,-0.457313129775381,-1.00036986675113
"sub-140",1,0,0,1.68949,1,0,0,1,0.293300308325949,0.239065664509932,0.124762691542855,-0.338898323196918
"sub-140",2,0,0,0.96323,1,0,0,1,0.893535532833387,0.300632683560252,0.380385388212744,-0.367091818829067
"sub-140",10,0,1,0.0181899999999999,1,0,0,1,0.71356087961855,0.0539927650932912,0.090365776384715,-0.396814159490168
"sub-140",1,0,1,0.37447,1,0,0,1,-0.309173312426234,-0.385729101426141,-0.252361139437805,-0.297616150020622
"sub-140",4,0,1,0.43063,1,0,0,1,-0.511276864213869,-0.823598919194882,-0.595857225075937,-0.109859283268452
"sub-140",2,0,1,0.75342,1,0,0,1,-0.0895220787303212,0.0129796819830382,-0.587796207750216,-0.33063449356705
"sub-140",2,0,0,0.50908,1,0,0,1,0.591012419899926,0.248805378425728,-0.451161342013317,0.248480869084597
"sub-140",6,0,1,0.6819,1,0,0,1,0.242512818891555,-0.662310354722043,-0.679893935409685,0.233020366394339
"sub-140",4,0,1,1.11816,1,1,0,2,0.0804140599599729,0.559913477756911,0.528289532405324,0.0481296395650134
"sub-140",5,0,1,0.18946,1,1,0,2,-0.0644683234519713,0.103392392396927,-0.349450497577588,0.100810579536483
"sub-140",3,0,0,1.26538,1,1,0,2,-0.0458628519748648,0.529220346689086,-0.605159100610763,0.0834481410682201
"sub-140",10,0,1,0.40503,1,1,0,2,0.0913666399816672,0.466309209104144,-0.0437233004486188,0.0855333723127842
"sub-140",4,0,1,0.22763,1,1,0,2,-0.215824734375929,0.293666781617234,0.133682475643582,0.0991809429135174
"sub-140",3,0,1,0.46683,1,1,0,2,0.458514631415407,0.387495949519453,0.00342536891760877,0.159172022389248
"sub-140",1,0,0,0.47306,1,1,0,2,0.708159617691611,-0.0263334911454607,-0.433454402411977,-0.173435089970008
"sub-140",4,0,1,0.24527,1,1,0,2,0.0701595982536674,0.815364835007737,-0.367512317878815,-0.526981721352786
"sub-140",8,0,1,0.66113,0,0,1,2,0.189877309293176,-0.380462497222686,-0.0371142835356295,0.0278258959762752
"sub-140",6,0,1,0.03301,0,0,1,2,0.0258611967243875,-0.541491398794783,-0.308170536222557,-0.40958145679906
"sub-140",8,0,1,0.0241499999999999,0,0,1,2,0.0400879522009442,-0.0719465218242948,-0.177932140029346,-0.466121910128277
"sub-140",7,0,1,0.1468,0,0,1,2,0.399267326031501,0.0733290415740123,0.387102136330213,-0.461072484776378
"sub-140",7,0,1,0.0189299999999999,0,0,1,2,-0.109172112502468,-0.374390718630619,-0.149603282179063,-0.49069295427762
"sub-140",8,0,1,0.0246900000000001,0,0,1,2,-0.219804503722116,0.0767000809104906,-0.0679815953286986,0.0993349047610536
"sub-140",8,0,1,0.0236400000000001,0,0,1,2,0.164648670625562,0.13162595771805,0.26235145124762,-0.0409810826648027
"sub-140",2,0,0,0.65087,0,0,1,2,0.514018902128252,0.522892555014955,0.206753524563586,0.237690176465549
"sub-140",3,0,1,1.33015,0,0,0,2,0.331027162571748,0.630187746413328,0.265979473711923,0.269317193236202
"sub-140",7,0,1,0.68669,0,0,0,2,0.541185516087959,-0.00404276891990944,0.0586027226721247,-0.168054880388081
"sub-140",2,0,0,1.49339,0,0,0,2,0.293738986414003,0.562767996625216,-0.535035774189358,0.0116626666858792
"sub-140",1,0,0,0.16483,0,0,0,2,0.470390384861579,0.748601770856314,-0.351874728687108,0.577844323031604
"sub-140",3,0,1,0.55438,0,0,0,2,0.519294742688847,0.588919684083925,0.122833758980657,-0.130325489863753
"sub-140",2,0,1,0.37715,0,0,0,2,-0.0690498191300624,0.491561994387734,-0.145446625926221,-0.333605438011
"sub-140",3,0,1,0.26709,0,0,0,2,-1.09802372644966,-0.140914042773484,-0.425546572369058,-0.294571488164365
"sub-140",5,0,1,0.42424,0,0,0,2,-0.7528568560568,-0.795736431644333,-0.600452212927242,-0.552135708811693
"sub-140",2,0,1,0.97168,1,0,0,2,0.371506945540508,0.671314900671994,0.0924810108651097,0.296970964223146
"sub-140",6,0,1,0.02325,1,0,0,2,0.102944536134601,0.37350920546386,0.018673046065184,-0.127292953059077
"sub-140",3,0,0,1.61495,1,0,0,2,0.846744396258146,0.243212607396008,0.16847706399858,-0.160338496090844
"sub-140",9,0,1,0.0698799999999999,1,0,0,2,0.544503452721983,-0.439244527731919,0.0189364181448279,0.0198558355681598
"sub-140",1,0,0,0.47618,1,0,0,2,-0.0868167545025547,-0.161197748966515,-0.112207154161297,-0.330412660818547
"sub-140",2,0,0,0.41527,1,0,0,2,0.0444496512257804,0.756633629867186,-0.00088360959974428,0.0862399191595614
"sub-140",3,0,1,0.27144,1,0,0,2,0.396914828995553,1.17544241994619,-0.516245941786716,0.486017967388034
"sub-140",4,0,1,0.39475,1,0,0,2,-0.319073441477182,0.231499661588007,-0.985711848052839,0.0443382463488888
"sub-140",1,0,1,1.07377,1,1,0,2,0.0868676562483112,-0.00248722500961136,-0.0595942955308904,-0.0709123470820487
"sub-140",3,0,1,0.0300100000000001,1,1,0,2,0.39067269815132,0.58110090955678,0.12676405099531,-0.783931348257465
"sub-140",2,0,0,0.20307,1,1,0,2,0.264072585850954,-0.493327895765779,0.0608578441509356,0.105060795895406
"sub-140",2,0,0,1.60993,1,1,0,2,0.278511231183074,0.0910363409633714,-0.595626966843459,-0.115958369523287
"sub-140",4,0,1,0.34007,1,1,0,2,-0.0798270075659578,0.584358954940129,-0.372428597261508,0.358478759974241
"sub-140",2,0,1,0.59641,1,1,0,2,-0.017825978070808,0.51905042760902,-0.373983149067499,-0.0152108944486827
"sub-140",8,0,1,0.0182,1,1,0,2,-0.254328337498009,0.128202520259139,-0.163587261612217,-0.665278128348291
"sub-140",6,0,1,0.15784,1,1,0,2,0.077291490122055,0.537045277137723,0.000782166180821756,-0.334336536307819
"sub-140",3,0,1,1.99061,0,0,0,2,-0.0442933806528648,0.269807495349259,-0.378739095700439,-0.0954942360636778
"sub-140",6,1,0,NA,0,0,0,2,0.866396847219827,1.21267165050462,-0.465888726369788,0.294012748077512
"sub-140",9,0,1,0.30295,0,0,0,2,0.758191672619432,0.811499286710319,0.0382407562186321,0.521280639478937
"sub-140",1,0,1,0.0248299999999999,0,0,0,2,-0.241587205440737,0.32477554327084,0.664591442856666,0.583903644257225
"sub-140",4,0,1,0.0974999999999999,0,0,0,2,0.163201240434622,-0.355732252165951,0.427085033268668,-0.0526059962809086
"sub-140",4,0,1,0.0199800000000001,0,0,0,2,0.413099130596189,-0.371727317709614,0.435854852277165,-0.229986343998462
"sub-140",2,0,0,0.72671,0,0,0,2,-0.152446557525157,0.178240323913525,-0.0607438607985387,0.0837882817722857
"sub-140",4,0,1,0.03199,0,0,0,2,-0.305213580800531,0.213097491560297,-0.284766734965766,0.369080558318819
"sub-140",10,0,1,0.47674,1,0,1,2,-0.0391637682041619,1.13331994952427,-0.490479961328674,0.172644349373877
"sub-140",4,0,1,0.16671,1,0,1,2,-0.353365936626991,0.132482879919095,-0.86996032767153,0.0445724116172641
"sub-140",7,0,1,0.94018,1,0,1,2,-0.117419037191818,0.0705993575975299,-0.605660029066106,-0.527161036990583
"sub-140",5,0,1,0.27892,1,0,1,2,-0.0950937028198193,0.306471863209649,0.0157229774437534,-0.753950860863551
"sub-140",8,0,1,0.21808,1,0,1,2,0.379760797445973,-0.103191864228359,0.289209657426303,-1.17516737265396
"sub-140",9,0,1,0.02338,1,0,1,2,0.301473691361025,-0.2037220398585,0.510203316807747,-0.129612950305454
"sub-140",8,0,1,0.02939,1,0,1,2,-0.653947577966998,-0.434151170637321,-0.461234565572037,-0.514227240066975
"sub-140",10,0,1,0.10257,1,0,1,2,-0.303013417093704,-0.535540963954258,-0.301573585447234,-0.613732132478617
"sub-140",8,0,0,1.08134,0,0,1,2,1.31121789931785,0.792577767675674,-0.250309222688278,0.0334379117004573
"sub-140",7,0,1,0.0206999999999999,0,0,1,2,1.13655109284446,0.8782461480479,0.0283460742793977,0.0440055185928941
"sub-140",6,0,1,0.15987,0,0,1,2,0.284040990693029,0.385105534284203,0.137598975682825,0.0371128417318687
"sub-140",7,0,1,0.0324500000000001,0,0,1,2,0.0786383944020296,0.311899334778664,-0.348884693463333,-0.119973682885757
"sub-140",1,0,0,0.23984,0,0,1,2,0.375823018063481,0.602683610420812,-0.241338993655518,0.126027078088373
"sub-140",9,0,1,0.0454399999999999,0,0,1,2,0.217318361857906,0.538951859981925,-0.101469568520163,0.10875893458724
"sub-140",10,0,1,0.20146,0,0,1,2,-0.201884847367182,0.235344475307674,0.559938005171716,0.621768578048795
"sub-140",8,0,1,0.02359,0,0,1,2,-0.749257090200748,0.142714971107327,0.322805242918548,-0.0472809337079525
"sub-140",6,0,1,0.96896,1,1,0,2,-0.299876654831072,0.218642031584211,-0.284662222644935,-0.144023534655571
"sub-140",8,0,1,0.20862,1,1,0,2,-0.0635437434539199,-0.169186221543458,-0.187530946840222,-0.174474766431376
"sub-140",1,0,0,0.29927,1,1,0,2,0.120260474931759,0.0464833693716813,-0.185899569148508,-0.50463489163667
"sub-140",9,0,1,0.15608,1,1,0,2,0.331106042933243,0.202677004793831,0.185891834526653,0.391744013736025
"sub-140",8,0,1,0.02936,1,1,0,2,0.489566948264837,0.32720955237272,0.243363455248376,0.20855621843366
"sub-140",8,0,1,0.38602,1,1,0,2,0.297679252068823,0.0987283902035819,-0.697960593524234,0.000945536559447646
"sub-140",8,0,1,0.0171300000000001,1,1,0,2,0.0552803907000149,0.224481544457376,-0.767523779844244,-0.203548117168248
"sub-140",7,0,1,0.02427,1,1,0,2,0.862071348819882,0.129458375720316,-0.287993209746977,-0.471928544528782
"sub-141",10,1,0,NA,0,0,1,1,-0.146985681132416,-0.51194801742073,-0.0398235471996789,-0.67960439606104
"sub-141",7,0,0,0.57073,0,0,1,1,0.106566436161908,-0.00200589008077427,-0.108478533608528,-0.126216310216114
"sub-141",4,0,1,0.58364,0,0,1,1,0.0783322745119222,0.0333439264860418,-0.0654458596836776,0.229988704062998
"sub-141",10,0,1,0.41414,0,0,1,1,0.151195643120445,0.428539820360365,0.0756363977391932,0.27232748643728
"sub-141",7,0,1,1.12679,0,0,1,1,-0.0455686185353746,0.287678753008583,-0.130459935617788,0.647469484945759
"sub-141",10,0,1,0.46153,0,0,1,1,0.24426878852925,0.181336682125995,-0.201575057736288,0.793852459453046
"sub-141",9,0,1,0.1552,0,0,1,1,0.54231935495045,-0.0693331715754337,0.051743399904808,0.067538103600964
"sub-141",6,0,1,0.17054,0,0,1,1,0.537624238214145,-0.348694319914406,0.406701921211303,-0.265684631094336
"sub-141",2,0,1,1.55681,1,1,0,1,-0.137005560080676,-0.157726097886485,-0.0777863697342885,0.343829079490388
"sub-141",9,0,1,0.02952,1,1,0,1,-0.316740845233047,-0.359967334687503,-0.430606505290295,-0.00023917150683701
"sub-141",3,0,1,0.0515000000000001,1,1,0,1,-0.278895689698402,-0.0312044848170545,-0.224139102074939,0.0944873322318017
"sub-141",3,0,1,0.1927,1,1,0,1,-0.0198414789823194,0.283860661434355,0.0507732262000597,0.066130631044507
"sub-141",1,0,1,0.33021,1,1,0,1,0.01183513024201,0.100476639231029,-0.00157329983388384,-0.537192431977019
"sub-141",4,0,1,0.0202199999999999,1,1,0,1,-0.0558163272993018,0.0730317995918018,0.318578923819587,-0.303839119337499
"sub-141",6,0,1,0.02657,1,1,0,1,-0.341818746645004,-0.3221668333712,0.33959952245156,-0.482072736136615
"sub-141",2,0,1,0.0315399999999999,1,1,0,1,-0.437429521000013,-0.0897598340589967,0.0601606687026409,-0.105884956195951
"sub-141",10,0,1,0.37484,1,0,0,1,0.940420634035642,-0.167303642671969,-0.115305552336698,0.47989335488528
"sub-141",2,0,1,0.11616,1,0,0,1,1.21069574852784,0.3887643388438,0.0286399234028067,0.0335724262869917
"sub-141",4,0,1,0.0298400000000001,1,0,0,1,0.603874766229031,0.420778894658994,0.00852595455944538,-0.048672365071252
"sub-141",3,0,1,0.0170999999999999,1,0,0,1,0.591950617264956,0.0405145905635975,-0.180308271078199,0.33329881504178
"sub-141",4,0,1,0.0315300000000001,1,0,0,1,0.0178808194274704,0.548531283589977,0.0802675510446231,0.538453156594187
"sub-141",4,0,1,0.0193000000000001,1,0,0,1,-0.328865026317847,0.805614733551111,0.416763217304833,0.472005721717142
"sub-141",5,0,1,0.0264899999999999,1,0,0,1,-0.555760633433238,0.0918635403116544,0.485433747448648,0.568546236725524
"sub-141",2,0,1,0.0337700000000001,1,0,0,1,-0.193030651348333,-0.814200480641038,0.366635760447631,-0.401786641590297
"sub-141",3,0,1,0.27959,1,1,1,1,-0.100922856169442,-0.452789366797165,-0.404311488072077,-0.084449567925185
"sub-141",7,0,1,0.0278400000000001,1,1,1,1,-0.260317177860998,-0.639170467163678,-0.130688044863443,-0.649017045274377
"sub-141",10,0,1,0.07403,1,1,1,1,0.201949350894817,-1.03437318190656,0.218484632282828,-0.671566125750542
"sub-141",10,0,1,0.08093,1,1,1,1,0.00333715222465495,-1.1388961987363,0.0107864087331109,-0.149611854297109
"sub-141",9,0,1,0.73872,1,1,1,1,0.139918244002426,-0.0767353999393958,-0.176214485429227,0.161345132486895
"sub-141",8,0,1,0.59404,1,1,1,1,-0.095077529666014,0.192828322903046,-0.0131271601033707,0.553491063183174
"sub-141",7,0,1,0.03355,1,1,1,1,0.258600612791876,-0.0576920343769921,0.0999798043436992,0.0168606500606984
"sub-141",5,0,1,0.58972,1,1,1,1,0.251104192866478,0.710746731781573,0.32682316567904,-0.0546427212655544
"sub-141",7,0,1,0.27463,1,0,1,1,0.221335077192634,0.515295257636656,-0.605945003412974,-0.687104832939804
"sub-141",7,0,1,0.0215700000000001,1,0,1,1,0.330629538240222,0.983308779696623,-0.488378294394352,-0.00222544888965785
"sub-141",10,0,1,0.02868,1,0,1,1,-0.545389178170202,0.765937527197551,-0.168611762831764,-0.0475174784660339
"sub-141",7,0,1,0.0216799999999999,1,0,1,1,-0.417431010321404,-0.672765386739263,-0.606377818311254,-1.01238783909939
"sub-141",6,0,1,0.13132,1,0,1,1,-0.664175572698393,-0.105039563506445,0.00341721445632478,0.200489916303195
"sub-141",10,0,1,0.0296799999999999,1,0,1,1,0.0109097394548977,0.0124414681405243,0.52166738656039,0.212950716260821
"sub-141",9,0,1,0.0194099999999999,1,0,1,1,0.446567163158155,0.0600551785814955,0.46404148946749,-0.0783770211040974
"sub-141",1,0,1,0.13624,1,0,1,1,0.287184093225126,-0.424737268024021,0.486311299493536,0.0597029044292867
"sub-141",4,0,1,0.0203599999999999,0,0,0,1,-0.0335133965903272,-0.729656857369399,-0.30094934348017,-0.086570973880589
"sub-141",1,0,1,0.0258400000000001,0,0,0,1,-0.0998334738736351,-0.821607870877617,-0.672262244353381,-0.607981383800507
"sub-141",6,0,1,0.0301800000000001,0,0,0,1,0.227585314889438,-0.966533274044869,-0.277538057028626,-0.239474391192198
"sub-141",3,0,1,0.01833,0,0,0,1,0.338385217692121,-0.21030807784862,-0.125537952427597,-0.112237869203091
"sub-141",1,0,1,0.01902,0,0,0,1,0.16810504255894,0.304339351054902,-0.149892774255325,-0.455587413161993
"sub-141",8,0,1,0.0303599999999999,0,0,0,1,0.0598991800895116,0.607425392915805,0.330727731537384,-0.048766541108489
"sub-141",1,0,1,0.32244,0,0,0,1,-0.208613122813404,1.03571936619227,0.401374150863073,1.09667138059158
"sub-141",3,0,1,0.06982,0,0,0,1,-0.140135753977423,1.03922108547003,0.185260462729881,1.00208319686353
"sub-141",9,0,1,0.02579,0,0,1,1,-0.0465025681017626,-0.692616571913715,0.146362034487538,-0.522043462656438
"sub-141",9,0,1,0.66352,0,0,1,1,0.159535247347473,-0.795769805916481,-0.408571076385366,-0.892775818158407
"sub-141",10,0,1,0.43649,0,0,1,1,0.235707813796277,-0.456358655735298,-0.399139195835839,-0.65988787766546
"sub-141",4,0,1,0.0233300000000001,0,0,1,1,-0.327704317828951,0.0726959073778104,-0.116569779192408,-0.29165724539198
"sub-141",9,0,1,0.03129,0,0,1,1,-0.491858215847363,0.295622556254751,0.484324304852635,1.18709888453595
"sub-141",6,0,1,0.0266999999999999,0,0,1,1,-0.0931596930604428,0.093168626366942,0.55400498288994,0.70959588107653
"sub-141",8,0,1,0.26073,0,0,1,1,0.334532740642317,-0.0735042849598728,-0.0888642311717073,-0.0852992150001228
"sub-141",9,0,1,0.45068,0,0,1,1,0.192741759082613,0.325324792311423,-0.313406001000355,-0.37172468546778
"sub-141",1,0,1,0.78255,1,1,0,1,-0.469020423440573,-0.467895568244987,-0.28446814394556,0.00129655729979277
"sub-141",2,0,1,0.0181199999999999,1,1,0,1,-0.196567240578588,0.256907830351136,0.362162830657326,0.23352361000143
"sub-141",3,0,1,0.2272,1,1,0,1,-0.19558595920292,0.937853616972764,0.219364889679127,0.307054114807397
"sub-141",6,0,1,1.01784,1,1,0,1,-0.608743799171255,0.16930218718739,0.437894424035524,-0.105600337024953
"sub-141",4,0,1,0.66591,1,1,0,1,0.269389058599093,-0.645610601813705,0.470796971504266,-0.207286116620526
"sub-141",2,0,1,0.64113,1,1,0,1,-0.112518148419137,-0.298034254185579,0.48227212477165,-0.132376240193844
"sub-141",2,0,1,0.61867,1,1,0,1,-0.434647661245738,0.369541735422832,-0.01507332646482,-0.100516402535141
"sub-141",10,0,1,0.5865,1,1,0,1,-0.0587443687642614,0.22713765657412,-0.0470377471841251,0.166770997084677
"sub-141",6,0,1,0.56608,0,0,0,1,0.158582188727451,0.252186205376078,-0.34483185930488,0.199418101925403
"sub-141",10,0,1,0.72071,0,0,0,1,0.102552262833342,-0.302134376709108,-0.250507883606285,0.639796606637537
"sub-141",3,0,1,0.7181,0,0,0,1,0.199393993670431,0.462777784715096,0.275807783686711,1.47532290443778
"sub-141",3,0,1,0.59664,0,0,0,1,-0.189429544804928,0.98030481170173,1.10571408799539,1.36401576530188
"sub-141",1,0,1,0.6779,0,0,0,1,-0.676103642152157,0.379466180517166,0.148637050297111,0.050726314651547
"sub-141",1,0,1,0.55648,0,0,0,1,-0.456107273620243,-0.99053053630309,-0.919422780163586,-0.680821888847277
"sub-141",1,0,1,0.0330600000000001,0,0,0,1,0.131044344821324,-1.32168710232643,-0.522808145266026,-0.637751864409074
"sub-141",1,0,1,0.02691,0,0,0,1,0.0755240481036405,-0.445235862914059,-0.0720393141382374,-0.638348018378019
"sub-141",8,0,1,0.67763,1,1,1,2,-0.0737658302144458,0.644849185004003,0.343482938857051,0.189539087750018
"sub-141",9,0,1,0.08182,1,1,1,2,-0.601737321044008,-0.0806936585447854,-0.368804251348289,-0.463001186901238
"sub-141",8,0,1,0.0216700000000001,1,1,1,2,0.0376974340470042,-0.375094442352377,-0.357782006729394,-0.562150579039007
"sub-141",8,0,1,0.19388,1,1,1,2,0.625772456483295,-0.18503034480468,0.00336276038190893,-0.0199356962926686
"sub-141",8,0,1,0.53334,1,1,1,2,-0.375978975115383,0.421803947641618,-0.250118935558324,-0.0687781382352114
"sub-141",6,0,1,0.50016,1,1,1,2,-0.78050440736115,0.639441842592701,0.123297466025785,0.407910197298042
"sub-141",3,0,1,0.16081,1,1,1,2,-0.628505546754847,0.435652358181499,0.398841882590204,0.362659342214465
"sub-141",9,0,1,0.54929,1,1,1,2,-0.139650957658887,-0.140402375513481,0.81471165192003,0.21950966718141
"sub-141",2,0,1,0.2308,1,0,0,2,0.143868073006161,-0.00888513042419045,-0.123236352364377,-0.141849890456069
"sub-141",1,0,1,0.4367,1,0,0,2,-0.562403723442306,0.348503448879691,-0.224389201864445,-0.213941944949329
"sub-141",2,0,1,0.52857,1,0,0,2,-0.235354206815828,0.0538488621306088,-0.443640620505903,0.00136394836008549
"sub-141",5,0,1,0.56817,1,0,0,2,0.0369117139432777,0.0906203460914117,-0.410718620133897,-0.446166751720011
"sub-141",9,0,1,0.69022,1,0,0,2,0.147983234569741,0.460463457361416,-0.5164182116132,-0.331213956186548
"sub-141",3,0,1,0.63009,1,0,0,2,-0.0391416185690711,-0.258311024616921,-0.237410222995095,0.0646467884071171
"sub-141",1,0,1,0.55714,1,0,0,2,0.0585774201123665,-0.490992759871814,-0.340600173377122,0.465590375754982
"sub-141",2,0,1,0.50631,1,0,0,2,-0.205708461347967,0.288106518211188,-0.15849496354349,-0.141872324049473
"sub-141",2,0,1,0.85434,1,1,0,2,-0.721933693702643,0.15927041393405,-0.183033981011249,0.0914124297909439
"sub-141",3,0,1,0.56179,1,1,0,2,-0.620005347744154,0.271740423136011,-0.0127782986188928,0.324135550297797
"sub-141",3,0,1,0.2676,1,1,0,2,0.0125991342938505,-0.0827458636938698,0.0278266335371882,-0.219489122834057
"sub-141",6,0,1,0.0194700000000001,1,1,0,2,0.0431885649256098,-0.5100119228699,0.735269065325459,-0.27750216087079
"sub-141",4,0,1,0.02634,1,1,0,2,0.135264806294193,-0.304934637896993,0.440060386201367,0.0505183920846321
"sub-141",2,0,1,0.0167299999999999,1,1,0,2,-0.0767573758494109,0.189410995429002,0.19709969763062,0.404078309424222
"sub-141",4,0,1,0.0223500000000001,1,1,0,2,-0.523711065761745,0.105902104194414,-0.068005072932768,0.150743289850652
"sub-141",9,0,1,0.86548,1,1,0,2,-0.330384790024254,-0.311512786860543,0.210330630497386,0.160522513557225
"sub-141",8,0,1,0.2716,1,0,1,2,0.521477442244456,0.444559903953362,0.0847857878543437,0.414374629803933
"sub-141",10,0,1,0.59428,1,0,1,2,0.142805728983755,0.750979125663569,0.421543232902574,1.08134540468454
"sub-141",5,0,1,0.06453,1,0,1,2,-0.765953447320499,0.487758865373002,0.429278497952813,-0.296156833320856
"sub-141",7,0,1,0.22389,1,0,1,2,-0.573697161589128,-0.363203895312768,0.00828866334632039,-0.585479906016553
"sub-141",9,0,1,0.12473,1,0,1,2,0.0857129273936152,-0.647449198385908,-0.148828954203054,0.167297579161823
"sub-141",9,0,1,0.17046,1,0,1,2,0.424851609549175,-0.0353324051118559,-0.407131509544949,-0.0508116001379676
"sub-141",10,0,1,0.02515,1,0,1,2,-0.170973936095834,0.0255827487756809,-0.463271050704255,-0.645105681964196
"sub-141",4,0,1,0.75015,1,0,1,2,-0.257721235703987,0.873696779004402,0.529341053634804,0.536708721518517
"sub-141",3,0,1,0.72962,0,0,0,2,-0.401475131395273,0.368003176990896,-0.435536564948658,-0.247607066016644
"sub-141",7,0,1,0.01834,0,0,0,2,-0.862291398535793,0.146062596321658,-0.153941150822599,-0.560935654677451
"sub-141",4,0,1,0.13899,0,0,0,2,-0.0252159312561465,0.222702665892602,-0.486429338809103,-0.312296227784827
"sub-141",5,0,1,0.02721,0,0,0,2,-0.164634353015572,0.0574970272395553,-0.00675509807964166,-0.10656958327163
"sub-141",3,0,1,0.01799,0,0,0,2,-0.176262205932289,-0.113975879279207,0.24707863580746,-0.075319460593164
"sub-141",1,0,1,0.03043,0,0,0,2,-0.351081569446251,-0.0906984220879773,0.122509719677813,-0.0753550440073013
"sub-141",3,0,1,0.02854,0,0,0,2,-0.257965253976484,-0.660138226545381,0.053057940735016,-0.118362693302333
"sub-141",1,0,1,0.0323899999999999,0,0,0,2,0.187391883072754,-0.219856949454104,0.0616730998735875,-0.0633189555257559
"sub-141",8,0,1,0.71238,1,1,1,2,-0.0781770744749034,0.601313083264459,-0.231089151153962,0.490295961778611
"sub-141",1,0,1,0.0228200000000001,1,1,1,2,-0.403835887516228,0.136771025067126,0.0405781430502733,0.238741253083572
"sub-141",9,0,1,0.0258499999999999,1,1,1,2,-0.525096933270106,0.399473822837333,0.173796317908758,-0.0669346910901368
"sub-141",6,0,1,0.01675,1,1,1,2,-0.564970184195166,0.139593606254224,0.0822028624437128,-0.308145571686327
"sub-141",8,0,1,0.56808,1,1,1,2,-0.0110196687746793,-0.44983850909328,0.229146429958443,0.255965045746416
"sub-141",7,0,1,0.02532,1,1,1,2,0.523995134009359,0.130982043782111,0.269956668683638,0.470160224847496
"sub-141",10,0,1,0.0320400000000001,1,1,1,2,0.311990574778368,0.407790874441465,-0.0687177227810025,0.220680391415954
"sub-141",10,0,1,0.62231,1,1,1,2,0.0409935425268486,0.262698307081505,0.14137576178958,0.0664761922882462
"sub-141",10,1,0,NA,0,0,1,2,0.0288372791837901,-0.148169157785122,-0.0887872331465284,-0.100960580259562
"sub-141",10,0,1,0.0318099999999999,0,0,1,2,0.436685319446648,-0.168674756186428,-0.194458303332794,-0.550448441365734
"sub-141",6,0,1,0.0287500000000001,0,0,1,2,0.137839260976762,0.728965454389928,-0.162267546331956,0.122340575326234
"sub-141",7,0,1,0.23444,0,0,1,2,-0.539840351014088,0.641416360563771,0.110067146461612,0.402817042730749
"sub-141",3,0,1,0.03146,0,0,1,2,-0.538083549317283,0.489860858056798,0.487790568149649,0.00805068761110306
"sub-141",9,0,1,0.64458,0,0,1,2,-0.199381715152413,0.690066316352588,0.179308709610874,0.495628104824573
"sub-141",9,0,1,0.72628,0,0,1,2,-0.575860388576984,0.82231414180111,-0.0173321188582728,0.500870619807392
"sub-141",10,0,1,0.08707,0,0,1,2,-0.537600566167384,-0.2102007114682,-0.361798971736183,-0.299504242930561
"sub-141",6,0,1,0.76534,1,0,0,2,-0.195931454208524,-0.178533308173495,-0.0167058209190145,-1.13399331634864
"sub-141",2,0,1,0.10145,1,0,0,2,0.27632768979917,-0.259905342849109,-0.0837778386194259,-1.15942457844503
"sub-141",1,0,1,0.25179,1,0,0,2,0.0229116769429917,-0.701900819713181,-0.103004024519275,-0.877151085808873
"sub-141",3,0,1,0.02094,1,0,0,2,-0.202902181772515,-0.968075593036634,-0.0485954806208611,-0.0752230718149804
"sub-141",7,0,1,0.0200400000000001,1,0,0,2,0.0190965050520996,0.291425955964735,0.149485517895907,1.32848885562271
"sub-141",2,0,1,0.0163899999999999,1,0,0,2,0.434373350503544,0.256385460263118,-0.0671894120362898,0.993677420169115
"sub-141",4,0,1,0.02142,1,0,0,2,0.352359619767716,0.448812754203876,0.0616245103689531,0.270808410574682
"sub-141",3,0,1,0.01718,1,0,0,2,-0.0544686897677214,-0.147646242420672,-0.443251996407829,0.1762235630129
"sub-141",7,0,1,0.0312399999999999,1,0,0,2,-0.571625046509629,0.492909878078434,0.16107563416396,0.243739214127709
"sub-141",5,0,1,0.10411,1,0,0,2,-0.26290064638791,-0.0813337866630819,-0.0415021864052202,0.185645929072052
"sub-141",7,0,1,0.13707,1,0,0,2,-0.000924786669202149,0.562015286198369,0.581964106919865,0.176950142346323
"sub-141",3,0,1,0.0477099999999999,1,0,0,2,0.287537829348973,0.157093836753457,0.799761915579438,-0.0555640244914684
"sub-141",8,0,1,0.33728,1,0,0,2,-0.189096507810367,1.05515440125708,0.410993019895007,0.229623777442612
"sub-141",7,0,1,0.45755,1,0,0,2,-0.875237923891594,1.08955561728389,-0.313383240873615,0.592596202832647
"sub-141",10,0,1,0.0227200000000001,1,0,0,2,-0.540202059783041,0.374261662226032,-0.403547328717347,-0.432137788832188
"sub-141",7,0,1,0.63576,1,0,0,2,0.242461805076649,-0.323428527693506,-0.242211693160546,-0.615319298394024
"sub-142",6,1,0,NA,0,0,1,1,0.481294156168588,0.539948328398168,-0.914199946564622,-0.073693573102355
"sub-142",2,0,1,1.07152,0,0,1,1,0.246213168138638,0.535554094791964,-0.484884338026556,-0.411957705579698
"sub-142",7,0,1,0.76779,0,0,1,1,0.286472738953307,-0.047455514539723,-0.156646787382973,-0.256458769366145
"sub-142",8,0,1,0.93353,0,0,1,1,-0.13036940790092,-0.47832701467107,0.0184914446435869,0.201365737151355
"sub-142",7,0,1,0.18366,0,0,1,1,-0.685912686400115,-0.302216807587279,0.290287474034509,-0.390345023695409
"sub-142",9,0,1,1.31815,0,0,1,1,0.0473033495169754,-0.228845917033377,0.465615527005866,-0.977207165956497
"sub-142",10,0,1,0.41559,0,0,1,1,0.815875028182442,-0.867237773689407,0.824230633309223,-0.177063823770732
"sub-142",9,0,1,0.61667,0,0,1,1,0.572857439052314,-0.700346567271346,1.23428536436404,0.863572146510705
"sub-142",1,0,0,0.81528,1,1,0,1,-0.148319941324492,-0.380782887236112,-0.752041247285282,-0.288046306651086
"sub-142",1,0,0,1.34996,1,1,0,1,0.565317782728622,-0.383477299646647,-0.0786837029542464,0.366057973867282
"sub-142",8,0,1,0.78174,1,1,0,1,0.504155638705318,-0.0346535781260442,0.618904032123586,0.620160628017038
"sub-142",1,0,0,0.68164,1,1,0,1,0.0476603190569828,-0.451167879971089,-0.0280025787651539,-0.196369301527739
"sub-142",4,0,1,0.61232,1,1,0,1,0.0362306700553745,0.139142572746129,-0.269314750543951,-0.0670090983621776
"sub-142",4,0,1,0.59441,1,1,0,1,0.126884679620465,-0.309563516259745,0.0776148045940014,-0.107186832465231
"sub-142",6,0,1,0.58778,1,1,0,1,0.455077702431784,-0.949387275993272,0.135668382281438,-0.0772323897574097
"sub-142",4,0,1,0.33977,1,1,0,1,0.376069380513703,-0.273586593913259,0.842877389863133,0.110548255778849
"sub-142",7,0,1,0.67215,1,0,0,1,0.331923613247151,-0.00907826320164733,0.293287164609258,-0.24511211887002
"sub-142",4,0,1,0.37688,1,0,0,1,0.244634316749095,0.199386959507441,0.185096325247287,0.200724978558719
"sub-142",6,0,1,0.02793,1,0,0,1,-0.204558837848405,0.334491772853114,-0.725756205890017,0.156081385584548
"sub-142",1,0,0,0.99463,1,0,0,1,-0.0450360356286789,-0.374708797416167,-0.567278918654968,0.0292337300601503
"sub-142",1,0,1,0.86302,1,0,0,1,-0.198414722069477,-0.392325692551417,-0.264374663684672,0.300611844658852
"sub-142",4,0,1,0.79172,1,0,0,1,-0.164270368947958,0.337548708991596,-0.290072055067867,0.0155431753781158
"sub-142",3,0,1,0.48579,1,0,0,1,0.0388539057069769,0.620707560882524,-0.147923955266985,-0.316092642926378
"sub-142",2,0,1,0.52125,1,0,0,1,0.38754194159992,0.522630798771489,0.490883962071772,0.300275095924735
"sub-142",1,0,1,1.1956,0,0,0,1,0.395076338740182,-0.368894619798219,0.101263113087043,-0.0549335195915773
"sub-142",1,0,1,0.82743,0,0,0,1,0.134264821962764,0.00677376722106365,0.0700390484416857,-0.536784760653973
"sub-142",3,0,1,0.59194,0,0,0,1,0.172373380686622,-0.765783919918316,0.225091659929603,-0.378266138210893
"sub-142",5,0,1,0.10452,0,0,0,1,0.275695355221008,-0.115295194641308,-0.155108858598396,-0.418707750644535
"sub-142",9,0,1,0.86443,0,0,0,1,0.964453960536048,-0.50987652686901,-0.323265757411718,-0.336523924298672
"sub-142",1,0,1,0.88676,0,0,0,1,0.352007361284147,0.0881910373767217,-0.447779093248149,-0.177419459342491
"sub-142",1,0,1,0.75317,0,0,0,1,0.105197527620476,-0.563218981846822,-0.184392181341536,-0.0951116087846458
"sub-142",4,0,1,0.68492,0,0,0,1,0.549822497328933,-1.10852879920491,0.328741217652957,0.240990635985509
"sub-142",10,0,1,1.34321,0,0,1,1,-0.0353285539119194,0.120933665497297,0.263261097056481,0.512789509212598
"sub-142",7,0,1,0.68837,0,0,1,1,0.53668011771515,-0.258682978925882,0.159350157075096,0.121578005864285
"sub-142",9,0,1,0.61228,0,0,1,1,-0.245695948639574,-0.459741340984625,-0.14245493345273,-0.029346995252854
"sub-142",2,0,1,0.68245,0,0,1,1,-0.224639798514545,-0.759282768988568,0.288950546567018,-0.449837737355847
"sub-142",9,0,1,0.5662,0,0,1,1,0.352995330943183,-0.676619148864928,0.349779912949695,-0.320958250854164
"sub-142",6,0,1,0.79763,0,0,1,1,0.63072595008028,-0.196270971800442,0.2011818162282,0.0121751650702208
"sub-142",8,0,1,0.92995,0,0,1,1,0.541248633991927,0.123648949795299,0.531559486378683,-0.147815255855676
"sub-142",10,0,1,0.81079,0,0,1,1,-0.0663869330504288,-0.356604534201324,0.211115806053082,-0.322306656744331
"sub-142",1,0,1,0.76988,0,0,0,1,0.577574398058156,0.242999231304835,-0.242412238381803,-0.184856411349028
"sub-142",1,0,1,0.43178,0,0,0,1,0.364547220058739,0.179304638429096,-0.179076811842,-0.210050310683437
"sub-142",2,0,1,0.67037,0,0,0,1,0.241153434307004,0.230611513455019,-0.486880007393969,0.183026011381298
"sub-142",5,0,1,0.52101,0,0,0,1,0.0856315438092376,-0.305404209204156,0.140784368966706,0.467830779746873
"sub-142",9,0,1,0.66893,0,0,0,1,0.0181504996726289,-0.503061858927106,0.527802475960925,-0.298496588878334
"sub-142",3,0,1,0.70176,0,0,0,1,0.415509787543366,0.306722117725898,0.674368687303892,-0.138820663001388
"sub-142",4,0,1,0.51685,0,0,0,1,0.0727246524766088,-0.258192342775012,0.307251847568599,0.0949657683260739
"sub-142",1,0,1,0.51705,0,0,0,1,-0.145839399502923,-0.381962111978619,-0.0587901432688038,0.0670362764038146
"sub-142",8,0,1,0.81028,1,0,1,1,0.267765827244148,-0.278253016657093,-0.0843448330027362,0.030093866540119
"sub-142",1,0,1,0.44337,1,0,1,1,0.446598195073117,0.0414429949596524,-0.073864531480164,0.238235747162253
"sub-142",7,0,1,0.57632,1,0,1,1,-0.0768819691826745,0.299650880408956,-0.12948021835958,0.0609682805137709
"sub-142",10,0,1,0.59301,1,0,1,1,0.0368418149494876,0.0321482835699701,0.13036482934452,-0.139812555722892
"sub-142",9,0,1,0.75449,1,0,1,1,0.325101643315672,0.504741724235592,0.1356976031675,-0.16672807042487
"sub-142",5,0,1,1.47206,1,0,1,1,0.542150532982002,0.2082892138235,0.50017465792674,0.0898613543249667
"sub-142",8,0,1,0.6171,1,0,1,1,-0.0888733468018472,-0.456121204696872,0.445537443816041,-0.290742685645819
"sub-142",8,0,1,1.03448,1,0,1,1,-0.161643983252967,-0.546227168796274,-0.0811147928761784,-0.549433223344386
"sub-142",7,0,1,0.77766,1,1,0,1,0.983590536362802,-1.30768075047268,0.267824854779368,-0.499124938977184
"sub-142",5,0,1,0.40975,1,1,0,1,-0.250281188184696,-1.05408450781747,-0.0139840660461535,-0.168823583144695
"sub-142",4,0,1,0.67578,1,1,0,1,-0.135041863133665,-0.484114802476984,0.813571409050686,0.480234490800649
"sub-142",2,0,1,0.81621,1,1,0,1,-0.0563224451228355,-0.194053245466892,0.854601236836364,0.31460275137797
"sub-142",3,0,1,0.64023,1,1,0,1,-0.0684101462344794,-0.471063628654789,0.221959418306748,-0.035124341561459
"sub-142",2,0,1,0.506,1,1,0,1,0.0576172266931584,0.102912797420113,-0.0987708055181429,0.141781531472225
"sub-142",1,0,1,0.60077,1,1,0,1,0.0720374246593565,0.32699190378534,-0.066358087642584,0.371816935902461
"sub-142",1,0,1,0.5371,1,1,0,1,0.102232551163373,0.714916110603587,-0.251390838762745,0.0972811010433361
"sub-142",6,0,1,0.99389,1,1,0,1,0.515373677480966,-0.0438330204881452,-0.431384654249996,-0.126808117749169
"sub-142",7,0,1,0.57344,1,1,0,1,0.0920287179372584,-0.225952147799372,0.0549014959639559,-0.757614580914378
"sub-142",8,0,1,0.58937,1,1,0,1,-0.00993596831540344,0.13661557054837,0.455670268895725,-0.222344684461132
"sub-142",10,0,1,0.63894,1,1,0,1,0.329826658902069,0.35376808544,0.551414753831826,0.0862601552158594
"sub-142",8,0,1,0.78757,1,1,0,1,0.550182303413749,-0.318708573297718,0.61470575054894,0.162539999000728
"sub-142",7,0,1,0.9527,1,1,0,1,0.404375256970525,-0.713123037173689,0.250374093001786,-0.0891887139994651
"sub-142",10,0,1,0.60188,1,1,0,1,0.364558277962108,-1.05263489850417,0.140592007781379,-0.480736919585615
"sub-142",2,0,1,0.65132,1,1,0,1,0.445961246771428,-0.966704862985622,0.385841943440028,-0.45265692176763
"sub-142",10,0,1,0.60338,1,0,1,2,0.545925883498664,0.409291383810341,0.232742725483452,0.103306539740879
"sub-142",10,0,1,0.21343,1,0,1,2,0.222795678225035,-0.0157978296521361,0.467350267902172,0.299948312342167
"sub-142",10,0,1,0.50282,1,0,1,2,-0.321951837589343,-0.280317369020647,0.107603881818553,0.0983437595888972
"sub-142",7,0,1,0.75246,1,0,1,2,0.0250242832504834,-0.443183971879383,0.154526234914859,0.186688600061461
"sub-142",7,0,1,0.34925,1,0,1,2,0.0176567538680198,0.311528223532218,-0.393113418094193,0.00146291232085787
"sub-142",6,0,1,0.89757,1,0,1,2,-0.220323941825579,0.398748891083179,-0.38650609558681,-0.726469349768013
"sub-142",7,0,1,0.59656,1,0,1,2,-0.426171690380822,-0.0180977438447169,0.18621183745563,-0.305138324014843
"sub-142",1,0,1,0.29342,1,0,1,2,-0.43310392772158,0.181717367497859,0.331751363060903,-0.083388995192945
"sub-142",2,0,1,1.14918,1,1,0,2,0.175566968740895,-0.17334049369243,-0.459851867868565,-0.211675406293944
"sub-142",1,0,1,0.03115,1,1,0,2,0.170770184369758,-0.717507059685886,-0.0816267932144304,-0.434023180045187
"sub-142",8,0,1,0.10677,1,1,0,2,0.0455456913235442,-0.402588292132822,0.0564495449264844,-0.283315036818385
"sub-142",3,0,1,0.03651,1,1,0,2,0.274620434191699,0.424427354613457,-0.0598669994312028,-0.389758730772883
"sub-142",5,0,1,0.13403,1,1,0,2,-0.00146092726693799,-0.0872646186293827,0.0708109682891518,-0.201356810005382
"sub-142",4,0,1,0.67433,1,1,0,2,-0.244404896589307,-0.321867746059541,0.746662153784806,0.147293118201196
"sub-142",2,0,1,0.21758,1,1,0,2,-0.331721817220872,-0.0709559950218708,0.403635885915719,0.475117669254541
"sub-142",2,0,1,0.0322,1,1,0,2,-0.22823531848068,-0.160400170625912,0.413405988443022,0.177989652341421
"sub-142",2,0,1,0.75705,0,0,0,2,-0.461846734591139,-0.000804848831008982,-0.772716676040242,0.0739983923034742
"sub-142",1,0,1,0.0199199999999999,0,0,0,2,-0.297663061084071,-0.347071998476706,-0.383117024068876,0.0293220651394222
"sub-142",8,0,1,0.24868,0,0,0,2,-0.284043638578927,-0.259604719088033,0.0798264822272661,-0.0489892773795873
"sub-142",3,0,1,0.71132,0,0,0,2,0.451485891205569,0.933994463903623,0.658944826980587,0.207116151228547
"sub-142",2,0,1,0.54405,0,0,0,2,0.727833304593029,0.680497381698202,-0.424582699973447,-0.227642113692127
"sub-142",1,0,1,0.67547,0,0,0,2,0.225120411526101,0.600792281088178,-0.354683670739178,-0.229361472371966
"sub-142",4,0,1,0.68953,0,0,0,2,0.391427793617671,-0.504966314537106,0.2888235320958,0.212758327601478
"sub-142",6,0,1,0.70479,0,0,0,2,0.134504775361468,-0.310462047725364,0.30029721558094,0.126253178156912
"sub-142",5,0,1,1.21077,1,0,1,2,0.395671639125794,0.119240486597711,-0.906388819690619,0.767080235481262
"sub-142",7,0,1,0.49162,1,0,1,2,0.121465038120126,0.43889911076123,-0.338361764481912,-0.297540233191103
"sub-142",7,0,1,0.49087,1,0,1,2,-0.558746840120875,-0.820121543240492,-0.967723271343857,-0.895704635488801
"sub-142",3,0,1,0.69612,1,0,1,2,-0.6424836312702,-0.376372588315496,-0.257525252954413,-0.303064006427303
"sub-142",9,0,1,0.10532,1,0,1,2,0.230281596130226,0.564504269510508,0.503825066339535,0.0428857211954892
"sub-142",10,0,1,0.12257,1,0,1,2,0.577862530961283,0.0542537570517096,0.198524004391705,-0.111018018715549
"sub-142",8,0,1,0.71565,1,0,1,2,0.287353170531181,0.450194854910175,0.307597248996899,0.0114992521703243
"sub-142",8,0,1,0.74893,1,0,1,2,-0.168046259709323,0.633465731723441,0.677900681388564,-0.451759632246103
"sub-142",9,0,1,0.44378,0,0,1,2,-0.0431500745762605,0.815424738296618,-0.200945631523306,0.039011503662914
"sub-142",8,0,1,0.83232,0,0,1,2,-0.267648095575472,0.740325890895393,0.0779627099400386,-0.0803430111147463
"sub-142",8,0,1,0.85636,0,0,1,2,-0.219760944989199,-0.417075427800969,-0.254584414399384,0.0775018739979714
"sub-142",8,0,1,0.48772,0,0,1,2,0.205299408252661,-0.869708749845072,0.0488616881581644,0.482396694360432
"sub-142",3,0,1,0.58359,0,0,1,2,-0.165396390094732,-0.411425262103202,-0.0213720415097972,0.212338829413056
"sub-142",5,0,1,0.61737,0,0,1,2,-0.0365685508392441,0.117169244559827,0.133070243580732,0.260454999934882
"sub-142",8,0,1,0.6662,0,0,1,2,0.114088519127108,-0.326646581223166,-0.0526937751565129,0.315790415927768
"sub-142",9,0,1,0.51444,0,0,1,2,0.0817449695120255,-0.355759741039947,0.183033857669216,0.00138302235864103
"sub-142",7,0,1,0.84777,1,0,0,2,0.176944183321514,0.363408312615421,-0.111672972047624,-0.318755987053737
"sub-142",5,0,1,0.7811,1,0,0,2,0.48638653048935,0.224433340339197,-0.197732969226005,0.0330099956947379
"sub-142",1,0,1,0.0805499999999999,1,0,0,2,0.545373925153399,-0.189056787665726,-0.292843538559585,-0.4175370588433
"sub-142",1,0,1,0.0969500000000001,1,0,0,2,-0.00443563676769069,-0.593279152763662,-0.168321272676015,-0.425374232721515
"sub-142",2,0,1,0.0257099999999999,1,0,0,2,-0.567334801230269,-0.0767446395022691,-0.0650427389676527,-0.0394252762722317
"sub-142",1,0,1,0.0268900000000001,1,0,0,2,-0.169820980030939,0.18607007663835,0.0547185777686536,-0.0301443168893456
"sub-142",2,0,1,0.48306,1,0,0,2,0.427866632506872,-0.794215109337259,-0.0605441984031737,0.314530983241275
"sub-142",1,0,0,1.13807,1,0,0,2,0.503212350886315,-0.594518465021725,-0.0139472644465665,0.889583279273938
"sub-142",8,0,1,0.99704,1,1,1,2,0.039565047986495,0.306215404917667,0.416368122134979,-0.252869772352278
"sub-142",7,0,1,0.77948,1,1,1,2,0.32199380270716,0.317254416092678,0.553222759238755,-0.0923358832951635
"sub-142",9,0,1,0.69996,1,1,1,2,0.403828696813434,0.705525242482071,0.369895661055731,0.161365726101212
"sub-142",10,0,1,0.67633,1,1,1,2,-0.184998454370846,0.712276482609687,-0.35845258878544,-0.0153194069280289
"sub-142",10,0,1,0.46751,1,1,1,2,-0.607881893006076,0.379404224714057,-0.356516399576018,0.0543973613530397
"sub-142",10,0,1,0.88911,1,1,1,2,0.093258284808447,-0.272591188549995,0.158729204209521,0.446889220064622
"sub-142",6,0,1,0.85624,1,1,1,2,0.199867715826258,-0.363044611316312,-0.0474309396377066,0.388560514664277
"sub-142",4,0,1,0.70482,1,1,1,2,-0.263758377715324,0.429910208374538,-0.342503643206631,0.014714298886247
"sub-142",4,0,1,0.91132,1,0,0,2,0.25880193671037,-0.883766908552153,-0.140496344489899,-0.59607670889236
"sub-142",5,0,1,0.6191,1,0,0,2,0.342254520549128,-0.563373097942935,-0.290200893223907,-0.199749988922849
"sub-142",3,0,1,0.47472,1,0,0,2,0.314964286061392,-1.13838708704268,-0.283162563282531,-0.0983384243911132
"sub-142",3,0,1,0.60781,1,0,0,2,0.154596197457674,-0.791911579392575,-0.523489344127787,-0.523028365010396
"sub-142",2,0,1,0.67372,1,0,0,2,0.310429659439251,-0.142642557534769,-0.202163600983719,-0.498885449022055
"sub-142",7,0,1,0.30551,1,0,0,2,0.356354784880144,-0.217781061565297,0.308516570405724,0.063376062840689
"sub-142",3,0,1,0.51168,1,0,0,2,0.339826042972466,-0.8989435641302,0.49793663728633,0.713799041649327
"sub-142",3,0,1,0.63412,1,0,0,2,0.331835924259697,0.026886864254872,0.470142928340162,0.425597014930099
"sub-142",8,0,1,0.82181,1,1,0,2,-0.000641863055837651,0.101451529569372,0.0568493805476464,0.051557109085843
"sub-142",9,0,1,0.77438,1,1,0,2,-0.327571953879669,0.555554657346673,-0.558336595073342,-0.25935847228393
"sub-142",7,0,1,0.67111,1,1,0,2,0.405982344799365,-0.230969617341611,0.0315308241018405,0.193983574863523
"sub-142",6,0,1,0.75237,1,1,0,2,0.473065650983093,0.0841924956551305,0.386038491347184,0.0977854072116315
"sub-142",3,0,1,0.91507,1,1,0,2,-0.0878528060081104,0.974810872640875,0.0361588852635274,-0.0820658766664565
"sub-142",7,0,1,0.76481,1,1,0,2,-0.107107848871541,0.237311861167351,-0.478154480098359,0.217024005204439
"sub-142",7,0,1,0.66167,1,1,0,2,-0.176965766819194,-0.115956588631013,-0.270705793673793,-0.154221582910395
"sub-142",9,0,1,0.64029,1,1,0,2,0.360812983320405,-0.887667658152404,0.329332679878765,0.433679033163935
"sub-143",1,0,1,1.91089,1,1,0,1,0.289291929890169,-0.399542358738405,0.136466033135851,-0.635605912806932
"sub-143",1,0,0,0.67138,1,1,0,1,0.870744636437545,0.858839593689751,-0.0150700367521495,-0.245762895792723
"sub-143",1,0,0,1.38433,1,1,0,1,0.807129331321145,0.272575258516655,-0.391300985453806,-0.312264191685244
"sub-143",10,0,1,0.27972,1,1,0,1,0.496620490060498,0.159257810968147,-0.63304940519932,-0.965084414929152
"sub-143",1,0,1,0.65961,1,1,0,1,-0.162558305736942,-0.313744464932286,-0.372272328628848,-0.52993386387825
"sub-143",3,0,1,0.10547,1,1,0,1,-0.134269455913454,-0.125210894461445,-0.520537904521916,-0.361276124278083
"sub-143",1,0,1,0.75218,1,1,0,1,0.0836938994325465,0.244529096036718,-0.577777363534551,-0.355395925510675
"sub-143",5,0,1,0.0312600000000001,1,1,0,1,-0.342040678544436,0.664256645504523,-0.191940906457603,-0.120089759788243
"sub-143",8,0,1,0.03207,1,0,1,1,0.786440025200136,-0.302003740436501,0.348491351236589,0.347564626438543
"sub-143",10,0,1,0.0269299999999999,1,0,1,1,0.317911801169733,-0.245406673393316,0.290084619540721,0.14732300832402
"sub-143",5,0,1,0.18878,1,0,1,1,0.158531150276152,-0.739903603904639,0.0217338460109507,0.37446529190056
"sub-143",7,0,1,0.0347,1,0,1,1,0.388520859880373,-0.581912367432206,0.143266354260656,0.126769261807203
"sub-143",9,0,1,0.0303599999999999,1,0,1,1,-0.367903768783435,-0.927831717128693,0.603468360146508,0.0756769483909011
"sub-143",8,0,1,0.0267599999999999,1,0,1,1,-0.523007279795517,0.173910209426173,0.66036718711257,0.00344407681841403
"sub-143",4,0,1,0.02207,1,0,1,1,-0.247402152667443,-0.101108762401122,-0.326527807667541,-0.671368583478034
"sub-143",7,0,1,0.0180800000000001,1,0,1,1,0.284204958472401,-0.245701392370932,-0.721004403351496,-0.26581345628947
"sub-143",4,0,1,0.0204,1,0,0,1,-0.290157834717926,-0.0801665456706865,-0.531706975520744,-0.610220756195486
"sub-143",3,0,1,0.0174000000000001,1,0,0,1,-0.639010183202724,-0.23773027674502,-1.01249952241778,-0.126205770391971
"sub-143",2,0,1,0.0301400000000001,1,0,0,1,-0.22290099603318,-0.320377014223831,-0.835864123577873,-0.0613760326057673
"sub-143",7,0,1,0.02718,1,0,0,1,0.255948601989076,0.0465423922675351,-0.0159287945522616,-0.567538203159347
"sub-143",4,0,1,0.02217,1,0,0,1,0.599286961078178,0.854546490539279,0.452395073060567,-0.406673758663237
"sub-143",6,0,1,0.33629,1,0,0,1,1.12260033846057,1.73984004391564,0.443253238949789,-0.120602352591231
"sub-143",2,0,0,1.00074,1,0,0,1,0.739043832446138,1.20273641621073,-0.180637261131778,-0.499920348264277
"sub-143",4,0,1,0.02936,1,0,0,1,-0.463355480344035,-0.295820705661619,-0.356997103934797,-0.441127673815936
"sub-143",3,0,1,0.96833,0,0,0,1,0.515226842602715,0.448903828031487,0.280927758436519,-0.207712383620674
"sub-143",1,0,0,0.28165,0,0,0,1,0.942480736722549,0.1600487751205,-0.322597254843762,-0.0563642056658864
"sub-143",3,0,1,0.0269299999999999,0,0,0,1,0.662023376838382,-0.168762234961765,-0.852493592945393,0.0669796743779443
"sub-143",2,0,1,0.756,0,0,0,1,-0.105432297156464,-0.756893238742594,-0.64675207886224,0.126089466735721
"sub-143",9,0,1,0.0185200000000001,0,0,0,1,-0.734546476858668,-1.04602464226385,-0.229317373751352,0.359999387245625
"sub-143",4,0,1,0.0306,0,0,0,1,-0.0845958061424123,-0.619200981084119,0.0618967115879059,0.141898137750104
"sub-143",6,0,1,0.0270300000000001,0,0,0,1,0.221193739698113,-0.578361510092186,-0.203441222586359,-0.102114154407172
"sub-143",2,0,1,0.29199,0,0,0,1,0.605539331057419,-0.318892697320768,-0.454831142909825,-0.54272374715656
"sub-143",7,0,1,0.0786800000000001,1,1,1,1,-0.142320312113346,-0.148706777150639,0.63409553503152,-0.310314064708655
"sub-143",2,0,0,1.09097,1,1,1,1,-0.0133455487763664,-0.666481633153227,-0.319314017998598,-0.720951459277421
"sub-143",8,0,1,0.02003,1,1,1,1,-0.0443062926448571,-0.668055597865195,-0.397788268494575,-0.134689478925429
"sub-143",9,0,1,0.0328999999999999,1,1,1,1,-0.349559136937993,-0.218716967376639,0.0781012873800743,0.204951737355441
"sub-143",5,0,1,0.02766,1,1,1,1,-0.322643957787174,0.151043209919913,-0.131221573644628,-0.0288946551270783
"sub-143",7,0,1,0.0224800000000001,1,1,1,1,-0.254938600235619,0.422818653466594,-0.230093934573233,-0.239834179799072
"sub-143",9,0,1,0.01844,1,1,1,1,-0.151996119714264,0.3054931656354,-0.174805335894537,-0.539941109903157
"sub-143",7,0,1,0.03243,1,1,1,1,0.10985084293255,-0.156832203337992,-0.27856584211501,-0.265051986044273
"sub-143",7,0,1,0.23463,0,0,1,1,0.308402005408425,-0.203744402293254,-0.144444661758219,-0.838018483668566
"sub-143",8,0,1,0.02919,0,0,1,1,0.23456932627596,-0.366754594558676,-0.589332200509186,0.140221128799021
"sub-143",10,0,1,0.02545,0,0,1,1,0.247483581823568,-0.196632396302313,-0.754014568442168,0.0665777100250125
"sub-143",7,0,1,0.02101,0,0,1,1,0.22690105358682,0.0175115536139519,-0.338803300090755,0.309682469069958
"sub-143",10,0,1,0.0190699999999999,0,0,1,1,0.0883189037752648,0.14159392648273,-0.1327555704241,0.319290957110934
"sub-143",10,0,1,0.03122,0,0,1,1,0.053372227383079,0.046880294189409,-0.19125709773895,0.0729270229581744
"sub-143",2,0,1,0.02898,0,0,1,1,-0.122813153856744,-0.199955792700941,-0.429427731636679,-0.20312888987828
"sub-143",5,0,1,0.0245599999999999,0,0,1,1,-0.0686698877689196,-0.179245667083672,-0.527026138663738,-0.270689336024225
"sub-143",3,0,1,0.66147,1,1,0,1,0.780444636281269,0.0671713373589295,0.283076383716737,-0.0761402891890612
"sub-143",4,0,1,0.0224500000000001,1,1,0,1,0.595592770298632,-0.104901375490482,-0.162886623186447,0.00924861580133438
"sub-143",8,0,1,0.0174799999999999,1,1,0,1,-0.202873034441533,-0.503640614001563,-0.165939862277204,-0.341017535887659
"sub-143",2,0,1,0.36443,1,1,0,1,0.354030814565097,-0.0618061497591919,0.0701333967105408,-0.587204882316291
"sub-143",5,0,1,0.0261899999999999,1,1,0,1,0.407652807266762,0.503107637856846,-0.15789839582673,-0.23183624194935
"sub-143",1,0,0,0.02247,1,1,0,1,0.521021975039427,0.689243124521993,0.147440015687607,-0.141665574349463
"sub-143",3,0,1,0.01928,1,1,0,1,0.112258300253112,-0.140453467835431,-0.0920487845978641,-0.127457099582534
"sub-143",3,0,1,0.16596,1,1,0,1,0.617291698465124,-0.385960271047359,-0.726471133142089,-0.408240385912359
"sub-143",7,0,1,0.01918,0,0,0,1,-0.34008371620439,-0.556258747009216,-0.340060476834575,-0.532544858381152
"sub-143",5,0,1,0.0315099999999999,0,0,0,1,-0.970948960011204,-1.04403488321609,-0.195494008740449,-0.0824304917478003
"sub-143",4,0,1,0.02789,0,0,0,1,-0.730864620534703,-0.64858390653023,-0.159354793839157,0.20151105877012
"sub-143",3,0,1,0.0246299999999999,0,0,0,1,-0.203417151545485,-0.61443005040012,-0.039704071978728,-0.0385049151722342
"sub-143",1,0,0,0.02085,0,0,0,1,0.327976190950722,0.130243221332354,0.56210426101461,0.121528773102909
"sub-143",3,0,1,0.03311,0,0,0,1,0.199307496116186,0.240052202095588,0.342524982561978,0.335490336548537
"sub-143",4,0,1,0.26353,0,0,0,1,-0.247640589484945,-0.54204982601934,-0.087166979132841,-0.333629243820906
"sub-143",1,0,0,0.22636,0,0,0,1,-0.222587955843968,0.0459324270330533,-0.31742213023972,0.12860924010165
"sub-143",10,0,1,0.04541,0,0,0,1,0.0244486679730471,-0.295882220483489,-0.527013897895813,-0.996610546670854
"sub-143",10,0,1,0.0244800000000001,0,0,0,1,0.0598684771296879,-0.512413271702826,0.302712730054433,-0.610946231242269
"sub-143",10,0,1,0.0199499999999999,0,0,0,1,0.252113184814031,-0.584392047659666,0.43424124235753,-0.388519272208214
"sub-143",2,0,1,0.0330600000000001,0,0,0,1,0.0319430913126174,-0.49993472877476,-0.115749708997707,0.289206927176565
"sub-143",7,0,1,0.03118,0,0,0,1,-0.0950362892666211,0.00628432420220364,-0.410374493765024,0.56073593236506
"sub-143",7,0,1,0.0290600000000001,0,0,0,1,-0.0920974123679722,0.0668938952601618,-0.519190171112617,-0.157290499191731
"sub-143",5,0,1,0.02569,0,0,0,1,0.208811147642943,0.469497580529639,-0.182058264423783,-0.015159517666325
"sub-143",9,0,1,0.02332,0,0,0,1,-0.0201311088555182,0.0167160674377724,-0.334737783802363,-0.461511392437387
"sub-143",3,0,1,0.10066,0,0,0,2,0.066708126415809,-0.47560476432382,-0.271973478753353,-0.33407914028503
"sub-143",8,0,1,0.07951,0,0,0,2,0.405884337058524,-0.280052984064376,-0.323804086729069,-0.147324459068477
"sub-143",4,0,1,0.02668,0,0,0,2,0.140044020876909,0.26406352404781,-0.296193906086652,-0.738785444642417
"sub-143",5,0,1,0.0230600000000001,0,0,0,2,-0.394390934234252,-0.225560201125013,-0.0736956426796193,0.274462121166289
"sub-143",4,0,1,0.0200100000000001,0,0,0,2,-0.151390907296445,0.00888808002626454,-0.544083296942214,0.389600162953138
"sub-143",3,0,1,0.0168999999999999,0,0,0,2,0.404945292781728,0.318350408364225,-0.856904643937014,-0.611316242162138
"sub-143",3,0,1,0.0290600000000001,0,0,0,2,0.87951841733108,0.395022552374198,-0.185467967297882,-0.48586666174233
"sub-143",2,0,0,0.02637,0,0,0,2,0.194853016951432,0.420944545142077,0.552812805554519,-0.130944379605353
"sub-143",9,0,1,0.0300199999999999,1,0,1,2,-0.483793130222087,0.190202995531123,0.706527470921477,0.0431395716033876
"sub-143",10,0,1,0.0262100000000001,1,0,1,2,-0.715143166909305,-0.0636417074301453,-0.107545785140246,0.168147703394061
"sub-143",8,0,1,0.0226500000000001,1,0,1,2,-0.127355673064206,0.654615559770415,-0.189193524808312,-0.188362131873146
"sub-143",8,0,1,0.01891,1,0,1,2,-0.0872307762814065,0.435866255865053,0.067899019884256,-0.357261237248895
"sub-143",5,0,1,0.03077,1,0,1,2,-0.427567661944825,-0.026317759490296,-0.155103250474591,0.309482282586396
"sub-143",10,0,1,0.02643,1,0,1,2,-0.1016241752853,-0.345582195661134,-0.654231535455134,0.445835766382515
"sub-143",10,0,1,0.0216099999999999,1,0,1,2,0.372515705123078,-0.219555081661653,-0.583197900404533,-0.179491456411779
"sub-143",2,0,0,0.01678,1,0,1,2,0.496412719367072,-0.00188618622444294,-0.147558164394771,0.026610997505486
"sub-143",10,0,1,0.0196000000000001,1,1,1,2,-0.0420415986251707,0.13328415122642,0.0793672098467747,0.268978262506425
"sub-143",8,0,1,0.0324599999999999,1,1,1,2,-0.168199495101968,-0.373406288110548,-0.480860681816315,-0.161358618596569
"sub-143",8,0,1,0.0272600000000001,1,1,1,2,0.278456480385406,-0.0504922957194072,-0.181282506557181,-0.0909364018589258
"sub-143",3,0,1,0.10746,1,1,1,2,0.21226117501889,-0.0346363977554979,0.186041530000997,0.226177867501974
"sub-143",9,0,1,0.0203500000000001,1,1,1,2,0.00122248606930953,-0.280686144061663,0.0582637556362897,0.0547855815850198
"sub-143",8,0,1,0.0326599999999999,1,1,1,2,0.60318079998251,-0.0507558592146745,-0.363932726924152,0.00367089223582298
"sub-143",5,0,1,0.0291300000000001,1,1,1,2,0.0634803362190723,0.641122270237516,-0.0611692857686042,-0.362730478588492
"sub-143",9,0,1,0.0253099999999999,1,1,1,2,-0.29025566156876,0.306269482071339,0.381084986477314,-0.0789312773151323
"sub-143",9,0,1,0.23062,0,0,1,2,0.319862701697275,-0.535720245843684,-0.823020746000111,-0.325202382728457
"sub-143",5,0,1,0.29273,0,0,1,2,0.400850566414495,0.410124211727331,-0.444474387681112,-0.259254188236082
"sub-143",9,0,1,0.02122,0,0,1,2,0.831192516877005,0.485899542216901,0.18793811975047,-0.118662238586694
"sub-143",7,0,1,0.0171600000000001,0,0,1,2,0.741771361945818,1.10950998101314,-0.060555142040054,-0.247806730226148
"sub-143",7,0,1,0.03115,0,0,1,2,0.0397020000770378,0.364119117700115,-0.237315443033973,0.0278212498640642
"sub-143",7,0,1,0.02732,0,0,1,2,-0.612290769815445,-0.293784822632679,-0.573486965848133,0.538285246223677
"sub-143",10,0,1,0.0236700000000001,0,0,1,2,-0.823458421829855,-0.573150515797789,-0.465342811774462,-0.493610044568777
"sub-143",1,0,0,0.0205,0,0,1,2,-0.352728878613561,-0.356974508061453,-0.694948256500841,-0.811840052902699
"sub-143",2,0,0,0.85584,1,0,0,2,0.242400307324715,0.292755055896662,0.647530199338992,-0.526238609710708
"sub-143",5,0,1,0.0327200000000001,1,0,0,2,0.0979054433798107,0.0316831272233416,0.0227405831489402,0.193755412066821
"sub-143",4,0,1,0.0272600000000001,1,0,0,2,0.295978809008375,-0.264667141906641,-0.00247967801988125,-0.374203742225654
"sub-143",2,0,0,0.15707,1,0,0,2,0.236087736363212,0.455495168032401,0.195323694798086,0.182619654206792
"sub-143",4,0,1,0.0185200000000001,1,0,0,2,-0.169564980625485,0.408242704795191,-0.0606528555993767,0.893182271672413
"sub-143",3,0,1,0.0311699999999999,1,0,0,2,0.0845054183543349,-0.302987842682611,-0.202350996124248,0.153716375282966
"sub-143",7,0,1,0.0276799999999999,1,0,0,2,0.506728458063056,0.501167393737921,-0.283758912235498,-0.377902031876147
"sub-143",4,0,1,0.0230900000000001,1,0,0,2,-0.110471454604218,0.883346395153138,0.00809634973605474,-0.178764755930752
"sub-143",5,0,1,0.04088,1,1,1,2,0.292644609076281,-1.05995415713362,-0.525583403864099,0.76436139382422
"sub-143",9,0,1,0.0197499999999999,1,1,1,2,0.631015619728714,0.39558896470677,-0.0136248536097507,0.610022612049943
"sub-143",9,0,1,0.0321199999999999,1,1,1,2,0.46016450059445,0.356229530405943,-0.295272905088495,-0.0874805957340868
"sub-143",9,0,1,0.0292600000000001,1,1,1,2,0.400903904888158,-0.584984186381378,-0.38534539580966,-0.232688564714044
"sub-143",3,0,1,0.0258100000000001,1,1,1,2,-0.179398239861863,-0.506635715874533,-0.0430175380315632,-0.0300925060932059
"sub-143",7,0,1,0.02122,1,1,1,2,-0.446574059470246,-0.206959391271489,0.44663672184106,-0.28144940151833
"sub-143",7,0,1,0.0173000000000001,1,1,1,2,0.148084091216636,0.200050148043644,0.604506997061738,-0.227901625912637
"sub-143",10,0,1,0.0298,1,1,1,2,0.391293344378937,0.0762920310738048,0.704293221390496,-0.0704589090310037
"sub-143",4,0,1,0.03494,1,1,0,2,-0.0347371200817482,-0.1782093607536,-0.73772636478922,-0.792387664411217
"sub-143",3,0,1,0.29866,1,1,0,2,-0.141540010343306,0.0138246770344537,-1.04582088633712,-0.795528011466377
"sub-143",4,0,1,0.02657,1,1,0,2,-0.18406517567928,-0.485493260918668,-0.814069904386997,-0.673701745271683
"sub-143",4,0,1,0.02271,1,1,0,2,-0.599072081551033,-0.482418172397754,-0.703529937619654,-0.23732224018313
"sub-143",4,0,1,0.01769,1,1,0,2,0.0626187920570374,-0.395239611673686,-0.622215912677348,-0.0278132459614426
"sub-143",10,0,1,0.03061,1,1,0,2,0.116297368270655,-0.586083296893371,-0.197760658571497,-0.479671867564321
"sub-143",5,0,1,0.02674,1,1,0,2,-0.185305601737734,-0.450125177188225,0.571519648345808,-0.155868716957048
"sub-143",2,0,1,0.68972,1,1,0,2,0.547070696639518,0.221736824706938,0.84918454149738,-0.137453969568014
"sub-143",10,0,1,0.25919,1,0,1,2,0.751856117004839,0.174165713876762,0.188232600441552,0.719660831708461
"sub-143",6,0,1,0.02016,1,0,1,2,0.673366262422254,0.239395406804289,0.0407017645435796,0.399300982593559
"sub-143",8,0,1,0.0330999999999999,1,0,1,2,-0.130347015180935,-0.2361127347168,-0.473219174479406,0.0538381323218346
"sub-143",8,0,1,0.02789,1,0,1,2,-0.666034062276594,-0.647579473115642,-0.27823942797598,-0.0404753238894045
"sub-143",10,0,1,0.0234700000000001,1,0,1,2,-0.584072476893198,-0.19640353411712,0.203955052420497,0.0737803380936384
"sub-143",1,0,1,0.01922,1,0,1,2,0.0450934883362303,0.304793774667713,0.447550948127173,0.0812597008422017
"sub-143",10,0,1,0.03192,1,0,1,2,0.315552739407091,0.404467673700613,-0.0399385799149362,0.152653212379664
"sub-143",9,0,1,0.02766,1,0,1,2,0.217323436402997,-0.542117992209064,-0.281424270317075,0.298045750171877
"sub-143",1,0,0,0.71425,1,0,0,2,0.763722751211996,0.732454609815721,0.042759334280466,-0.476090831123292
"sub-143",3,0,1,0.0265200000000001,1,0,0,2,0.446423501241952,1.43507631942285,0.173833676167609,-0.359854396944866
"sub-143",1,0,0,0.02196,1,0,0,2,0.00565102894082277,0.576706058380228,-0.143444404859717,-0.200307930633426
"sub-143",3,0,1,0.03288,1,0,0,2,0.515725105302408,0.587888545468795,0.270873983351824,0.0702770571224391
"sub-143",5,0,1,0.02885,1,0,0,2,0.1250907027085,0.680131270446711,0.0604569444985827,0.467418086435646
"sub-143",4,0,1,0.02475,1,0,0,2,0.119642258582947,0.101454136824166,-0.111653753711532,-0.0736709498800337
"sub-143",4,0,1,0.02138,1,0,0,2,0.248132410769661,-0.0625723778546132,0.434557410112272,-0.0780063568148762
"sub-143",8,0,1,0.0327999999999999,1,0,0,2,0.30470430435768,-0.459763666946889,0.175467773301837,-0.233128958940506
"sub-144",1,0,1,1.91089,1,1,0,1,0.185186267054329,-0.778506790598234,-0.289707847463433,-0.25511006815359
"sub-144",1,0,0,0.67138,1,1,0,1,-0.168647878182431,-0.226686794517769,-0.737587416360232,-0.358271619095467
"sub-144",1,0,0,1.38433,1,1,0,1,0.0193815202025386,0.524086902043631,-0.28917486515517,-0.353745639685076
"sub-144",10,0,1,0.27972,1,1,0,1,0.0683641476013387,0.162892572012626,-0.0690399268642068,0.0139472213806584
"sub-144",1,0,1,0.65961,1,1,0,1,-0.0444777157778541,0.299720679547776,0.114483727704889,0.378754412964918
"sub-144",3,0,1,0.10547,1,1,0,1,-0.0134236417943612,0.372680871555564,-0.223642357004186,-0.188832412171178
"sub-144",1,0,1,0.75218,1,1,0,1,0.54503131553065,-0.00469079551597436,-0.450062995776534,-0.33508103149943
"sub-144",5,0,1,0.0312600000000001,1,1,0,1,0.458199271728517,0.0710006505940799,-0.227274528394143,-0.187798511469737
"sub-144",8,0,1,0.03207,1,0,1,1,-0.0352068438660353,-0.0154718737531867,-0.202613373248217,-0.470398109976668
"sub-144",10,0,1,0.0269299999999999,1,0,1,1,0.412147654763733,-0.0602498173506723,-0.347253552715604,-0.454110836028121
"sub-144",5,0,1,0.18878,1,0,1,1,0.49297601217404,-0.217673461539326,-0.142754824832082,0.0926515270024538
"sub-144",7,0,1,0.0347,1,0,1,1,0.48855816279926,-0.35570004903194,0.0860445095070948,0.0952650686609559
"sub-144",9,0,1,0.0303599999999999,1,0,1,1,0.157920962073452,-0.72395767968286,0.113495778932702,0.135825411463156
"sub-144",8,0,1,0.0267599999999999,1,0,1,1,-0.101442719188829,0.0342378587132165,0.101163985525394,-0.0708243094617501
"sub-144",4,0,1,0.02207,1,0,1,1,0.128964690258726,0.789245539793262,-0.0355814915189209,-0.346764312835876
"sub-144",7,0,1,0.0180800000000001,1,0,1,1,0.23525411526983,0.365589956218308,-0.195455552156394,-0.406587490811944
"sub-144",4,0,1,0.0204,1,0,0,1,0.00101350317709148,-0.0304523519999175,-0.260402895160951,0.269680659938604
"sub-144",3,0,1,0.0174000000000001,1,0,0,1,-0.391978270257823,-0.0997304024812938,-0.675878738188961,-0.116965410718694
"sub-144",2,0,1,0.0301400000000001,1,0,0,1,0.00637930290152629,0.188807325851586,-0.658876113826409,-0.0119511306285858
"sub-144",7,0,1,0.02718,1,0,0,1,0.0193118546158075,0.0651697548865168,-0.453230910313626,-0.113823888450861
"sub-144",4,0,1,0.02217,1,0,0,1,-0.433644116021848,-0.0505787394940853,-0.147362777614035,-0.263940779166296
"sub-144",6,0,1,0.33629,1,0,0,1,-0.245975851779804,-0.217187250602163,-0.432128915252785,0.0379732389934361
"sub-144",2,0,0,1.00074,1,0,0,1,0.0816411516473939,0.405691989732009,-0.0468450280216833,0.0225668552564457
"sub-144",4,0,1,0.02936,1,0,0,1,0.356508379608082,0.120543668374281,0.312301014161979,0.0848183449357748
"sub-144",3,0,1,0.96833,0,0,0,1,-0.349292423692532,-0.944810442695463,-0.5416810575407,-0.15707265122328
"sub-144",1,0,0,0.28165,0,0,0,1,-0.106268309211979,0.0154888137002234,-0.716613341586102,-0.179252714850008
"sub-144",3,0,1,0.0269299999999999,0,0,0,1,0.392192560364492,-0.390179417527246,-0.481893653981388,-0.281635332084261
"sub-144",2,0,1,0.756,0,0,0,1,0.667301243413628,-0.527928629131229,0.0671471269549026,0.0814220552332699
"sub-144",9,0,1,0.0185200000000001,0,0,0,1,0.307051473044946,-0.236945311469888,0.272290664259344,0.0309712199959904
"sub-144",4,0,1,0.0306,0,0,0,1,-0.283575251465663,-0.142287704455494,-0.077284097186445,-0.200281641096808
"sub-144",6,0,1,0.0270300000000001,0,0,0,1,0.151667967496905,0.382148513665285,-0.212581000125889,-0.733234217576683
"sub-144",2,0,1,0.29199,0,0,0,1,0.088676423416473,0.360775417613762,-0.39865787399079,-0.280619026534259
"sub-144",7,0,1,0.0786800000000001,1,1,1,1,-0.578183460544096,0.608114981540927,-0.501944207314712,-0.455655991192907
"sub-144",2,0,0,1.09097,1,1,1,1,-0.0860084375599399,0.385196189292603,-0.0178684529867799,-0.379180712858215
"sub-144",8,0,1,0.02003,1,1,1,1,0.337964761847009,0.0266951129392341,0.328857295477064,0.205579833243974
"sub-144",9,0,1,0.0328999999999999,1,1,1,1,-0.164058256632416,-0.63507007354767,-0.186181513941847,0.349924635887146
"sub-144",5,0,1,0.02766,1,1,1,1,-0.0551557711636027,-0.941954200052553,-0.404101053873698,-0.198619962763041
"sub-144",7,0,1,0.0224800000000001,1,1,1,1,0.155529965452539,0.0746136735434885,0.0503145278974747,-0.257592812925577
"sub-144",9,0,1,0.01844,1,1,1,1,0.594316591663907,0.313957713061461,-0.0688089270261116,-0.122861666418612
"sub-144",7,0,1,0.03243,1,1,1,1,0.27889660691532,0.0644963730678514,-0.496770656085573,-0.129924111766741
"sub-144",7,0,1,0.23463,0,0,1,1,0.35823630692903,0.395958501569651,-0.179790301093211,-0.00625294568017125
"sub-144",8,0,1,0.02919,0,0,1,1,0.0674182161213442,-0.532036434384753,-0.282035083221369,-0.158106756815687
"sub-144",10,0,1,0.02545,0,0,1,1,-0.123490888693292,-0.632820841890794,-0.50793139776215,-0.356615770142525
"sub-144",7,0,1,0.02101,0,0,1,1,-0.0965794748626649,-0.263969870318693,-0.183488140823708,-0.545236980577465
"sub-144",10,0,1,0.0190699999999999,0,0,1,1,0.155682369174125,0.292135699005384,-0.159191243660947,0.155566496960819
"sub-144",10,0,1,0.03122,0,0,1,1,0.32987609373716,0.17842174169642,-0.69101402318726,-0.0836577273905277
"sub-144",2,0,1,0.02898,0,0,1,1,0.0867097390970836,0.528194550562788,-0.308948786308368,-0.486881424160674
"sub-144",5,0,1,0.0245599999999999,0,0,1,1,0.185199262263874,0.460489798820129,-0.28488056496523,0.26253206380643
"sub-144",3,0,1,0.66147,1,1,0,1,-0.130527541060777,0.113259127350628,-0.459201769748082,0.0338153835386038
"sub-144",4,0,1,0.0224500000000001,1,1,0,1,-0.495488287764601,-0.471314011176151,-0.478287278366527,-0.045916604064405
"sub-144",8,0,1,0.0174799999999999,1,1,0,1,-0.0824960269965231,-1.16870371059135,-0.256708763190545,-0.294192524440587
"sub-144",2,0,1,0.36443,1,1,0,1,-0.212258241449793,-1.65483332646114,-0.04381631501019,-0.879932075203396
"sub-144",5,0,1,0.0261899999999999,1,1,0,1,-0.560718023218215,-0.55613333090312,0.422703523538075,-0.846064602583647
"sub-144",1,0,0,0.02247,1,1,0,1,-0.246041395235807,0.558137453782062,-0.472109975176863,0.320460976660252
"sub-144",3,0,1,0.01928,1,1,0,1,0.218390807354202,0.487424203263665,-0.219070463712948,-0.212477403879166
"sub-144",3,0,1,0.16596,1,1,0,1,0.254500444823255,-0.0483642283792573,0.0831807196761171,-0.227721502445638
"sub-144",7,0,1,0.01918,0,0,0,1,0.765246798555988,-0.116933492115802,-0.436886187565203,-0.257393097598106
"sub-144",5,0,1,0.0315099999999999,0,0,0,1,-0.186920518327194,-0.532982525450212,-0.0691173296848622,-0.277417853812221
"sub-144",4,0,1,0.02789,0,0,0,1,-0.48900003094847,-0.433059874370142,-0.00953609629990145,0.00836762909311801
"sub-144",3,0,1,0.0246299999999999,0,0,0,1,-0.12413021006311,0.188246080444919,0.0439901719801128,0.419349250337109
"sub-144",1,0,0,0.02085,0,0,0,1,-0.0998737188056111,0.655678718454308,-0.381429711356759,0.82687012241222
"sub-144",3,0,1,0.03311,0,0,0,1,0.0737930308605428,0.623138831583438,-0.404326092830161,0.00918023260310292
"sub-144",4,0,1,0.26353,0,0,0,1,0.115477471675452,0.197311111777607,-0.39896854525432,-0.459237117459998
"sub-144",1,0,0,0.22636,0,0,0,1,0.128706932223092,0.374732891718547,-0.207949815162768,-0.398959701810963
"sub-144",10,0,1,0.04541,0,0,0,1,0.144678245298564,-0.753313683387306,-0.196318110606323,-0.188674279302359
"sub-144",10,0,1,0.0244800000000001,0,0,0,1,-0.187037491627658,-0.0382731329063299,-0.171627474366687,-0.0806031757034361
"sub-144",10,0,1,0.0199499999999999,0,0,0,1,0.126369404024445,0.287225881522452,-0.409196789764489,-0.00707691726274788
"sub-144",2,0,1,0.0330600000000001,0,0,0,1,0.530619353055954,0.607607115198065,-0.283933510538191,-0.299836707115173
"sub-144",7,0,1,0.03118,0,0,0,1,0.350418418024977,0.333509780880478,0.0557380584844699,0.0175084041431546
"sub-144",7,0,1,0.0290600000000001,0,0,0,1,0.515141850725437,0.0140807340611462,-0.0697917363916834,0.012069274764508
"sub-144",5,0,1,0.02569,0,0,0,1,-0.0917220832780004,-0.650054735545483,-0.272341482806951,-0.00201359880156815
"sub-144",9,0,1,0.02332,0,0,0,1,0.119352131529619,0.208453263363077,-0.138630931129834,-0.0595956768258475
"sub-144",3,0,1,0.10066,0,0,0,2,-0.0615632879198529,-0.329878374360743,0.0746849044711174,0.260017992369831
"sub-144",8,0,1,0.07951,0,0,0,2,-0.17756245987645,-0.158698642790249,-0.050445448840037,0.209321343665943
"sub-144",4,0,1,0.02668,0,0,0,2,0.475541786368315,0.00526173973318051,-0.328842747258022,0.313453740160912
"sub-144",5,0,1,0.0230600000000001,0,0,0,2,0.735214149589107,0.571025936726343,0.206550339236856,0.171320012398064
"sub-144",4,0,1,0.0200100000000001,0,0,0,2,0.563189676317658,0.357589531526039,0.148701752768829,0.155285561783239
"sub-144",3,0,1,0.0168999999999999,0,0,0,2,0.114420500583947,0.00789582149849998,-0.255774587548027,-0.116391290538013
"sub-144",3,0,1,0.0290600000000001,0,0,0,2,-0.140856756246649,0.0797105962755503,-0.0233287865606447,0.174208875535987
"sub-144",2,0,0,0.02637,0,0,0,2,0.207575548614841,-0.102020338108694,0.214149734354578,0.550643191952258
"sub-144",9,0,1,0.0300199999999999,1,0,1,2,-0.467603307033035,0.984045555470166,-0.0676750198666317,0.32635719650425
"sub-144",10,0,1,0.0262100000000001,1,0,1,2,0.282774977308388,0.455645940232056,-0.0715923777315766,0.110325150284916
"sub-144",8,0,1,0.0226500000000001,1,0,1,2,0.553419532758805,0.534066792215324,-0.11064415362974,-0.436577261984348
"sub-144",8,0,1,0.01891,1,0,1,2,0.127875123541647,0.364377230578275,-0.334056585251043,0.0223307994194329
"sub-144",5,0,1,0.03077,1,0,1,2,-0.181828716828022,-0.00682550353101558,-0.179555698530748,-0.00232974444516003
"sub-144",10,0,1,0.02643,1,0,1,2,-0.494265657290271,0.295801236630521,0.354292135205469,0.305696105211973
"sub-144",10,0,1,0.0216099999999999,1,0,1,2,-0.513462551403791,0.184437702151222,0.134355878438024,0.170820098463446
"sub-144",2,0,0,0.01678,1,0,1,2,-0.124865893022312,0.159215960272208,0.189730072782064,0.047548729571281
"sub-144",10,0,1,0.0196000000000001,1,1,1,2,0.121987544155369,0.0802502744589691,0.177084355867313,-0.0510000264272094
"sub-144",8,0,1,0.0324599999999999,1,1,1,2,-0.259244761429727,-0.0427743237534607,0.232564421409431,0.0881970534101129
"sub-144",8,0,1,0.0272600000000001,1,1,1,2,-0.0976551842565338,-0.0416300911456347,0.204374862233332,0.135121472598985
"sub-144",3,0,1,0.10746,1,1,1,2,-0.275874885885666,-0.179947879130918,0.128714061963061,0.0394447667524219
"sub-144",9,0,1,0.0203500000000001,1,1,1,2,-0.188785244283887,-0.0749783057167574,-0.165027581931402,0.241243189789384
"sub-144",8,0,1,0.0326599999999999,1,1,1,2,-0.11316107880945,-0.202205749797738,-0.576495838429158,0.451923160161823
"sub-144",5,0,1,0.0291300000000001,1,1,1,2,0.267039222565169,-0.358101325316562,-0.00860787850494186,0.528218445274979
"sub-144",9,0,1,0.0253099999999999,1,1,1,2,0.153998451928298,-0.618231630159749,-0.449325586746757,0.367578863259405
"sub-144",9,0,1,0.23062,0,0,1,2,0.361340500802423,0.551285079283709,-0.0214351624890696,0.679057867266238
"sub-144",5,0,1,0.29273,0,0,1,2,0.266454671752096,0.0988768658000346,-0.324176421427789,-0.196379742212594
"sub-144",9,0,1,0.02122,0,0,1,2,0.654351840649421,0.541446839735188,-0.053962475367977,-0.387131256819703
"sub-144",7,0,1,0.0171600000000001,0,0,1,2,0.529359571868554,0.549789015570207,0.145132926782632,-0.140104179480113
"sub-144",7,0,1,0.03115,0,0,1,2,0.154203542197744,0.304413674261283,0.345270241382726,0.0629545595962554
"sub-144",7,0,1,0.02732,0,0,1,2,-0.0171321435482241,0.416796086976926,0.574216466491634,0.114991571195424
"sub-144",10,0,1,0.0236700000000001,0,0,1,2,-0.167256290558726,0.416592753285335,0.435052079653057,0.297495254129171
"sub-144",1,0,0,0.0205,0,0,1,2,-0.252751561968277,0.497031609907194,0.0862805609358475,-0.195153302012477
"sub-144",2,0,0,0.85584,1,0,0,2,0.10386790499615,0.254060253362965,-0.0073413204421134,-0.0817928425036371
"sub-144",5,0,1,0.0327200000000001,1,0,0,2,-0.34796549003416,0.420546636683866,-0.0976953397571378,-0.14620016226545
"sub-144",4,0,1,0.0272600000000001,1,0,0,2,-0.348179534087346,0.285244311137056,-0.191573507264062,-0.0526781298220158
"sub-144",2,0,0,0.15707,1,0,0,2,-0.430603502706314,-0.316981477019403,-0.274203266870851,0.124339999072254
"sub-144",4,0,1,0.0185200000000001,1,0,0,2,-0.495086011845463,-0.078732069581747,-0.0557971597493937,0.426802794390824
"sub-144",3,0,1,0.0311699999999999,1,0,0,2,-0.274056865212818,-0.311162486288662,-0.0532343953988554,0.207807925663656
"sub-144",7,0,1,0.0276799999999999,1,0,0,2,0.040542161053357,-0.164327870593061,0.0830931508001716,-0.138031550694723
"sub-144",4,0,1,0.0230900000000001,1,0,0,2,-0.512178173928987,0.186911595157451,0.00848672851528439,-0.0183230636641383
"sub-144",5,0,1,0.04088,1,1,1,2,0.333305966918488,-0.910822498137821,-0.328232820999498,0.59742479599081
"sub-144",9,0,1,0.0197499999999999,1,1,1,2,0.541217435408422,-0.0276685570953069,-0.0754122353003671,0.626303712208755
"sub-144",9,0,1,0.0321199999999999,1,1,1,2,0.167854609123121,-0.0105087913624528,-0.49157984836711,0.263024599757046
"sub-144",9,0,1,0.0292600000000001,1,1,1,2,-0.101679284086761,-0.0623600080402361,-0.344514591037296,0.220323520689271
"sub-144",3,0,1,0.0258100000000001,1,1,1,2,0.534823111452473,0.0153033897039239,0.0870128599150727,0.445859944820404
"sub-144",7,0,1,0.02122,1,1,1,2,0.42046221064326,0.214456930687582,0.210318177201164,0.438302824250422
"sub-144",7,0,1,0.0173000000000001,1,1,1,2,0.509008976708477,0.825144571804062,0.467196610678608,0.0128848530352116
"sub-144",10,0,1,0.0298,1,1,1,2,0.7057386940578,0.816854087566888,0.146529573568841,-0.669325194950215
"sub-144",4,0,1,0.03494,1,1,0,2,-0.253055207508927,-0.674648868269287,-0.142106624009709,-0.0456802766770124
"sub-144",3,0,1,0.29866,1,1,0,2,-0.435618280782364,-0.117766408870618,0.00741999127785675,0.591167946252972
"sub-144",4,0,1,0.02657,1,1,0,2,-0.666226059664041,0.161786183581205,0.0603070805882453,0.545685923378915
"sub-144",4,0,1,0.02271,1,1,0,2,-0.164266298631749,0.227053557764049,0.117696352731097,0.621401810925454
"sub-144",4,0,1,0.01769,1,1,0,2,0.141749605885707,-0.143735477338648,0.149768262713527,-0.0351257911417633
"sub-144",10,0,1,0.03061,1,1,0,2,0.473801187482119,0.190199879183503,0.25281632784754,-0.778972970903851
"sub-144",5,0,1,0.02674,1,1,0,2,0.15695423190482,0.317750183037586,0.15824386861641,-0.354604758438654
"sub-144",2,0,1,0.68972,1,1,0,2,-0.0294849646112804,0.400408573034737,0.14707683523496,-0.159329269378213
"sub-144",10,0,1,0.25919,1,0,1,2,0.115796702137838,0.455288115681873,-0.0332140009850264,-0.00423463713377714
"sub-144",6,0,1,0.02016,1,0,1,2,0.151618148239019,-0.281221305192621,0.0677943370925883,-0.0795245097950101
"sub-144",8,0,1,0.0330999999999999,1,0,1,2,0.168703445478362,-0.0418582476882471,-0.107087510637939,-0.0879133885726333
"sub-144",8,0,1,0.02789,1,0,1,2,-0.00941602202753226,-0.31331302912009,-0.128494980201746,0.431050105951726
"sub-144",10,0,1,0.0234700000000001,1,0,1,2,-0.134500200239321,-0.527197971560613,-0.386205769085791,1.0638808040414
"sub-144",1,0,1,0.01922,1,0,1,2,0.0833679191612949,-0.202415849806534,0.130895682649376,0.229485111590475
"sub-144",10,0,1,0.03192,1,0,1,2,-0.171002574519965,-0.0418820211370648,0.0657484061957803,-0.517839859751984
"sub-144",9,0,1,0.02766,1,0,1,2,-0.1144870731902,0.144636315052156,0.252519355116722,-0.0983564529567957
"sub-144",1,0,0,0.71425,1,0,0,2,0.552281069297654,-0.429989401371805,-0.491132677653998,0.917420531995594
"sub-144",3,0,1,0.0265200000000001,1,0,0,2,-0.0938630807601536,0.0824027276011529,-0.284224176740584,0.0518478438258171
"sub-144",1,0,0,0.02196,1,0,0,2,-0.625133925680226,-0.00256579396901307,-0.427383434337874,-0.235598886967637
"sub-144",3,0,1,0.03288,1,0,0,2,-0.748235547856893,0.221806546880139,-0.489928739717773,-0.347570680362696
"sub-144",5,0,1,0.02885,1,0,0,2,-0.0968510403763503,0.457946720636553,-0.165342984565844,-0.239265799289569
"sub-144",4,0,1,0.02475,1,0,0,2,0.173458151364078,0.418780226278748,0.0823643322413166,-0.00607045068172738
"sub-144",4,0,1,0.02138,1,0,0,2,-0.0956792838624096,-0.197814216940767,0.309769210056402,-0.0553639483987354
"sub-144",8,0,1,0.0327999999999999,1,0,0,2,0.23206391336862,-0.186337941334824,0.373921769321896,-0.298583407513797
"sub-145",6,1,0,NA,0,0,1,1,NA,NA,NA,NA
"sub-145",9,0,1,1.58022,0,0,1,1,NA,NA,NA,NA
"sub-145",9,0,1,1.62088,0,0,1,1,NA,NA,NA,NA
"sub-145",9,0,1,1.00965,0,0,1,1,NA,NA,NA,NA
"sub-145",7,0,0,0.68207,0,0,1,1,NA,NA,NA,NA
"sub-145",3,0,0,0.50447,0,0,1,1,NA,NA,NA,NA
"sub-145",9,0,1,0.02634,0,0,1,1,NA,NA,NA,NA
"sub-145",10,0,1,0.49962,0,0,1,1,NA,NA,NA,NA
"sub-145",4,0,0,1.94583,1,1,0,1,NA,NA,NA,NA
"sub-145",1,0,0,0.68532,1,1,0,1,NA,NA,NA,NA
"sub-145",5,0,0,1.6765,1,1,0,1,NA,NA,NA,NA
"sub-145",2,0,0,0.51458,1,1,0,1,NA,NA,NA,NA
"sub-145",3,0,0,0.55421,1,1,0,1,NA,NA,NA,NA
"sub-145",4,0,0,0.57648,1,1,0,1,NA,NA,NA,NA
"sub-145",2,0,0,0.49901,1,1,0,1,NA,NA,NA,NA
"sub-145",10,0,1,0.75544,1,1,0,1,NA,NA,NA,NA
"sub-145",8,0,1,0.82084,0,0,0,1,NA,NA,NA,NA
"sub-145",3,0,0,0.49263,0,0,0,1,NA,NA,NA,NA
"sub-145",1,0,0,0.43331,0,0,0,1,NA,NA,NA,NA
"sub-145",4,0,0,0.47223,0,0,0,1,NA,NA,NA,NA
"sub-145",4,0,0,0.46124,0,0,0,1,NA,NA,NA,NA
"sub-145",1,0,0,0.50085,0,0,0,1,NA,NA,NA,NA
"sub-145",6,0,1,0.87548,0,0,0,1,NA,NA,NA,NA
"sub-145",2,0,0,0.49688,0,0,0,1,NA,NA,NA,NA
"sub-145",3,0,0,0.57626,1,0,1,1,NA,NA,NA,NA
"sub-145",9,0,1,0.49874,1,0,1,1,NA,NA,NA,NA
"sub-145",7,0,1,0.59047,1,0,1,1,NA,NA,NA,NA
"sub-145",7,0,1,0.51306,1,0,1,1,NA,NA,NA,NA
"sub-145",6,0,0,0.46907,1,0,1,1,NA,NA,NA,NA
"sub-145",10,0,1,0.59248,1,0,1,1,NA,NA,NA,NA
"sub-145",10,0,1,0.49842,1,0,1,1,NA,NA,NA,NA
"sub-145",7,0,1,0.75477,1,0,1,1,NA,NA,NA,NA
"sub-145",10,0,1,0.53233,1,1,1,1,NA,NA,NA,NA
"sub-145",8,0,1,0.50718,1,1,1,1,NA,NA,NA,NA
"sub-145",7,0,1,0.4797,1,1,1,1,NA,NA,NA,NA
"sub-145",2,0,0,0.50311,1,1,1,1,NA,NA,NA,NA
"sub-145",10,0,1,0.49154,1,1,1,1,NA,NA,NA,NA
"sub-145",9,0,1,0.49736,1,1,1,1,NA,NA,NA,NA
"sub-145",5,0,0,0.5369,1,1,1,1,NA,NA,NA,NA
"sub-145",9,0,1,0.50857,1,1,1,1,NA,NA,NA,NA
"sub-145",2,0,0,0.80711,1,0,0,1,NA,NA,NA,NA
"sub-145",1,0,0,0.49667,1,0,0,1,NA,NA,NA,NA
"sub-145",5,0,0,0.48699,1,0,0,1,NA,NA,NA,NA
"sub-145",3,0,0,0.41047,1,0,0,1,NA,NA,NA,NA
"sub-145",4,0,0,0.46663,1,0,0,1,NA,NA,NA,NA
"sub-145",1,0,0,0.45611,1,0,0,1,NA,NA,NA,NA
"sub-145",10,0,1,0.46172,1,0,0,1,NA,NA,NA,NA
"sub-145",1,0,0,0.41755,1,0,0,1,NA,NA,NA,NA
"sub-145",7,0,1,1.34758,1,0,1,1,NA,NA,NA,NA
"sub-145",8,0,1,0.48555,1,0,1,1,NA,NA,NA,NA
"sub-145",6,0,0,0.49315,1,0,1,1,NA,NA,NA,NA
"sub-145",9,0,1,0.43204,1,0,1,1,NA,NA,NA,NA
"sub-145",8,0,1,0.48811,1,0,1,1,NA,NA,NA,NA
"sub-145",8,0,1,0.47724,1,0,1,1,NA,NA,NA,NA
"sub-145",1,0,0,0.39978,1,0,1,1,NA,NA,NA,NA
"sub-145",7,0,1,0.85621,1,0,1,1,NA,NA,NA,NA
"sub-145",10,1,0,NA,0,0,1,1,NA,NA,NA,NA
"sub-145",10,0,1,0.14519,1,1,1,1,NA,NA,NA,NA
"sub-145",7,0,1,0.51807,1,1,1,1,NA,NA,NA,NA
"sub-145",1,0,0,0.45733,1,1,1,1,NA,NA,NA,NA
"sub-145",10,0,1,0.47991,1,1,1,1,NA,NA,NA,NA
"sub-145",5,0,0,0.46905,1,1,1,1,NA,NA,NA,NA
"sub-145",7,0,1,0.42552,1,1,1,1,NA,NA,NA,NA
"sub-145",8,0,1,0.44855,1,1,1,1,NA,NA,NA,NA
"sub-145",3,0,0,0.55829,1,0,0,1,NA,NA,NA,NA
"sub-145",3,0,0,0.0328599999999999,1,0,0,1,NA,NA,NA,NA
"sub-145",1,0,0,0.0230999999999999,1,0,0,1,NA,NA,NA,NA
"sub-145",6,0,0,0.57977,1,0,0,1,NA,NA,NA,NA
"sub-145",4,0,0,0.36997,1,0,0,1,NA,NA,NA,NA
"sub-145",7,0,1,1.04286,1,0,0,1,NA,NA,NA,NA
"sub-145",2,0,0,0.39834,1,0,0,1,NA,NA,NA,NA
"sub-145",2,0,0,0.0206900000000001,1,0,0,1,NA,NA,NA,NA
"sub-145",3,0,0,0.56509,1,0,0,2,NA,NA,NA,NA
"sub-145",8,0,1,0.18848,1,0,0,2,NA,NA,NA,NA
"sub-145",4,0,0,0.02817,1,0,0,2,NA,NA,NA,NA
"sub-145",4,0,0,0.0178700000000001,1,0,0,2,NA,NA,NA,NA
"sub-145",6,0,0,0.5252,1,0,0,2,NA,NA,NA,NA
"sub-145",1,0,0,0.3145,1,0,0,2,NA,NA,NA,NA
"sub-145",4,0,0,0.45488,1,0,0,2,NA,NA,NA,NA
"sub-145",1,0,0,0.02806,1,0,0,2,NA,NA,NA,NA
"sub-145",2,0,0,0.12165,1,1,0,2,NA,NA,NA,NA
"sub-145",1,0,0,0.0281499999999999,1,1,0,2,NA,NA,NA,NA
"sub-145",6,0,0,1.23654,1,1,0,2,NA,NA,NA,NA
"sub-145",1,0,0,0.0257400000000001,1,1,0,2,NA,NA,NA,NA
"sub-145",4,0,0,0.03149,1,1,0,2,NA,NA,NA,NA
"sub-145",2,0,0,0.05565,1,1,0,2,NA,NA,NA,NA
"sub-145",7,0,1,0.46346,1,1,0,2,NA,NA,NA,NA
"sub-145",2,0,0,0.33441,1,1,0,2,NA,NA,NA,NA
"sub-145",9,0,1,0.77971,0,0,1,2,NA,NA,NA,NA
"sub-145",10,0,1,0.38597,0,0,1,2,NA,NA,NA,NA
"sub-145",10,0,1,0.4086,0,0,1,2,NA,NA,NA,NA
"sub-145",9,0,1,0.46571,0,0,1,2,NA,NA,NA,NA
"sub-145",7,0,1,0.50497,0,0,1,2,NA,NA,NA,NA
"sub-145",10,0,1,0.4443,0,0,1,2,NA,NA,NA,NA
"sub-145",6,0,0,0.43345,0,0,1,2,NA,NA,NA,NA
"sub-145",1,0,0,0.33925,0,0,1,2,NA,NA,NA,NA
"sub-145",7,0,1,1.27153,1,0,1,2,NA,NA,NA,NA
"sub-145",7,0,1,0.40981,1,0,1,2,NA,NA,NA,NA
"sub-145",8,0,1,0.43358,1,0,1,2,NA,NA,NA,NA
"sub-145",9,0,1,0.38952,1,0,1,2,NA,NA,NA,NA
"sub-145",1,0,0,0.29525,1,0,1,2,NA,NA,NA,NA
"sub-145",8,0,1,0.48503,1,0,1,2,NA,NA,NA,NA
"sub-145",10,0,1,0.42494,1,0,1,2,NA,NA,NA,NA
"sub-145",5,0,0,0.39914,1,0,1,2,NA,NA,NA,NA
"sub-145",2,0,0,1.02905,0,0,0,2,NA,NA,NA,NA
"sub-145",5,0,0,0.55237,0,0,0,2,NA,NA,NA,NA
"sub-145",4,0,0,0.37469,0,0,0,2,NA,NA,NA,NA
"sub-145",9,0,1,0.3975,0,0,0,2,NA,NA,NA,NA
"sub-145",1,0,0,0.18626,0,0,0,2,NA,NA,NA,NA
"sub-145",4,0,0,0.37542,0,0,0,2,NA,NA,NA,NA
"sub-145",2,0,0,0.23275,0,0,0,2,NA,NA,NA,NA
"sub-145",1,0,0,0.0215700000000001,0,0,0,2,NA,NA,NA,NA
"sub-145",10,0,1,0.9217,0,0,1,2,NA,NA,NA,NA
"sub-145",7,0,1,0.49521,0,0,1,2,NA,NA,NA,NA
"sub-145",1,0,0,0.01695,0,0,1,2,NA,NA,NA,NA
"sub-145",8,0,1,0.30802,0,0,1,2,NA,NA,NA,NA
"sub-145",9,0,1,0.38049,0,0,1,2,NA,NA,NA,NA
"sub-145",9,0,1,0.0192399999999999,0,0,1,2,NA,NA,NA,NA
"sub-145",5,0,0,0.0254000000000001,0,0,1,2,NA,NA,NA,NA
"sub-145",9,0,1,0.03084,0,0,1,2,NA,NA,NA,NA
"sub-145",3,0,0,1.01365,0,0,0,2,NA,NA,NA,NA
"sub-145",1,0,0,0.0357799999999999,0,0,0,2,NA,NA,NA,NA
"sub-145",3,0,0,0.02477,0,0,0,2,NA,NA,NA,NA
"sub-145",6,0,0,0.83155,0,0,0,2,NA,NA,NA,NA
"sub-145",4,0,0,0.0203899999999999,0,0,0,2,NA,NA,NA,NA
"sub-145",3,0,0,0.02556,0,0,0,2,NA,NA,NA,NA
"sub-145",9,0,1,0.16538,0,0,0,2,NA,NA,NA,NA
"sub-145",4,0,0,0.0209600000000001,0,0,0,2,NA,NA,NA,NA
"sub-145",10,0,1,1.40204,1,1,1,2,NA,NA,NA,NA
"sub-145",10,0,1,0.45703,1,1,1,2,NA,NA,NA,NA
"sub-145",6,0,0,0.41512,1,1,1,2,NA,NA,NA,NA
"sub-145",9,0,1,0.32001,1,1,1,2,NA,NA,NA,NA
"sub-145",7,0,1,0.42616,1,1,1,2,NA,NA,NA,NA
"sub-145",7,0,1,0.0641,1,1,1,2,NA,NA,NA,NA
"sub-145",9,0,1,0.25564,1,1,1,2,NA,NA,NA,NA
"sub-145",3,0,0,0.02738,1,1,1,2,NA,NA,NA,NA
"sub-145",2,0,0,1.111,1,1,0,2,NA,NA,NA,NA
"sub-145",2,0,0,0.0170600000000001,1,1,0,2,NA,NA,NA,NA
"sub-145",2,0,0,0.0238,1,1,0,2,NA,NA,NA,NA
"sub-145",2,0,0,0.13041,1,1,0,2,NA,NA,NA,NA
"sub-145",1,0,0,0.11932,1,1,0,2,NA,NA,NA,NA
"sub-145",8,0,1,0.22544,1,1,0,2,NA,NA,NA,NA
"sub-145",6,0,0,0.46486,1,1,0,2,NA,NA,NA,NA
"sub-145",4,0,0,1.33806,1,1,0,2,NA,NA,NA,NA
"sub-147",4,0,1,1.66813,0,0,0,1,0.636875965962342,0.677097516496562,0.703999900103857,0.191387006029254
"sub-147",5,0,1,1.32477,0,0,0,1,0.397901916177943,-0.194796239991707,-0.199139995325822,0.0825626005418599
"sub-147",10,0,0,1.48119,0,0,0,1,0.571647440393766,-0.169187046621961,-0.124567186804294,0.35035412623547
"sub-147",2,0,1,0.8532,0,0,0,1,0.173831152496859,-0.0826492208849501,-0.686511380365118,0.524643969163299
"sub-147",4,0,1,0.39195,0,0,0,1,-0.0462955874778951,-0.0053394811089944,-0.618984424994172,0.160137335583568
"sub-147",3,0,0,1.26651,0,0,0,1,0.375828061718494,0.28272866209348,-0.42458061860331,-0.16020423732698
"sub-147",4,0,1,0.73944,0,0,0,1,0.0178055527309577,-0.086821794854822,0.0832490295676204,-0.0427093283855356
"sub-147",3,0,1,1.61313,0,0,0,1,0.313354054233059,-0.310272389126045,0.231786359487766,-0.163101133541204
"sub-147",4,0,1,1.22565,1,1,1,1,0.767399764930209,-0.0243922242651159,0.0727288716007024,0.0290028834482655
"sub-147",9,0,1,0.74917,1,1,1,1,0.608750261230549,0.5590039007107,0.533497155973843,0.214143420709297
"sub-147",8,0,1,0.42394,1,1,1,1,0.735487624226759,0.855278786996173,1.03861277921048,0.0409152508713305
"sub-147",10,0,1,0.44738,1,1,1,1,0.26144827157259,0.648830795695108,1.14543264918029,0.338897249754518
"sub-147",10,0,1,0.37,1,1,1,1,-0.00388374579294274,0.0855666166343899,0.885236561589409,0.290231472114101
"sub-147",10,0,1,0.60939,1,1,1,1,0.0891666001843987,-0.39379319464098,-0.402427310667311,-0.176347990776412
"sub-147",6,0,1,0.41637,1,1,1,1,-0.196899082016898,-0.407153488154075,-0.434317364803671,-0.36333336327225
"sub-147",8,0,1,0.83926,1,1,1,1,0.263516027752,-0.699798010664785,0.400127806235105,-0.247573355020722
"sub-147",9,0,1,0.48634,1,1,0,1,0.085243625799194,-0.276902849382842,-0.393830075120301,0.135240533889737
"sub-147",2,0,1,1.144,1,1,0,1,0.126296371221542,0.610974917309014,0.0422138814174104,0.116659282532055
"sub-147",3,0,1,0.94982,1,1,0,1,0.326080636897435,0.249667468269494,0.143435164975623,0.248348365683341
"sub-147",4,0,1,0.38833,1,1,0,1,0.0878485071783264,-0.0806866698656921,-0.581491744494997,-0.0243255354464054
"sub-147",6,0,1,0.41111,1,1,0,1,0.360944863922972,0.384350806854113,-0.317757403012365,0.15066400077194
"sub-147",2,0,0,1.91781,1,1,0,1,0.648659213446081,1.17881640108923,0.140338586565728,0.646284780092537
"sub-147",4,0,1,0.23953,1,1,0,1,0.524427660275251,0.550507384766307,-0.51016388895611,0.358753806282766
"sub-147",3,0,1,0.71226,1,1,0,1,0.758843190968037,0.282012682408094,-0.223156786999122,0.0485236303880811
"sub-147",4,0,1,0.64248,0,0,1,1,0.259401257583325,-0.318326417223067,0.617347611182292,-0.142279755836353
"sub-147",8,0,1,0.25,0,0,1,1,0.224975271790754,0.185450341800417,0.553831329675935,0.0671976489946246
"sub-147",10,0,1,0.0231699999999999,0,0,1,1,0.105963809260478,0.235185069169987,0.308642827517663,0.396101655741222
"sub-147",5,0,1,0.39637,0,0,1,1,0.143432650404672,-0.275836091454106,-0.282471833692398,0.0908479986712337
"sub-147",8,0,1,0.0185900000000001,0,0,1,1,0.0505299869303902,-0.134591318605494,-0.288738852832466,0.0330383262597024
"sub-147",10,0,1,0.45836,0,0,1,1,-0.0986676590982825,0.0851009007957247,-0.171946648372492,-0.043413480068557
"sub-147",8,0,1,0.3975,0,0,1,1,-0.268211876187706,-0.28007579221028,-0.251504796013857,-0.092507990822196
"sub-147",7,0,1,0.15316,0,0,1,1,0.0540518829026648,-0.0829520915393476,0.128584602760384,0.0275452856440097
"sub-147",3,0,1,0.86434,1,0,0,1,0.27441728670965,0.14536381640506,0.123752435048421,-0.0363144671311602
"sub-147",6,0,1,0.42019,1,0,0,1,0.423196103423834,0.00253875955456385,0.179512140224688,0.42129297737265
"sub-147",4,0,1,0.29469,1,0,0,1,0.614057547994889,0.0305112066368262,0.00687847911225011,0.202379671484232
"sub-147",9,0,1,0.30067,1,0,0,1,0.319771877024323,-0.510258903382001,-0.275616064822922,0.214432822354138
"sub-147",1,1,0,NA,0,0,0,1,0.591634832322598,-0.0445583357165257,0.805517520755529,0.130132718943059
"sub-147",2,1,0,NA,0,0,0,1,0.767443528243651,0.646701834388767,0.641520699486136,0.14330246374011
"sub-147",4,0,1,1.22244,1,0,0,1,0.0980323184436808,1.0569131459213,0.156077849426462,0.0848088465834735
"sub-147",3,0,1,0.7778,1,0,0,1,0.173322418704629,0.693840135535639,0.170808736002073,0.33950483288645
"sub-147",10,0,1,1.87453,1,0,1,1,0.899375799771709,0.306675244916092,0.952731873840094,0.35631878497079
"sub-147",7,0,1,0.0633600000000001,1,0,1,1,1.1504130357013,1.53021805905909,2.04930765844377,0.751572085544467
"sub-147",8,0,1,0.40367,1,0,1,1,0.875241959157089,0.848125246965706,1.68031467388694,0.429755880311131
"sub-147",9,0,1,1.04361,1,0,1,1,-0.269617180766848,-0.765844027477282,-0.996217571548186,-0.1706496224273
"sub-147",1,0,1,0.48238,1,0,1,1,0.310712843978157,-0.367532247470485,-0.861248596726606,0.225270088855177
"sub-147",8,0,1,0.25478,1,0,1,1,0.533705214348932,-0.0836071380310588,-0.726305548567325,0.568230580096133
"sub-147",5,0,1,0.27757,1,0,1,1,0.0186270705596788,-0.717863030421237,-0.611465021890278,0.385601982567459
"sub-147",9,0,1,0.38335,1,0,1,1,0.101365273507933,-0.578116562976329,-0.396325778060903,0.0447515123480116
"sub-147",4,0,1,0.68197,1,1,0,1,0.274263193559212,0.518968531275513,0.207175468715529,0.13632837140467
"sub-147",2,0,0,1.74006,1,1,0,1,0.269256419230563,0.156734410638886,-0.255866319057532,0.0684493461623788
"sub-147",5,0,1,0.11206,1,1,0,1,0.166574741868923,-0.186477312611209,-0.52853725613871,0.448086612485349
"sub-147",4,0,1,0.08365,1,1,0,1,-0.0683543485453508,-0.197055652202969,-0.141499339525277,0.34733656020835
"sub-147",2,0,0,0.25654,1,1,0,1,-0.103904956524881,0.631711823313876,0.0727935349180674,-0.0890284097287804
"sub-147",2,0,0,0.92961,1,1,0,1,0.283931147345963,0.195218411860643,0.607052883744473,0.0309270737692714
"sub-147",2,0,0,0.46846,1,1,0,1,0.206592433697854,0.239969091955572,0.591732091871866,0.264926768653095
"sub-147",10,0,1,0.35861,1,1,0,1,0.12968153890688,-0.243804450250334,0.272741306223907,0.0429123569279909
"sub-147",10,0,1,0.35722,0,0,1,1,0.432618456889638,-0.721285083917556,-0.259570806908111,0.0525748915970325
"sub-147",10,0,1,0.0303,0,0,1,1,0.224430948883916,-0.197330620139837,0.339113634390136,0.0557105234824121
"sub-147",8,0,1,0.10315,0,0,1,1,0.74284779218336,0.403728697069541,1.36656763210582,0.0215099076740444
"sub-147",10,0,1,0.0256400000000001,0,0,1,1,0.16399742977228,0.35111149897178,0.39636176029065,0.23033789973706
"sub-147",8,0,1,0.0312699999999999,0,0,1,1,-0.0158723309480896,-0.346988507856925,-0.703267648234032,0.120092191547155
"sub-147",1,0,1,0.02179,0,0,1,1,0.608410778513644,0.608355489455991,0.191375163102445,0.583654116478283
"sub-147",6,0,1,0.32806,0,0,1,1,0.269974168855697,0.684814927616605,0.325323334817464,0.540566834434867
"sub-147",7,0,1,0.01797,0,0,1,1,0.414545705813604,0.0282299359742966,0.12016571679851,0.137314814282581
"sub-147",1,0,0,1.2494,0,0,0,1,0.380773856615027,0.505800621928992,-0.317613997302639,0.311674161441624
"sub-147",3,0,1,1.50564,0,0,0,1,0.694998820011582,0.275751008505554,0.0580883150105365,0.448004851583391
"sub-147",8,0,1,0.24348,0,0,0,1,0.613921688947206,0.51139774853881,0.751256922997224,0.620142157934606
"sub-147",6,0,1,0.06586,0,0,0,1,0.202335249166936,0.138119836199891,0.179132393367278,-0.0337705588783137
"sub-147",1,0,0,0.10522,0,0,0,1,0.0748130757516871,-0.198066920697413,-0.202627828267092,-0.667896966729313
"sub-147",3,0,1,0.89523,0,0,0,1,-0.360682568978518,-0.24511663059497,-0.332895612518769,-0.496198039175943
"sub-147",3,0,1,0.40094,0,0,0,1,-0.423769183922559,-1.08373957568849,-0.60807616993164,-0.410571066197008
"sub-147",3,0,0,0.55646,0,0,0,1,0.436055287524747,0.220494606118235,0.209123385119407,0.2597536964342
"sub-147",10,0,0,0.8853,1,1,1,2,0.247500537613329,0.399659677042143,-0.109922211306791,-0.53629623032175
"sub-147",10,0,1,0.27427,1,1,1,2,-0.153081491469493,-0.475866516465666,-1.22822960411334,-0.855927434377372
"sub-147",6,0,1,0.13116,1,1,1,2,0.375890093583924,-0.139849996608165,-0.187463932437822,0.286165218614042
"sub-147",10,0,1,0.60424,1,1,1,2,-0.237661123819028,0.234027986587198,0.575044911898052,0.489294487825828
"sub-147",8,0,1,0.12604,1,1,1,2,-0.513204835743333,-0.114601254445949,0.181958170025609,0.0426459480077028
"sub-147",10,0,1,0.78402,1,1,1,2,-0.0071440198031875,-0.43831750008933,0.372979709102462,-0.187433820031583
"sub-147",4,0,1,0.57278,1,1,1,2,0.560233955038711,-0.10816294601601,0.844078709837049,0.678400547220372
"sub-147",8,0,1,0.34509,1,1,1,2,0.250349057836578,0.0204556886671559,-0.061728379339911,0.549903283733875
"sub-147",8,0,1,0.82399,1,0,1,2,-0.0962546611359964,-0.34374996509265,-0.080112021988801,0.0271045573055744
"sub-147",7,0,1,0.23009,1,0,1,2,0.144517609383911,-0.790663809136108,0.318034599748595,-0.312460830621421
"sub-147",9,1,0,NA,0,0,1,2,0.160977538325824,0.0810810373751102,0.732746860245243,-0.25860194163397
"sub-147",2,0,0,0.37709,1,0,1,2,0.145683243870735,0.387664144875965,0.267988844425417,-0.261148637067527
"sub-147",5,0,1,0.18401,1,0,1,2,0.456886219190589,0.509332774922735,0.258021909277886,-0.0351842854171991
"sub-147",8,0,1,0.13993,1,0,1,2,-0.224228325959605,0.0231806355425053,0.390933086906443,0.162690955493599
"sub-147",8,0,1,0.0287299999999999,1,0,1,2,0.0529653126674627,0.313556781590537,0.719503953432043,0.679470423888415
"sub-147",7,0,1,0.01844,1,0,1,2,0.0638658190922191,0.34092352328891,-0.101977229816839,-0.174560461658984
"sub-147",4,0,1,0.30016,1,1,0,2,0.164677236733648,-0.547003917603029,0.160449364620339,0.337391176522942
"sub-147",7,0,1,0.05698,1,1,0,2,0.382731765974313,0.378801101439253,0.670790801290423,0.191727664042264
"sub-147",3,0,1,1.04711,1,1,0,2,0.477167421428021,0.934200150495464,0.297797051801657,0.191120497346856
"sub-147",1,0,0,0.70396,1,1,0,2,0.634785207609336,0.37807466869277,-0.21594560763333,-0.47057604243746
"sub-147",3,0,1,0.51055,1,1,0,2,0.409264905882689,0.11532009365382,-0.467899581068195,-0.666575857996941
"sub-147",2,0,0,0.31648,1,1,0,2,0.182497614538685,0.435658352197303,-0.125976006034762,-0.2091000020504
"sub-147",5,0,1,0.05538,1,1,0,2,0.107997950864956,-0.0529218204233243,0.0691650553684061,-0.271582494222093
"sub-147",2,0,0,0.02725,1,1,0,2,0.0975410659642269,-0.371124386890895,0.045697494254758,-0.34627797040157
"sub-147",6,0,1,0.45758,1,0,0,2,0.00605288098692351,-0.171190713014868,-0.0182606344266484,0.0534877434372902
"sub-147",3,0,1,1.23082,1,0,0,2,0.047845199519846,0.116800215224632,0.308717413999451,0.126513188332319
"sub-147",4,0,1,0.62083,1,0,0,2,0.243500167271122,0.202275488111708,0.722936254382754,0.252315218001604
"sub-147",3,0,1,0.32648,1,0,0,2,0.145631470484659,0.497862865389497,0.0394262923315788,0.348805456818081
"sub-147",2,0,0,0.14911,1,0,0,2,0.024222607142292,-0.334607368404115,-0.0851199227230002,0.147183190379292
"sub-147",8,0,1,0.10478,1,0,0,2,-0.399974402709631,-0.429062799205659,-0.194426834311647,0.287552773579955
"sub-147",4,0,1,0.02712,1,0,0,2,-0.197609851835296,-0.227455507687948,-0.39003388164565,-0.36430153734982
"sub-147",3,0,1,0.4343,1,0,0,2,-0.338236443776016,-0.38510988963147,-0.16130229861786,-0.945544354058802
"sub-147",7,0,1,0.43239,0,0,1,2,0.513279392694434,0.00682585320814892,1.01814535844217,-0.52310634405585
"sub-147",9,0,1,0.0889800000000001,0,0,1,2,0.468470654295137,0.193259143844544,0.809620074074095,-0.40723892650567
"sub-147",7,0,1,0.0277400000000001,0,0,1,2,0.237055440976595,-0.253743379135375,0.317978630618503,-0.335333883203566
"sub-147",8,0,1,0.0172699999999999,0,0,1,2,-0.102835050182572,-0.0620207561490436,-0.0987801258452237,-0.329456990712788
"sub-147",7,0,1,0.0241100000000001,0,0,1,2,-0.134453446875947,-0.0588431282451859,-0.170950502545262,-0.147665433399379
"sub-147",9,0,1,0.0301199999999999,0,0,1,2,0.0361756632725398,-0.0906660759614574,-0.0278327269479632,-0.0745100195519626
"sub-147",6,0,1,0.0194399999999999,0,0,1,2,0.103746735355041,0.653170237524642,0.873615151096601,-0.239136026613414
"sub-147",2,0,0,0.80941,0,0,1,2,-0.058016523020342,0.899098664625651,0.451274892082438,-0.124946889886633
"sub-147",8,0,1,0.30537,1,1,1,2,0.086596628689828,-0.617110731114668,0.0561404591426253,0.129490558151156
"sub-147",10,0,1,0.02762,1,1,1,2,0.180235577587155,-0.14202582899964,0.0525059395004064,-0.240723696630448
"sub-147",9,0,1,0.10089,1,1,1,2,0.384181892305302,0.235702914806704,0.0956046547895918,-0.429295819532126
"sub-147",5,0,1,0.30731,1,1,1,2,0.154527291383905,-0.0704401450024711,-0.564224635716528,-0.438692305237055
"sub-147",8,0,1,0.12974,1,1,1,2,0.203982401503405,0.0557722401356807,-0.376529748706768,0.0876681010937318
"sub-147",9,0,1,0.01884,1,1,1,2,0.353038414109809,0.357910829328897,-0.159799879882485,-0.0290838971501216
"sub-147",7,0,1,0.0246599999999999,1,1,1,2,0.529804858893234,-0.0226868529528103,-0.0366462108213454,0.389221377670765
"sub-147",1,0,0,0.3143,1,1,1,2,0.0465408347275419,0.0176610447190426,-0.214933899386475,0.0272733395453542
"sub-147",5,0,1,0.6301,1,0,0,2,0.140252320331153,-0.58460194438144,0.0670687006010364,-0.360665168880951
"sub-147",3,0,1,0.46914,1,0,0,2,0.45392566191731,-0.352948263942919,-0.0843083374832834,0.333785660774447
"sub-147",4,0,1,0.32737,1,0,0,2,0.206369494786486,-0.447074117069995,0.365612871091192,0.407509886100888
"sub-147",2,0,0,0.03267,1,0,0,2,-0.336338895814454,-0.0946509439705147,0.569480670422005,0.377015452459455
"sub-147",2,0,0,0.0231600000000001,1,0,0,2,-0.0253542664892545,0.845741638870634,0.638828958772744,0.349401818122715
"sub-147",10,0,1,0.32955,1,0,0,2,0.251831260199348,0.535367317601211,0.543050151395922,-0.166281909542158
"sub-147",1,0,0,0.25321,1,0,0,2,0.35042381612584,0.0793306158803817,-0.136081312142778,-0.556763511849567
"sub-147",3,0,1,0.3756,1,0,0,2,0.0211497280591478,-0.00324245012813696,-0.487891474273056,-0.138813099265099
"sub-147",5,0,1,0.62226,0,0,0,2,-0.409514239736988,-0.413514126713077,-0.379472612383931,-0.334184628445655
"sub-147",2,0,0,0.02837,0,0,0,2,-0.152555165967594,0.210315396336632,0.014694594758718,0.0942871909588575
"sub-147",1,0,0,1.21887,0,0,0,2,0.882192072769006,1.14736410478751,0.735333827227199,0.207203919440508
"sub-147",1,0,0,0.19173,0,0,0,2,0.133890179529165,0.856676845086945,0.375310522969812,-0.242702117183944
"sub-147",4,0,1,0.0813999999999999,0,0,0,2,-0.0828040099392335,0.832632587670728,0.0315031189626704,-0.0385414469288662
"sub-147",3,0,1,0.33691,0,0,0,2,0.17913487184948,-0.0033732783049345,0.033364422696953,-0.0740935461697518
"sub-147",7,0,1,0.02562,0,0,0,2,0.236457904005268,0.0795750484750089,-0.00542784012698879,-0.111672909837216
"sub-147",3,0,1,0.14868,0,0,0,2,0.493998017472525,-0.104827320134198,0.06144412579791,-0.153309439122677
"sub-147",8,0,1,0.5781,1,0,0,2,0.248974807327613,-0.314417319303309,0.955081303674281,-0.960242578061298
"sub-147",9,0,1,0.05121,1,0,0,2,0.211157692635121,0.565442797175988,0.134382491310438,-0.329003342683427
"sub-147",1,0,0,0.15848,1,0,0,2,0.194597667679773,-0.0399895835046967,-0.134526513885551,0.0340759513899684
"sub-147",8,0,1,0.18216,1,0,0,2,0.484493996249512,-0.842216383286372,-0.146666999906301,0.38468151728739
"sub-147",10,0,1,0.0210399999999999,1,0,0,2,0.00387022147576014,-0.432017675704426,-0.592463918728754,-0.013165707886219
"sub-147",7,0,1,0.02677,1,0,0,2,-0.0693088467232883,0.0908412211747081,-0.566367836863113,0.164141058549285
"sub-147",8,0,1,0.03268,1,0,0,2,0.144180341002842,0.344666202289604,0.206191496108659,-0.022906000725925
"sub-147",6,0,1,0.09013,1,0,0,2,-0.0614268860469262,0.311978354700841,0.190482666483149,-0.10088879079558
"sub-149",3,1,0,NA,0,0,0,1,1.18757692057018,-0.772651237970287,-0.0834926313497514,0.368744366336614
"sub-149",6,1,0,NA,0,0,0,1,-0.861289752530865,-1.20287526446326,-0.0262328747970362,0.0744560280814767
"sub-149",1,1,0,NA,0,0,0,1,-0.746459752398854,-0.285267965730142,0.0071391595993191,-0.451866415236145
"sub-149",2,0,1,0.99574,1,0,0,1,0.0381679692072794,0.374630352516693,-0.0383096182874093,-0.427482885867357
"sub-149",10,0,1,0.90837,1,0,0,1,0.155996276220928,0.10608263431048,0.540399879682809,-0.0455401895567775
"sub-149",2,0,0,1.23891,1,0,0,1,-0.00330215678938354,-0.158945230077262,0.263776612584479,-0.460693893954158
"sub-149",2,0,0,1.48399,1,0,0,1,0.239283660717774,-0.656270832099296,0.419952181051485,-0.200190063309856
"sub-149",2,1,0,NA,0,0,0,1,0.350137478749578,-0.202857506133754,0.363080021032753,-0.423812132701278
"sub-149",7,0,1,1.63696,1,0,1,1,0.0651292318604343,0.651581010177594,0.15800894589241,0.628500616784731
"sub-149",5,0,1,0.78216,1,0,1,1,-0.191119897024085,-0.173014248359121,-0.209644800905759,-0.196796451602131
"sub-149",7,0,1,0.19573,1,0,1,1,0.336890735353033,-0.459917807822219,-0.698241961343835,-0.437704095593654
"sub-149",3,0,1,0.75961,1,0,1,1,0.591608577946317,0.158824730733478,-0.245911473654663,-0.552843259135261
"sub-149",9,0,1,0.67188,1,0,1,1,0.640516606320792,0.0808106484926409,-0.513141874068727,-0.322253299131989
"sub-149",7,0,1,0.0330699999999999,1,0,1,1,0.60860344817047,0.0865193652334037,-0.182306834845804,-0.0904161060228944
"sub-149",9,0,1,0.21362,1,0,1,1,-0.231734110993178,0.0885396207234374,0.195330028955747,-0.74059444819577
"sub-149",7,0,1,0.0253300000000001,1,0,1,1,-0.0810612339798051,-0.391886943744289,0.140199135290459,-0.602113603474572
"sub-149",4,0,1,0.67924,1,1,0,1,0.157308752105261,0.124484138459795,-0.00339718126148606,-0.655233145784587
"sub-149",8,0,1,0.0242,1,1,0,1,0.270810281062343,-0.389327839568809,0.257590530207381,0.254811963159591
"sub-149",4,0,1,0.0205500000000001,1,1,0,1,-0.210412686690688,-0.50861030272898,0.316948366467841,0.527719834446907
"sub-149",2,0,1,0.31604,1,1,0,1,-0.507710787803565,0.281569220056688,-0.295577677568266,-0.38647376736626
"sub-149",1,1,0,NA,0,0,0,1,0.464539420577542,-0.42078865626482,0.0296159266338994,-0.332986722700298
"sub-149",2,0,1,1.39486,1,1,0,1,0.294227037617626,-0.0908625890173156,0.311872199682208,-0.250297204405069
"sub-149",4,0,1,0.02305,1,1,0,1,0.113180947955698,-0.327516613355665,0.345469333173241,0.341233556717634
"sub-149",5,0,1,0.08626,1,1,0,1,0.244627477795196,-0.323757585931431,0.0141436867367399,0.359716530982405
"sub-149",8,0,1,1.49299,0,0,1,1,0.30025122279767,0.186403689837014,0.123007173106695,-0.445979233761318
"sub-149",1,0,0,0.85609,0,0,1,1,0.834005034140622,-0.376774279607667,-0.105891117535066,-0.302052220888436
"sub-149",7,0,1,0.10208,0,0,1,1,0.41162831876621,0.113087210493783,-0.22586162314595,0.102929891226813
"sub-149",9,0,1,0.43276,0,0,1,1,0.534850372224658,0.183334427782231,-0.277194598224014,0.0438372894190252
"sub-149",8,0,1,0.0283,0,0,1,1,0.69066510151606,-0.306214890097854,-0.408884446291874,-0.346848657075316
"sub-149",7,0,1,0.24338,0,0,1,1,0.279046308326845,-0.0299668196519768,0.368909197083364,-0.443055934598669
"sub-149",8,0,1,0.0739700000000001,0,0,1,1,0.493444428798587,0.636145224820616,0.398093737429008,-0.136235983419465
"sub-149",6,0,1,0.03698,0,0,1,1,0.0109452404237042,0.743866427594589,0.151086491445312,-0.465958473624778
"sub-149",2,1,0,NA,0,0,0,1,-0.187651061026069,-0.248939115554094,0.449783831330327,0.29324598973617
"sub-149",4,0,1,0.14508,0,0,0,1,-0.00825692880122612,-0.218190902982045,-0.241259388936063,-0.740110905852635
"sub-149",4,0,1,0.02658,0,0,0,1,-0.510674075572751,-1.13034608259935,-0.726076344920633,-2.25636792266741
"sub-149",3,0,1,0.50684,0,0,0,1,-0.440676150028594,0.287971422878197,-0.52070335468549,-1.07922525890172
"sub-149",1,0,0,0.16985,0,0,0,1,0.0998080008430406,0.0812761537403006,0.188149478378667,-0.0606201313668862
"sub-149",9,0,1,0.0326900000000001,0,0,0,1,-0.222334053866992,0.527026062313881,0.384430589620024,-0.13188153328374
"sub-149",2,0,1,0.26265,0,0,0,1,0.133921099433792,0.148366165105943,0.305284879616617,0.405569057492539
"sub-149",6,0,1,0.0254399999999999,0,0,0,1,0.277763016172685,-0.637368378091466,0.109310169005767,0.503414864093065
"sub-149",2,0,1,0.41399,0,0,1,1,0.0908369802831051,0.288786882564805,-0.0898853108422675,-0.249905544752255
"sub-149",10,0,1,0.02708,0,0,1,1,0.274860776805629,0.578764089176224,-0.063304735852095,0.25992076434195
"sub-149",7,0,1,0.0239499999999999,0,0,1,1,0.464536760506841,0.295757093803129,0.299182702457377,-0.244726713933051
"sub-149",9,0,1,0.0199499999999999,0,0,1,1,0.846067358274013,0.171977755924066,0.521779365527133,-0.256736493390053
"sub-149",10,0,1,0.0305599999999999,0,0,1,1,0.861628590306888,0.276150872241016,-0.0356992702775945,-0.0693782360292971
"sub-149",8,0,1,0.02827,0,0,1,1,0.236838695670788,-0.0717753084135,-0.128170790422397,0.0964044341817498
"sub-149",6,0,1,0.02538,0,0,1,1,-0.138752050154532,0.0724263494075448,-0.0109949900264231,-0.10893675996922
"sub-149",9,0,1,0.0222199999999999,0,0,1,1,-0.256886017896856,-0.207795540284779,0.322358495439403,0.261548717156984
"sub-149",7,0,1,1.69564,1,1,0,1,0.0667322861845605,-0.89600314386189,-0.55220904496188,-0.545194581896067
"sub-149",2,0,1,0.02247,1,1,0,1,0.0395054838785048,-0.734466569153247,-0.323403579881415,-0.571156174503267
"sub-149",4,0,1,0.01925,1,1,0,1,0.386942845614006,-0.786312142809577,0.46342484288228,-0.725539925787598
"sub-149",1,0,0,0.11733,1,1,0,1,0.308894470296461,0.0284508299599919,0.40869608404076,-0.365777106862515
"sub-149",4,0,1,0.0304500000000001,1,1,0,1,-0.0192740711305911,0.126599795081549,0.247955317919453,-0.229216129891574
"sub-149",4,0,1,0.02857,1,1,0,1,-0.21279149413264,0.171213285376628,-0.0915555877533431,0.0058291656896472
"sub-149",2,0,1,0.02443,1,1,0,1,0.18542913129689,0.115942618568186,-0.341716680782459,-0.188633116567507
"sub-149",6,0,1,0.0216099999999999,1,1,0,1,0.489359003181259,-0.365189877787122,-0.105406810490725,-0.0482855979818851
"sub-149",5,0,1,0.65764,1,1,1,1,0.445624077323979,0.880575619814745,0.423982000890343,0.330275889765471
"sub-149",8,0,1,0.0198100000000001,1,1,1,1,-0.0122227672642718,0.92015072768899,0.602388176213329,0.596041247298126
"sub-149",9,0,1,0.0322800000000001,1,1,1,1,0.197766736154639,0.663951625840531,0.0213045467001696,-0.366796166263521
"sub-149",9,0,1,0.0284599999999999,1,1,1,1,-0.110373735117416,0.356181713907669,-0.243267833565672,-0.441571624577045
"sub-149",4,0,1,0.0249999999999999,1,1,1,1,-0.0273367422632873,0.546064485554342,0.182820872791732,-0.208342405036092
"sub-149",10,0,1,0.02139,1,1,1,1,-0.066347449979124,0.280997963139304,0.244992837930719,-0.125482914969325
"sub-149",7,0,1,0.0174799999999999,1,1,1,1,0.274965374846943,-0.214978805915625,-0.24384762501965,-0.0986696580890566
"sub-149",10,0,1,0.0293300000000001,1,1,1,1,0.073956199104335,-0.572310877067071,-0.593866540196662,-0.477898781374097
"sub-149",7,0,1,0.01728,0,0,0,1,0.807218791761746,-0.0794060912880081,0.0964601521069805,0.403788418136537
"sub-149",2,0,1,0.0307999999999999,0,0,0,1,0.332633642033519,-0.723375462444016,-0.337513360039641,-0.422138940822333
"sub-149",3,0,1,0.0277099999999999,0,0,0,1,-0.316868190381986,-0.100947436410934,0.16574459305654,-0.499698084266856
"sub-149",2,0,1,0.0242599999999999,0,0,0,1,0.240459789133941,0.0389810099645897,0.503443026701765,-0.11008936795406
"sub-149",2,0,1,0.02105,0,0,0,1,0.0288227014243603,-0.263445632670213,0.130016411324808,0.24933712054044
"sub-149",5,0,1,0.01702,0,0,0,1,-0.0857207919470966,-0.734035524160222,-0.293431196478195,-0.372466113418341
"sub-149",2,0,1,0.0299799999999999,0,0,0,1,-0.0034059583946752,-0.124908582842046,-0.583563328565409,-1.00650845784694
"sub-149",2,0,1,0.0257400000000001,0,0,0,1,0.408746374848609,0.280089958156976,0.157001633623925,0.266938148625195
"sub-149",7,0,1,1.28838,1,1,1,2,0.215950434096158,-0.905724593748649,0.180363979471925,-0.150903291045688
"sub-149",10,0,1,0.11663,1,1,1,2,-0.129174279863946,-0.80184941055874,-0.702537483768538,-0.475976027548313
"sub-149",10,0,1,0.0469299999999999,1,1,1,2,0.257547864656469,0.52955266065611,0.484249185382699,0.310880721604917
"sub-149",6,0,1,0.02721,1,1,1,2,-0.20046782833136,0.67983035184443,0.635890503064729,0.284178609540686
"sub-149",9,0,1,0.14031,1,1,1,2,0.387233200793465,0.548246822492392,0.670396392427695,0.643199030176038
"sub-149",9,0,1,0.02078,1,1,1,2,0.277649465560292,-0.307736232255896,0.71884182941479,0.31450140918605
"sub-149",4,0,1,0.0170600000000001,1,1,1,2,0.262089967562739,-0.067233979150101,0.16821710121197,0.286579612456262
"sub-149",10,0,1,0.03098,1,1,1,2,0.170389594112445,-0.219254674596919,-0.321965371064531,0.536673107556999
"sub-149",7,0,1,0.53588,0,0,1,2,0.128015540462608,-0.161839337088168,0.531299032426129,0.154112187604187
"sub-149",9,0,1,0.03203,0,0,1,2,0.281845092074946,-0.505905773223343,-0.212692246811154,-0.0998823375441134
"sub-149",5,0,1,0.0286200000000001,0,0,1,2,-0.260738219474054,-0.409297334582165,-0.849768076324835,-0.835264952544821
"sub-149",4,0,1,0.02505,0,0,1,2,-0.63265342359955,-0.303461227626367,-1.00643367809244,-0.564861368644051
"sub-149",8,0,1,0.0211600000000001,0,0,1,2,0.409657055938927,-0.221105357632041,-0.47647792143592,0.236947466991842
"sub-149",7,0,1,0.0179100000000001,0,0,1,2,0.894468263179685,-0.324206266167393,0.107082937766487,0.648477452248335
"sub-149",8,0,1,0.03003,0,0,1,2,0.0292930393091713,-0.633840462037673,0.227326585338839,0.377668114576954
"sub-149",7,0,1,0.0264599999999999,0,0,1,2,-0.620351370928499,0.192739908695566,0.133179425320122,-0.109008893126156
"sub-149",8,0,1,0.03156,1,0,1,2,0.227873276783309,-0.229069211002853,-0.377119548075522,-0.043751598149538
"sub-149",10,0,1,0.0281899999999999,1,0,1,2,0.453391582937911,0.700587361878543,-0.43782959630092,-0.100857206410728
"sub-149",5,0,1,0.0248699999999999,1,0,1,2,0.291374874378865,0.0142936962570443,0.142813628539443,0.101176638528705
"sub-149",10,0,1,0.0190699999999999,1,0,1,2,-0.00339813070604578,-0.553620437798263,0.255707628675736,0.138557161705103
"sub-149",7,0,1,0.0327299999999999,1,0,1,2,-0.218428116446982,0.077461006620002,0.358468604429315,0.408896664343774
"sub-149",8,0,1,0.0287500000000001,1,0,1,2,0.106805718688217,1.01751477331251,0.0668442664270212,0.343515179120004
"sub-149",4,0,1,0.02427,1,0,1,2,0.0240930349682458,0.656165216532018,-0.0802822922899698,0.1423347230535
"sub-149",8,0,1,0.0205200000000001,1,0,1,2,-0.371363905394295,-0.302596186115234,0.550165379264702,-0.184508568840101
"sub-149",1,0,0,0.54128,1,0,0,2,-0.280041386984522,0.128702679200581,-0.279515189031372,-0.0622004630975425
"sub-149",3,0,1,0.0378499999999999,1,0,0,2,0.0275553766017159,-0.0071676966768724,0.136472336133011,-0.585235895309597
"sub-149",2,0,1,0.0174300000000001,1,0,0,2,0.133064281583453,-0.146286000532133,0.391797183450156,-0.262549048475921
"sub-149",3,0,1,0.0307,1,0,0,2,-0.216686644261548,-0.585711720261585,-0.370024655310165,0.28625876782462
"sub-149",6,0,1,0.0254399999999999,1,0,0,2,0.232695069086427,-0.335771304193056,0.250609636558996,0.993578220065683
"sub-149",1,0,0,0.10567,1,0,0,2,0.140047717684259,-0.867517199505259,0.0449851422260205,0.227143138786778
"sub-149",1,0,0,0.13576,1,0,0,2,0.877571167695957,0.0665841885600929,-0.234227388165891,0.557046084105968
"sub-149",7,0,1,0.0321199999999999,1,0,0,2,1.47570912136386,0.776320097623048,0.396614115995665,0.263023639284074
"sub-149",4,0,1,0.0174700000000001,0,0,0,2,-0.232105081726331,-0.0386287821801724,-0.0801844490976388,0.387114175455645
"sub-149",4,0,1,0.0327,0,0,0,2,-0.543153644122261,0.247462760851098,0.276847273732225,0.67785560330376
"sub-149",5,0,1,0.0295000000000001,0,0,0,2,-0.117786619443602,0.425319917155085,-0.112089771796794,0.0489752118941396
"sub-149",3,0,1,0.02599,0,0,0,2,0.199321157454203,-0.0355673928710598,0.0132628238837545,-0.0517878462560475
"sub-149",2,0,1,0.12213,0,0,0,2,0.408340907849682,-0.17365615742488,-0.260851556939694,-0.164906977675855
"sub-149",1,0,0,0.25273,0,0,0,2,0.144197697547497,0.0705570583576681,-0.151688606468573,0.0484528170898557
"sub-149",7,0,1,0.0319100000000001,0,0,0,2,-0.196700680690507,-0.027951068210381,-0.243819150025956,-0.0449516081251204
"sub-149",3,0,1,0.0290600000000001,0,0,0,2,0.150205089109174,-0.47458348122503,-0.343901163626773,-0.188165922928602
"sub-149",9,0,1,0.31676,1,0,1,2,-0.486572535436911,-0.40174070890579,-0.529354179025783,-0.333075318112969
"sub-149",8,0,1,0.02719,1,0,1,2,-0.648803126687805,0.0377621750036875,-0.082067143637687,-0.133020681538619
"sub-149",3,0,1,0.39036,1,0,1,2,0.222065726033179,0.00704229257448956,0.574867022922263,0.682920474559069
"sub-149",9,0,1,0.0208200000000001,1,0,1,2,-0.37386650229746,-0.309050142920266,0.0351566758278447,-0.181927887859638
"sub-149",8,0,1,0.03302,1,0,1,2,0.6014517180447,0.370216473523113,0.221782082885814,0.356016712449491
"sub-149",7,0,1,0.0291999999999999,1,0,1,2,-0.0225071496097371,0.362127728605022,0.578330669862529,-0.0972238505200949
"sub-149",10,0,1,0.0274399999999999,1,0,1,2,-0.192391584763148,0.322599714677953,0.550613128114492,-0.118027600087225
"sub-149",5,0,1,0.0230900000000001,1,0,1,2,0.229481663419089,0.0444281374759696,0.681026202471306,0.312801810097881
"sub-149",7,0,1,0.0237700000000001,1,1,1,2,0.0287334816918398,0.0221383382945701,0.284526022810799,0.935229399614036
"sub-149",2,0,1,0.02003,1,1,1,2,-0.939238380485525,-0.648721517990688,-0.482203253312036,0.264135330030695
"sub-149",8,0,1,0.0172099999999999,1,1,1,2,0.302957691531143,-0.153302820675351,-0.468421201144035,-0.0372105609625578
"sub-149",10,0,1,0.0316099999999999,1,1,1,2,0.552724559131699,0.357502225889928,0.141465434222482,0.0769132604822516
"sub-149",8,0,1,0.0283,1,1,1,2,0.348753813530493,-0.132940015169205,0.0623904642998241,-0.0691594717674889
"sub-149",10,0,1,0.0265899999999999,1,1,1,2,0.212611649263029,0.127745383177642,-0.36546119802127,-0.147616707546695
"sub-149",5,0,1,0.0236099999999999,1,1,1,2,0.235625980499511,0.0123585885820729,-0.369178073325505,-0.414107826189138
"sub-149",8,0,1,0.0209900000000001,1,1,1,2,-0.309765572533555,-0.487781415693462,-0.099574623707061,-0.318110704451101
"sub-149",1,0,0,0.62473,1,0,0,2,0.348010356848439,-0.0306904954766786,0.0891913665691391,0.539280688007784
"sub-149",2,0,1,0.73849,1,0,0,2,0.659435109235346,0.466215422101043,0.0388249621416132,0.228321421460714
"sub-149",2,0,1,0.13465,1,0,0,2,0.0547386046964675,0.0434441020091375,0.377243646032487,-0.420564863272011
"sub-149",3,0,1,0.08131,1,0,0,2,0.0223612168726201,-0.730741713540974,0.377062575814004,0.0101836737710983
"sub-149",10,0,1,0.11068,1,0,0,2,-0.168657471988505,-0.359151811287221,-0.129270426463336,0.162374920491129
"sub-149",6,0,1,0.0408999999999999,1,0,0,2,-0.0529454829811584,0.032447194715065,-0.192584948924681,0.0602874184725806
"sub-149",1,0,0,0.08731,1,0,0,2,-0.283386066517172,0.226311192037193,-0.474808347295038,-0.41640617121011
"sub-149",4,0,1,0.0328200000000001,1,0,0,2,-0.3267373010749,-0.0789103211438352,-0.118298831783856,-0.055131418898236
"sub-149",4,0,1,0.2198,1,1,0,2,-0.385885770180418,0.660030070778534,-0.0857503318693489,-0.0739901525899768
"sub-149",9,0,1,0.03233,1,1,0,2,-0.230793877718194,-0.632607577127163,-0.178437419856588,0.883385008201003
"sub-149",1,0,0,0.12852,1,1,0,2,0.144871870870702,-2.48109561867184,0.175566711307814,0.0765244170092046
"sub-149",4,0,1,0.0910899999999999,1,1,0,2,0.106948451478578,-1.90305398156246,0.246767389626863,-0.0236370420083404
"sub-149",6,0,1,0.0211699999999999,1,1,0,2,-0.148762137789163,-0.578840755513671,-0.0374352925476463,0.434672257956117
"sub-149",2,0,1,0.03359,1,1,0,2,0.0136395170799612,0.128760151530581,0.234476055076811,0.488987534906482
"sub-149",2,0,1,0.0300199999999999,1,1,0,2,-0.00244551982420186,0.177946104426627,-0.142429427379587,-0.130163599736989
"sub-149",3,0,1,0.0268600000000001,1,1,0,2,-0.0825207036687061,0.496461531699256,-0.18258911811669,-0.222163981525227
"sub-150",8,0,1,1.95788,0,0,1,1,0.40198183991015,-0.0401047661348625,0.248843716767927,0.540118433441967
"sub-150",7,0,1,0.68,0,0,1,1,0.809338437121672,0.463519619950266,0.235848001320846,0.239679381763563
"sub-150",8,0,1,0.61931,0,0,1,1,0.20573129804931,-0.292877142214113,0.254767848159342,-0.297489311918616
"sub-150",9,0,1,0.34165,0,0,1,1,0.465807860154503,-0.917909856506244,0.338367778264607,-0.703024583216757
"sub-150",2,0,0,0.54824,0,0,1,1,0.23147327460659,-0.518150222763695,-0.108138672124672,-1.03277168422937
"sub-150",5,0,1,0.53821,0,0,1,1,-0.00638222190900706,-0.620629483885649,-1.10062324767932,-1.40094040744007
"sub-150",8,0,1,0.74419,0,0,1,1,0.18923911320356,-0.400855446023073,-0.573440035029004,-0.458413418615237
"sub-150",7,0,1,0.39966,0,0,1,1,0.243791010240481,-0.109870326118889,-0.267050726494441,-0.254186940938234
"sub-150",6,0,1,0.94484,1,0,1,1,0.115807781956391,-1.04911982714785,-0.199055041574563,-0.711328783526551
"sub-150",9,0,1,0.38553,1,0,1,1,0.33016237958024,-0.334128719444076,0.346060919381368,-0.100135739985853
"sub-150",7,0,1,0.60893,1,0,1,1,0.251240035596614,0.725159039513932,0.26043925791358,0.969027231121436
"sub-150",7,0,1,0.49905,1,0,1,1,-0.548478478332981,0.857856209950384,0.280303314706543,1.25484375413507
"sub-150",8,0,1,0.47169,1,0,1,1,-0.416529051959515,0.456465958233888,-0.00592175362786899,0.586839455354493
"sub-150",7,0,1,0.46124,1,0,1,1,0.00309062450348089,0.552520249970257,0.359144129373211,0.375641569495201
"sub-150",10,0,1,0.70039,1,0,1,1,0.043568816424037,0.489564819399405,0.162791109255825,-0.030357579048723
"sub-150",2,0,0,0.37277,1,0,1,1,0.168579466684605,0.567313354341658,0.162258697343835,-0.212515781028196
"sub-150",3,0,0,0.45155,0,0,0,1,0.30751242628321,0.355444110516045,-0.551672189108407,0.0318077705102041
"sub-150",1,0,0,0.42373,0,0,0,1,0.180803884276732,-0.367321598585005,-0.991175385347257,-0.358332120010164
"sub-150",4,0,1,1.86611,0,0,0,1,0.162471010766846,-0.713915659252692,-0.686168066070726,-0.462419585790485
"sub-150",8,0,1,0.47097,0,0,0,1,-0.0545634194277227,-0.424904728342813,-0.303577220339018,-0.160378858447075
"sub-150",4,0,1,0.61171,0,0,0,1,0.0963552143269529,-0.355098840366635,-0.383810481172986,-0.591341658146121
"sub-150",3,0,0,0.40152,0,0,0,1,0.147009815200969,-0.829167262323339,0.0119840233625534,-1.05199686629276
"sub-150",5,0,1,0.30728,0,0,0,1,0.351930538192391,-0.367815002514463,0.365254889087131,-0.414453711675014
"sub-150",3,0,1,0.847,0,0,0,1,-0.0288393037238469,-0.997342629402906,-0.100028097319106,-0.871337338816375
"sub-150",4,0,1,0.62749,1,1,0,1,0.343797011029286,-0.377511596790066,-0.0652584727310265,-0.637895868066698
"sub-150",1,0,0,0.36765,1,1,0,1,0.877160999312764,-0.571248649822169,0.373016589165976,-0.568944827280939
"sub-150",2,0,0,1.29227,1,1,0,1,0.640162056001524,-0.385484972634542,0.412752784206532,-0.0449251557467505
"sub-150",7,0,1,0.48098,1,1,0,1,-0.038997803038607,0.363174206956669,0.0861572857635717,0.739133633114398
"sub-150",4,0,1,0.6536,1,1,0,1,-0.213663614587858,0.019886568085187,-0.228423471252124,0.508429806679487
"sub-150",4,0,1,0.52627,1,1,0,1,-0.00643609359394759,0.138804920587939,0.203360414792163,0.565395508147776
"sub-150",5,0,1,0.36524,1,1,0,1,0.0801991142022113,0.929500780033845,0.773334853351116,0.522120572021231
"sub-150",3,0,0,0.38766,1,1,0,1,-0.30330394829313,0.153697099019256,-0.320974067784846,-0.332050903327763
"sub-150",6,0,1,0.35266,1,0,0,1,-0.146811450676372,-0.901778613941537,-1.03938550853006,-1.02111056023277
"sub-150",3,0,0,0.71033,1,0,0,1,-0.21219884842867,-0.0366131688847586,-0.857233207672834,-0.945060218847357
"sub-150",1,0,0,0.44895,1,0,0,1,0.138854950200766,-0.0987811784704078,-0.162484651867999,-0.778206823254004
"sub-150",4,0,1,0.5221,1,0,0,1,0.664117223971213,-0.0613250821759855,0.480674898795163,-0.823793614647002
"sub-150",8,0,1,0.37778,1,0,0,1,0.651183715691635,0.282978806489458,0.437748400416846,0.645294662215747
"sub-150",3,0,0,0.73511,1,0,0,1,0.222564407119838,-0.391445348504931,0.34669669806802,0.693667605658993
"sub-150",1,0,0,0.39169,1,0,0,1,0.469481563651546,-0.0409300786408561,0.695916217460763,0.788970560394228
"sub-150",3,0,0,0.4321,1,0,0,1,0.360452974467383,0.136697477143672,0.630332801335802,0.880173742421903
"sub-150",10,0,1,0.58145,1,0,1,1,0.282579524756632,0.32697305759346,-0.244154089164416,-1.05110217388719
"sub-150",1,0,0,0.38704,1,0,1,1,-0.0985496592475101,0.353822339257156,-0.465173417236656,-0.132253699982539
"sub-150",10,0,1,0.71011,1,0,1,1,0.170593010416875,0.233343824330303,-0.414902911366274,0.303035624979384
"sub-150",10,0,1,0.41534,1,0,1,1,-0.568565261278612,-0.788381794027777,-1.51943551811079,-0.968247805954888
"sub-150",6,0,1,0.58819,1,0,1,1,-0.778620128558638,-0.805813131095083,-0.729603013101344,-0.74171602409333
"sub-150",7,0,1,0.44421,1,0,1,1,-0.452987638767809,-0.69805797048051,-0.128773601609282,-0.641050945688039
"sub-150",8,0,1,0.38341,1,0,1,1,0.179278365976643,-0.119695445643393,0.0222337573456268,-0.410433879634365
"sub-150",9,0,1,0.55611,1,0,1,1,0.399421366998771,-0.514760442423048,0.143478704907466,-0.328760912036523
"sub-150",8,0,1,0.41669,1,1,1,1,0.50807411937664,-0.839354465129199,0.0970663688300798,-0.510570802295115
"sub-150",10,0,1,0.88953,1,1,1,1,0.358637818445762,-0.0959585907144679,0.535281294995608,0.315870278701186
"sub-150",6,0,0,0.39764,1,1,1,1,0.869642552221194,0.525597049889189,0.325490736746967,0.376639017369598
"sub-150",7,0,1,0.45378,1,1,1,1,0.326528484302495,0.211077310765783,-0.241753005112211,-0.523590739630163
"sub-150",2,0,1,0.47727,1,1,1,1,0.62139930917571,0.00843709637410939,-0.212865912433093,-0.404133164789528
"sub-150",9,0,1,0.43271,1,1,1,1,0.996643396269064,0.209319382043624,0.0860998053103685,-0.352112947450951
"sub-150",8,0,1,1.42315,1,1,1,1,0.302922800222101,-0.0410224942973366,0.305407210059154,0.0370371926110238
"sub-150",9,0,1,0.46263,1,1,1,1,-0.537288529565558,-0.113868181041821,0.203332700805428,0.034967276500538
"sub-150",2,0,0,0.72654,1,0,0,1,0.449483284493908,0.122193240200566,-0.00567456567659974,-0.501755265588872
"sub-150",4,0,1,0.38388,1,0,0,1,-0.072986504334646,-0.130867243433992,-0.138925082903976,-0.31884716078639
"sub-150",7,0,1,0.38882,1,0,0,1,0.0353327345025415,0.353300125364007,0.0268220212310553,-0.0266520168632269
"sub-150",6,0,1,0.37813,1,0,0,1,-0.406148509762716,0.621008164107075,0.278322461235803,0.490212525846437
"sub-150",2,0,0,0.35075,1,0,0,1,-0.335053202269288,-0.300657957309374,-0.372589739970863,0.201152108213864
"sub-150",3,0,0,0.40676,1,0,0,1,-0.168940366769675,-0.261599493109518,-0.379840817884542,-0.0145608117803931
"sub-150",3,0,1,0.91399,1,0,0,1,-0.00601258361712098,-0.0305925994697544,-0.331084229187885,-0.572388982772827
"sub-150",1,0,0,0.38613,1,0,0,1,-0.267144074333676,0.367797703102783,0.0758012160270785,-0.379947088612244
"sub-150",10,1,0,NA,0,0,0,1,1.03248833290612,-0.482129063112316,-0.207271429593675,-0.0743385031819344
"sub-150",7,0,1,0.33914,1,1,0,1,0.734618896754303,0.0277994903132181,-0.860609339627748,-1.17305451445282
"sub-150",1,0,0,0.39624,1,1,0,1,0.184133457485586,0.0416141955388917,-1.03641901237521,-1.04201954938471
"sub-150",9,0,1,0.46917,1,1,0,1,-0.755041641338418,-0.343133470332422,-0.328004176107546,-0.520499520841986
"sub-150",9,0,1,0.52597,1,1,0,1,-0.704841845901683,-0.77384576959432,-0.26502112718299,-0.796398875076557
"sub-150",6,0,1,0.43183,1,1,0,1,-0.582602352602407,-0.404678995807276,-0.0015545154553062,-0.41484544929117
"sub-150",7,0,1,0.45451,1,1,0,1,0.0564587410384168,0.150707218761521,0.0366326078074053,0.744578124536201
"sub-150",10,0,1,0.61189,1,1,0,1,0.98967437298658,0.233349655789358,0.156795499613509,0.274896569852717
"sub-150",2,0,1,0.47272,0,0,0,2,-0.523592001292855,-0.356161118864461,-0.366754990269934,-0.273526007309556
"sub-150",5,0,1,0.34491,0,0,0,2,-0.464483916875906,0.120141164917085,-0.1867534967411,0.153583790548146
"sub-150",3,0,1,0.72019,0,0,0,2,-0.58514011130804,-0.621810578637653,-0.527930264011957,-0.435148328491778
"sub-150",2,0,1,0.44355,0,0,0,2,-0.132871238087925,-0.717155659743757,-0.536475269861209,-0.56299120610347
"sub-150",9,0,1,0.48274,0,0,0,2,0.275243137497455,-0.927807197043741,-0.0471326468711292,-0.460494299419224
"sub-150",1,0,0,0.40512,0,0,0,2,0.484023828137045,-0.167890066142987,0.305742785179367,-0.265067337406799
"sub-150",4,0,1,0.31119,0,0,0,2,0.381609532361229,0.66419796038557,0.572823339913157,1.23239445462823
"sub-150",4,0,1,0.38377,0,0,0,2,-0.00412389929988421,-0.180193665264933,0.199518329308679,1.0201955743134
"sub-150",3,0,1,2.0157,1,1,0,2,0.577031749649905,0.232543847040722,0.298700043077891,0.0595024889335036
"sub-150",8,0,1,0.42142,1,1,0,2,-0.339913703811665,-0.260076073826187,-0.248154167085886,-0.274007616366725
"sub-150",3,0,1,1.16338,1,1,0,2,-0.299316229841982,-1.08353693583221,0.0184973883442581,-0.643381662573665
"sub-150",3,0,1,0.68577,1,1,0,2,-0.184261905029416,-0.630485292903527,-0.583559152204543,-0.188049768842757
"sub-150",3,0,1,0.4581,1,1,0,2,0.360120425449926,0.991371072000927,0.478936290213217,0.242474323604256
"sub-150",3,0,1,0.38114,1,1,0,2,0.0454039106261916,0.710029569385504,0.782989587169141,0.265910482825711
"sub-150",1,0,0,0.42016,1,1,0,2,-0.305680461150284,0.0815400683355552,0.276839323962728,-0.289773422922008
"sub-150",5,0,1,0.55927,1,1,0,2,-0.757510864137051,0.522637678413755,-0.153035819763318,-0.368083446333185
"sub-150",8,0,1,0.7582,0,0,1,2,-0.0829244328973194,-0.431363946585744,-0.18526685940257,-0.0994639735843521
"sub-150",1,0,0,0.51392,0,0,1,2,0.503779403942948,-0.278660699863125,-0.0530221062023581,0.00326833906001411
"sub-150",10,0,1,0.38755,0,0,1,2,0.240308216384922,-0.0464680079991619,-0.487600070543219,0.263411754136905
"sub-150",9,0,1,0.44352,0,0,1,2,0.0787880919136417,-0.0778946887563776,-0.51592963221871,-0.534936719760299
"sub-150",6,0,1,0.91673,0,0,1,2,0.422258070495445,-0.159578014510097,0.153104866233965,-0.616388171934523
"sub-150",10,0,1,0.37195,0,0,1,2,-0.424110888037831,-0.955246931390354,-0.615087916104433,-0.337628005631268
"sub-150",8,0,1,0.3946,0,0,1,2,-0.732882790888349,-0.50712553452252,-0.386995823394197,0.00105084660463035
"sub-150",8,0,1,0.36739,0,0,1,2,-0.576101512648165,-0.210009569319448,0.20879942275739,0.688644124913844
"sub-150",3,0,1,0.61144,1,0,1,2,0.104737617541105,-0.070552061950029,0.388508021676292,0.41994470221689
"sub-150",9,0,1,0.40134,1,0,1,2,-0.367647051190337,-0.471759548866733,0.060462812485639,-0.168101443164051
"sub-150",8,0,1,0.39232,1,0,1,2,-0.126481205224991,-0.134162091477602,0.0553089989698492,-0.283067670743912
"sub-150",7,0,1,0.3493,1,0,1,2,0.270432760754678,-0.328891761359517,-0.329889146936087,-0.373195835901424
"sub-150",8,0,1,0.43855,1,0,1,2,0.153217478034397,0.0986516267337181,-0.261403340729885,-0.26500865786802
"sub-150",6,0,1,0.47865,1,0,1,2,0.0187485385880185,0.0994519182584352,-0.540135468152585,-0.340359286277089
"sub-150",9,0,1,0.45128,1,0,1,2,0.279927379024836,-0.422977651322812,-0.0819388849971195,0.279648416233249
"sub-150",10,0,1,0.45747,1,0,1,2,-0.427924634888768,-0.216377218374638,0.0899925345244507,0.269930148497224
"sub-150",1,0,0,0.46941,0,0,0,2,0.0213729887812709,-0.528566421251054,0.423064756129558,0.0935813723132014
"sub-150",4,0,1,0.34408,0,0,0,2,0.129743399137321,0.0443548063825195,0.563403044672062,-0.0199533020626404
"sub-150",1,0,0,0.31598,0,0,0,2,0.539941952913068,0.33308649072596,0.256814651268845,-0.333376783551648
"sub-150",1,0,0,0.35533,0,0,0,2,0.628575808135793,-0.476870089010508,0.554316936914499,0.169827744737267
"sub-150",3,0,1,0.3778,0,0,0,2,-0.154645904316567,0.174778394194113,0.43925842064588,0.394281429063994
"sub-150",9,0,1,0.46819,0,0,0,2,-0.56471106732109,0.404630359262228,-0.318784880180222,-0.156347963120788
"sub-150",3,0,1,0.8243,0,0,0,2,-0.0182007378122459,0.110677175499775,-0.51343798127103,-0.0520346244797111
"sub-150",6,0,1,0.0294399999999999,0,0,0,2,0.349669241191198,-0.0881504793134001,-0.0573634607329344,0.069313425628934
"sub-150",5,0,1,0.45734,1,0,0,2,-0.0670376271009445,-0.519934121898755,-0.169562450028025,-0.116577833238989
"sub-150",1,0,0,0.38006,1,0,0,2,-0.15323384044071,0.23314038331241,-0.106076257148137,-0.0810750185512006
"sub-150",1,0,0,0.37069,1,0,0,2,-0.352959055414734,0.0420862287800345,-0.00710186758078635,0.0698894383851439
"sub-150",3,0,1,0.39401,1,0,0,2,-0.427932863666986,-0.0541874680159338,0.0203294579793389,-0.15393622093834
"sub-150",1,0,0,0.38242,1,0,0,2,-0.0309876383592685,-0.256890173035639,-0.0695731897527973,-0.119514463795349
"sub-150",10,0,1,0.52163,1,0,0,2,-0.919220507261343,-0.325465072498277,-0.319741388317198,-0.539491620473564
"sub-150",2,0,1,0.61103,1,0,0,2,-0.0397557724500075,-0.883540834679648,0.378719200380147,0.481689002225176
"sub-150",4,0,1,0.50132,1,0,0,2,0.0507285365796027,0.155759700867175,0.697551719359277,0.722756744630169
"sub-150",7,0,1,0.49827,1,1,1,2,-0.712688877790545,-0.0921155577180562,-0.485025837241362,-0.901637968048453
"sub-150",9,0,1,0.50544,1,1,1,2,-1.11604319466278,-0.340059072279406,-0.775692190004823,-0.267830386012793
"sub-150",8,0,1,0.37908,1,1,1,2,-0.0962096953153377,-0.310996494243025,-0.0357400914654136,0.483864432681003
"sub-150",9,0,1,0.3517,1,1,1,2,0.372475871195396,-0.416234284087464,0.484553779553001,0.354748949501663
"sub-150",6,0,1,0.35732,1,1,1,2,1.02034394365425,0.23543434078305,0.712290010958289,1.14617960583419
"sub-150",1,0,1,0.41332,1,1,1,2,1.1611718335965,0.115047004177339,-0.369021658902057,-0.400103182066232
"sub-150",8,0,1,0.5863,1,1,1,2,0.876268920178215,-0.20666938820095,-0.789116283529438,-0.621554961055517
"sub-150",10,0,1,0.44219,1,1,1,2,0.558306680303455,-0.103716000086731,-0.0618683522334322,-0.50817032661289
"sub-150",4,0,1,0.38889,1,1,0,2,-0.848434724185305,-0.022040222607622,0.0311011353236002,-0.249411647254601
"sub-150",9,0,1,0.31196,1,1,0,2,-1.11244641089191,-0.312040994288745,0.358190087252297,0.223467099969275
"sub-150",3,0,1,0.33578,1,1,0,2,-0.504996941502517,-0.0150724446435493,0.687616960145533,1.01123999273404
"sub-150",2,0,0,0.4247,1,1,0,2,-0.134194341332962,-0.236639921587926,-0.157543078132827,0.517018495500088
"sub-150",4,0,1,0.43179,1,1,0,2,0.0423741381770621,-0.160336366820115,-0.0522885842171187,-0.178813248453662
"sub-150",2,0,1,0.0205299999999999,1,1,0,2,-0.572644224235167,-0.473345231333817,-0.0118913021869957,-0.0113934243097901
"sub-150",4,0,1,0.7274,1,1,0,2,0.448053085089972,0.587067809300842,0.246649988771727,0.0277945928275585
"sub-150",6,0,1,0.81643,1,1,0,2,0.201984070571295,0.63149156431771,0.208029258569392,0.101941649243236
"sub-150",10,0,1,0.47995,0,0,0,2,-0.432309528036664,-0.309534916309295,0.256467716865397,-0.0812793735414743
"sub-150",9,0,1,0.35366,0,0,0,2,-0.320651381557885,-0.586425839923322,-0.0594612365045274,-0.392893239890691
"sub-150",1,0,0,0.37605,0,0,0,2,0.235501317268548,-0.177787129663759,0.149622786324471,0.657298360997811
"sub-150",10,0,1,0.36636,0,0,0,2,0.29043886049961,-0.0547569278601764,0.0899378123285715,0.410913007333875
"sub-150",5,0,1,0.87258,0,0,0,2,-0.270052763866261,-0.239358907910409,0.0381485186032175,0.356318208493758
"sub-150",8,0,1,0.46157,0,0,0,2,-0.400335704752554,-0.231483412596087,-0.0754843742518763,-0.22814439763315
"sub-150",7,0,1,0.41739,0,0,0,2,-0.330150690628216,-0.299060531822896,-0.184698877264357,-0.359622688964009
"sub-150",8,0,1,0.74024,0,0,0,2,0.0408885886427015,-0.317356542891098,0.0528895748138893,-0.268080616556108
"sub-151",5,0,1,1.66295,1,0,0,1,0.513221847553117,-0.158708734825874,0.286839410662651,-0.446943182591349
"sub-151",9,0,1,0.60267,1,0,0,1,-0.0129303510766476,0.15472540880243,-0.161789959607025,-0.0538584042340517
"sub-151",2,0,0,0.0245200000000001,1,0,0,1,-0.494212880750032,-0.103859422361927,-0.245858323294669,-0.236847234424204
"sub-151",1,0,0,0.0306200000000001,1,0,0,1,-0.0669182516867295,-0.333165573835787,-0.108100062430215,-0.243847632216057
"sub-151",1,0,0,0.02105,1,0,0,1,0.326566998846829,-0.832802994418199,-0.385615529337277,-0.0665357255376875
"sub-151",1,0,0,0.02694,1,0,0,1,0.0296609498133572,-0.880680360279425,-0.295383735753906,0.418947126436979
"sub-151",4,0,0,0.41677,1,0,0,1,0.18215984015842,-0.297191967377094,0.190383915381972,-0.120502540189773
"sub-151",4,0,0,0.03891,1,0,0,1,0.383761700087537,-0.0545819699678018,0.488243039775019,-0.706438316591084
"sub-151",5,0,1,0.0499799999999999,0,0,0,1,0.500531697539069,0.164121712488985,-0.272922715880365,-0.697224764619023
"sub-151",4,0,0,0.0240499999999999,0,0,0,1,0.594608006523534,-0.438899083356201,-0.0506693769712001,-0.409117373637855
"sub-151",3,0,0,0.0307599999999999,0,0,0,1,0.0213788056280464,-0.394540599012678,0.328532333718613,0.39137682588771
"sub-151",3,0,0,0.0215000000000001,0,0,0,1,-0.0379497222214316,-0.0278946812161141,0.220391640556045,-0.0232185125350952
"sub-151",2,0,0,0.0274300000000001,0,0,0,1,-0.180738296612011,-0.224703165978469,-0.0789336567783418,-0.575799676356837
"sub-151",3,0,0,0.03352,0,0,0,1,0.128644088540265,-0.25743572883032,-0.377269064881451,-0.843343700980768
"sub-151",4,0,0,0.02362,0,0,0,1,0.412599835544825,-0.078591353872239,-0.0726542063542486,-0.844444189174101
"sub-151",10,0,1,0.02945,0,0,0,1,0.453059365099762,-0.147351426449691,-0.0802309903277395,-0.607332736533135
"sub-151",2,0,0,0.30694,1,0,0,1,0.329127985596036,-0.175383352226129,-0.0545525612154355,0.182476661703549
"sub-151",3,0,0,0.02931,1,0,0,1,0.244999815399448,-0.709939539760213,-0.235196784943885,-0.0517264869529754
"sub-151",4,0,0,0.0208999999999999,1,0,0,1,1.019434031264,0.0191079051820216,-0.33475895128989,0.478979119344149
"sub-151",6,0,1,0.02661,1,0,0,1,0.863549819060912,0.0807526973421099,-0.293031869941236,0.227628546580672
"sub-151",2,0,0,0.0326299999999999,1,0,0,1,0.629950786087041,0.0542277075626232,0.137824799632654,0.368212577700615
"sub-151",7,0,1,0.0229600000000001,1,0,0,1,0.260163246809195,-0.531540578211813,0.463654784485698,0.0661514354869723
"sub-151",1,0,0,0.19615,1,0,0,1,-0.0771570496726781,-0.003288925797851,0.459591521881521,-0.280597338848747
"sub-151",4,0,0,0.61886,1,0,0,1,-0.37114844932997,0.0889654786636432,0.228335598638902,-0.0477655061520636
"sub-151",7,0,1,0.24863,0,0,1,1,0.405834962924321,-0.334246214272247,-0.227554466885825,-0.94862280972302
"sub-151",8,0,1,0.0230300000000001,0,0,1,1,0.452047585199277,-0.345109105067052,0.210174102103338,-0.0622046219184995
"sub-151",10,0,1,0.02925,0,0,1,1,0.122025134643385,-0.0930341686018639,-0.227156090263937,0.321620757225901
"sub-151",8,0,1,0.0186900000000001,0,0,1,1,-0.677410410096248,-0.484298359740663,-0.962911582818454,-0.28470118176192
"sub-151",5,0,1,0.15772,0,0,1,1,-0.150286763110974,-0.177648814257096,-0.29422580183018,-0.519411599752493
"sub-151",7,0,1,0.03118,0,0,1,1,0.0149175421490024,0.623509693062968,0.942228977956499,-0.227201944822446
"sub-151",8,0,1,0.02145,0,0,1,1,0.0826407310863336,0.0888718664301214,1.00930514351542,-0.0294336590915918
"sub-151",3,0,0,0.0275000000000001,0,0,1,1,0.533210382098332,-0.505631635931355,0.457299883011729,-0.241875174758025
"sub-151",7,0,1,0.40716,1,0,1,1,0.411633738743452,-0.0706281696308266,-0.00823707959110228,-0.498097082134336
"sub-151",3,0,0,0.19636,1,0,1,1,-0.293876075030615,-0.135878167149645,-0.183441933685875,-0.571085059014149
"sub-151",8,0,1,0.13754,1,0,1,1,-0.321488709421828,-0.563007010146976,-0.156424414579912,-0.0986170953605324
"sub-151",8,0,1,0.0257099999999999,1,0,1,1,-0.0289375769983356,-0.443455024863835,-0.0666742008082413,-0.18922052369453
"sub-151",10,0,1,0.0323500000000001,1,0,1,1,0.241142370660479,-0.386484860231307,0.223367417075982,-0.297507014870644
"sub-151",7,0,1,0.0227299999999999,1,0,1,1,0.466570524964482,-0.574613595502106,-0.0884902326700588,-0.719728670921177
"sub-151",9,0,1,0.02867,1,0,1,1,0.868427726857287,-0.424812625403757,-0.496699405523638,-0.907705532733235
"sub-151",5,0,0,0.43535,1,0,1,1,0.518823593699684,0.325130307520912,-0.27349209630241,-0.368570162844844
"sub-151",10,0,1,0.18308,1,1,1,1,0.815320357137049,-0.0829012375324965,0.339292920155761,0.0643789956346154
"sub-151",6,0,1,0.29043,1,1,1,1,0.493715996077905,0.0243328996390725,0.230785050584624,-0.482446039514616
"sub-151",7,0,1,0.0288999999999999,1,1,1,1,0.342282521519034,-0.579041287027024,-0.273692581336945,-0.672399116866291
"sub-151",8,0,1,0.02867,1,1,1,1,0.42458864627406,-1.1617858493097,-0.417398480465636,-0.366322762425989
"sub-151",10,0,1,0.0184200000000001,1,1,1,1,-0.309787919356798,-0.738618327442695,-0.0106189159365992,0.229644465632737
"sub-151",8,0,1,0.0241499999999999,1,1,1,1,-0.0546996395569295,0.278314937786221,0.0993585952868064,-0.113014661049237
"sub-151",3,0,0,0.0301499999999999,1,1,1,1,0.248445724292348,0.329185316270148,0.216982236908128,0.157574264006689
"sub-151",9,0,1,0.11961,1,1,1,1,0.051096566147559,0.122819259762764,0.456801562841671,-0.331490485928953
"sub-151",3,0,0,0.21401,1,0,1,1,-0.0504359143863743,-0.0298986292823597,-0.247617935296148,-0.247097455512267
"sub-151",8,0,1,0.55348,1,0,1,1,-0.319193342273744,-0.2261175977894,-0.184149954002351,-0.672146598622203
"sub-151",10,0,1,0.0266500000000001,1,0,1,1,-0.0728491236028882,0.0502015873962254,0.487701091294487,0.367781758587807
"sub-151",8,0,1,0.14939,1,0,1,1,0.264948283952738,0.550060197745484,0.663203181737723,1.62345925718546
"sub-151",5,0,0,0.13899,1,0,1,1,0.0697086253591503,-0.0441231711388186,0.103152773032586,0.603362187184393
"sub-151",8,0,1,0.0276000000000001,1,0,1,1,0.235471059568226,-0.601165754927529,-0.510865438807135,-0.32331748874858
"sub-151",8,0,1,0.0168299999999999,1,0,1,1,0.949223598077272,-0.622158165072539,-0.684949728553571,-1.17191807478666
"sub-151",7,0,1,0.22402,1,0,1,1,0.81328478284801,-1.07810839678644,-0.525846366460125,-1.43876068908721
"sub-151",10,0,1,0.18693,1,1,0,1,0.414671582169831,-0.492056261058207,0.121437549435844,-0.318368774093688
"sub-151",3,0,0,0.0285599999999999,1,1,0,1,0.0435427782746653,-0.762138261218314,-0.112823848418581,-0.184984619682655
"sub-151",3,0,0,0.018,1,1,0,1,0.364927044526363,-0.631552514464905,0.0727790912884908,-0.111991851404309
"sub-151",4,0,0,0.02488,1,1,0,1,0.5066921938754,-0.0676595371871911,0.332584031973965,-0.0982857729773969
"sub-151",2,0,0,0.0308900000000001,1,1,0,1,0.255638469922512,0.159145872350092,0.448702967585026,-0.00639631878584623
"sub-151",4,0,0,0.02136,1,1,0,1,0.223298823305716,0.558148854170684,-0.0776719440861295,0.0783727025613189
"sub-151",5,0,0,0.11059,1,1,0,1,0.396907456219196,0.733314643924435,-0.0253247407187397,-0.266024808771908
"sub-151",3,0,0,0.01718,1,1,0,1,0.126510129669138,0.141545190044713,0.179596603071938,-0.0955031398218125
"sub-151",6,0,0,1.06884,1,1,0,1,0.171241588075645,0.326163529107968,-0.393275724995571,-0.171026584261563
"sub-151",7,0,1,0.39035,1,1,0,1,1.01357414728651,0.626775969526972,-0.314877178519964,-0.323499265685678
"sub-151",9,0,1,0.0303800000000001,1,1,0,1,1.39638306945562,-0.295772823302455,-0.362584109146458,-0.156219770689495
"sub-151",9,0,1,0.01997,1,1,0,1,0.439479438355193,-0.645632291799066,-0.371471371967345,-0.862295945954975
"sub-151",9,0,1,0.0257799999999999,1,1,0,1,0.328553514555097,0.0620238354658122,-0.334860258735716,-0.502946595754474
"sub-151",4,0,0,0.11543,1,1,0,1,0.044773426760609,0.193633659294358,-0.0554932471908008,-0.0307937904515711
"sub-151",8,0,1,0.17127,1,1,0,1,-0.378449844623295,-0.42225565881947,0.291762342870546,0.118686890296522
"sub-151",8,0,1,0.0269999999999999,1,1,0,1,0.0902868845641933,-0.501516010569133,0.0826025949014972,-0.368687222950393
"sub-151",5,0,1,0.79833,1,1,0,2,1.40436134114861,0.744708101230639,0.591016823387084,0.366851745941676
"sub-151",3,0,0,0.0220499999999999,1,1,0,2,0.6613879968257,0.931900845599119,-0.175247504841536,-0.361470464337617
"sub-151",2,0,0,0.0279499999999999,1,1,0,2,-0.44008645384262,-0.384216909158837,-0.704047639815447,-0.708998823724687
"sub-151",3,0,0,0.01712,1,1,0,2,-0.244310594513081,-0.38208244740963,-0.362991452682763,-0.398858844768256
"sub-151",1,0,0,0.05033,1,1,0,2,0.166418799334982,-0.0292806433582747,-0.005113760009408,0.8161157425493
"sub-151",2,0,0,0.05931,1,1,0,2,-0.505801589616264,-0.0211112512775731,0.353318006304714,0.5883485481143
"sub-151",4,0,0,0.03176,1,1,0,2,-0.262602993131926,-0.305116080040871,0.131934186831738,-0.176569885550998
"sub-151",7,0,1,0.30586,1,1,0,2,-0.0628561132616596,-0.0546716458198649,-0.101335960634363,0.102708437247202
"sub-151",3,0,0,0.12097,0,0,0,2,0.193656689720228,0.545332251116633,0.283418861955094,-0.0523711416288279
"sub-151",1,0,0,0.02738,0,0,0,2,0.681468377528896,0.73359528861733,0.332865436568682,0.0083555540535599
"sub-151",2,0,0,0.03348,0,0,0,2,0.287945475448699,0.703251394477707,0.37228824182724,0.250688858516514
"sub-151",7,0,1,0.02362,0,0,0,2,-0.158907131136705,0.453716040830369,-0.31987888373745,0.393674858100712
"sub-151",5,0,0,0.09657,0,0,0,2,0.392556638883737,0.422654926018031,-0.24554889377517,0.235136928083375
"sub-151",2,0,0,0.0198799999999999,0,0,0,2,0.55051527156805,0.314145111892786,0.512115096207708,-0.058265912043862
"sub-151",2,0,0,0.0255799999999999,0,0,0,2,0.37572057133851,0.761315405265325,0.443989970255643,-0.170250670425594
"sub-151",4,0,0,0.0317700000000001,0,0,0,2,0.158255708762833,0.14954846052246,-0.347628764129089,-0.439520557317883
"sub-151",3,0,0,0.0301,1,0,0,2,0.166379652257698,-0.0966140209973134,-0.233913720818236,-0.103688207053347
"sub-151",3,0,0,0.0222,1,0,0,2,-0.0465262822496394,0.038698220487546,-0.0873982506454922,-0.0802232885733247
"sub-151",6,0,1,0.6464,1,0,0,2,-0.128313086888132,-0.315980728957112,0.33446155108201,0.770325686689466
"sub-151",2,0,0,0.0184500000000001,1,0,0,2,0.0748318529998263,0.154370337034817,0.240771534173594,1.22297184914351
"sub-151",3,0,0,0.0244,1,0,0,2,-0.13884001384334,0.187506944320544,-0.335087085957639,0.449024830479175
"sub-151",2,0,0,0.0301800000000001,1,0,0,2,0.365276682190597,0.116123612280245,-0.492396275551679,0.618161317892373
"sub-151",9,0,1,0.15415,1,0,0,2,0.536216833376481,-0.0743213531871637,0.06048632999106,0.586091192625463
"sub-151",2,0,0,0.0260800000000001,1,0,0,2,0.853317642274002,-0.417415507896631,0.323156990110874,0.606615455588326
"sub-151",6,0,1,0.29265,0,0,0,2,0.124855376547202,0.398594194885205,-0.137617886745526,-0.533072593808174
"sub-151",3,0,0,0.0323800000000001,0,0,0,2,-7.09654220069448e-05,-0.0669442860202657,0.108893413853366,-0.0776818567203009
"sub-151",8,0,1,0.20619,0,0,0,2,-0.0632903496734798,0.0980854637024027,0.630408277486519,0.485977051965892
"sub-151",3,0,0,0.0284500000000001,0,0,0,2,-0.320938733406365,0.425264796224871,0.297185268059062,0.438421530462801
"sub-151",3,0,0,0.0346599999999999,0,0,0,2,-0.171694748026008,0.138545908442918,-0.192182381404564,0.219866622239351
"sub-151",1,0,0,0.02342,0,0,0,2,0.128682442824356,0.248539950819341,-0.179419058239243,-0.118415827257559
"sub-151",2,0,0,0.0295799999999999,0,0,0,2,-0.244579194462858,0.40339510060019,-0.0992454072644856,0.00794962000800297
"sub-151",3,0,0,0.0179,0,0,0,2,-0.181267884365904,0.162453429398334,-0.00538990623317659,-0.412346845469438
"sub-151",8,0,1,0.33461,0,0,1,2,0.199528043197157,-0.27214631445154,-0.221026913185293,0.110750615951838
"sub-151",9,0,1,0.22361,0,0,1,2,-0.0291064363991609,0.481523336234709,0.116989741489912,0.309712388855405
"sub-151",3,0,0,0.0291699999999999,0,0,1,2,0.288769530501061,0.583868847642508,0.483336322940886,0.969293344113976
"sub-151",9,0,1,0.0352399999999999,0,0,1,2,-0.083641695479552,0.345101681106758,0.189330280370389,0.673933609109372
"sub-151",8,0,1,0.0242199999999999,0,0,1,2,-0.190807602989177,-0.48752390358735,-0.344506670022383,-0.220532434433699
"sub-151",10,0,1,0.0301899999999999,0,0,1,2,-0.363059794840713,-0.519019877921824,-0.2226251771984,-0.611890076426789
"sub-151",7,0,1,0.8037,0,0,1,2,0.23897227163737,0.345821022573445,-0.0376270539903392,-0.218754630777039
"sub-151",5,0,0,0.0253399999999999,0,0,1,2,0.355576932585488,0.74164326844254,0.197177299375956,0.379717051051557
"sub-151",10,0,1,0.47006,1,1,0,2,0.77877477533184,0.435152217901001,0.0730297175177839,0.119430160149932
"sub-151",4,0,0,0.0266999999999999,1,1,0,2,-0.156652033600646,-0.129650566968377,-0.258133641676977,-0.610919120116159
"sub-151",1,0,0,0.01711,1,1,0,2,-0.548572683668075,-0.131260325252596,-0.525886247244974,-0.133069593645632
"sub-151",4,0,0,0.02399,1,1,0,2,-0.00582337161176838,-0.105817341314698,-0.0649046283069765,0.677318325359374
"sub-151",3,0,0,0.02979,1,1,0,2,0.327178869784499,0.12116283868198,0.070869280025363,1.00817846795544
"sub-151",2,0,0,0.0193000000000001,1,1,0,2,-0.312602880042202,-0.27796548889536,0.251028968781005,0.849581328348722
"sub-151",1,0,0,0.0249600000000001,1,1,0,2,-0.660049031136926,-0.166992660301427,0.392752224734674,0.513111246540211
"sub-151",5,0,0,0.0647200000000001,1,1,0,2,0.374601854050222,0.456292022226585,0.242195419656734,-0.33618459738791
"sub-151",10,0,1,0.52841,1,0,1,2,0.481549683837026,0.452972076281353,0.143563716788776,-0.216589757148176
"sub-151",6,0,1,1.00174,1,0,1,2,0.359794929778824,1.05115994393688,0.219603067749025,-0.0367022368125618
"sub-151",8,0,1,0.0254399999999999,1,0,1,2,0.102901439454096,0.559622508922109,-0.124160198474177,0.846883333148435
"sub-151",3,0,0,0.0316399999999999,1,0,1,2,-0.617994438604607,-0.414497303914417,-0.0262471487900863,1.31545096561313
"sub-151",10,0,1,0.0218100000000001,1,0,1,2,-0.822087320731953,-0.285300546774158,0.0412085727439262,1.37333736158907
"sub-151",8,0,1,0.27808,1,0,1,2,-0.483799401127423,0.119913645709554,-0.376532040846844,0.0497710004914552
"sub-151",9,0,1,0.03311,1,0,1,2,-0.220023426501333,-0.229598176700098,-0.451704452493383,-0.224849007208832
"sub-151",9,0,1,0.02382,1,0,1,2,0.411467187106609,-0.305533418293904,-0.351255011667187,-0.453188391029835
"sub-151",7,0,1,0.40447,0,0,1,2,0.538634146718929,-0.122442429333373,0.0776137731736526,-0.21021591888275
"sub-151",8,0,1,0.0613300000000001,0,0,1,2,0.390398849151097,-0.35410707958767,0.129838732420467,-0.277824365720153
"sub-151",9,0,1,0.01695,0,0,1,2,0.0973440078669228,0.257923676149437,-0.0543052188198393,-0.437819058448076
"sub-151",4,0,0,0.0239799999999999,0,0,1,2,0.00445054828499754,0.564186934381723,0.336278254011025,-0.248697442933917
"sub-151",8,0,1,0.0297400000000001,0,0,1,2,-0.294147989984291,0.822246976817648,0.466308480982358,0.431521952804178
"sub-151",8,0,1,0.0193000000000001,0,0,1,2,-0.33837070579951,0.487981680728909,-0.105813061973701,0.537371296063066
"sub-151",10,0,1,0.02484,0,0,1,2,-0.316164607182145,-0.299061419356062,-0.328337534641226,0.119719656743109
"sub-151",6,0,1,0.18089,0,0,1,2,-0.459885690458274,0.111660366800303,-0.247918431744135,0.652204979374073
"sub-151",5,0,0,0.14218,1,1,0,2,0.125160064043788,0.0467578910627506,0.275823255714689,0.311696172319353
"sub-151",2,0,0,0.0320100000000001,1,1,0,2,0.0920507909419636,0.12509720593139,0.177375472344769,0.319631130853668
"sub-151",8,0,1,0.12382,1,1,0,2,0.153294298856054,0.0211208138821854,0.218646522165121,0.148327703168616
"sub-151",7,0,1,0.02956,1,1,0,2,0.564544294611551,0.446837349380884,0.0462311980469773,0.45113052688539
"sub-151",10,0,1,0.0192300000000001,1,1,0,2,0.0147349795637031,0.175325134665602,-0.46791840911222,0.248466171207838
"sub-151",7,0,1,0.0246,1,1,0,2,0.0771728782613839,-0.219658037544125,-0.620159075440218,-0.206833758670837
"sub-151",7,0,1,0.0306299999999999,1,1,0,2,0.2116479484442,-0.107619045138428,-0.375748268367412,-0.613092746958137
"sub-151",10,0,1,0.0207599999999999,1,1,0,2,0.410242263964998,-0.294352440370454,0.239732147175043,0.185530188493431
"sub-152",1,1,0,NA,0,0,0,1,0.0723689675020675,0.0341743458131397,0.526583430900549,-0.15714152045548
"sub-152",1,0,1,0.69821,1,1,0,1,0.0308199853558714,-0.101396370920594,0.44053312150451,0.366694827005267
"sub-152",4,0,1,0.27393,1,1,0,1,0.128816331901665,-0.365254724156801,-0.0492963038074474,0.219277848605998
"sub-152",2,0,1,0.02932,1,1,0,1,-0.064696394217511,-0.177665620097994,0.0434877515848105,0.0869688172533643
"sub-152",8,0,1,0.29378,1,1,0,1,0.0826329022820573,-0.519930688733304,0.414510154087717,-0.264313811226748
"sub-152",4,0,1,0.0199800000000001,1,1,0,1,0.0480726315108768,-0.0540909252896974,0.0270237177998448,-0.492631441331469
"sub-152",6,0,1,0.0244500000000001,1,1,0,1,-0.266620269588505,-0.0387671793190142,-0.623662020390232,-0.566987865045667
"sub-152",4,0,1,0.0241499999999999,1,1,0,1,-0.354074319417123,-0.597957594975553,-0.663900265780588,-0.0431462389649823
"sub-152",6,0,1,1.9184,0,0,0,1,-0.246782573172823,-0.58925011302172,-0.370682082915058,-0.526306064147502
"sub-152",4,0,1,1.65275,0,0,0,1,-0.831264639273286,-0.877431621533577,-0.573421832329283,-0.829400689713657
"sub-152",4,0,1,0.01783,0,0,0,1,-0.133571366236235,-0.0697137790007724,-0.179006840257595,-0.423843085672706
"sub-152",2,0,1,0.09792,0,0,0,1,0.342898287034283,0.482171991830304,0.643569123310347,0.132887898676563
"sub-152",1,0,1,0.03179,0,0,0,1,0.332137682921408,0.527056793854744,0.57871121680364,-0.289747182372957
"sub-152",2,0,1,0.03145,0,0,0,1,0.157699767732993,0.0307850708357162,0.173044042273735,-0.0485854876693338
"sub-152",3,0,1,0.03104,0,0,0,1,-0.221408050662527,0.0674216444776566,-0.387997492720994,-0.111463330173865
"sub-152",8,0,1,0.0242,0,0,0,1,0.790085994017621,0.574583320705979,-0.714960039108215,0.497585237928433
"sub-152",4,0,1,0.11713,1,0,0,1,-0.301789751784175,-0.789055044210895,-0.255425542554197,0.275163611536846
"sub-152",3,0,1,0.0168999999999999,1,0,0,1,0.145338532010404,-0.713218798860908,0.0323416161506126,0.677634819969535
"sub-152",5,0,1,0.01711,1,0,0,1,0.12557214902093,-0.247319548339066,0.132577960360019,0.668297103233635
"sub-152",3,0,1,0.03163,1,0,0,1,-0.349574841714154,-0.767250175139418,-0.0584056417913719,0.61548556163907
"sub-152",3,0,1,0.02925,1,0,0,1,-0.196131249928537,-1.16622484323603,-0.0289384371911486,0.525461249984801
"sub-152",4,0,1,0.02606,1,0,0,1,0.107306291087298,-0.671954377933785,0.214861970239629,-0.172399570935522
"sub-152",8,0,1,0.0195799999999999,1,0,0,1,0.158933953246257,-0.290357590101107,-0.082112956016014,-0.515309194102883
"sub-152",2,0,1,0.0192600000000001,1,0,0,1,-0.212667365655458,-0.0486251790490415,0.247812839224935,0.323043788783252
"sub-152",1,0,1,0.16565,1,1,0,1,-0.121367930997318,0.0412331840230359,-0.162878590335216,-0.383128028083593
"sub-152",4,0,1,0.03224,1,1,0,1,0.0457961297943257,0.187230856537267,0.35331677692011,-0.232889279909432
"sub-152",6,0,1,0.0299799999999999,1,1,0,1,-0.0337176643467198,0.090925646049005,0.273393875947174,-0.189201186737046
"sub-152",1,0,1,0.0180499999999999,1,1,0,1,-0.25401047244668,0.0673292101257377,0.0168906795637061,-0.371353338490826
"sub-152",3,0,1,0.02773,1,1,0,1,-0.124901315342868,0.229540304522272,0.319135020875062,0.132366632623598
"sub-152",3,0,1,0.02512,1,1,0,1,0.215166504844092,0.211706875409517,0.0594854215742089,0.102363085001707
"sub-152",4,0,1,0.02386,1,1,0,1,0.665267488453537,-0.10851304281365,0.0358197392585377,0.402223079511896
"sub-152",7,0,1,0.0242,1,1,0,1,0.511247266501111,0.158776808116171,-0.17265842986914,0.385989484959282
"sub-152",6,1,0,NA,0,0,1,1,0.0979305435515319,-0.155892849253077,-0.0231433079267542,0.045258716517128
"sub-152",7,0,1,0.0332600000000001,0,0,1,1,0.141052669418665,-0.0789438925545525,-0.0697765786123152,-0.188180462853052
"sub-152",10,0,1,0.03017,0,0,1,1,-0.432278641247346,-0.983060330258148,-0.093131033781295,-0.133266163989902
"sub-152",3,0,1,0.02538,0,0,1,1,-0.376653051702306,-1.03869023546576,-0.127942497842014,-0.331640204682481
"sub-152",9,0,1,0.0263,0,0,1,1,-0.422674258666423,-0.998541538017216,-0.61496364682292,-0.068380017101299
"sub-152",7,0,1,0.38906,0,0,1,1,-0.567587422595049,-0.70011738218643,-0.798654602840543,0.216103880107403
"sub-152",7,0,1,0.0243100000000001,0,0,1,1,-0.337479588789089,-0.154844132872919,-0.740003293147311,-0.132149127614684
"sub-152",10,0,1,0.0221899999999999,0,0,1,1,-0.141481642431851,-0.283506410127437,-0.382436656393111,0.189916286790685
"sub-152",1,0,1,1.91716,1,0,1,1,0.18137062212918,0.196797005297547,0.5641457960434,0.30924304346554
"sub-152",8,0,1,0.01909,1,0,1,1,0.0511034844870058,0.652189522151645,0.571226337614159,-0.085949973348761
"sub-152",6,0,1,0.0310299999999999,1,0,1,1,0.169881057624783,0.116799534884868,0.258152176237976,0.00891067888587713
"sub-152",7,0,1,0.02091,1,0,1,1,0.202049724912892,-0.409942915318189,0.00900088593092126,0.149807492783293
"sub-152",10,0,1,0.02766,1,0,1,1,0.203669471666217,-0.562203362972165,-0.13419175768892,-0.0670542415231466
"sub-152",9,0,1,0.0264200000000001,1,0,1,1,0.11231277397989,-0.868446928966377,-0.122941715599154,-0.594233536580578
"sub-152",8,0,1,0.0244200000000001,1,0,1,1,-0.0214418391503083,-0.430672845764396,-0.0752594382114087,0.257896105851978
"sub-152",8,0,1,0.02278,1,0,1,1,-0.0098735593977229,0.676591829120837,0.132761456479784,-0.181994167753146
"sub-152",5,0,1,0.37252,0,0,0,1,0.29383584317596,0.261558566035496,0.438837246396967,-0.149980029510334
"sub-152",3,0,1,0.02329,0,0,0,1,0.220821390141888,-0.343169561069873,-0.0431102836737409,-0.45543086566031
"sub-152",4,0,1,0.02803,0,0,0,1,-0.123631823187073,-0.102805482430591,-0.0613279339546959,-0.337293725833297
"sub-152",4,0,1,0.0248999999999999,0,0,0,1,-0.0172754630524044,0.639540483830152,0.16085851250682,0.385246865916997
"sub-152",2,0,1,0.02355,0,0,0,1,-0.362786369281821,-0.293511280781348,0.121593736500169,0.0244949049782008
"sub-152",8,0,1,0.0225500000000001,0,0,0,1,0.0362156856960307,-0.523279152517379,0.0267929331554721,0.373336671292782
"sub-152",4,0,1,0.0213000000000001,0,0,0,1,0.0111255812613914,-0.434746622006599,0.350393295443306,0.532328557781875
"sub-152",3,0,1,0.0203800000000001,0,0,0,1,-0.208608177917389,-0.305693351215234,-0.0842504547908902,0.24354398176074
"sub-152",6,0,1,1.01062,0,0,1,1,0.327172319365976,0.158815201993868,0.0163628943264484,-0.0334314409643412
"sub-152",9,0,1,0.0188600000000001,0,0,1,1,-0.0803847670419297,0.0267037347097088,-0.218678052226702,0.0382564627099782
"sub-152",10,0,1,0.0251300000000001,0,0,1,1,-0.252610181923956,-0.328569729019094,-0.383534618575747,0.130697927670553
"sub-152",7,0,1,0.02413,0,0,1,1,0.556963120499859,-0.650022768277537,0.299022503565842,0.1994070103392
"sub-152",8,0,1,0.02223,0,0,1,1,0.384728204808198,-0.408152564790928,0.204813709482551,-0.132428075326607
"sub-152",9,0,1,0.47261,0,0,1,1,0.232520654176672,-0.567520378502431,-0.372551026249615,-0.419867511664052
"sub-152",2,0,1,0.0201800000000001,0,0,1,1,-0.112383473742132,-0.373843899065698,-0.237986422522226,0.0436623664572835
"sub-152",7,0,1,0.02095,0,0,1,1,-0.246552208768359,0.305759228731471,-0.101446964778006,0.33062761221081
"sub-152",9,0,1,0.0218799999999999,1,1,0,1,-0.141682667347292,-0.38600800814176,-0.25671346793024,0.0689604140818119
"sub-152",8,0,1,0.02094,1,1,0,1,-0.00471841571076463,-0.736962775789262,-0.481399043773611,0.187075838376768
"sub-152",4,0,1,0.0200400000000001,1,1,0,1,-0.119801255054578,-0.61310710930438,-0.41324424254708,0.155982560664415
"sub-152",9,0,1,0.02068,1,1,0,1,-0.237764149787836,-0.130236552976486,0.0635104089354475,0.134646604256704
"sub-152",8,0,1,0.0192699999999999,1,1,0,1,-0.477999631819936,-0.153246944218322,-0.257012866126994,-0.27369576189667
"sub-152",7,1,0,NA,0,0,0,1,-0.187974797134909,-0.202556629423742,-0.050112807424739,-0.680215272866189
"sub-152",8,1,0,NA,0,0,0,1,0.268612618092448,0.492987616194619,-0.0818673636143406,-0.604519284830894
"sub-152",5,0,1,0.0309299999999999,1,1,0,1,0.432173707028293,0.82008913628481,0.356799870884667,0.608238925761543
"sub-152",9,0,1,0.06944,1,1,1,2,0.250712266220944,0.508295849590838,-0.0486805798136629,-0.036541317589581
"sub-152",7,0,1,0.0334099999999999,1,1,1,2,-0.471855933118301,-0.00641582464730298,-0.265121679297105,0.0252546667004935
"sub-152",9,0,1,0.39172,1,1,1,2,-0.348001918910692,-0.649801798647753,0.135024180092538,0.372289170697331
"sub-152",8,0,1,0.265,1,1,1,2,-0.150158332369756,-0.454797817532111,-0.00832849694415927,0.218167402036488
"sub-152",8,0,1,0.02952,1,1,1,2,0.356575901154429,-0.339089725821934,0.323455462426258,-0.102999901561998
"sub-152",4,0,1,0.0259499999999999,1,1,1,2,0.123622199811507,0.0575149087580266,0.0265256563240352,-0.399546291399747
"sub-152",5,0,1,0.02545,1,1,1,2,-0.102342653941984,-0.0679493924361412,0.00314690422965214,-0.391281765326858
"sub-152",9,0,1,0.0252699999999999,1,1,1,2,-0.0919360080733895,-0.069425346709236,0.355420670006424,0.0391290361993015
"sub-152",7,0,1,0.01756,1,1,0,2,0.184907723373423,-0.069822456135794,0.520391576297698,0.301933651596482
"sub-152",1,0,1,0.03304,1,1,0,2,-0.197417115831437,-0.181508060232133,0.0823952133456866,-0.686980554182082
"sub-152",6,0,1,0.0169900000000001,1,1,0,2,-0.305674187994252,0.140171118908458,-0.070016934206554,-1.18194298315793
"sub-152",4,0,1,0.0305899999999999,1,1,0,2,-0.110965169966221,-0.446453186303929,0.224499452471112,-0.791607434302568
"sub-152",2,0,1,0.02355,1,1,0,2,-0.292892099605979,0.0264922608104017,0.00901608249114361,0.269340595602989
"sub-152",2,1,0,NA,0,0,0,2,-0.662217095300245,0.0608190450886333,-0.638028233379979,0.287111477460712
"sub-152",1,1,0,NA,0,0,0,2,-0.091067242824162,0.835193750310551,-0.53885219059642,0.82083036841359
"sub-152",1,1,0,NA,0,0,0,2,-0.36122667453795,-0.428577635247536,-0.937048470329804,-0.376816720422357
"sub-152",1,1,0,NA,0,0,0,2,-0.227261700565577,-0.35978974332964,-1.1137857887273,-0.183415085950401
"sub-152",1,1,0,NA,0,0,0,2,0.490049913680802,-0.91486032810752,0.0596648327385386,-0.0207137078978121
"sub-152",4,0,1,0.48353,1,0,0,2,0.0371299426381787,-0.923776505239032,0.347298901023654,-0.167570939427242
"sub-152",2,0,1,0.0324800000000001,1,0,0,2,-0.21910922951065,-0.653650574248146,-0.0633396123594139,-0.292587081482634
"sub-152",7,0,1,0.0329299999999999,1,0,0,2,-0.310533120219285,-0.72293146710015,0.0721330984961241,-0.0148020214503049
"sub-152",3,0,1,0.02949,1,0,0,2,0.075314718298614,-0.29973787676405,0.214489128789864,-0.0941267396789044
"sub-152",6,0,1,0.0270300000000001,1,0,0,2,0.150368978191788,0.0769566194352659,-0.180882112123072,0.32624019109644
"sub-152",2,0,1,0.0271300000000001,1,0,0,2,0.310028820453833,-0.0501579604008132,-0.155411504320606,0.145168995624408
"sub-152",7,0,1,0.0329600000000001,1,1,1,2,0.453591480307902,-0.00490382270611547,0.104791545270321,0.156015937961638
"sub-152",10,0,1,0.0311600000000001,1,1,1,2,-0.259968337855147,0.354578724613896,0.331396606129905,0.109464067406952
"sub-152",9,0,1,0.0312600000000001,1,1,1,2,-0.202254351616527,0.0928676008695254,-0.2866038318413,-0.292600694298744
"sub-152",8,0,1,0.0309299999999999,1,1,1,2,-0.232532010646537,-0.337777997677525,-0.552773627685383,-0.509510740917176
"sub-152",3,0,1,0.0297499999999999,1,1,1,2,0.310551428236067,-0.469817486833091,0.303308932770354,-0.0855199126526713
"sub-152",10,0,1,0.0277499999999999,1,1,1,2,0.586749737228577,0.249010132487725,0.577720673910032,0.490280644129962
"sub-152",10,0,1,0.0275099999999999,1,1,1,2,-0.288784624387821,-0.715718541087376,-0.138305176282302,-0.148265147209167
"sub-152",6,0,1,0.0238499999999999,1,1,1,2,-0.900130067641536,-0.319354796385462,-0.388324738712981,-0.180661011114717
"sub-152",5,0,1,0.0318799999999999,1,0,1,2,0.047269719458806,-0.103808783684616,0.0176013904080416,0.157857217174023
"sub-152",7,0,1,0.02999,1,0,1,2,0.293057963562508,0.874452362181964,0.327984860787789,0.331845513451844
"sub-152",9,1,0,NA,0,0,1,2,0.138846355575879,0.308081029051984,0.0211380323550353,-0.0109606619138503
"sub-152",7,0,1,0.0269200000000001,1,0,1,2,0.18988191525447,-0.0940445528896008,-0.0120117253294059,0.105256648245268
"sub-152",8,0,1,0.02582,1,0,1,2,-0.22643064482448,-0.70452082750422,-0.14656025369186,-0.137139335647225
"sub-152",9,0,1,0.0301499999999999,1,0,1,2,-0.446029156591976,-0.924908523999706,-0.767072985841272,-0.143244312459137
"sub-152",9,1,0,NA,0,0,1,2,-0.321663995496541,-0.606572541718682,-1.00168194808066,0.00981993265450001
"sub-152",1,0,1,0.0533699999999999,1,0,1,2,0.0384838681978484,-0.24760780248929,-1.08624285735035,-0.0296091871801764
"sub-152",4,1,0,NA,0,0,0,2,-0.0474337571067736,-0.00208878503353507,0.114603526579837,-1.02180017456412
"sub-152",8,1,0,NA,0,0,0,2,-0.0187877270703514,0.274916613646955,-0.245786177587433,-0.243463148828596
"sub-152",4,0,1,0.0266999999999999,1,0,0,2,0.647105078950214,-0.0394005305651161,-0.269262195904351,-0.129639726132154
"sub-152",3,0,1,0.02532,1,0,0,2,0.097639927174896,-0.737479597537054,-1.05960430360089,-0.105231746751815
"sub-152",2,0,1,0.03287,1,0,0,2,-1.04770690689717,-0.951420537851475,-0.536107019521296,-0.376943662320264
"sub-152",6,0,1,0.0314399999999999,1,0,0,2,-0.207180155091919,-0.818075256353175,-0.138583240380588,0.206661875359714
"sub-152",3,0,1,0.01841,1,0,0,2,0.0576876314201703,-0.91025061044773,-0.322961522964761,0.2746038839221
"sub-152",3,0,1,0.0198799999999999,1,0,0,2,0.0154434462698797,-0.725686074544986,0.125228078958268,0.0859917306341231
"sub-152",7,0,1,0.01813,0,0,1,2,0.102969695057254,0.062210368828986,0.0689175356334696,0.142787430481985
"sub-152",7,0,1,0.0286299999999999,0,0,1,2,0.0297478365634258,0.199439388216922,-0.381152878922876,-0.264296092488803
"sub-152",5,0,1,0.02969,0,0,1,2,0.629841817135457,0.539086264454656,-0.166520331365367,-0.415350831468822
"sub-152",10,0,1,0.0300100000000001,0,0,1,2,0.50212789606303,0.331785911142274,0.784959370503202,0.389358571451157
"sub-152",1,1,0,NA,0,0,1,2,0.232886034607266,-0.190279836404241,0.82925986223078,0.291933417413384
"sub-152",8,0,1,0.0290699999999999,0,0,1,2,-0.260272018456211,0.346509031321922,0.0821574886795133,-0.191273746546358
"sub-152",9,0,1,0.0300100000000001,0,0,1,2,-0.109863899070964,0.430293238480334,-0.400259183389911,-0.26613085931167
"sub-152",10,0,1,0.02826,0,0,1,2,-0.367091058054939,0.195249149299882,-0.533288862400999,-0.451670774817467
"sub-152",4,0,1,0.0200499999999999,1,0,1,2,-0.252408470298784,-0.543890987074486,-0.521543686433385,0.205053137429059
"sub-152",7,1,0,NA,0,0,1,2,-0.155410262135168,-0.629210181568784,-0.767950843243549,0.0946827934589237
"sub-152",9,0,1,1.15352,1,0,1,2,0.15307368671832,-0.353700786449567,-0.331559222608727,0.0751719154417515
"sub-152",7,0,1,0.02861,1,0,1,2,-0.0436530691028262,-0.447598557436356,-0.0191936964790026,0.119620937859872
"sub-152",6,0,1,0.0180100000000001,1,0,1,2,-0.27796193670171,-0.474391416577553,-0.27726180315949,-0.128811370115727
"sub-152",10,0,1,0.01847,1,0,1,2,-0.639921014662832,-0.650913485015432,-0.726970231626183,-0.205279353563674
"sub-152",9,0,1,0.0176499999999999,1,0,1,2,-0.429731992733044,-0.40978336389418,-0.347892393241636,-0.154947091266513
"sub-152",9,0,1,0.01708,1,0,1,2,-0.166618221167785,-0.3693384229447,-0.299592544169476,-0.174658461101353
"sub-152",3,0,0,1.32451,0,0,0,2,0.347697608095283,0.0530505455616448,0.837623262249205,-0.206694671962759
"sub-152",1,1,0,NA,0,0,0,2,0.632777316030115,-0.0884516735871633,0.518253572595616,-0.41799019407481
"sub-152",1,0,1,0.02237,0,0,0,2,-0.307834998180624,-0.51018063485174,-0.68664524378255,-0.565654575638473
"sub-152",1,0,1,0.02034,0,0,0,2,-0.848378375987522,-1.01343256573158,-0.991452702010671,-0.488598403334618
"sub-152",5,0,1,0.0182599999999999,0,0,0,2,-0.524884867346069,-0.930243056888382,-0.9566389581499,-0.439107689610682
"sub-152",4,0,1,0.01837,0,0,0,2,-0.431348180854305,-0.423507953993976,-0.60010672325734,-0.37082441568491
"sub-152",3,0,1,0.0314000000000001,0,0,0,2,-0.14225630244861,-0.36314384466796,-0.0889824505429715,-0.36232201308012
"sub-152",7,0,1,0.0295700000000001,0,0,0,2,-0.600094403877544,-0.336682662229847,-0.22024185427775,-0.174582738149911
"sub-153",6,1,0,NA,0,0,0,1,0.41476943048959,0.199611466270182,0.205932434007991,-0.399577481392771
"sub-153",4,0,0,0.1986,0,0,0,1,0.210953706487392,0.238740975313165,0.175151253002696,-0.451465946389362
"sub-153",4,0,0,0.75524,0,0,0,1,0.0470081449796756,-0.113820788071111,0.00161948959187915,-0.609370469069108
"sub-153",4,0,1,1.41177,0,0,0,1,-0.231132147853108,0.0329091978017931,0.413290536729619,-0.314205342764035
"sub-153",8,0,1,0.51727,0,0,0,1,-0.265560406454218,0.0599323871105702,0.000905269019616147,-0.248670513392426
"sub-153",3,0,0,0.39044,0,0,0,1,-0.333478131797165,-0.643498567519365,-0.600615324374909,-0.491435223072767
"sub-153",2,0,0,0.37977,0,0,0,1,0.0115425393451005,-0.600176887241779,-0.525431340298383,0.111142787639983
"sub-153",2,0,0,0.38532,0,0,0,1,0.218310205401698,-0.32256556995627,-0.380006734048948,-0.143094799481332
"sub-153",5,0,1,0.49791,1,1,0,1,0.243215657537803,0.547324318688846,0.408572016533678,0.0356108052656054
"sub-153",1,0,0,1.77187,1,1,0,1,0.139731116049613,0.227297942740498,0.284190996472413,-0.266585375741124
"sub-153",4,0,1,0.32793,1,1,0,1,-0.0265911225966799,-0.13499472492064,0.211793943696345,0.290143520338461
"sub-153",10,0,1,0.85228,1,1,0,1,0.47088030333786,-0.640121521859395,0.182476301211864,0.0502711297944188
"sub-153",4,0,1,0.44105,1,1,0,1,0.163223542195434,-0.105495762338655,0.382903853353734,0.284006411674636
"sub-153",2,0,0,0.51369,1,1,0,1,-0.71481128091303,0.572176393742363,0.396516989916563,0.243273167684674
"sub-153",4,0,1,0.26949,1,1,0,1,-0.781870507479956,0.177504089178035,-0.0703678223459671,-0.263741667568684
"sub-153",4,0,1,0.34182,1,1,0,1,-0.294014203944243,0.00896625058656489,0.206512820130835,-0.223494978621602
"sub-153",2,0,0,0.79065,1,0,0,1,0.0403662462485954,-0.567511040665623,-0.395279540874374,-0.711304761795327
"sub-153",9,0,1,0.19697,1,0,0,1,0.224119756720029,-0.724093848339248,-0.776513239950873,-0.571512961573899
"sub-153",3,0,1,0.31978,1,0,0,1,0.645826155445926,-0.155322705705961,-0.28095607397078,-0.151451285299845
"sub-153",4,0,1,0.29221,1,0,0,1,0.30581784217308,-0.17845138010819,0.330777948217777,-0.127890411531553
"sub-153",1,0,0,0.0481400000000001,1,0,0,1,-0.296659866774765,-0.059367338760273,0.184165945431838,-0.164340653736144
"sub-153",5,0,1,0.0216700000000001,1,0,0,1,-0.416574300984697,0.0714525070593313,-0.256395606324077,-0.352813412481919
"sub-153",4,0,1,0.21122,1,0,0,1,-0.174641419667751,0.176722015728484,-0.300685716928759,0.182654053345323
"sub-153",3,0,1,0.53394,1,0,0,1,0.23739639048775,0.13753903567515,-0.100223490037024,-0.0503981657326221
"sub-153",8,0,1,0.34907,1,0,1,1,-0.0614834631269332,-0.32698807520447,-0.207469930290245,-0.329662870895118
"sub-153",8,0,1,0.35485,1,0,1,1,0.0721660856700813,0.0681763787719387,0.270197306837266,0.22593939761864
"sub-153",8,0,1,0.0269200000000001,1,0,1,1,0.0618781680241227,0.290482849262103,0.0286160149068261,-0.0516235180548392
"sub-153",7,0,1,0.45005,1,0,1,1,-0.180150683775234,-0.319164130776362,-0.0421302739608412,-0.473493058839813
"sub-153",1,0,0,0.35579,1,0,1,1,0.191855472008077,-0.496565109636221,0.0784644770125548,-0.330231018178165
"sub-153",8,0,1,0.29519,1,0,1,1,-0.241556398880978,-0.395559938348554,-0.225901922366271,0.193701627803966
"sub-153",6,0,1,0.18441,1,0,1,1,-0.414998244261369,-0.544440903735382,-0.0291873142220235,0.119835201767273
"sub-153",9,0,1,0.14019,1,0,1,1,-0.507873351375262,-0.610747775545827,0.169869337793595,-0.0524126524105668
"sub-153",9,0,1,0.02268,1,0,0,1,-0.171919951370607,0.228470892225838,-0.464901535076933,-0.472561450861394
"sub-153",1,0,0,0.0285599999999999,1,0,0,1,0.0768199577490426,0.350843144580722,-0.142434820222358,0.179323387425393
"sub-153",2,0,0,0.01762,1,0,0,1,0.100770074233878,0.434967970337581,0.137358479143586,0.198328717425466
"sub-153",1,0,0,0.12487,1,0,0,1,-0.0394378503163656,0.242840116722854,0.446839515430232,-0.125096918642521
"sub-153",5,0,1,0.03148,1,0,0,1,-0.403965165760989,-0.706367154506518,0.433459149828802,-0.0104217832034919
"sub-153",3,0,1,0.38909,1,0,0,1,0.226987613656092,-0.197571180726367,-0.420562461251393,0.0194722006563097
"sub-153",4,0,1,1.1623,1,0,0,1,0.55366650604022,-0.065025525857453,-0.563265095154444,-0.212168394168839
"sub-153",3,0,0,1.21829,1,0,0,1,0.269848158583045,-0.13129656644607,-0.162542241470267,-0.965902383998036
"sub-153",7,0,1,0.44897,1,1,1,1,-0.353413895238191,-0.481323652521328,-0.53699904292201,-0.547111561242491
"sub-153",2,0,0,0.63949,1,1,1,1,-0.131807769027849,-0.0967323254724896,-0.420313459355384,-0.000188206366146915
"sub-153",7,0,1,0.16195,1,1,1,1,0.0514815156445062,0.0354049238203852,-0.238868396166557,0.26793204243877
"sub-153",5,0,1,0.01742,1,1,1,1,0.437171723150338,-0.383956041600969,-0.278665834494556,-0.52128978734836
"sub-153",10,0,1,0.57512,1,1,1,1,0.348211187811103,-0.117199490502201,-0.0277581620806207,-0.493642128678039
"sub-153",9,0,1,0.0805,1,1,1,1,0.158238213431711,-0.569678654480312,-0.274919767864048,-0.152986791078001
"sub-153",10,0,1,0.0205500000000001,1,1,1,1,-0.0170570580521598,-0.789020306534237,0.00704704535504182,-0.629604484811716
"sub-153",9,0,1,0.39374,1,1,1,1,-0.332341461597631,-0.09730513897483,0.457030652323738,0.115551645215601
"sub-153",8,0,1,0.2546,1,0,1,1,0.793890561559238,0.858640495549749,0.44599611692441,-0.263254300877452
"sub-153",9,0,1,0.02674,1,0,1,1,0.519018000011177,-0.108327425395449,0.133492695633322,-0.216182549577206
"sub-153",7,0,1,0.35123,1,0,1,1,-0.312994144080828,-0.265650928572372,0.113091787265148,0.229545520804822
"sub-153",10,0,1,0.02302,1,0,1,1,-0.516239004423066,0.586372721008956,0.197258429873424,0.251104820147157
"sub-153",4,0,1,0.46312,1,0,1,1,0.0600998036485786,-0.155099129666471,0.27023781343208,0.522824700223282
"sub-153",5,0,1,0.10204,1,0,1,1,0.231224866816774,-0.136272582053034,0.155356840696186,0.449739494384266
"sub-153",7,0,1,0.0242199999999999,1,0,1,1,-0.283478893300829,-0.293280721241091,-0.152817467712642,0.336160007817671
"sub-153",10,0,1,0.03026,1,0,1,1,-0.643001328455284,0.311622962459094,0.0508846404069724,0.174356278497726
"sub-153",8,0,1,0.09213,1,1,1,1,0.531923461259188,0.103727238830524,0.377885625576406,-0.124248209560756
"sub-153",7,0,1,0.0318499999999999,1,1,1,1,-0.0920263144604784,-0.439829041422517,0.2161437215982,-0.642970004957169
"sub-153",9,0,1,0.0222199999999999,1,1,1,1,-0.430733795976266,0.0790124326013029,-0.464899619037169,-0.429560391511768
"sub-153",5,0,1,0.34534,1,1,1,1,-0.252939914430802,-0.135070024748091,-0.210264732673143,0.131797414598987
"sub-153",8,0,1,0.0184800000000001,1,1,1,1,-0.42345800055773,-0.52179170800028,0.335282518528402,0.00032065212726593
"sub-153",7,0,1,0.0243500000000001,1,1,1,1,-0.443366552897108,-0.400594002429258,0.0280102853818486,-0.298260563611984
"sub-153",1,0,0,0.46434,1,1,1,1,-0.0497474789541836,-0.469970874764301,-0.103698521934954,-0.437414627335966
"sub-153",9,0,1,0.48701,1,1,1,1,-0.580361681903014,-0.354600605037477,-0.187976373204341,0.0599617659463547
"sub-153",5,0,1,1.2006,0,0,0,1,0.547270735143684,-0.361669578943057,-0.0851891600371649,-0.235396754229441
"sub-153",8,0,1,0.02311,0,0,0,1,0.434873124060687,0.494984416110027,0.143433274080356,-0.138309940043837
"sub-153",3,0,0,0.02885,0,0,0,1,-0.00775552113433757,0.245535705066114,0.09703331735606,0.0705524396151304
"sub-153",7,0,1,0.0183599999999999,0,0,0,1,-0.0327493963607897,-0.237112088232405,-0.236740045715123,0.10300739733284
"sub-153",10,0,1,0.02414,0,0,0,1,0.147854103687375,-0.130933569192334,0.554116566122199,0.306441747886129
"sub-153",9,0,1,0.88093,0,0,0,1,0.148070873204839,0.0925973246770876,0.467189780761449,0.227200575266033
"sub-153",7,0,1,0.01928,0,0,0,1,-0.126551464297033,0.140417618125125,0.375932724680752,0.416027304006275
"sub-153",10,0,1,0.0251399999999999,0,0,0,1,-0.575289748221015,0.26870424217648,0.434278834921618,0.286902585066855
"sub-153",2,0,0,0.31765,0,0,0,2,-0.0999281114588181,-0.459301107709675,-0.0113902514373573,-0.149122443492524
"sub-153",1,0,0,0.0239799999999999,0,0,0,2,-0.553541657670091,-0.333396887360356,-0.178097435185919,-0.0277707947534509
"sub-153",2,0,0,0.0300100000000001,0,0,0,2,-0.171607471371923,0.141249750128568,-0.0669215759262443,-0.243376324255951
"sub-153",5,0,1,0.01912,0,0,0,2,0.396953122971657,-0.0628294179440235,-0.17347499114112,0.070345756597817
"sub-153",3,0,0,0.02525,0,0,0,2,0.580925480241907,-0.392803271921972,0.0713262327481061,0.130890077911317
"sub-153",3,0,0,0.36483,0,0,0,2,0.64569061571577,-0.624225714036988,0.171247651955734,0.0183024192228913
"sub-153",3,0,0,0.3706,0,0,0,2,-0.0146367646909008,-0.499493841030118,-0.308372907224111,-0.409464732371271
"sub-153",7,0,1,0.0265299999999999,0,0,0,2,-0.560366616894801,-0.142623867149706,-0.413151773779343,-0.133560598106124
"sub-153",6,0,1,0.02068,1,1,0,2,-0.531037675915286,-0.121797741821933,-0.085195830790326,-0.194626816764099
"sub-153",2,0,0,0.0262899999999999,1,1,0,2,-0.397987522623832,0.287743268741502,-0.233054269105196,0.366509984666482
"sub-153",3,0,0,0.10039,1,1,0,2,0.292993686114642,-0.0326543155350481,-0.13347808093143,-0.262755127542187
"sub-153",7,0,1,0.0228600000000001,1,1,0,2,-0.0214449942189579,-0.300185566578336,0.401540223470268,-0.0329343158751726
"sub-153",1,0,0,0.02874,1,1,0,2,0.0617741571816926,0.0387279369212963,0.461330088410856,0.251378679089248
"sub-153",4,0,1,0.0180899999999999,1,1,0,2,-0.224995783219735,0.102355535797499,0.318468177632894,0.180104212462902
"sub-153",4,0,1,0.04084,1,1,0,2,-0.179328724577014,-0.124669318328853,0.0170210863774021,0.295368527062237
"sub-153",1,0,0,0.02966,1,1,0,2,0.404515395057388,-0.347817777276591,-0.00873584853252396,0.396003962587565
"sub-153",8,0,1,0.32926,0,0,1,2,0.0392928064344839,-0.675710938387999,-0.543628513618993,-0.643033265642589
"sub-153",10,0,1,0.0195799999999999,0,0,1,2,-0.450685967167374,-0.536902603969254,-0.139812982715133,-0.300871068588458
"sub-153",8,0,1,0.10918,0,0,1,2,-0.364884109003469,-1.14839377847535,0.232383594343749,-0.377792222332209
"sub-153",9,0,1,0.0312300000000001,0,0,1,2,-0.0906128313702842,-0.430311540486636,0.331251619461303,-0.427463642135263
"sub-153",7,0,1,0.02162,0,0,1,2,0.121352547236408,0.787526381926404,-0.325973998134335,0.357228147378191
"sub-153",9,0,1,0.02752,0,0,1,2,0.079047603920723,0.837322483632576,-0.638652120095988,0.596340019465424
"sub-153",1,0,0,0.0168200000000001,0,0,1,2,-0.162963509870072,-0.490700278224217,-0.424201444334661,-0.38034640639089
"sub-153",5,0,1,0.0238700000000001,0,0,1,2,-0.29833434135071,0.133111812105333,-0.220390761387534,-0.167703012051061
"sub-153",7,0,1,0.0198799999999999,1,0,1,2,0.128788637618224,-0.134526970106418,0.394999977162418,-0.00993218574440107
"sub-153",10,0,1,0.02555,1,0,1,2,-0.0664743670107176,-0.0518433070845074,0.226175201506521,-0.374634173698723
"sub-153",8,0,1,0.0328599999999999,1,0,1,2,0.256267826228092,0.136147548875737,0.0796759049408138,-0.151620492548682
"sub-153",2,0,0,0.0232000000000001,1,0,1,2,0.441562505632949,-0.295876830229881,0.0295015855226666,-0.552129717124626
"sub-153",9,0,1,0.19617,1,0,1,2,-0.210567134665325,-0.658886858003421,-0.00148839394872387,-0.671627709269524
"sub-153",9,0,1,0.0185,1,0,1,2,0.0292595921976802,-0.256552996596804,0.568243336242934,-0.206566077889875
"sub-153",6,0,1,0.32484,1,0,1,2,0.320803728342677,-0.111813239649766,0.403510729471842,0.513669872842729
"sub-153",7,0,1,0.0302100000000001,1,0,1,2,-0.122738147697722,-0.0683727077040304,0.166114846040728,0.655597331136232
"sub-153",10,0,1,0.0246900000000001,1,1,1,2,-0.102548579491364,-0.279785893072754,-0.409512461706375,-0.37267869412899
"sub-153",2,0,0,0.0318499999999999,1,1,1,2,-0.316050802415702,-0.363336457077552,-0.249869614141062,0.0553199492394924
"sub-153",5,0,1,0.0220499999999999,1,1,1,2,0.224576139121685,0.0181990965717921,-0.485080710496428,0.538494482007809
"sub-153",8,0,1,0.0283,1,1,1,2,0.23081440399983,-0.120218258902982,-0.339725916429112,-0.134296373929828
"sub-153",8,0,1,0.23435,1,1,1,2,-0.0474097639477501,-0.424397534794278,-0.273077572016822,-0.152995131351054
"sub-153",8,0,1,0.0244800000000001,1,1,1,2,0.348749046388548,-0.183860881803816,-0.375835008841629,0.0125507410382852
"sub-153",7,0,1,0.03017,1,1,1,2,0.361441151374796,0.20587607362756,0.225610698127033,0.661387782439124
"sub-153",7,0,1,0.01946,1,1,1,2,0.168464689515531,0.617703956310396,0.25708433027224,-0.0458597886376083
"sub-153",9,0,1,0.25162,0,0,1,2,-0.655724783127274,-0.560068330175623,0.164847484258644,-0.285757013130933
"sub-153",6,0,1,0.14268,0,0,1,2,-0.548238005527916,-0.190859373796869,-0.0282676956461122,-0.125823022203986
"sub-153",3,0,0,0.03271,0,0,1,2,0.407731336696694,-0.766481262148806,-0.132492962996669,-0.454806199087761
"sub-153",8,0,1,0.02311,0,0,1,2,0.211330434307456,-0.578488275650199,-0.0318220991175622,-0.463480243645608
"sub-153",10,0,1,0.02901,0,0,1,2,-0.0198770086669053,-0.455592863779101,-0.244255287572742,0.490896117174998
"sub-153",8,0,1,0.0182899999999999,0,0,1,2,-0.508194713154808,-0.61075516321041,-0.278227546194103,0.535259507317096
"sub-153",9,0,1,0.0241100000000001,0,0,1,2,-0.38623886723993,-0.265563001481092,0.007493395424414,-0.0652945780195296
"sub-153",8,0,1,0.24685,0,0,1,2,-0.279018295738448,-0.131042158731294,-0.21025874223172,0.502964129578322
"sub-153",2,0,0,0.0760799999999999,0,0,0,2,0.312762619714097,-0.0417464339622745,0.0511855930089951,-0.549038872029632
"sub-153",6,0,1,1.18291,0,0,0,2,0.379772103876652,0.210544028526379,0.287269542537009,-0.359734650701284
"sub-153",3,0,0,0.0213399999999999,0,0,0,2,0.0552640949996809,0.862738216278592,0.252978993967796,0.35092406780459
"sub-153",7,0,1,0.0267999999999999,0,0,0,2,0.104533853552615,1.16157051879499,-0.108978528889565,0.227090741507709
"sub-153",1,0,0,0.0328200000000001,0,0,0,2,0.0675234096706845,0.529429640517467,0.0161649509488295,-0.0138268950162455
"sub-153",4,0,1,0.0229699999999999,0,0,0,2,-0.095410664206914,-0.436920248144479,0.312708587230494,0.11943104036618
"sub-153",2,0,0,0.02881,0,0,0,2,0.378252303854955,-0.670910674595722,-0.201689412312893,-0.24497202001512
"sub-153",2,0,0,0.18537,0,0,0,2,-0.0333806830070292,-1.17704057891819,-0.424093894815693,-0.659454324701801
"sub-153",7,0,1,0.03311,1,1,0,2,0.112796829604728,0.0172468208604389,0.0511194455708998,0.100949757825583
"sub-153",1,0,0,0.0244,1,1,0,2,0.126103549371085,-0.130947251174668,-0.278965399988617,-0.201281691342592
"sub-153",1,0,0,0.0303199999999999,1,1,0,2,-0.22863804626589,-0.270557351587168,-0.134293407822649,-0.0584002377232537
"sub-153",1,0,0,0.0197499999999999,1,1,0,2,-0.039097859718216,-0.296939638839966,0.15406296402216,0.333838395029306
"sub-153",5,0,1,0.14257,1,1,0,2,0.00252704826804499,-0.0648210755790825,0.000881146523170173,0.256526691140607
"sub-153",1,0,0,0.03243,1,1,0,2,-0.32133804463471,0.0522645046865499,0.0505962832442795,0.311249448731542
"sub-153",3,0,1,1.89122,1,1,0,2,0.132182778887606,0.353112517718088,-0.408146935941962,0.116958097787574
"sub-153",3,0,0,0.02962,1,1,0,2,-0.049875457053228,-0.14980061110799,-0.247255778299101,-0.0373200200498104
"sub-153",6,0,1,0.24298,1,0,0,2,-0.916471155593172,-0.486698522060006,-0.286165473051369,-0.410955538693815
"sub-153",7,0,1,0.03321,1,0,0,2,-0.332275502383709,-1.01307307463139,-0.213043740329643,-0.788854986429214
"sub-153",3,0,0,0.0234099999999999,1,0,0,2,0.421903031412512,-0.914496872401624,-0.00557842524722219,-0.330656459927559
"sub-153",4,0,0,0.02919,1,0,0,2,0.0359819488658104,-0.317106637344868,0.129439393989742,-0.416548904636875
"sub-153",4,0,0,0.01857,1,0,0,2,-0.601764602276186,0.339911826183433,-0.427242192711371,-0.230056990019511
"sub-153",4,0,0,0.0244500000000001,1,0,0,2,-0.264372654996502,0.460099711807238,-0.535388200718444,-0.299380340715288
"sub-153",2,0,0,0.0301400000000001,1,0,0,2,-0.172861213111901,-0.549981351838344,-0.33447305841158,-0.412676058150828
"sub-153",3,0,0,0.01956,1,0,0,2,0.725218443122382,-0.598912587734284,0.224545838245452,-0.17336858145427
"sub-154",3,1,0,NA,0,0,0,1,0.401986370367619,-0.266618061155357,0.108288185593362,-0.457456183433533
"sub-154",2,0,1,1.61468,1,1,0,1,0.180400559620466,-0.910348776658928,-0.102511011219273,0.0150571803329512
"sub-154",5,0,1,1.9879,1,1,0,1,0.237094542744065,-0.551254878225909,-0.328148671260957,-0.330905119935051
"sub-154",2,0,0,0.40908,1,1,0,1,1.08031882243813,-0.0517064929698352,0.40741358542194,0.202142955036834
"sub-154",4,0,0,0.56518,1,1,0,1,0.225304226235797,-0.494214997730321,0.0224820298996444,-0.125192763702944
"sub-154",8,0,0,0.62113,1,1,0,1,0.278726994040577,0.280494891934925,-0.429833786329255,-0.872704245895147
"sub-154",4,0,0,0.36008,1,1,0,1,-0.063875823917139,0.477750720917592,-0.624287439665447,-0.256143893394619
"sub-154",3,0,0,0.06701,1,1,0,1,0.238790592838389,0.403353788786464,-0.0457544218758509,-0.249807728966698
"sub-154",1,0,0,1.97901,0,0,0,1,-0.436221531437089,-0.189688782104188,0.0244247841959198,-1.76276824413799
"sub-154",7,0,1,0.50179,0,0,0,1,-0.762420388986357,-0.560206464733239,-0.597013808836588,-1.0141199734062
"sub-154",2,0,0,0.52613,0,0,0,1,-0.703862076935669,-0.557772535623776,-0.444930588981758,0.430342805059627
"sub-154",4,0,0,0.76548,0,0,0,1,0.0570329802576452,-0.265176882760392,-0.609098380043482,-0.405323605769081
"sub-154",6,0,1,1.07301,0,0,0,1,-0.202508645753066,-0.0498880726992394,-0.386008727781397,-0.279376094881445
"sub-154",4,0,0,0.32828,0,0,0,1,0.0437730970637252,-0.069431545143878,0.112462140231704,0.199629542976618
"sub-154",3,0,0,0.23485,0,0,0,1,0.307406846589098,-0.247516529692803,0.49069675867698,0.134610962262377
"sub-154",4,0,0,0.0248299999999999,0,0,0,1,0.8755785732889,0.0788378417826068,0.780854628421366,0.247753250785172
"sub-154",8,0,0,1.5405,0,0,1,1,0.512889982278769,-0.0451216632672758,-0.0553956755126516,0.19023888646625
"sub-154",5,0,0,0.22867,0,0,1,1,0.043515425020208,-0.297944878676423,0.474471925913046,-0.359376973472536
"sub-154",9,0,1,0.45145,0,0,1,1,0.558689014210055,0.338136384194648,0.279400822345148,-0.462828513810746
"sub-154",9,0,1,0.54092,0,0,1,1,-0.033386556742092,0.209735488208632,-0.0555028445184386,-0.789658473618329
"sub-154",2,0,0,0.2128,0,0,1,1,-0.172314279712737,-0.650032386045765,-0.292474477144424,-0.585838512191549
"sub-154",10,0,1,0.11895,0,0,1,1,0.155137141157563,-0.609192782323118,-0.570191816388009,-0.197772593205445
"sub-154",9,0,1,0.32486,0,0,1,1,-0.127867093464981,-0.456151393870607,-0.544284570923386,-0.260072336532176
"sub-154",7,0,0,0.0306,0,0,1,1,-0.197690058654795,-0.427862132140608,-0.1463384591043,-0.770830018780543
"sub-154",1,0,0,0.14676,0,0,0,1,0.0995236309051203,0.360414273105562,-0.511382873635739,-0.484997836360708
"sub-154",1,0,0,0.0191399999999999,0,0,0,1,0.0306480344540129,0.0977513500213347,0.128678598809832,-0.210120236966759
"sub-154",5,0,0,0.0586199999999999,0,0,0,1,0.131986130417014,0.47387074553882,0.137494089159494,-0.00711452383548021
"sub-154",2,0,0,0.0645,0,0,0,1,0.0591489690511177,0.678240124412157,-0.242762826150283,0.305273961648345
"sub-154",4,0,0,0.02115,0,0,0,1,0.554557690552125,0.105745966811406,-0.108905987852874,-0.138988876109943
"sub-154",2,0,0,0.0272600000000001,0,0,0,1,0.247576072142692,0.253547199898296,-0.0300959044058497,-0.206627923389897
"sub-154",9,0,1,0.76713,0,0,0,1,0.266032134764828,-0.21332163543061,-0.0031882471521385,-0.74002053970471
"sub-154",1,0,0,0.02338,0,0,0,1,0.487542491639033,-0.909243262683352,-0.157447755957643,-1.10545212049037
"sub-154",10,0,1,1.28711,1,0,1,1,0.542426781457228,0.606720422774001,0.462904238374904,0.760421624593437
"sub-154",7,0,0,1.24305,1,0,1,1,0.493892650663232,0.312279917541201,-0.178802684803183,0.158814084623009
"sub-154",9,0,1,0.59969,1,0,1,1,0.230011158797424,-0.0980259817162598,0.242814624759679,-0.153325148159638
"sub-154",7,0,0,0.0214399999999999,1,0,1,1,-0.200881209030437,-0.514997207766606,-0.0144329408261304,-0.115149890445173
"sub-154",7,0,0,0.02721,1,0,1,1,-0.210672296777678,-1.1108051005199,-0.568582690320909,-0.752219391986728
"sub-154",6,0,0,0.0332699999999999,1,0,1,1,-0.0926212495930182,-0.260344734577369,-0.592841531848535,-0.161515361303464
"sub-154",10,0,1,0.02349,1,0,1,1,-0.0782066781236305,0.154401252598122,-0.227329867503916,-0.0153738189488649
"sub-154",3,0,0,0.02936,1,0,1,1,-0.259873300635566,-0.0183999372163305,-0.24587025528308,-0.711702379817143
"sub-154",8,0,0,0.77673,1,1,1,1,0.743469243558745,0.477932562154752,-0.0393423815257847,-0.230162054509856
"sub-154",9,0,1,1.81821,1,1,1,1,0.453728673669199,-0.151235795545357,0.0030652586525927,-0.177058633044362
"sub-154",5,0,0,0.02227,1,1,1,1,0.222162414342165,-0.373958827617268,-0.0724344306848555,-0.493077505286783
"sub-154",8,0,0,0.02797,1,1,1,1,0.646301485113023,-0.331821738293877,0.11750291478044,-0.0716917868703604
"sub-154",7,0,0,0.01729,1,1,1,1,0.64865620372196,-0.674186471918667,0.159025081821407,0.126775138970697
"sub-154",8,0,0,0.0242899999999999,1,1,1,1,-0.0726368198520504,-0.118928467302963,0.0465436027152464,-0.552626223303378
"sub-154",3,0,0,0.03057,1,1,1,1,0.102502849302255,-0.109633345053428,0.427811067240934,-0.400762343034148
"sub-154",7,0,0,0.01949,1,1,1,1,-0.121043542244782,0.226420476911934,0.151085429824889,0.112244748789817
"sub-154",7,1,0,NA,0,0,1,1,0.602074968628585,0.261355188657978,-0.150951259459058,0.0158664134331048
"sub-154",2,0,0,0.0405199999999999,0,0,1,1,0.281850885742945,0.540998434509944,-0.088250658979329,-0.27404075153172
"sub-154",6,0,0,0.02938,0,0,1,1,0.0310064638615586,0.0126841061024202,-0.105485532122354,-0.528365918900818
"sub-154",8,0,0,0.0187299999999999,0,0,1,1,0.691545932553709,0.00755391347963639,0.317953827330105,-0.450270080566406
"sub-154",10,0,1,0.0244599999999999,0,0,1,1,0.900908434026254,-0.150660434047933,0.656400234128038,-0.345028078695759
"sub-154",8,0,1,0.0305500000000001,0,0,1,1,0.504774783117076,0.261678879563179,-0.193827943876386,-0.249147124029696
"sub-154",9,0,1,0.1369,0,0,1,1,-0.0766329100200285,0.761261188666578,0.0117182465619408,0.0564639717340469
"sub-154",8,0,1,1.27693,0,0,1,1,-0.0129363732412457,-0.092522952809102,-0.220909107554083,-0.273926824633963
"sub-154",2,0,0,0.25344,1,0,0,1,-0.373438264243305,-0.566735218555011,-0.296558115398511,-0.140512946085073
"sub-154",1,0,0,0.0258,1,0,0,1,0.00752469388923297,-0.369445490685326,-0.141702247705931,0.519886164646596
"sub-154",5,0,0,0.03288,1,0,0,1,0.342274578986689,-0.101327058272781,-0.361208964449664,-0.227583735994995
"sub-154",2,0,0,0.02322,1,0,0,1,0.234141614016456,-0.0306375716140287,-0.481969167730616,-0.396046833787113
"sub-154",9,0,1,0.89664,1,0,0,1,0.102066815248691,0.148519974201918,-0.117066175163927,-0.0419941922649741
"sub-154",4,0,0,0.01834,1,0,0,1,-0.515626671510593,-0.470210830301598,-0.129768765871025,-0.292103539593518
"sub-154",2,0,0,0.024,1,0,0,1,-0.300418382665763,-0.350336973531672,-0.560818168451078,-0.690467381058261
"sub-154",4,0,0,0.03016,1,0,0,1,0.435099849865461,0.108109242248314,-0.16731707941896,-0.795798777416348
"sub-154",3,0,0,0.04545,1,1,0,1,0.180589024326764,0.00425213502926959,0.168546754634008,-0.247394516668282
"sub-154",1,0,0,0.01983,1,1,0,1,0.307474185208169,-0.203144294589206,0.34415995903934,-0.525766151025891
"sub-154",5,0,0,0.02569,1,1,0,1,0.309308812914727,-0.289080559862433,0.12991958897328,-0.629572876106249
"sub-154",2,0,0,0.0317799999999999,1,1,0,1,0.226728815197324,-0.387505849616395,-0.153052974259481,-0.409518575528637
"sub-154",1,0,0,0.02189,1,1,0,1,0.746100227930583,0.154997862323567,0.0715727587861087,-0.0527818374801427
"sub-154",8,0,1,0.59534,1,1,0,1,0.561385119023422,0.72531979624182,0.0566242980227495,0.27717328320723
"sub-154",2,0,0,0.0182800000000001,1,1,0,1,0.0132466183664898,0.156166726003263,0.0719028030677388,-0.790231767948717
"sub-154",3,0,0,0.2579,1,1,0,1,0.37631339757354,-0.362602331071954,-0.168915020961625,-0.659986816602759
"sub-154",5,0,0,1.20224,1,0,1,2,0.961685410506713,0.180221472168341,0.261350517122385,-0.160753771848977
"sub-154",8,0,1,0.24194,1,0,1,2,0.682588774429557,0.2034299597834,0.263891506522971,-0.0475041738711297
"sub-154",8,0,1,0.0491299999999999,1,0,1,2,0.451013788736115,-0.195358587144357,0.0254626707949986,0.411983931995928
"sub-154",2,0,0,0.0894299999999999,1,0,1,2,-0.35686262283707,-0.15213783002562,-0.00890023447573185,-0.292420748397126
"sub-154",9,0,1,0.29529,1,0,1,2,-0.0472358312884656,-0.032378744058035,0.213779745002588,-0.809552762471139
"sub-154",9,0,1,0.56831,1,0,1,2,0.109491504379548,0.105364031468829,-0.164209695067257,-0.512253447924741
"sub-154",8,0,0,0.02346,1,0,1,2,0.292665196349844,0.226218617542785,-0.134036952202829,-0.29165577669628
"sub-154",7,0,0,0.02938,1,0,1,2,-0.226389683783054,-0.301732425921795,-0.175211519158135,-0.536867669783533
"sub-154",9,0,1,0.97862,1,1,1,2,-0.0656652979911693,-0.145707800915396,0.0766350683212901,-0.0541381519520655
"sub-154",6,0,0,0.0849899999999999,1,1,1,2,0.21199450296505,0.107695904663867,-0.170605117687955,-0.0376871510408819
"sub-154",8,0,1,0.55808,1,1,1,2,0.428731000904615,0.182169640988663,-0.191274468831883,-0.162644939497113
"sub-154",7,0,0,0.0298400000000001,1,1,1,2,-0.0959167419350706,0.469851331923295,-0.147885460872203,-0.310215689102188
"sub-154",9,0,1,0.30303,1,1,1,2,0.184370101856378,0.140503814409452,-0.221861049474683,-0.384920860640705
"sub-154",7,0,0,0.0251300000000001,1,1,1,2,0.601947995601222,-0.0501480850485947,-0.143364977596017,-0.518382812663913
"sub-154",1,0,0,0.38184,1,1,1,2,0.578988980191449,0.0905986287872548,0.243917927689229,-0.908431326504797
"sub-154",8,0,0,0.22064,1,1,1,2,0.637028164540728,0.1103563785415,0.395232721697539,-0.760399170592427
"sub-154",2,0,0,0.56973,1,0,0,2,0.0692694970251371,0.168942841873677,-0.0640836919968327,0.0135155226103961
"sub-154",1,0,0,0.0249999999999999,1,0,0,2,-0.503094682159523,0.0919083567267215,-0.494702862357371,0.220685049332678
"sub-154",4,0,0,0.03223,1,0,0,2,-0.223216245940421,0.0575936518402563,-0.0863110560846205,0.45584395416081
"sub-154",2,0,0,0.02257,1,0,0,2,-0.0979744408590098,0.206060743166341,0.442991926567629,0.44246888984926
"sub-154",3,0,0,0.02827,1,0,0,2,-0.524437971645966,0.299705562207641,0.323402240625001,0.288561640807893
"sub-154",8,0,0,0.16796,1,0,0,2,0.0660346081325163,0.538291334967922,0.348434111703379,0.0656903583556414
"sub-154",6,0,0,0.75781,1,0,0,2,0.447105787384013,-0.295763815097787,0.337077744052901,-0.525113087985665
"sub-154",1,0,0,0.37995,1,0,0,2,0.343858496091949,-0.487452685824354,0.275367955565647,-0.606255405768752
"sub-154",5,0,0,0.8928,0,0,1,2,0.555279425190141,0.604906155762297,0.210997796889084,-0.197385958675295
"sub-154",7,0,0,0.60012,0,0,1,2,0.667679168283939,0.0716817572161003,0.0776278889776828,-0.264289942476898
"sub-154",9,0,1,0.38906,0,0,1,2,-0.0112507955442804,-0.466183854586065,-0.133149829382698,-0.547637163568288
"sub-154",9,0,1,0.56177,0,0,1,2,0.0849020545138046,0.242475201339133,-0.351975436031353,-0.661878229584545
"sub-154",1,0,0,0.5848,0,0,1,2,0.133692450045298,0.308750001886101,-0.277953053009696,-1.1996624827385
"sub-154",8,0,0,0.54021,0,0,1,2,0.516834622249007,-0.0509798175275878,-0.359117471273445,-1.1460597563535
"sub-154",7,0,0,0.54656,0,0,1,2,0.413139846078896,0.109958219704115,-0.142135703431753,-0.864147895248607
"sub-154",9,0,1,0.83575,0,0,1,2,-0.060158667814297,-0.367464148887882,0.031786326704605,-0.515857699513435
"sub-154",6,0,0,0.91655,0,0,0,2,0.0742981461808085,0.440412278841163,0.261032741109375,0.0714461082592606
"sub-154",7,0,0,0.52218,0,0,0,2,0.41324630608627,0.0817669614269916,0.214617047652913,0.101103845145553
"sub-154",3,0,0,0.57829,0,0,0,2,0.435988768741178,-0.406677647993934,0.64185880497098,-0.00131091866642237
"sub-154",1,0,0,0.385,0,0,0,2,0.265763783012517,-0.0616953888977015,0.315483075954641,0.196441408153623
"sub-154",4,0,0,0.55763,0,0,0,2,-0.215939569927286,-0.641850565111748,-0.00316961094116171,0.456990310573019
"sub-154",1,0,0,0.56371,0,0,0,2,0.25044391824243,-0.0566863463156753,-0.0642110862681875,0.100949723657686
"sub-154",3,0,0,0.98763,0,0,0,2,0.0933153242416059,0.493688240060928,0.0565898300847039,0.0444288246100768
"sub-154",2,0,0,0.5097,0,0,0,2,0.337891484921177,0.147678855892823,-0.157501979476365,-0.584642464271747
"sub-154",4,0,0,0.83894,1,0,0,2,0.198579422334054,0.431675244467678,0.212951007677475,-0.119615757837892
"sub-154",1,0,0,0.52809,1,0,0,2,-0.614194349385798,0.0512779772247153,-0.0975325567026933,-0.0729937197756954
"sub-154",1,0,0,0.51852,1,0,0,2,-0.576067534682807,-0.239863496687677,-0.0483923695671062,0.483066472504288
"sub-154",2,0,0,0.52441,1,0,0,2,0.314037670226147,-0.289369768458763,-0.108410355479767,-0.430844958126545
"sub-154",5,0,0,0.73066,1,0,0,2,0.344953147927299,-0.439715876157775,-0.0898318966695418,-0.489718076284044
"sub-154",4,0,0,0.56968,1,0,0,2,0.209251368883997,0.0155556371297549,0.15442201285623,-0.390508223883808
"sub-154",7,0,0,0.79228,1,0,0,2,1.10351674382885,0.319248636563619,0.478019970449774,-0.448156320588896
"sub-154",1,0,0,0.79824,1,0,0,2,0.430595002602786,0.3454662575214,0.151501812196026,-0.168444119184278
"sub-154",8,0,0,1.5957,1,0,1,2,0.775135607458651,0.0813308903361084,0.568693109167119,-0.109696684242226
"sub-154",9,0,1,0.81927,1,0,1,2,0.80533252369302,-0.292805558277501,0.677391369671871,-0.720698159188032
"sub-154",8,0,0,0.52444,1,0,1,2,-0.086263152382647,-0.102123195926348,0.148958720072793,-0.729820491187274
"sub-154",7,0,0,0.48044,1,0,1,2,-0.15366995401079,0.113111050670139,-0.042379554361105,-0.0315775646129623
"sub-154",5,0,0,0.48664,1,0,1,2,0.717668820347171,-0.182195580633426,0.011424855949978,-0.814310004934669
"sub-154",9,0,1,0.5265,1,0,1,2,0.788881175375233,-0.0388313106571635,0.153203191119246,-0.413694836467039
"sub-154",7,0,0,0.44912,1,0,1,2,0.143449689106395,-0.0542010103386861,-0.410436374892015,0.130434567993507
"sub-154",3,0,0,0.37191,1,0,1,2,0.0966981820529327,-0.155817497814833,-0.191828092249731,-0.183888370264322
"sub-154",3,0,0,0.58338,1,1,1,2,-0.399442981738654,-0.245963778846932,0.206490602033834,0.170271977758966
"sub-154",10,0,1,0.64019,1,1,1,2,0.122384477523156,-0.0140168383303616,0.194846111660202,0.472673285380006
"sub-154",10,0,1,0.53062,1,1,1,2,-0.192274569960622,0.294450823976486,0.172227825169102,0.473554032295942
"sub-154",8,0,0,0.71997,1,1,1,2,0.270045412781959,0.034906605862219,-0.0695858998224139,0.0385449355468154
"sub-154",7,0,0,0.42727,1,1,1,2,-0.238407398186003,-0.329007647034747,-0.0253754222455124,-0.165446763997898
"sub-154",6,0,0,0.48273,1,1,1,2,-0.0475168432458304,-0.397965656295936,0.0451161537397032,-0.75129730924964
"sub-154",8,0,0,0.52199,1,1,1,2,0.464433923984567,0.0185008834663744,0.0234065990274151,-0.694235006673262
"sub-154",7,0,0,0.51112,1,1,1,2,0.291211801658695,0.112146746160256,0.129333541806166,0.00561635252088308
"sub-154",2,0,0,0.67724,1,1,0,2,0.577732231312742,0.53124823848096,-0.106684315251186,-0.387364747771062
"sub-154",1,0,0,0.5665,1,1,0,2,-0.3304316062422,0.202902715446221,0.0885927066944229,-0.189709458756261
"sub-154",1,0,0,0.45588,1,1,0,2,-0.393281581268335,0.0986947681220179,0.681435793832255,0.306437406176701
"sub-154",4,0,0,0.47928,1,1,0,2,-0.210357829398466,0.151328916501909,0.119316471915226,0.334940511127934
"sub-154",8,1,0,NA,0,0,0,2,0.801233526629706,0.0219720795543657,0.25540591791893,-0.0343941509723663
"sub-154",3,1,0,NA,0,0,0,2,0.634386557852849,-0.195404949841085,0.572252880393838,-0.532056305650622
"sub-154",5,1,0,NA,0,0,0,2,0.454817775539899,-0.383950115491947,-0.0920495934939633,-0.657806624754448
"sub-154",3,1,0,NA,0,0,0,2,0.323848911638682,-0.617056639106185,-0.28103249911995,-1.21191359055229
"sub-156",8,0,1,1.48909,1,1,1,1,-0.584488365818591,0.328876689559332,-0.745750907119752,-0.346343396324664
"sub-156",7,0,1,0.59593,1,1,1,1,0.0438944972799315,0.585978917932759,-0.409554761679222,-0.987557446048595
"sub-156",7,0,1,1.0202,1,1,1,1,0.666331438182776,0.411093300449903,-0.089791907191587,-0.382775729335845
"sub-156",6,0,1,0.80901,1,1,1,1,0.387079932532894,0.352836320176721,0.0355459786563491,0.289237123075873
"sub-156",4,0,1,0.4147,1,1,1,1,0.708146963928205,0.438045795765464,0.346457586626154,0.218923013366293
"sub-156",9,0,1,0.58741,1,1,1,1,0.310208844952285,0.20492384724181,0.216917113148763,0.327913945447654
"sub-156",8,0,1,0.54295,1,1,1,1,0.41556854537824,0.18184402131441,0.015954915623297,0.290105429338291
"sub-156",7,0,1,0.41613,1,1,1,1,-0.00528269990657767,0.488723114736516,-0.0997415164213938,-0.180246379412711
"sub-156",2,0,1,0.32935,1,0,0,1,-0.246054407131548,0.0259944014251232,0.206865053235864,-0.0255131431156769
"sub-156",6,0,1,0.57113,1,0,0,1,-0.20096068092001,0.189602879807353,0.701382883203526,-0.0191761701367795
"sub-156",7,0,1,0.44495,1,0,0,1,-0.181930072528,0.064727170323884,-0.192345482918123,0.00282058767625131
"sub-156",2,0,1,0.45061,1,0,0,1,-0.610826826140207,-0.175381425354216,-0.674358394554777,0.175088053103536
"sub-156",3,0,1,0.35672,1,0,0,1,-0.117389610425259,0.156657370790425,-0.127606465714052,0.61272512297146
"sub-156",3,0,1,0.59652,1,0,0,1,-0.161966042762894,-0.161203563903217,0.0842242008075118,0.391203332599252
"sub-156",2,0,1,0.5187,1,0,0,1,0.103619961999357,-0.378427770376826,-0.335559879119198,-0.652748632151633
"sub-156",4,0,1,0.0238499999999999,1,0,0,1,-0.048635810536022,0.0253331662949037,0.0255753671129545,-0.172661009337753
"sub-156",4,0,1,0.42188,1,0,1,1,-0.132903998213199,0.00736180615300934,0.124966257096579,0.516931299678981
"sub-156",5,0,1,0.32889,1,0,1,1,-0.213117698362718,0.61481085777093,-0.143641679159676,-0.138750817580149
"sub-156",8,0,1,0.61939,1,0,1,1,-0.365905415421973,-0.361655853654223,-0.109467058752974,-0.189561282843351
"sub-156",8,0,1,0.65854,1,0,1,1,-0.278225835606766,-0.192238512552447,-0.0612101648778965,-0.349137814715505
"sub-156",10,0,1,0.48217,1,0,1,1,-0.216534737046459,0.0267720779886952,0.320296253194101,0.233242616523057
"sub-156",7,0,1,0.73811,1,0,1,1,0.230392535061886,0.3161811462638,0.51141808682587,0.517807997716591
"sub-156",8,0,1,0.61069,1,0,1,1,0.000748486025258899,0.65651377921717,0.319980460839967,0.316161488182843
"sub-156",8,0,1,0.35089,1,0,1,1,0.463483405965235,0.234266529411629,-0.0162599672621582,0.515105333924293
"sub-156",10,0,1,0.94834,0,0,1,1,0.492121111465773,0.587373309863593,0.48152702806207,-0.161442342679948
"sub-156",2,0,1,0.48808,0,0,1,1,-0.353683663144087,-0.0412994895682291,0.158330704978046,-0.085609806550201
"sub-156",7,0,1,0.47729,0,0,1,1,-0.30164786730893,-0.281547971863162,-0.292045784745521,-0.576105678104796
"sub-156",7,0,1,0.49975,0,0,1,1,0.187817184448553,0.112267925162558,-0.231575480390651,-0.635821547730302
"sub-156",10,0,1,0.60657,0,0,1,1,-0.307830215994424,-0.648733819834888,-0.273489457710336,-0.935715346439974
"sub-156",9,0,1,0.4293,0,0,1,1,-0.00328084190065662,-0.246737066483884,-0.0720140237050752,-0.676620387099683
"sub-156",9,0,1,0.65198,0,0,1,1,0.111436772072921,0.173792367766577,0.467934787971899,0.214351425971836
"sub-156",6,0,1,0.34088,0,0,1,1,0.12543972227104,-0.249352363369393,0.0224362215958536,0.742840120452456
"sub-156",3,0,1,0.56803,1,1,1,1,-0.499225108438016,-0.0688670863811341,-0.247332623868715,0.261066659120843
"sub-156",8,0,1,0.65809,1,1,1,1,-0.39098211870684,0.185309583217733,-0.245423672526764,0.219379638694227
"sub-156",9,0,1,0.83306,1,1,1,1,-0.085797008825466,-0.0894513845926634,0.119588240340818,-0.0461266617057845
"sub-156",5,0,1,0.6553,1,1,1,1,0.40967243075526,0.011655005954068,0.120931727753486,0.487602133769542
"sub-156",7,0,1,0.77811,1,1,1,1,0.493404484121129,0.439143231720664,0.124013389717826,0.621911010605982
"sub-156",9,0,1,0.43359,1,1,1,1,-0.234946102097941,0.158895846163095,0.208640762371942,0.681588466966059
"sub-156",7,0,1,0.52261,1,1,1,1,-0.0729486998170614,0.666856336579831,0.308734121693609,0.689277301728725
"sub-156",8,0,1,0.47894,1,1,1,1,-0.518306866501613,0.242479396708034,0.691238995913106,0.905687734577805
"sub-156",5,0,1,0.59251,0,0,0,1,0.0867564314976335,-0.775899790089439,0.295386505352023,0.0587892470881343
"sub-156",4,0,1,0.44924,0,0,0,1,0.263881278728756,-0.889538972742028,0.427768230166597,0.428375035012141
"sub-156",3,0,1,0.5888,0,0,0,1,0.107014224942153,-0.274930997855133,-0.115661468977729,-0.65347424261272
"sub-156",7,0,1,0.47788,0,0,0,1,-0.364601976471022,2.46430178631649,-1.04949262420026,-1.33955116719007
"sub-156",1,0,1,0.63447,0,0,0,1,0.221538263062636,0.0217940143861428,-0.25809329856808,-0.848767470475286
"sub-156",1,0,1,0.58948,0,0,0,1,0.263866394331368,-0.192179759222738,-0.180975498932336,-0.318028211779892
"sub-156",4,0,1,0.61233,0,0,0,1,-0.175201610972484,-0.301603350477914,0.302847305831771,0.102001507813111
"sub-156",4,0,1,0.4848,0,0,0,1,0.311452161404304,-0.230339753682967,0.448428060810935,-0.149831170029938
"sub-156",1,0,1,0.49731,1,0,0,1,0.389661953394049,0.791886248211894,-0.214537001311934,-0.709372679330409
"sub-156",3,0,1,0.40277,1,0,0,1,0.654225251326958,0.0184757418033701,0.116694866213948,-0.387084622800467
"sub-156",2,0,1,0.62676,1,0,0,1,0.529465417435858,0.370992616129418,0.190445074627254,0.536566429212689
"sub-156",9,0,1,0.40012,1,0,0,1,-0.382675755380963,0.0976608605296524,0.341167074007293,0.788786781369708
"sub-156",3,0,1,0.43927,1,0,0,1,-1.08674869298314,-0.462992168376567,-0.0933826326703032,0.664228647499112
"sub-156",6,0,1,0.34615,1,0,0,1,-0.742103528056759,-0.255501126525579,-0.136309825698845,1.03815111012664
"sub-156",1,0,1,0.33598,1,0,0,1,0.904627277477024,0.0238813534379005,0.159514910386254,0.577536489628255
"sub-156",1,0,1,0.35781,1,0,0,1,1.24923710416382,-0.432918559981907,0.0568307369248942,-0.083761454699561
"sub-156",6,0,1,0.55571,1,1,0,1,-0.0312872830157479,-0.0155439655133739,0.683159378978113,-0.633183206152171
"sub-156",2,0,1,0.39506,1,1,0,1,-0.257653926887239,0.0346393067846765,0.320216857207318,-0.951031568646431
"sub-156",2,0,1,0.40154,1,1,0,1,-0.39237308819429,0.708156254625431,-0.188008256567021,-0.076685789693147
"sub-156",1,0,1,0.40799,1,1,0,1,-0.27826134650968,0.364681423158833,0.240542078390718,0.295241037383676
"sub-156",3,0,1,0.38145,1,1,0,1,-0.23949625940683,-0.177079950493795,-0.216690243997922,-0.253856945876032
"sub-156",2,0,1,0.45411,1,1,0,1,-0.540127138374373,-0.369940983476462,-0.448766950129842,-0.234737676940858
"sub-156",2,0,1,0.61144,1,1,0,1,0.0538087487220764,0.217472992561482,-0.346347448804105,0.0950973795726895
"sub-156",10,0,1,0.65113,1,1,0,1,0.252163829039394,0.470972584560513,-0.0713572958484292,-0.236156833358109
"sub-156",10,0,1,0.41294,1,0,0,1,-0.560024816465254,-0.25886405318872,0.283067531883717,0.269625263242051
"sub-156",10,0,1,0.57008,1,0,0,1,-0.367748209818577,0.249243443383387,0.0531084419926628,-0.609381997212768
"sub-156",7,0,1,0.64245,1,0,0,1,0.122746844155093,-0.973283690296941,-0.336077741599487,0.243130893842317
"sub-156",8,0,1,0.53324,1,0,0,1,0.00179117289371789,0.185725269425246,-0.22633506776765,0.131154683139175
"sub-156",2,0,1,0.55629,1,0,0,1,-0.328816119697876,0.0726480414590764,-0.219973612305087,0.271880389563739
"sub-156",7,0,1,0.49567,1,0,0,1,-0.320591863788043,0.0839986103000464,0.0141766772067058,0.256825207732618
"sub-156",6,0,1,0.51873,1,0,0,1,0.0547159430619407,0.0897130524649078,0.210177468688926,0.316959724389017
"sub-156",7,0,1,0.54085,1,0,0,1,-0.09592261716413,0.103920050241329,0.174489286572983,-0.077333939447999
"sub-156",7,0,1,0.77464,0,0,1,2,0.148092529852875,-0.252699787693995,-0.263297236214081,-0.658669943595305
"sub-156",10,0,1,0.44696,0,0,1,2,0.0110302657218805,-0.104510011289407,-0.612066363139699,-0.643237354466692
"sub-156",6,0,1,0.02037,0,0,1,2,0.0323675131076016,0.2505080567509,-0.355361512551705,-0.465932016447186
"sub-156",10,0,1,0.02589,0,0,1,2,-0.177927790035028,0.042303118803021,0.153057735219287,0.321384919807315
"sub-156",7,0,1,0.5159,0,0,1,2,0.0744372443490041,0.132683180565773,0.10494269496606,0.774836892262101
"sub-156",10,0,1,0.02213,0,0,1,2,1.15328538895119,0.0865707632016253,0.0168441265899067,-0.0498731961939484
"sub-156",7,0,1,0.46211,0,0,1,2,-0.279050944605842,0.228671364710425,-0.0961182770552114,-0.409530781670765
"sub-156",1,0,1,0.76851,0,0,1,2,-0.794429559803878,0.0464412021554179,-0.137839974990735,-0.57633045152761
"sub-156",1,0,1,0.61197,1,1,0,2,-0.488301986362785,-0.756562838072164,-0.247193335710714,-1.28105747075751
"sub-156",2,0,1,0.36903,1,1,0,2,-0.71971528744325,-0.840742546375151,-0.0566059859120287,0.137065330659971
"sub-156",4,0,1,0.40926,1,1,0,2,-0.419095763548588,0.142019934521091,0.163794940633428,0.402291711140424
"sub-156",1,0,1,0.5655,1,1,0,2,-0.560900093541325,0.116775786831837,-0.0849311721200744,-0.109157110378146
"sub-156",1,0,1,0.421,1,1,0,2,-0.248538973197962,0.0676706958286188,-0.149283969968868,-0.00595910036936402
"sub-156",5,0,1,0.41155,1,1,0,2,0.268181334434,0.296777509428837,0.0279033630698298,0.0547327532200143
"sub-156",9,0,1,0.41743,1,1,0,2,0.569742155067312,0.179674841463566,-0.013640004969299,-0.0507143522612751
"sub-156",1,0,1,0.64014,1,1,0,2,0.0130017732735723,0.241333170897431,-0.0827948359074071,-0.815861536003649
"sub-156",10,0,1,0.5054,1,0,1,2,0.0927539870608598,-0.449186039467653,-0.0488847125858835,-0.284639699314721
"sub-156",10,0,1,0.36247,1,0,1,2,0.209925416624174,0.0906876137574997,0.479962694257362,0.0502417929470539
"sub-156",1,0,1,0.38607,1,0,1,2,-0.363093236868735,0.330931070913923,0.47711607842939,-0.469929954130203
"sub-156",6,0,1,0.49166,1,0,1,2,-0.61274605395738,0.419339518304224,-0.273683343276692,-0.337914183177054
"sub-156",7,0,1,0.4475,1,0,1,2,-0.00784466978317747,0.641567212908908,0.0344527280200661,0.376722801569849
"sub-156",7,0,1,0.83703,1,0,1,2,0.0688051356313129,-0.0734945217307002,0.369099190536266,-0.312235718313605
"sub-156",7,0,1,0.57603,1,0,1,2,0.252166073245462,-0.132772587653663,0.282042328811561,-0.187202690076083
"sub-156",8,0,1,0.44664,1,0,1,2,0.161253430783593,0.259642897587683,-0.0154848781142694,0.161101725883782
"sub-156",2,0,1,0.52947,1,0,0,2,-0.129541124100797,0.171532797790995,-0.314998150230773,0.344655176671222
"sub-156",3,0,1,1.06919,1,0,0,2,-0.46590178727638,-0.124090379246304,-0.488379503813727,0.413093606987968
"sub-156",1,0,1,0.85815,1,0,0,2,-0.631903320211374,-0.00438996093106215,-0.11606899377269,0.474762445315719
"sub-156",8,0,1,0.3636,1,0,0,2,-0.224904022800426,-0.0856499165227568,-0.205102186960479,-0.539584102854133
"sub-156",5,0,1,0.92027,1,0,0,2,-0.128729510741929,0.120427592933454,-0.588869746153553,-0.631157964747399
"sub-156",2,0,1,0.44226,1,0,0,2,-0.282669381015391,-0.0344559490676383,-0.468706609167081,-1.01816845349967
"sub-156",2,0,1,0.61508,1,0,0,2,0.114959579485003,0.024581842314176,0.045994491626819,-0.0473701017908752
"sub-156",3,0,1,0.55422,1,0,0,2,0.430701428093016,0.354411953577289,0.190460633457405,-0.357781930407509
"sub-156",4,0,1,0.51754,0,0,0,2,0.424267055039915,-0.474509380533601,0.0309366925697153,-1.0539388332516
"sub-156",2,0,1,0.0248200000000001,0,0,0,2,0.246728090646987,-0.295896185803469,0.0522474063715587,-0.521519311144948
"sub-156",4,0,1,0.33139,0,0,0,2,0.169124349020422,-0.459033928906407,0.170857127833491,0.38257834375836
"sub-156",3,0,1,0.62079,0,0,0,2,-0.0687622104305774,-0.642223849677032,-0.0934310455995728,-0.301669149752706
"sub-156",10,0,1,0.70998,0,0,0,2,-0.953453525241154,-0.620223502158532,-0.316404283900435,-0.601163461245596
"sub-156",4,0,1,0.63253,0,0,0,2,-0.523702613485511,0.461241964285296,0.351748465376052,0.330206014215946
"sub-156",5,0,1,0.53855,0,0,0,2,0.0534034271064835,-0.13203821958504,0.841946032674362,0.998573724646121
"sub-156",3,0,1,0.47761,0,0,0,2,-0.159272979168842,-0.487966473455782,0.192388484802602,0.943821119423956
"sub-156",3,0,1,0.43809,1,1,0,2,-0.363433128513861,0.151511566247791,-0.00180962161781887,-0.596365525946021
"sub-156",8,0,1,0.86219,1,1,0,2,-0.301118975039572,0.341248896162681,0.271351319563109,-0.406896025128663
"sub-156",5,0,1,0.45221,1,1,0,2,-0.347954273340292,0.673652314098069,-0.164222357445396,-0.612027207249776
"sub-156",2,0,1,0.57465,1,1,0,2,-0.242021633467327,0.957819538259948,-0.0212238476597122,0.226362960203551
"sub-156",1,0,1,0.58099,1,1,0,2,-0.174130866692091,0.208587754929155,-0.507500486409602,-0.72853747876361
"sub-156",2,0,1,0.45446,1,1,0,2,1.12376074730613,-0.82499916182348,-0.205177432973869,-0.204588871635497
"sub-156",3,0,1,0.47764,1,1,0,2,0.0584562950534746,-0.038382473781153,-0.201871949830092,0.127185211423784
"sub-156",1,0,1,0.53387,1,1,0,2,-0.488158864590029,0.858917740208131,-0.223362862753371,0.559158033551648
"sub-156",9,0,1,0.51772,1,1,1,2,0.4932257484276,-0.917499497670818,-0.0426914713073832,-0.591937498468906
"sub-156",3,0,1,0.47452,1,1,1,2,0.191316038835794,-0.158935850072238,-0.466410338694307,-1.56576082892716
"sub-156",7,0,1,0.38094,1,1,1,2,0.728107635436269,0.139024759608286,-0.491906407657855,-0.787082866858691
"sub-156",7,0,1,0.55382,1,1,1,2,0.540361321065575,-0.460319086445603,-0.184949332324322,-0.150047443713993
"sub-156",5,0,1,0.64259,1,1,1,2,0.175920121541518,0.0453019537531805,-0.156846916773551,-0.27059300118126
"sub-156",7,0,1,0.73299,1,1,1,2,-0.0525190302675279,0.439654663619068,0.238360139371556,0.175488141784444
"sub-156",10,0,1,0.43854,1,1,1,2,0.0987813527074953,-0.292984998767713,0.6956866690889,0.586638012109324
"sub-156",8,0,1,0.52893,1,1,1,2,0.119322528053696,-0.0535925244890947,0.58754195071136,1.33108451603912
"sub-156",1,0,1,0.67615,0,0,0,2,0.304979851916263,-0.237388711077748,-0.855444739766729,-1.39089045100845
"sub-156",4,0,1,0.48273,0,0,0,2,-0.43663976478759,0.18297060765326,0.390990829910152,-0.63222282519564
"sub-156",3,0,1,0.38868,0,0,0,2,-0.140981852736635,0.71645765889574,-0.276974420684079,-0.85598985683173
"sub-156",5,0,1,0.82666,0,0,0,2,-0.595610217477467,0.0174028373375121,-0.431212697333346,-0.740393981896341
"sub-156",4,0,1,0.31826,0,0,0,2,-0.59892679269736,0.263317697310682,0.0466471576752762,0.069902186084073
"sub-156",9,0,1,0.55741,0,0,0,2,-0.434706148216113,0.142026756441704,0.26975328886571,0.533260257239453
"sub-156",4,0,1,0.59689,0,0,0,2,-0.349826087166245,0.62030651723897,0.143788371933624,0.000440287450328469
"sub-156",1,0,1,0.78637,0,0,0,2,-0.65286957611291,0.279829050586731,-0.0881929087918252,-0.662729611806572
"sub-156",9,0,1,0.0315099999999999,0,0,0,2,-0.195716682743902,-0.449933266715595,-0.00377433789738764,-0.303747926373035
"sub-156",5,0,1,0.90606,0,0,0,2,-0.140107169786158,0.217629157834583,0.456203976956507,0.423046421352774
"sub-156",8,0,1,0.59485,0,0,0,2,-0.130136831391913,0.618278461749907,0.452828954788856,-0.233047113975044
"sub-156",10,0,1,0.60182,0,0,0,2,0.0874021738224352,0.0788929288585981,0.180231204411636,-0.121170035842806
"sub-156",8,0,1,0.47393,0,0,0,2,-0.117243379766781,0.807647065087049,-0.00826536772365216,0.0304333135485649
"sub-156",4,0,1,0.56361,0,0,0,2,-0.0859334197981904,-0.0283774445868201,-0.28937485992598,-1.04211128586903
"sub-156",10,0,1,0.50374,0,0,0,2,-0.0496295366125802,-0.865489188581705,-0.574951893494775,-0.292175162199419
"sub-156",7,0,1,0.52647,0,0,0,2,0.475782930724866,-0.884147747419775,-0.425044240740438,-0.256388336513191
"sub-155",4,0,0,1.87758,0,0,0,1,0.0203516150359064,-0.470361956843623,0.122385925302903,-0.61976146446541
"sub-155",4,0,0,0.96711,0,0,0,1,0.295068313037821,0.277238693433227,-0.24392330145929,-0.497436248883605
"sub-155",2,0,0,0.70683,0,0,0,1,0.274227857356891,0.0496390401558192,-0.321946509880945,-0.0189257652964443
"sub-155",1,0,0,1.41357,0,0,0,1,0.331002758078588,-0.744490123008964,-0.0242810099152848,0.27472469676286
"sub-155",3,0,0,0.36855,0,0,0,1,0.0030535369781622,-0.235360258155399,0.427524229938475,0.283257268927991
"sub-155",10,0,1,0.77443,0,0,0,1,-0.0745839175845807,0.337041140706451,-0.0713387065722297,-0.205584530625492
"sub-155",5,0,0,0.46368,0,0,0,1,-0.185880655578027,0.231954601075914,-0.896902784976798,-0.65053751335945
"sub-155",2,0,0,0.63637,0,0,0,1,-0.342631102694819,-0.158178095671314,-0.699502463840569,-0.109040957363322
"sub-155",9,0,0,0.75092,0,0,1,1,0.218499232937271,0.880412381142378,0.0468103262828663,0.589430313557386
"sub-155",10,0,1,0.45752,0,0,1,1,0.0842874266478854,0.110082084002594,-0.338951865832011,0.258853247109801
"sub-155",5,0,0,0.52996,0,0,1,1,-0.263911727117375,0.496674694133819,-0.565188623499125,-0.211748067941517
"sub-155",10,0,1,0.38583,0,0,1,1,-0.824409583340942,-0.423305302353886,-0.0663992044331583,-0.446570749161765
"sub-155",10,0,1,0.37485,0,0,1,1,-0.42449508443436,-0.550819847077407,0.0425403493378932,-0.1084262823686
"sub-155",1,0,0,0.34873,0,0,1,1,-0.264963372532899,-0.307832541237413,0.133933809508259,0.0959109148010611
"sub-155",10,0,1,0.3879,0,0,1,1,0.031046571287637,0.156967922217316,0.145179491005062,0.326272643730044
"sub-155",9,0,0,0.34385,0,0,1,1,0.269219846697524,0.206751703310551,0.259833691496169,0.240069810952991
"sub-155",3,0,0,0.65689,1,1,0,1,-0.0483639407514905,0.198055148745577,-0.0849117379014691,0.178231185115874
"sub-155",1,0,0,0.56499,1,1,0,1,-0.400359093839749,0.412531649504133,0.113445520109963,0.155534958373755
"sub-155",9,0,0,0.3895,1,1,0,1,0.00840512977447361,0.0899001438929527,0.369116241422792,0.22053253701888
"sub-155",3,0,0,0.34529,1,1,0,1,0.524394564485798,0.395746694808757,0.0572736903171365,0.285347279533744
"sub-155",2,0,0,0.31882,1,1,0,1,0.437843193494094,0.238330205552133,-0.333621749033531,-0.0696808425709605
"sub-155",4,0,0,0.44163,1,1,0,1,-0.19904316123575,-0.253322365866215,-0.0703335630241781,-0.98904806189239
"sub-155",3,0,0,0.38102,1,1,0,1,-0.443790533279146,-0.036917714315846,-0.172221348388121,-0.772335036075674
"sub-155",6,0,0,0.35328,1,1,0,1,-0.356793953018496,-0.655497939291376,-0.241139530281847,-0.501267706695944
"sub-155",3,0,0,0.36434,1,0,0,1,0.325021867368681,-0.174591170692885,0.187574888889988,-0.285656692972407
"sub-155",8,0,0,0.4885,1,0,0,1,0.32258071329367,-1.03368430270779,0.0978711748030037,0.0330907913972624
"sub-155",1,0,0,0.46066,1,0,0,1,0.319036844351407,-0.767202586280527,-0.118045623831373,0.0221259353100322
"sub-155",4,0,0,0.51684,1,0,0,1,0.530688590370119,0.200145788680486,-0.18934880416297,-0.218226412963122
"sub-155",3,0,0,0.49052,1,0,0,1,0.290976144249422,0.122511913482514,-0.215903802867009,-0.032706819428131
"sub-155",3,0,0,0.44637,1,0,0,1,-0.207323940975281,0.204062464099412,-0.728864888117338,-0.0325158398132771
"sub-155",3,0,0,0.36903,1,0,0,1,-0.44380433888485,0.604268655353398,-0.906932454595032,-0.0838715865276754
"sub-155",5,0,0,0.34135,1,0,0,1,-0.237408360272336,0.24598506996753,-0.711427560076118,-0.352431049058214
"sub-155",9,0,0,0.47253,1,1,1,1,0.437560996506363,-0.259180120425299,1.06064504330667,0.156696411059238
"sub-155",2,0,0,0.37991,1,1,1,1,0.348763565688084,-0.0150672776141652,0.673620492530366,-0.207913532713428
"sub-155",8,0,0,0.36925,1,1,1,1,0.0421145401584605,0.455474072808607,0.179088861254665,0.118830001470633
"sub-155",5,0,0,0.2252,1,1,1,1,-0.250588196979758,0.595553152953033,0.179914264202428,0.361287882528268
"sub-155",9,0,0,0.31417,1,1,1,1,-0.237134089882602,0.287337138011396,0.168455980262176,0.607425574585795
"sub-155",7,0,0,0.33772,1,1,1,1,-0.0886217509396374,0.540191534492705,0.0663472157514964,0.449579971982166
"sub-155",10,0,1,0.46062,1,1,1,1,-0.150653688086701,0.595883776399272,-0.0637111661490053,0.192151965713128
"sub-155",7,0,0,0.31637,1,1,1,1,-0.217739123307789,0.470587079654689,-0.0408253184820448,-0.331829970469698
"sub-155",6,0,0,0.54618,1,0,1,1,-0.471805444685742,-0.867365468983297,-0.729340126893173,-0.386289661377668
"sub-155",8,0,0,0.271,1,0,1,1,-0.0896401604404673,-0.573439109311612,0.138664429696898,-0.403834596974775
"sub-155",7,0,0,0.44321,1,0,1,1,0.394725996923322,-0.446772290410957,0.334101112016166,-0.0838569160550833
"sub-155",9,0,0,0.33235,1,0,1,1,-0.0760476083960384,-0.0524794207627161,0.0655151465907693,-0.754613315267488
"sub-155",9,0,0,0.25541,1,0,1,1,0.302524937549606,-0.200655107869318,-0.357856887277497,-0.626480205683038
"sub-155",8,0,0,0.37746,1,0,1,1,0.404492672765628,-0.516516884650897,-0.632968831108883,-0.311731016496196
"sub-155",9,0,0,0.41788,1,0,1,1,0.422063159756362,-0.29692333253937,-0.398419852873,-0.268848108500242
"sub-155",4,0,0,0.40717,1,0,1,1,0.446091222237252,0.503790071441068,0.229516479807595,-0.212800818367396
"sub-155",1,0,0,0.35599,1,1,0,1,0.11040238244459,0.238215934795638,-0.161561996287977,-0.137421838131195
"sub-155",8,0,0,0.36325,1,1,0,1,-0.375107437178182,0.024209261044032,-0.252918945547814,0.30937238773331
"sub-155",3,0,0,0.33589,1,1,0,1,-0.269797617608371,-0.165270767873153,-0.220147809324165,0.711411911435425
"sub-155",5,0,0,0.29174,1,1,0,1,-0.0183961483029028,-0.381648177235749,-0.389019651028017,0.0755130141973495
"sub-155",1,0,0,0.44771,1,1,0,1,-0.0458185342334521,-0.204403283867847,-0.465899370921155,-0.417177611705847
"sub-155",4,0,0,0.45332,1,1,0,1,-0.268673042533919,-0.0768230574688426,0.107617079513147,-0.231361564621329
"sub-155",2,0,0,0.39385,1,1,0,1,-0.254938973191505,-0.161688352443485,0.121573067774686,-0.747306773997843
"sub-155",3,0,0,0.28304,1,1,0,1,-0.14775225345511,0.232685177828427,0.121599344148611,-0.525619863718748
"sub-155",6,0,0,0.42891,0,0,0,1,-0.421587817254476,0.0373433204022823,0.0604032753035426,0.101476022601128
"sub-155",3,0,0,0.35265,0,0,0,1,0.330771334469318,0.672961627301885,-0.453879672257851,0.270011200709268
"sub-155",3,0,0,0.39159,0,0,0,1,0.353107966288614,0.236763422756835,0.03553722097422,0.293333282321692
"sub-155",2,0,0,0.86596,0,0,0,1,-0.0108733558930301,0.274292690955378,-0.271672341178297,0.831589501723647
"sub-155",4,0,0,0.47153,0,0,0,1,-0.54336255749998,0.144857853237126,-0.0751660697472592,-0.047987958136946
"sub-155",4,0,0,0.49407,0,0,0,1,-0.316191337847461,1.32948255676914,-0.198194362339564,-0.0881625352485571
"sub-155",1,0,0,0.36654,0,0,0,1,0.127974686104305,-0.271424379975845,-0.66802235050515,0.274251006450504
"sub-155",8,0,0,0.45579,0,0,0,1,0.250554224824252,-0.766805975818662,0.0922026792153095,0.17205375470221
"sub-155",2,0,0,0.35603,0,0,0,1,-0.387948563089594,-0.624225023306078,-0.14047393600049,-0.180986666772515
"sub-155",10,0,1,0.36189,0,0,0,1,0.0607187345934411,0.150935017193357,-0.119866305792433,0.184563311655074
"sub-155",9,0,0,0.30244,0,0,0,1,0.234776639670599,0.673611131824415,0.0861839943875869,0.160548496688716
"sub-155",6,0,0,0.74155,0,0,0,1,0.208550935426805,0.291068917968207,0.0185663232114166,-0.0972045104717836
"sub-155",7,0,0,0.43082,0,0,0,1,0.165468441749302,-0.5489399196856,-0.309537025090928,-0.163803088013083
"sub-155",8,0,0,0.40315,0,0,0,1,0.397860909581747,-0.155762510356942,-0.0107347098989218,-0.502349533885717
"sub-155",9,0,0,0.30926,0,0,0,1,-0.308831320512885,-0.155130451131198,0.212587475272206,-0.338065866939724
"sub-155",8,0,0,0.33209,0,0,0,1,-0.354741232392068,-0.531002459909629,-0.391547705046833,0.339100929163396
"sub-155",2,0,0,1.39813,1,1,0,2,0.162663670877616,0.164544308627093,-0.24989151271681,-0.307022582367063
"sub-155",2,0,0,0.35303,1,1,0,2,0.495797916160276,1.15938659246873,-0.103125213761814,0.691222630348057
"sub-155",9,0,0,0.34375,1,1,0,2,-0.141195766550178,0.0293766769248544,-0.64819531016595,0.186798884766176
"sub-155",2,0,0,0.3176,1,1,0,2,-0.579607159481384,-0.837695919961401,-0.431828185489091,0.440595772926463
"sub-155",1,0,0,0.0224899999999999,1,1,0,2,-0.338988166845714,-0.812511198774532,-0.183193318312988,-0.133618469629437
"sub-155",6,0,0,0.47942,1,1,0,2,-0.363060004194267,-0.262763222834716,-0.164039282981927,-0.349766486510634
"sub-155",2,0,0,0.28462,1,1,0,2,0.167364654014818,0.320509471154461,0.424614801149194,-0.00244745947420597
"sub-155",4,0,0,0.35731,1,1,0,2,-0.141927541350015,0.291961022721673,0.170955650566611,0.0649720330955461
"sub-155",9,0,0,0.46866,1,0,1,2,0.18373401199157,-0.126343691376624,0.0514982029077752,-0.574383638286963
"sub-155",9,0,0,0.39373,1,0,1,2,-0.523152618668973,-0.148709000881623,0.0297878474617998,-0.148908699024469
"sub-155",6,0,0,0.58322,1,0,1,2,-0.631681100023949,0.204147998726478,0.0751319531506548,0.494330840557814
"sub-155",7,0,0,0.37216,1,0,1,2,-0.235204175696708,-0.0615371349375454,0.11190609416614,0.444320046110079
"sub-155",10,0,1,0.41177,1,0,1,2,0.057294812965362,0.0743457292448039,0.289417628780939,0.496501502860338
"sub-155",7,0,0,0.53436,1,0,1,2,-0.0103111265731665,0.207960089496164,0.341828337404877,0.434873295202851
"sub-155",9,0,0,0.30667,1,0,1,2,0.298692952036314,0.757489716565168,-0.58687923840868,0.103278764849529
"sub-155",1,0,0,0.42947,1,0,1,2,-0.222052300310073,-0.234112004301062,-0.995953926195701,-0.355721503403038
"sub-155",4,0,0,0.62387,1,1,1,2,-0.27072664006846,-0.166098056085132,0.0419421118373672,0.638762988336384
"sub-155",10,0,1,0.38162,1,1,1,2,-0.20108734741613,-0.760810799310329,-0.264189797414777,-0.205056077614427
"sub-155",8,0,0,0.32099,1,1,1,2,0.623801175388508,0.257023869875681,0.206292408363273,-0.290138397365808
"sub-155",6,0,0,0.41005,1,1,1,2,0.746119477524189,0.90895467158407,0.489738878677599,0.00913058656733483
"sub-155",8,0,0,0.34924,1,1,1,2,0.00128006694527964,0.78258956731642,-0.106146941019688,-0.396649919619085
"sub-155",9,0,0,0.37227,1,1,1,2,-0.385230178634326,0.197240223211271,-0.0204070747519533,-0.81362273953855
"sub-155",8,0,0,0.61121,1,1,1,2,-0.127820613027628,0.172368939276095,-0.422408727851386,-0.122660502884537
"sub-155",9,0,0,0.38451,1,1,1,2,-0.221182495685449,-0.831103591041432,-0.484439257066697,0.022477332316339
"sub-155",1,0,0,0.63286,1,0,0,2,0.0507618918394049,-0.0209028777424936,-0.58478687312648,-0.192017588909948
"sub-155",3,0,0,0.28873,1,0,0,2,-0.614369008069237,-0.223517548189395,-0.418227241684993,-0.27733288500458
"sub-155",8,0,0,0.41258,1,0,0,2,-0.632000838173553,0.0429302467255857,-0.28270835770915,-0.57498549814336
"sub-155",3,0,0,0.46841,1,0,0,2,-0.452219668931017,-1.013559571933,-0.195587503025308,-0.312186744902283
"sub-155",4,0,0,0.37561,1,0,0,2,-0.538464832818136,-0.955448151255647,0.61960089004909,-0.150106554944068
"sub-155",6,0,0,0.46578,1,0,0,2,0.163041737105232,0.157502718338812,0.722223650855691,0.0114470552653074
"sub-155",4,0,0,0.57169,1,0,0,2,-0.0930687621973145,0.169791931890089,0.112316004330448,0.814543641731143
"sub-155",1,0,0,0.37775,1,0,0,2,0.0765396818751469,0.598189805116918,-0.281118476006668,0.417695328965783
"sub-155",5,0,0,0.54353,1,1,1,2,-0.0927811831546326,-0.095086796786981,0.114049261726905,0.100518774613738
"sub-155",7,0,0,0.5667,1,1,1,2,-0.333440983105296,0.264674008858425,-0.275063495986008,0.335994740878232
"sub-155",8,0,0,0.8733,1,1,1,2,-0.436551081467769,-0.887098546795271,-0.358322604704881,0.282566354749724
"sub-155",8,0,0,0.39548,1,1,1,2,-0.230491160647944,-1.14737098905499,-0.274568792742987,-0.065581669472158
"sub-155",9,0,0,0.55144,1,1,1,2,0.00876825619100904,-0.815619330629016,-0.174155571265146,-0.523639357765205
"sub-155",9,0,0,0.357,1,1,1,2,-0.149263277009595,-0.108384443240033,0.287366236986903,-0.3253948724363
"sub-155",8,0,0,0.46316,1,1,1,2,0.295781171696338,-0.154359679703635,0.429930361143003,-0.35996129848063
"sub-155",1,0,0,0.43548,1,1,1,2,0.522399765497539,0.484627707309469,-0.0265125366083036,0.0527376836369513
"sub-155",10,0,1,0.98127,0,0,0,2,0.154464414886509,-0.385991068832852,-0.453654378497352,-0.436262654047459
"sub-155",3,0,0,0.35436,0,0,0,2,0.159064704843331,-0.0478577628662741,-0.285526130426054,-0.376645230315626
"sub-155",3,0,0,0.32684,0,0,0,2,-0.205636781582143,1.36710099106724,-0.0567345407325774,0.268221669550985
"sub-155",2,0,0,0.483,0,0,0,2,-0.368977040595685,0.481082871970203,-0.22468525202324,0.461106783244759
"sub-155",1,0,0,0.42197,0,0,0,2,-0.128769521897387,0.445368454550151,-0.265047807324057,0.460765667632222
"sub-155",5,0,0,0.29429,0,0,0,2,-0.604522426981324,-0.483696590039741,0.131842521368526,0.52172973244451
"sub-155",4,0,0,0.25014,0,0,0,2,-0.342469133909617,-1.00459962255425,-0.347277051613977,0.126957801356912
"sub-155",4,0,0,0.32395,0,0,0,2,-0.3263553151628,-0.999029934544254,-0.0936060042586178,-0.210689016291872
"sub-155",1,0,0,0.41979,1,0,1,2,-0.064473847237726,-0.209215708663342,-0.0595303988860299,-0.398486793320626
"sub-155",7,0,0,0.2934,1,0,1,2,-0.359070169807334,-0.314624605079492,0.0282393883680925,0.13112329877913
"sub-155",8,0,0,0.35105,1,0,1,2,-0.162536331995701,-0.663181554698558,-0.410574793582782,0.038054633513093
"sub-155",6,0,0,0.44024,1,0,1,2,0.219172394621031,-0.0289271878837435,-0.510777294092501,0.163485729321837
"sub-155",7,0,0,0.0459,1,0,1,2,0.0929335596350332,-0.0339237428097813,-0.362991004328554,-0.165473925019614
"sub-155",7,0,0,0.0182199999999999,1,0,1,2,-0.386470924519623,-0.0597051148026906,0.459669550647959,0.0595349552109838
"sub-155",8,0,0,0.0241100000000001,1,0,1,2,-0.116312702652067,-0.515690929273626,0.715404536002704,-0.244407525844872
"sub-155",8,0,0,0.02997,1,0,1,2,-0.121141626373477,-0.0557838932749022,0.045236571226269,0.149358484428376
"sub-155",4,0,0,0.0291699999999999,1,0,0,2,0.315049808802238,0.413067448815262,-0.293590933433734,-0.391220351168886
"sub-155",3,0,0,0.05179,1,0,0,2,-0.0815586969256401,0.607600517984894,-0.385336991709967,0.255599519470707
"sub-155",1,0,0,0.0240800000000001,1,0,0,2,-0.565678276587278,-0.127441681162627,-0.167850528766091,0.464129195548594
"sub-155",3,0,0,0.0303599999999999,1,0,0,2,-0.150569180337091,0.0156047618947923,-0.0463181637072315,0.0941141083370894
"sub-155",1,0,0,0.01946,1,0,0,2,0.565101059968583,-0.0598857789817784,-0.0137845777887075,0.600617258995771
"sub-155",7,0,0,0.0254099999999999,1,0,0,2,0.376335834657463,-0.396187747035314,-0.00116549758240581,0.642551373457536
"sub-155",6,0,0,0.36492,1,0,0,2,-0.121865601695996,0.510928980307654,-0.271746001361559,0.506448571570218
"sub-155",1,0,0,0.3541,1,0,0,2,-0.318460161732219,-0.197273782618275,-0.566005427390337,-0.248500792082632
"sub-155",4,0,0,0.46768,0,0,0,2,0.531133823096752,-0.281668985745421,-0.28935183910653,-0.923610716126859
"sub-155",9,0,0,0.24216,0,0,0,2,0.0188356809861337,0.653315880753022,-0.326825359797416,-0.240052641555667
"sub-155",9,0,0,0.39865,0,0,0,2,-0.629552914295346,0.0843093042537846,-0.539437714964151,-0.10519236465916
"sub-155",8,0,0,0.38769,0,0,0,2,-0.241388169427713,-0.162882420527576,-0.380238272016868,-0.561730354372412
"sub-155",8,0,0,0.52695,0,0,0,2,-0.117294085944498,0.033019464738943,-0.24278228636831,-0.306259491853416
"sub-155",8,0,0,0.44979,0,0,0,2,-0.0647195804631338,0.120917739450104,-0.153626060074506,0.00441380389966071
"sub-155",8,0,0,0.45555,0,0,0,2,-0.148676485056058,-0.237377885366893,-0.199521998273364,0.137414391571656
"sub-155",6,0,0,0.56248,0,0,0,2,0.0833134433875481,0.228617187382446,-0.274290815626349,0.077693242605892
"sub-157",4,0,1,0.09206,1,0,0,1,-0.284439124496809,-0.343207271562682,-0.258196163767328,-0.299567647464573
"sub-157",4,0,1,0.39919,1,0,0,1,-0.225730706239119,-0.629848919050009,-0.528346376098246,-0.209492435818538
"sub-157",5,0,1,0.40539,1,0,0,1,-0.340766030717835,-0.542482506828728,-0.322592244284654,-0.397547664586455
"sub-157",3,0,1,1.19519,1,0,0,1,-0.331034911837681,-0.490423647617852,-0.392800771708911,-0.13078416287899
"sub-157",1,1,0,NA,0,0,0,1,-0.153896836796775,-0.105905452536212,-0.180468414633651,-0.368145250249654
"sub-157",1,0,0,0.10713,1,0,0,1,-0.112755017044644,-0.0411519612944512,0.31791166930149,-0.203123562037945
"sub-157",9,0,1,0.43009,1,0,0,1,0.202293199293005,-0.603365247724233,0.565843490689682,0.481461385451257
"sub-157",3,0,1,0.90288,1,0,0,1,0.125512325360129,-0.0514703753783747,0.0452116500431051,0.873788557900116
"sub-157",5,0,1,1.28331,1,1,1,1,0.387823063647375,-0.256212960622549,0.315009691480858,0.442565009742975
"sub-157",7,0,1,0.3908,1,1,1,1,0.380819622776471,-0.267570890669487,0.393055702734273,0.740066026896238
"sub-157",10,0,1,0.41599,1,1,1,1,0.626850767720801,-0.236367981251398,0.390255985936771,0.270953332260251
"sub-157",9,0,1,0.32167,1,1,1,1,0.570247451988204,-0.637725430575234,0.0320783387578558,0.90152156422846
"sub-157",3,0,1,0.86156,1,1,1,1,-0.31804715609178,-0.378312263034146,-0.510279552118542,-0.628934445115738
"sub-157",9,0,1,0.40095,1,1,1,1,-0.85558295189791,0.276371435020809,0.321417544056506,-0.855709637748078
"sub-157",8,0,1,0.0251300000000001,1,1,1,1,-0.554326917898531,0.510291510158115,0.485707724175882,0.588183659687638
"sub-157",8,0,1,0.39842,1,1,1,1,-0.494716242576639,0.742193997182228,0.387230794585776,0.873948987200856
"sub-157",3,0,1,0.54735,0,0,0,1,-0.125701319988972,-0.932707238666437,-0.622274556415505,-0.171501498436555
"sub-157",1,0,0,0.53826,0,0,0,1,-0.421788049745373,-0.305098268410398,-0.168771903961897,-0.173875209316611
"sub-157",6,0,1,0.82746,0,0,0,1,0.426701105354975,-0.515912700478953,0.439336926220373,0.242340329522267
"sub-157",3,0,1,0.4999,0,0,0,1,0.445545065488356,-0.15145682019216,0.423455835785717,-0.11044788043946
"sub-157",9,0,1,0.3401,0,0,0,1,0.371334649932881,0.280714027583599,-0.456797877132582,-0.78539593750611
"sub-157",1,0,0,0.41255,0,0,0,1,0.0542074789991602,0.0194666976436835,-0.376062083678941,-0.15947560465429
"sub-157",1,0,1,1.20264,0,0,0,1,-0.22637692130714,-0.611919048949386,-0.327419557414639,0.731243104115128
"sub-157",2,0,1,0.34099,0,0,0,1,0.155481414558987,-0.40477386917229,-0.193439903086983,0.0998576602898538
"sub-157",4,0,1,0.65432,1,0,0,1,1.05301988699163,-0.493713768061113,-0.0171620882271479,-0.643408896343317
"sub-157",4,0,1,0.40985,1,0,0,1,0.304445664243152,-0.00286372433657999,0.111178734184553,0.0138024184852839
"sub-157",1,0,0,0.40032,1,0,0,1,-0.844506073898325,0.044309236937099,-0.601949372765375,-0.743213042989373
"sub-157",8,0,1,0.43107,1,0,0,1,-0.322342559229583,-0.237623158428404,0.428140885429457,0.169125305744819
"sub-157",6,0,1,0.33715,1,0,0,1,0.222153505436533,0.0185969557475161,0.775568189099431,0.579308399863658
"sub-157",3,0,1,0.44322,1,0,0,1,0.141058154171333,0.0389153119176626,0.2557940678671,-0.0116153894574381
"sub-157",2,0,0,1.74996,1,0,0,1,0.181636917657064,0.304984088935372,0.0514019847614691,-0.0833346524741501
"sub-157",2,0,0,0.32228,1,0,0,1,0.32616260725384,0.62334407693534,0.219434205365057,0.0455125844106078
"sub-157",9,0,1,0.35046,0,0,1,1,-0.474574958827967,-1.19973177931927,-0.53572636245129,0.465783495118376
"sub-157",7,0,1,0.33999,0,0,1,1,-0.828096129756887,-0.582082562700466,0.150251710069521,1.47642824612558
"sub-157",3,0,1,0.29683,0,0,1,1,0.193322923500091,0.486987243268501,0.474502131886159,0.630478565048543
"sub-157",9,0,1,0.35364,0,0,1,1,-0.190715133455039,0.285231924477827,0.0199536237244805,-0.581105460436083
"sub-157",5,0,1,0.34272,0,0,1,1,-0.559028566426908,-0.646894338644213,-0.459871570933804,-0.247021706565283
"sub-157",8,0,1,0.38208,0,0,1,1,0.347674261157711,-0.246587143590053,0.26569644206514,0.138563176803291
"sub-157",10,0,1,0.13792,0,0,1,1,1.14191082100539,0.625871333487642,0.49193949229084,-0.573744774074294
"sub-157",9,0,1,0.29382,0,0,1,1,0.710516693642906,-0.790742668909607,-0.221517301630229,0.1540309367585
"sub-157",8,0,1,0.49194,1,0,1,1,-0.628938803914934,0.521547028437015,0.782611657554905,-0.105406087636948
"sub-157",10,0,1,0.29793,1,0,1,1,-0.215221388808762,0.41231571944189,0.582673533159929,-0.143705473840237
"sub-157",5,0,1,0.35612,1,0,1,1,0.269722057040781,-0.837783926752982,-1.03912180204255,-0.407967826165259
"sub-157",9,0,1,0.39535,1,0,1,1,0.181142659993687,-0.852936325094628,-0.73883668059716,-0.117454602755606
"sub-157",10,0,1,0.3177,1,0,1,1,-0.278433948561239,0.0404628035612404,0.287134747488987,-0.0830684724263847
"sub-157",7,0,1,0.35713,1,0,1,1,-0.0269209476731097,0.0703580998298195,0.243204758968204,0.597835980076343
"sub-157",2,0,0,0.59681,1,0,1,1,0.11561561600926,0.36994678730628,0.452070751227438,0.570888041798025
"sub-157",7,0,1,0.33563,1,0,1,1,-0.255805794164189,0.502032641735342,0.772520316764712,0.83463346818462
"sub-157",3,0,0,0.7659,1,1,0,1,-0.123649303646137,-0.694698502827022,-1.22210118876925,-1.16900646849535
"sub-157",4,0,1,0.02257,1,1,0,1,0.234631360469696,-0.634824175939516,-0.337864331280192,-0.459389317594469
"sub-157",4,0,1,0.26267,1,1,0,1,0.0569489800836891,0.304969005217707,0.218842446842852,-0.283030810020864
"sub-157",4,0,1,0.31853,1,1,0,1,-0.416223888285458,0.335351545777586,0.312314063291221,0.277768574620131
"sub-157",2,0,0,0.45779,1,1,0,1,0.260214678567233,-0.0137175461967234,0.398822266608477,0.757903209235519
"sub-157",6,0,1,0.38038,1,1,0,1,0.745734131895006,0.546631657139019,0.0520665751149257,-0.192079345649108
"sub-157",7,0,1,0.26987,1,1,0,1,0.681894710675503,-0.0445108736554782,-0.179580430306184,0.835282968031242
"sub-157",2,0,0,0.29213,1,1,0,1,-0.273335743501472,-0.0442545525902123,-0.112401526266088,0.445029469172005
"sub-157",10,0,1,0.57154,1,1,1,1,-0.186583815452953,-1.02632868289948,-0.130717608573226,-0.915642000851221
"sub-157",7,0,1,0.25546,1,1,1,1,-0.359941291380286,-0.13727722675712,0.220578428008594,0.66637589642778
"sub-157",2,0,1,0.24457,1,1,1,1,0.226282961588974,0.226421175317632,0.13170174928382,0.405008417740464
"sub-157",6,0,1,0.43365,1,1,1,1,0.0174185007927008,0.529591341537458,0.466857601267596,0.370722693856806
"sub-157",10,0,1,0.02298,1,1,1,1,0.330229989175374,0.159363603917882,0.153798496273036,0.561362586240284
"sub-157",7,0,1,0.0286599999999999,1,1,1,1,-0.142621849120284,0.126282767772123,-0.13706642567801,0.483658556779847
"sub-157",8,0,1,0.01817,1,1,1,1,-0.451585276518017,-0.0304199019102035,0.184621533495374,0.299609030690044
"sub-157",10,0,1,0.0239799999999999,1,1,1,1,0.116668546805158,0.118399089892153,-0.194468192756176,-0.143213601689786
"sub-157",8,0,1,0.0202100000000001,1,0,0,1,-0.0461024922939638,-0.707335357726724,0.139063835221653,0.121398008521646
"sub-157",5,0,1,0.26103,1,0,0,1,-0.314997701051955,-0.147709151247033,0.0337793603539467,0.619545476511121
"sub-157",8,0,1,0.35029,1,0,0,1,-0.0815716280291478,-0.200225829120932,0.0270338488432268,0.684150690957904
"sub-157",10,0,1,0.35633,1,0,0,1,0.179649651690852,-0.405580565885261,-0.0846002975013107,0.622386262565851
"sub-157",8,0,1,0.3786,1,0,0,1,-0.352426524739712,0.306935542470051,-0.500692351837642,0.0817062763031572
"sub-157",9,0,1,0.40165,1,0,0,1,-1.23320067456613,-0.0696233977624043,-0.151692934179058,-0.0511871406575665
"sub-157",8,0,1,0.20736,1,0,0,1,-0.296811973753696,-0.62601981141294,0.446624569012783,0.0255037533119321
"sub-157",1,0,0,0.59681,1,0,0,1,0.637865060280698,-0.33859040055217,-0.208859288560537,-0.718035068991594
"sub-157",4,0,1,0.0325899999999999,0,0,0,2,0.176317901505778,-0.141030779850014,-0.204802693469295,-0.577457424718887
"sub-157",2,0,1,0.0223100000000001,0,0,0,2,-0.871741122954215,-0.248929856276071,-0.44529575520816,-0.507513435930014
"sub-157",3,0,0,0.66372,0,0,0,2,-0.715033072745427,-0.00590741937911069,-0.421375794360453,0.825957334693521
"sub-157",1,0,0,0.16912,0,0,0,2,0.173638259603952,0.340892380758844,0.73595408971111,0.125047278986312
"sub-157",5,0,1,0.30803,0,0,0,2,1.01414421464627,0.647646081599372,0.870274314113582,0.141537131369114
"sub-157",10,0,1,0.03067,0,0,0,2,0.218413662463718,0.963033362119286,0.422516036313027,-0.199964598473161
"sub-157",2,0,1,0.01976,0,0,0,2,-0.946623897005338,-0.606063614668394,-0.135544018315462,-0.750534166628495
"sub-157",4,0,1,0.42612,0,0,0,2,-0.858386425626425,-0.511885036679882,-0.512964524483929,-0.0325717998319306
"sub-157",3,0,0,0.5073,1,1,1,2,-0.386484878642174,-0.730110823487242,-0.515486389709016,-1.20151080973446
"sub-157",9,0,1,0.02982,1,1,1,2,-1.24263575533405,-1.13021206010685,-0.369722306456727,-0.239468167722225
"sub-157",10,0,1,0.02094,1,1,1,2,-0.777745225272762,-0.383367332720405,0.292815651201333,0.284384773299098
"sub-157",10,0,1,0.02694,1,1,1,2,-0.649050328919354,0.248349149883897,0.511292199759434,0.821936238510534
"sub-157",9,0,1,0.29994,1,1,1,2,0.278936000308022,0.382015691121557,-0.274616427486762,0.458051883755252
"sub-157",8,0,1,0.15703,1,1,1,2,0.422908933988462,0.0775119981694001,-0.194218802188213,0.255914484057575
"sub-157",7,0,1,0.02982,1,1,1,2,0.783840068460753,-0.369980344203887,0.459452338865958,0.217156365141273
"sub-157",6,0,1,0.46999,1,1,1,2,0.56312296258208,-0.255494619512724,0.419220721737171,1.05346340555698
"sub-157",5,0,0,1.60371,1,0,0,2,0.250936900808786,0.23884219745243,0.193767670231561,0.359613786498085
"sub-157",4,0,1,0.22461,1,0,0,2,0.112654168959125,0.450895164437868,0.00680249153325955,-1.69741158527322
"sub-157",2,0,0,0.19858,1,0,0,2,-0.299635136810442,-0.252873208080591,-0.490339158723752,-0.381856746831909
"sub-157",1,0,0,0.07108,1,0,0,2,-0.175579500384629,-0.450647112137328,-0.683927683043294,-0.960620148479938
"sub-157",3,0,1,0.34381,1,0,0,2,-0.518226126752173,-0.196836289070133,-0.262480261127469,-0.532248479221016
"sub-157",4,0,1,0.0169699999999999,1,0,0,2,-0.855388769375471,-0.1594191775571,0.176384352923681,-1.16965584685095
"sub-157",2,0,0,0.40769,1,0,0,2,0.00775298212344448,0.10699900964068,-0.576423768776294,-1.125264996849
"sub-157",9,0,1,0.39813,1,0,0,2,0.119152793505539,0.266696166635181,-0.711336513476757,-0.16081388698658
"sub-157",9,0,1,0.0293300000000001,0,0,1,2,-0.217271650908515,0.18899603476058,-0.285641744480624,-0.337222502473742
"sub-157",4,0,1,0.3367,0,0,1,2,-0.684023809774468,-0.302493429294339,-1.0017343047075,0.0447210593149066
"sub-157",10,0,1,0.0253699999999999,0,0,1,2,-0.337932623728799,-0.229257062215496,-0.197785667454203,1.18292755372822
"sub-157",6,0,1,0.38206,0,0,1,2,0.137049831154097,0.276763612861504,0.541272961583066,-0.0509002044796944
"sub-157",9,0,1,0.35464,0,0,1,2,-0.284070256554211,-0.252118530924673,0.155113158825164,-1.01883979447593
"sub-157",7,0,1,0.02623,0,0,1,2,-0.0192692269920371,-0.375348398289471,-0.220170196921875,-0.324635999277234
"sub-157",8,0,1,0.03291,0,0,1,2,-0.111814434484889,0.0735480925068259,0.269516293696749,1.04788187546656
"sub-157",10,0,1,0.05654,0,0,1,2,0.119731935284411,-0.0680015708009402,0.740537703648442,-0.148385889362544
"sub-157",5,0,1,0.0186,0,0,0,2,-0.0402346041131144,-0.24370372067723,0.0672575481391201,0.600237780250609
"sub-157",3,0,0,0.49176,0,0,0,2,-0.15786193247186,0.0769113164946989,0.381984091635483,0.451815833430737
"sub-157",2,0,0,0.29751,0,0,0,2,-0.311814330945102,-0.145390308738031,-0.33326144865714,0.184868124034256
"sub-157",2,0,0,0.0709599999999999,0,0,0,2,-0.129294127652732,-0.366080377061196,-1.28139176027616,0.000726014375686646
"sub-157",1,0,0,0.0264599999999999,0,0,0,2,-0.275304162758403,-0.484790610779008,-0.968242712629338,-0.951467549335211
"sub-157",8,0,1,0.0993200000000001,0,0,0,2,0.0242391107603908,-0.526364771166333,-0.150429651568023,-0.416586990840733
"sub-157",4,0,0,0.4055,0,0,0,2,-0.229699312927551,0.064781136470157,0.0790303049919506,0.779685473471181
"sub-157",1,0,0,0.0273699999999999,0,0,0,2,0.043037312226564,-0.0353811840112838,-0.130359537511443,-0.0735323591565248
"sub-157",9,0,1,0.60926,0,0,1,2,-0.593698256532662,0.326558860363784,-0.129088577992661,-0.623788082785904
"sub-157",10,0,1,0.0318499999999999,0,0,1,2,-0.959666781748335,0.0569929459856616,0.213749279112866,0.896215014159679
"sub-157",7,0,1,0.27239,0,0,1,2,-0.911464377616843,-0.535801440477371,0.571514031927412,1.59530164021999
"sub-157",5,0,1,0.02827,0,0,1,2,-0.397125040864921,0.218077605081446,0.663905487007772,1.19485215749592
"sub-157",10,0,1,0.0678300000000001,0,0,1,2,0.420894848415628,0.344350527368348,-0.307828701916151,-0.456510440213606
"sub-157",8,0,1,0.50757,0,0,1,2,0.849811289149026,-0.0790171260359111,-0.242685659516913,-0.800677333772182
"sub-157",8,0,1,0.41329,0,0,1,2,0.420170809042853,-0.324444752962639,0.0432150615961291,-0.489667187677696
"sub-157",4,0,1,0.41951,0,0,1,2,-0.152463238181857,-0.073912581152938,-0.326331819407642,-0.562905248161405
"sub-157",3,0,0,1.44781,1,1,0,2,-0.0994922862688933,0.196806821178783,-0.413549199254097,-0.889690139827144
"sub-157",1,0,0,0.33589,1,1,0,2,-0.0162188078975305,0.0991892917922491,0.440732391085476,-0.288415298936889
"sub-157",4,0,1,0.59329,1,1,0,2,-0.253960834699683,0.174180260824936,0.944730351368586,-0.068033539224416
"sub-157",3,0,0,0.31658,1,1,0,2,0.0809543364836524,0.298067238354297,1.05816354315418,0.264307300932705
"sub-157",7,0,1,0.4394,1,1,0,2,-0.642212495076819,-0.124287992646849,-0.0136193779762834,0.689994873758405
"sub-157",6,0,1,0.24618,1,1,0,2,-0.841284604122241,-0.862862852505512,-0.317919644915188,0.142862576805055
"sub-157",4,0,1,0.61917,1,1,0,2,-0.677005097968504,-0.429538618773222,-0.440973755903542,-0.959742557629943
"sub-157",1,0,0,0.27466,1,1,0,2,-0.329997212936481,0.449464833329397,-0.028961269184947,-0.867122480273247
"sub-157",6,0,1,0.50961,1,0,1,2,0.0817999646921332,0.18871682640855,-0.466192402644083,-0.096599198016338
"sub-157",7,0,1,0.46498,1,0,1,2,-0.106070664459063,0.357128475033851,-0.0813121139459933,0.0210976816480979
"sub-157",10,0,1,0.38877,1,0,1,2,-0.40383178180006,0.42780318752759,-0.0126720446472367,0.692051992146298
"sub-157",4,0,1,0.61128,1,0,1,2,-0.344093387830071,-0.125913769657793,0.141605347375541,0.658851018548012
"sub-157",10,0,1,0.41842,1,0,1,2,0.432919351568368,-0.421920426741794,-0.170388313941658,0.713535137660801
"sub-157",10,0,1,0.3077,1,0,1,2,0.35936509228001,0.0240105357435015,0.359823461001118,0.00497712013311684
"sub-157",10,0,1,0.0464599999999999,1,0,1,2,0.555695713187257,-0.338349309646421,0.397684668503643,0.0858166184276342
"sub-157",8,0,1,0.01901,1,0,1,2,0.119282448043426,-0.548082813594697,-0.0580821175050611,-0.164139381982386
"sub-157",4,0,1,0.36551,1,1,0,2,-0.653387243316198,-0.146138275456097,-0.293232963420451,-1.15607771445066
"sub-157",3,0,0,0.52292,1,1,0,2,-0.701345851004589,-0.216714408455624,0.112845776447405,-0.0740518631413579
"sub-157",2,0,1,1.01227,1,1,0,2,0.732399283287426,0.578474245620547,0.414256295169859,0.139090967923403
"sub-157",2,0,0,0.38461,1,1,0,2,0.352564700180665,0.358712482507582,0.431529358650247,-0.285360756493174
"sub-157",8,0,1,0.32358,1,1,0,2,0.25452367439478,-0.43277197662327,0.143539974776407,-0.0519813805818558
"sub-157",5,0,1,0.42971,1,1,0,2,0.658021132927388,-0.380543453135976,-0.722523652288752,-0.174626859277487
"sub-157",4,1,0,NA,0,0,0,2,0.00382803309184965,-0.118936818662203,-0.282148272439372,-1.26597696747631
"sub-157",2,0,0,0.4259,1,1,0,2,-1.18235185230151,0.345701834635326,0.164976710220799,-1.60702888816595
"sub-158",2,1,0,NA,0,0,0,1,0.42231607134454,0.289559358972366,0.043668635810415,-0.347280974965543
"sub-158",3,0,0,0.68706,1,0,0,1,0.0353312427178025,-0.221816100628564,-0.433832395055409,0.0170751788886264
"sub-158",2,0,0,1.01135,1,0,0,1,-0.387034162277511,-0.476780708637778,-0.14066467108205,0.506755489902571
"sub-158",3,0,0,1.31754,1,0,0,1,-0.0506030404940248,-0.0827728910285428,0.462007453558423,0.529634461179376
"sub-158",4,0,0,0.7562,1,0,0,1,0.43067067770365,0.634935555634675,0.743664361458893,0.220799339748919
"sub-158",7,0,0,1.26243,1,0,0,1,0.362255631329996,0.1073587357446,0.427843570067732,-0.152628632064443
"sub-158",5,0,0,1.20214,1,0,0,1,-0.14577306578091,-0.618317942307503,0.214535304422801,-0.247810368798673
"sub-158",2,0,0,0.74491,1,0,0,1,-0.227397129793341,-0.618381596860234,0.43884895091954,0.214379238151014
"sub-158",9,0,1,0.15691,1,0,1,1,0.327329931082204,-0.304503498047038,-0.213799173478037,-0.929803432151675
"sub-158",7,0,0,1.68171,1,0,1,1,0.385344105695064,0.0176213426791407,-0.0170033728548636,-0.798222723579965
"sub-158",10,0,1,0.43655,1,0,1,1,0.108443141526853,0.710091806258316,-0.146728412422817,0.235047235898674
"sub-158",8,0,1,0.60914,1,0,1,1,0.308493135031313,0.442316831744931,-0.00146031811406525,0.206384286447428
"sub-158",10,0,1,0.39934,1,0,1,1,0.505692469644904,-0.116378487799213,0.193481446437848,0.425417864718474
"sub-158",6,0,0,0.25515,1,0,1,1,0.399016024459949,0.421464307250938,-0.182343487196097,0.316654134588316
"sub-158",4,0,0,0.94494,1,0,1,1,0.113983900713113,0.232352016459185,-0.122277532044488,0.133927051885985
"sub-158",8,0,1,0.41712,1,0,1,1,0.47196107719598,0.0780953731801775,0.261862019232164,0.228103637043387
"sub-158",1,0,0,0.68142,0,0,0,1,0.0308730838199457,0.672572645738169,0.262280069815461,0.268060688348487
"sub-158",4,0,0,0.45341,0,0,0,1,-0.105177220228749,-0.0509996706688846,-0.197553827262406,-0.442859002877958
"sub-158",1,0,0,0.161,0,0,0,1,-0.787658632189656,-0.699226259322906,-0.502840809524059,-0.693223301880062
"sub-158",5,0,0,0.0182100000000001,0,0,0,1,-1.08750972462197,-0.464293972037181,-0.275158957651001,0.438690091855824
"sub-158",2,0,0,0.02224,0,0,0,1,-0.329479446576443,-0.33907390468866,0.0653992756075847,0.876134895291398
"sub-158",9,0,1,0.17891,0,0,0,1,0.0238991734028483,-0.520150716244071,0.125133637604449,-0.675139321014285
"sub-158",1,0,0,0.0179400000000001,0,0,0,1,0.176022322460388,-0.648783706387298,-0.20685577148106,-0.432551047299057
"sub-158",1,0,0,0.0246299999999999,0,0,0,1,0.35275628673844,-0.235849518259918,-0.103742315084673,-0.354601303132949
"sub-158",1,0,0,0.92061,1,0,0,1,0.260706996622806,-0.580638546324163,-0.338035377208143,-0.993196778092533
"sub-158",2,0,0,0.2924,1,0,0,1,-0.0875461136456579,0.389967124909163,-0.353069658856839,-1.49644201435149
"sub-158",5,0,0,0.86616,1,0,0,1,0.21071650654388,1.46601947252121,0.219119689116875,-0.530326276272535
"sub-158",4,0,0,1.35599,1,0,0,1,0.106340087872619,1.2972298770867,0.00145126250572503,1.1725619405508
"sub-158",3,0,0,1.0781,1,0,0,1,0.107458792549248,-0.0686338240091034,0.140938414454771,0.723740022908896
"sub-158",8,0,1,0.38496,1,0,0,1,-0.00124471227172762,-0.360678849638336,0.41215775902189,0.329833560530096
"sub-158",4,0,0,0.50697,1,0,0,1,0.383062810093785,-0.257040400558186,0.260171535735329,1.01880595125258
"sub-158",4,0,0,1.28041,1,0,0,1,0.612058410333702,0.196607127992643,-0.235404587981369,0.246695956867188
"sub-158",7,0,1,0.77807,1,1,1,1,0.265069829076917,-0.373339418459822,0.150489941394577,1.20477139009163
"sub-158",10,0,1,0.10152,1,1,1,1,0.164145102278174,-0.800348470582523,0.925736691104248,0.321535521000624
"sub-158",8,0,0,0.49103,1,1,1,1,0.0895929360655525,0.294719237696241,0.294071190912897,-0.798484029248357
"sub-158",7,0,0,1.46456,1,1,1,1,0.416571708551298,0.0913555944140104,-0.187560815131292,-1.10036851912737
"sub-158",5,0,0,0.33618,1,1,1,1,0.580933837181268,0.357057003856257,0.216195137550433,-0.960994462296367
"sub-158",10,0,1,0.02474,1,1,1,1,0.389185718415926,0.454468929519256,0.535705711091092,-0.237823431473225
"sub-158",2,0,0,0.68153,1,1,1,1,0.219745761947706,0.66656086690448,-0.129562421546628,0.20440149884671
"sub-158",7,0,1,0.771,1,1,1,1,-0.0646958681087805,0.255634859204292,-0.517826794336239,-0.61140999654308
"sub-158",2,0,0,0.25383,1,1,0,1,-0.75747240986675,-1.16485518375757,0.224095671825732,0.411835786513984
"sub-158",2,0,0,0.56029,1,1,0,1,0.49492583827426,0.677671457776645,0.920397409005091,0.216938685299829
"sub-158",1,0,0,0.0995600000000001,1,1,0,1,0.394317423303922,1.11081141461963,0.471595556320002,-0.370042739389464
"sub-158",4,0,0,0.0724,1,1,0,1,-0.673095341286777,0.804639686381927,-0.308972706455582,0.302812475303654
"sub-158",6,0,0,0.54511,1,1,0,1,-0.924486124515776,-0.771185454050148,0.186852085229475,0.636424090014771
"sub-158",2,0,0,0.65126,1,1,0,1,-0.0263516363047529,-0.536203144256164,0.72760360611331,-0.483773506060243
"sub-158",9,0,1,0.8566,1,1,0,1,0.96403401119945,0.0995224851218087,0.0859591037345429,-0.771816424358985
"sub-158",2,0,0,0.39635,1,1,0,1,1.248947530364,-0.00727418604893265,-0.579147207783535,-0.121118534449488
"sub-158",10,0,1,0.4593,1,0,1,1,-0.0386408461102595,-0.137630931054311,0.275876108760713,0.211756869941019
"sub-158",8,0,0,0.74964,1,0,1,1,-0.415701798240965,-0.570653055691057,-0.0825976862494523,-0.209817416174337
"sub-158",8,0,1,0.17289,1,0,1,1,-0.409530133785059,0.0153299111321017,0.449914202132883,-0.0143115560524166
"sub-158",7,0,0,0.44658,1,0,1,1,-0.308165304285164,-1.72137180329473,-0.254758897780751,0.438643613341264
"sub-158",2,0,0,0.73606,1,0,1,1,0.680768776529779,-0.824823966387797,0.414118981221691,0.457655225135386
"sub-158",7,0,1,0.82645,1,0,1,1,0.863544656972711,0.536540285373727,0.142213526337097,-0.297861671168357
"sub-158",10,0,1,0.74897,1,0,1,1,0.378335626873498,0.648526871964956,-0.546711325878277,-0.203874450083822
"sub-158",5,0,0,0.52132,1,0,1,1,0.427074775720636,0.969209881188969,-0.415274471122151,-0.019971744454233
"sub-158",1,0,0,0.86977,1,1,1,1,-0.156669851373105,-0.581283388245437,-0.334621985771567,-0.549152283958392
"sub-158",5,0,0,0.0762799999999999,1,1,1,1,-0.386573697905988,-0.55935101240606,0.154022556838754,0.296433966455515
"sub-158",8,0,1,0.48268,1,1,1,1,-0.352036821267878,0.455336621910748,0.552628771392847,-0.0846255810116418
"sub-158",9,0,1,0.88883,1,1,1,1,-0.0832374587577457,0.61000263746138,0.17157882603351,0.509239568794146
"sub-158",10,0,1,0.34418,1,1,1,1,-0.561534892340812,-0.446904426923505,-0.0641543427870298,0.140173499751836
"sub-158",8,0,1,0.64297,1,1,1,1,-0.172172283055261,-0.526446530526435,-0.548397637088783,-0.618784224707633
"sub-158",9,0,1,0.38054,1,1,1,1,0.555211107576421,-0.583219741143424,-0.28473752453768,-1.13375160237774
"sub-158",8,0,1,0.92076,1,1,1,1,0.663303679631402,0.293710735109117,-0.020942046539858,-0.478807592298836
"sub-158",9,0,1,0.51489,0,0,0,1,0.0642354699860637,0.247208700653304,0.743183378692872,0.370092146284878
"sub-158",3,0,0,1.12329,0,0,0,1,0.403922542852039,0.0710297510441807,0.584732274059206,0.101569879520684
"sub-158",8,0,1,0.5954,0,0,0,1,0.224358138240253,0.216129487173425,-0.352686255191353,-0.745245607569814
"sub-158",7,0,0,0.55243,0,0,0,1,0.087143165175803,-0.492134979408648,-0.721374773575614,-0.534825907507911
"sub-158",9,0,1,0.0240899999999999,0,0,0,1,-0.390705503989011,-0.252982233262931,-0.044066866238912,-0.943874976970255
"sub-158",5,0,0,0.03023,0,0,0,1,-0.0407701551836605,-0.429382698869126,1.07178582018241,0.0814543488435447
"sub-158",9,0,1,0.87061,0,0,0,1,0.222868104853357,-0.264905918872467,0.698714055586606,0.363088618637994
"sub-158",8,0,0,0.87617,0,0,0,1,0.308718765059893,0.451619211722303,0.0723884302812318,0.49488822062267
"sub-158",6,0,0,0.21715,1,1,1,2,0.140689063118771,0.695781696863748,0.189531606932481,-0.842261528037488
"sub-158",4,0,0,0.05731,1,1,1,2,0.363363174838014,-0.0140117070965331,-0.453718874273666,-0.0469337811693549
"sub-158",8,0,1,0.665,1,1,1,2,0.701666738217076,-0.285105178512081,-0.33463815273717,-0.398881772451568
"sub-158",8,0,1,0.01993,1,1,1,2,0.537894579426696,-0.299277817364782,-0.102595407515764,-0.783044642023742
"sub-158",9,0,1,0.02603,1,1,1,2,-0.0363510894433906,-0.127207435339827,0.203235373340552,-0.830344856251031
"sub-158",8,0,1,0.59939,1,1,1,2,0.287732608926793,0.188680574884293,0.166252395603806,-0.65909351403825
"sub-158",8,0,1,0.77213,1,1,1,2,0.511998796913152,-0.605383221853386,0.049445277457077,-0.938480300549418
"sub-158",7,0,1,0.61129,1,1,1,2,-0.103189051539327,-0.592078386448082,0.776645284243083,-0.402531475340948
"sub-158",10,0,1,0.1271,0,0,1,2,0.0962381692855464,-0.0560210370976064,-0.597150784684345,1.15448941465002
"sub-158",10,0,1,0.53524,0,0,1,2,-0.0299211233311022,0.10454164126336,-0.156027643708512,0.55042397659272
"sub-158",5,0,0,0.12408,0,0,1,2,-0.0858276284222181,-0.165890856301067,0.244208067888394,0.821231374912895
"sub-158",10,0,1,0.51391,0,0,1,2,-0.0836523623050501,0.552641427213395,0.387516345176361,1.04092866256833
"sub-158",9,0,1,0.53652,0,0,1,2,-0.33184592469479,0.499303820611978,0.181021410331596,0.657308012805879
"sub-158",9,0,1,0.56627,0,0,1,2,-0.178555294308656,-0.0352946123349722,-0.0139407980022952,-0.183211840316653
"sub-158",1,0,0,0.34362,0,0,1,2,0.010137368432576,0.149210064499466,-0.348559133242816,-1.19081634245813
"sub-158",9,0,1,1.28375,0,0,1,2,0.708694048148269,-0.45048529561609,-0.000266789529026331,-0.996818528883159
"sub-158",9,0,1,0.29452,1,1,0,2,0.247440207827215,0.432593443672414,-0.320212941597371,-1.65239777956158
"sub-158",2,0,0,0.1337,1,1,0,2,0.124159473382557,0.495782514654652,-0.0870106134098023,-0.20226301336661
"sub-158",1,0,0,0.4577,1,1,0,2,-0.121690416019798,-0.364438958983454,-0.674868829674475,0.378443847410381
"sub-158",1,0,0,0.24708,1,1,0,2,-0.608743702080877,-1.12555779199357,-0.685539697180502,0.472747838124633
"sub-158",3,0,0,0.0188999999999999,1,1,0,2,-1.07875496490548,-0.477103662159708,-0.787440318973192,-0.769845429807901
"sub-158",6,0,0,0.32541,1,1,0,2,0.0982457231342172,-0.202721198192901,-0.086118584848009,-0.831840620189905
"sub-158",2,0,0,0.53179,1,1,0,2,0.0953886609058827,-0.114543425126208,0.200788498545686,-0.0671031883568503
"sub-158",3,0,0,0.43852,1,1,0,2,-0.0392661520745605,0.0870434714532975,0.110948615736561,0.376618503138889
"sub-158",4,0,0,0.151,0,0,0,2,-0.608476731247113,-0.750322484031872,0.191279379185289,-0.0520414041820914
"sub-158",4,0,0,0.97531,0,0,0,2,0.37567614550547,0.181526156724431,0.672210023525016,-0.408263354469091
"sub-158",1,0,0,1.18129,0,0,0,2,0.29910298921944,0.904197128696574,0.895569848672797,-0.0537892838474363
"sub-158",1,0,0,0.88676,0,0,0,2,-0.161308753148963,0.922563491484012,-0.0395229181546407,-0.0284536780789495
"sub-158",2,0,0,0.72599,0,0,0,2,0.174950368983749,0.144165226120364,-0.387683897531436,0.506059659831226
"sub-158",1,0,0,0.53191,0,0,0,2,0.282809772412293,0.160374830091044,0.12664427406465,1.12196958139539
"sub-158",5,0,0,0.55556,0,0,0,2,-0.0501656637061387,-0.0793343977312799,0.00949414582767834,0.383787401986774
"sub-158",8,0,1,0.24437,0,0,0,2,-0.122316368777926,-0.288785647161098,-0.714056967175566,-0.661990705772769
"sub-158",1,0,0,0.02311,1,0,0,2,-0.304215312285426,-0.154540411369116,-0.147008257345684,-1.06653257610742
"sub-158",10,0,1,0.39625,1,0,0,2,-0.338008660570874,-0.109327491683265,-0.231080112978816,-0.664603476040065
"sub-158",1,0,0,0.93761,1,0,0,2,0.260640992253684,-0.430937393947884,-0.000133405711191396,-0.246444903686643
"sub-158",1,0,0,0.81085,1,0,0,2,0.553966908773873,-0.120678542664757,-0.31085415952839,-0.390462646097876
"sub-158",3,0,0,1.20054,1,0,0,2,0.459122903024157,0.573885506760605,-0.836716236663051,-1.18689459043089
"sub-158",1,0,0,0.38901,1,0,0,2,-0.42896695243932,0.310192483270334,-0.846988292760216,-0.796841267496347
"sub-158",6,0,0,0.47869,1,0,0,2,-0.609986940709253,-0.0640370203182101,0.292166510589595,0.271517085842788
"sub-158",1,0,0,0.10072,1,0,0,2,-0.732880039606243,0.15490274724585,0.106755376262299,-0.134056140016764
"sub-158",10,0,1,0.51523,1,0,1,2,0.593609209521674,-0.739968829443333,-0.0498390878395488,-0.467102666851133
"sub-158",4,0,0,0.45444,1,0,1,2,0.394611419566597,-0.619564455830389,-0.167751244191701,-0.342728537404037
"sub-158",6,0,0,0.39474,1,0,1,2,0.393739438285896,-0.0447932930007853,0.0108887595318568,-0.0795870867790654
"sub-158",8,0,1,0.43391,1,0,1,2,-0.457298829375456,0.414621279057529,-0.263392599105525,1.11036900179461
"sub-158",10,0,1,0.55661,1,0,1,2,-0.521583000236812,-0.432470897626546,-0.220932246108229,0.796302716247737
"sub-158",9,0,1,0.54565,1,0,1,2,-0.565034315921366,-0.411578207160346,-0.113476688682567,0.067408772232011
"sub-158",8,0,1,0.70181,1,0,1,2,-0.412033220132192,0.424559834120036,-0.0474755855005545,0.476737609878182
"sub-158",7,0,1,0.60747,1,0,1,2,-0.107904189266264,0.402689163210905,0.095256426318277,-0.0703125743195415
"sub-158",1,0,0,0.22035,1,1,0,2,-0.437308172772949,-0.117819755760677,-0.622507487190887,-1.1544995572418
"sub-158",9,0,1,0.46187,1,1,0,2,0.0112398026976734,0.476357144079413,-0.249172737123445,-0.209958786424249
"sub-158",4,0,0,0.56886,1,1,0,2,0.16117954106691,0.56949532707653,0.793481431513404,0.376302884222241
"sub-158",2,0,0,0.43425,1,1,0,2,0.193715811901105,0.483504032450987,1.20024607617718,0.742502070777118
"sub-158",2,0,0,0.41834,1,1,0,2,-0.0252804108119259,-0.153713197102425,0.0630181059241295,0.29252783479169
"sub-158",2,0,0,0.3746,1,1,0,2,-0.267762835292767,-0.274441351314265,-0.357442627525112,0.13764795800671
"sub-158",4,0,0,0.0299100000000001,1,1,0,2,-0.479554894380271,-0.0231345061350752,-0.0573150117221909,0.230140413076151
"sub-158",5,0,0,1.40404,1,1,0,2,-0.0291925125444929,-0.266337226110476,0.160734949478259,-0.965106799697969
"sub-158",9,0,1,0.46816,0,0,1,2,0.34888758250357,-0.000540708467640259,-0.524343283638397,-1.20798644521274
"sub-158",9,0,1,0.5263,0,0,1,2,0.0660078047464291,-0.178693651747717,-0.998816025909036,-0.643005246343091
"sub-158",2,0,0,0.49054,0,0,1,2,0.0575692986991877,-0.108871861813693,-0.331749308621511,-0.0425121329259127
"sub-158",10,0,1,0.46335,0,0,1,2,0.0740765081621551,-0.0190696622658935,-0.3620627138298,-0.328849073406309
"sub-158",10,0,1,0.48608,0,0,1,2,-0.364284135692287,0.025483550020942,-0.425535167877873,-0.0687947848811746
"sub-158",5,0,0,0.39285,0,0,1,2,-0.023930164713723,0.439235250638039,0.160038236324908,0.365109063463751
"sub-158",8,0,1,1.06724,0,0,1,2,1.07460341167947,-0.24604152678512,0.416495902580209,-0.116206008382142
"sub-158",8,0,1,0.57267,0,0,1,2,0.258924216187249,-0.735479184874782,-0.0706782251945697,-0.62333107907325
"sub-158",4,0,0,0.0174399999999999,0,0,0,2,-0.3981998815046,-0.176691279229191,-0.0773668270558119,0.678360425680876
"sub-158",2,0,0,0.42508,0,0,0,2,-0.188234370512267,-0.0991885487714575,-0.0725089179662367,0.179019521968439
"sub-158",5,0,0,0.64789,0,0,0,2,0.0192861913625772,0.483353537472862,0.428801935631782,0.42244243491441
"sub-158",3,0,1,0.30369,0,0,0,2,-0.288445907024046,0.990028021374234,0.582925299182534,-0.11399275152944
"sub-158",1,0,0,0.02573,0,0,0,2,-0.361460444827874,-0.0142626786708004,0.041907988799115,-0.297109213192016
"sub-158",2,0,0,0.44892,0,0,0,2,0.0175159979844466,-1.04739671452316,-0.261007432263189,-1.19952749421354
"sub-158",2,0,0,0.40497,0,0,0,2,-0.104960092547117,-0.882244240940997,-0.465053588326555,-0.363701264215342
"sub-158",8,0,1,0.56079,0,0,0,2,-0.174591381340482,0.541155795385647,-0.0422566874185577,0.159397374559194
"sub-159",5,0,1,1.674,1,1,0,1,0.548330742012089,-0.189719829829065,0.59826010139659,-0.349800209619571
"sub-159",1,0,0,1.23125,1,1,0,1,0.97644762378574,-0.125576943249649,-0.528170391141127,0.344737767847255
"sub-159",8,0,1,0.41986,1,1,0,1,0.400222678979238,-0.614870719439178,0.0126903462999811,-0.354112143767998
"sub-159",4,0,0,0.31016,1,1,0,1,-0.796357773865263,-0.286734694339059,0.166188501985744,-0.396156487544067
"sub-159",2,0,0,0.0987199999999999,1,1,0,1,-0.903611714641253,-0.248097319707826,-0.349179346929304,0.1427058032481
"sub-159",4,0,0,0.27148,1,1,0,1,-0.597703111396792,-0.0257626004965493,-0.752386253327131,-0.491449732799083
"sub-159",3,0,0,1.27814,1,1,0,1,-0.254940874020879,0.276945331202889,-0.590101143364639,-1.1978124466259
"sub-159",3,0,0,0.29984,1,1,0,1,-0.702893113504009,-1.20010711190601,-0.408507036006389,-1.04451974360272
"sub-159",8,0,1,0.61166,1,0,1,1,-0.29804349768286,-0.995561500390371,0.122917668331259,-0.529817268485203
"sub-159",9,0,1,0.25266,1,0,1,1,-0.117857134192794,-1.01584385473419,0.190778160390134,-1.02051188834012
"sub-159",6,0,0,0.37725,1,0,1,1,-0.120187871856615,-0.513890443921641,-0.216579613644475,0.03270334546105
"sub-159",4,0,0,0.0176400000000001,1,0,1,1,0.343712837280085,0.636848118880557,0.297614020761102,1.37529792983551
"sub-159",8,0,0,1.04219,1,0,1,1,0.637222698326999,0.183338066838958,0.232535738691998,0.186059869349992
"sub-159",10,0,1,0.19733,1,0,1,1,0.179391837824369,-0.693264977661548,-0.517280671279877,-0.427723622880876
"sub-159",7,0,0,0.28648,1,0,1,1,-0.397289641725365,-0.78050392080978,-0.263376338717838,-0.504602128081024
"sub-159",9,0,1,0.07545,1,0,1,1,-0.129183922428638,0.180590666998695,0.181747032814504,0.182109210907947
"sub-159",10,0,1,0.28925,0,0,1,1,-0.272125248292771,0.0580189538671187,-0.14287557223967,0.0602851126343012
"sub-159",8,0,1,0.31295,0,0,1,1,-0.253283518696359,-0.634814300436389,-0.57266233713987,-0.639822379779071
"sub-159",4,0,0,0.25324,0,0,1,1,-0.423457205339218,-0.99104710864938,-0.631593620870262,-0.936614701710641
"sub-159",6,0,0,0.30914,0,0,1,1,0.280803789649629,0.0727911194165548,-0.681323522003368,-0.218071482051164
"sub-159",9,0,1,0.36498,0,0,1,1,0.212939950249468,0.373696855786774,-0.240983834994646,0.495505037717521
"sub-159",8,0,1,0.57119,0,0,1,1,0.494585342094069,-0.501395863101438,0.03993732156232,-0.110570145767997
"sub-159",9,0,1,0.19284,0,0,1,1,0.638697688758839,-0.651077111148172,0.192085053461293,-0.593613406107761
"sub-159",9,0,1,0.0491600000000001,0,0,1,1,0.539086392168732,-0.837287862371239,-0.288712034467608,-1.29225190593861
"sub-159",6,0,0,0.29792,1,1,1,1,-0.112412362204244,-1.1068438804122,0.0164506922786434,-0.738962139002979
"sub-159",9,0,1,0.27156,1,1,1,1,-0.59204967894281,-0.491915361886775,0.313328287719438,-0.608294679116807
"sub-159",7,0,0,0.27889,1,1,1,1,-0.462230965029448,-0.25798752448625,0.338805237629761,-0.28161541421432
"sub-159",7,0,0,0.20127,1,1,1,1,-0.0735439967829734,0.747761109460111,0.171204999477292,0.876188250118867
"sub-159",3,0,0,0.54065,1,1,1,1,-0.0349102360972514,0.103994266578445,0.118078234760712,0.962066729273647
"sub-159",9,0,1,0.37976,1,1,1,1,0.0286300936713815,-0.88778669340536,0.195416127646846,-1.04278008751571
"sub-159",8,0,0,0.56936,1,1,1,1,-0.563680950202979,-0.665719407196674,0.106370059773326,-0.847475398471579
"sub-159",8,0,0,0.10841,1,1,1,1,-0.642750884134633,-0.487594014434661,-0.367433591173419,0.523660409770673
"sub-159",1,0,0,0.25707,1,0,0,1,-0.431677559604092,0.0710477458654808,-0.408976349727406,0.316751428239513
"sub-159",4,0,0,0.2806,1,0,0,1,-0.0967078002480169,0.23621593235509,-0.10914768530832,0.229004937130958
"sub-159",6,0,0,0.10311,1,0,0,1,0.389052592489558,-0.428396978794977,-0.528695975895971,-1.16659778766334
"sub-159",4,0,0,0.02545,1,0,0,1,0.511307354628419,-0.614450940241416,-0.418398920441064,-1.18062416436151
"sub-159",1,0,0,0.29841,1,0,0,1,0.0861533288601398,-0.867410100996494,-0.0802871861960739,-0.739710208322504
"sub-159",4,0,0,0.25526,1,0,0,1,-0.22487151826499,-0.547793645232795,0.0308684783133989,-0.578817216621246
"sub-159",3,0,0,0.1443,1,0,0,1,-0.189684325402292,-0.607692379107768,0.355392047048857,0.569410809548572
"sub-159",9,0,1,0.45037,1,0,0,1,0.0478527737626185,0.128451351007378,-0.0487768119443596,0.49861880436074
"sub-159",8,0,0,0.54604,1,0,1,1,0.0519472531935511,-0.832330726707975,-0.08615096930104,-0.0405546386726201
"sub-159",5,0,0,0.30198,1,0,1,1,-0.355829561653081,-1.99668632613288,0.0146407661183427,0.311897803656757
"sub-159",4,0,0,0.22465,1,0,1,1,-0.835918018555579,-0.775335917180335,0.131443081734081,0.222549488407094
"sub-159",8,0,0,0.34741,1,0,1,1,-0.513493892659123,-0.362536097855169,0.0976894603227265,-1.16285533774644
"sub-159",7,0,0,0.08616,1,0,1,1,0.199231480442298,-0.351102253087986,-0.30576250795275,-0.169400808634236
"sub-159",7,0,0,0.44238,1,0,1,1,0.418379366708299,-0.156755130112827,-0.172678773000371,-0.546995251625776
"sub-159",9,0,1,0.11481,1,0,1,1,0.766233795089647,0.749597967705793,-0.345115682692267,-0.880868209525943
"sub-159",7,0,0,0.33738,1,0,1,1,0.109514071121036,-0.51014613520561,0.0400974710549538,-0.782669732160866
"sub-159",8,0,1,0.33485,1,0,0,1,-0.187109339749441,-0.755191810291122,0.388731075605998,-1.30074166795239
"sub-159",3,0,0,0.0237499999999999,1,0,0,1,0.243032886224682,-0.180908283143287,0.643734510464128,-0.0958970461040735
"sub-159",4,0,0,0.06322,1,0,0,1,-0.175636932603084,0.717386898696768,0.430971865590739,0.900741977989674
"sub-159",5,0,0,0.0534699999999999,1,0,0,1,-0.562848539751334,0.462658296121474,-0.0439964699169077,0.501775481924415
"sub-159",2,0,0,0.0255399999999999,1,0,0,1,-0.852799232088728,-0.24862446436762,-0.102291165230175,0.0927564830286428
"sub-159",2,0,0,0.03186,1,0,0,1,-0.476337103677603,-0.491040286189807,-0.00853520523135861,0.191351387742907
"sub-159",4,0,0,0.27261,1,0,0,1,0.247405402413278,0.440575053087539,0.0698912479929277,0.602133104018867
"sub-159",2,0,0,0.07816,1,0,0,1,-0.0066965934917486,-0.546720230882918,-0.0544333374903848,-0.0313060747459531
"sub-159",3,0,0,0.16009,0,0,0,1,-0.111130767851137,-1.65373103251612,-1.26994135147349,-1.76522362548858
"sub-159",2,0,0,0.0327,0,0,0,1,0.0274423712398857,-0.357232387117283,-0.713030416945306,-0.31388338052202
"sub-159",7,0,0,0.45673,0,0,0,1,-0.668245020555332,-0.0777212743543916,-0.0705054137118471,-0.0487608140334487
"sub-159",3,0,0,0.39632,0,0,0,1,-0.161496207428475,-0.265153476140565,0.322447792007248,0.905126722808927
"sub-159",1,0,0,0.28532,0,0,0,1,-0.389274789641301,-0.779829640424362,0.427873729068475,0.529911470040679
"sub-159",4,0,0,0.19113,0,0,0,1,0.100891707309832,-0.32117618372043,0.551466313758283,-0.0439640293829143
"sub-159",6,0,0,0.21375,0,0,0,1,1.41462506105502,0.823469616817655,1.05905568347468,-0.162140334304422
"sub-159",4,0,0,0.98703,0,0,0,1,1.40537498146296,-0.16493157490536,0.379122236510739,-0.0926067750202492
"sub-159",3,0,0,0.36697,1,1,0,1,-0.0933317914605141,0.517026942447518,0.221751717889371,0.188508518598974
"sub-159",8,0,0,0.15641,1,1,0,1,0.0644362099701539,0.825986900927361,0.195630266825901,0.899551433045417
"sub-159",7,0,0,0.21475,1,1,0,1,-0.743878583734234,0.119075169195033,-0.0882968265408029,0.233230660296977
"sub-159",7,0,0,0.0204200000000001,1,1,0,1,-0.781553351456144,0.108913881727387,-0.722733631574859,-0.690422690473497
"sub-159",6,0,0,0.0260100000000001,1,1,0,1,-1.34097989058743,-0.0184441466505329,-0.262132746943583,-0.678593131713569
"sub-159",7,0,0,0.2659,1,1,0,1,-0.970634221448563,-1.81843518024241,-0.390579202076575,-1.11228956058621
"sub-159",10,0,1,0.18936,1,1,0,1,0.486801970769496,-1.42640988815024,-0.18648002773989,-0.852332896366715
"sub-159",8,0,0,0.21299,1,1,0,1,0.300664888850103,-0.92032587500634,0.264318107472112,-1.15263799894601
"sub-159",8,0,0,0.25886,0,0,1,2,-0.343529726921891,-0.385106427715746,-0.514464958881338,-0.696783411502838
"sub-159",8,0,0,0.0316099999999999,0,0,1,2,-0.0556764463350798,-0.764640617839716,-0.585748150479048,-1.09948909692466
"sub-159",5,0,0,0.22304,0,0,1,2,0.222325265417264,-0.404147238250718,-0.684375122655183,-0.620300934754778
"sub-159",9,0,1,0.21232,0,0,1,2,0.0430945148885561,-0.0839821620309656,-0.167719333432615,0.152567374918726
"sub-159",8,0,0,0.41817,0,0,1,2,0.384718893406292,0.15145510893867,-0.135941457100368,-0.779942956194282
"sub-159",2,0,0,0.37384,0,0,1,2,0.307293698230448,-0.277647926213427,0.0748877907171845,-0.877974041178822
"sub-159",9,0,1,0.24636,0,0,1,2,0.591004636371508,-0.229315416818416,0.508352499765654,-0.576432470791042
"sub-159",9,0,1,0.30284,0,0,1,2,0.668568022765006,-0.0598222222179174,0.495366919395262,0.188288671302143
"sub-159",5,0,0,0.11611,1,0,0,2,0.123286053693543,0.507032043990438,0.246563213450524,0.178010141663253
"sub-159",3,0,0,0.0207999999999999,1,0,0,2,-0.72932168484355,-0.411484714735437,0.249996022602621,1.20879261037335
"sub-159",2,0,0,0.14482,1,0,0,2,-0.603052750695497,-0.668627207753835,-0.0284131102574368,0.427286071330309
"sub-159",3,0,0,0.0336000000000001,1,0,0,2,-0.08497369037165,-0.208028121540944,-0.377167027792893,0.306931033544242
"sub-159",3,0,0,0.12423,1,0,0,2,0.175643357099034,0.40078278179108,-0.122391772126624,0.342294189892709
"sub-159",8,0,1,1.36457,1,0,0,2,0.703483885154128,0.96609345920108,0.0673573536332697,0.243038188572973
"sub-159",1,0,0,0.01952,1,0,0,2,-0.545519824333799,-0.822906779539254,-0.324043006131736,-0.347780273668468
"sub-159",4,0,0,0.30878,1,0,0,2,0.50493055388021,-0.437552414558552,-1.23115975634816,-1.2971691261977
"sub-159",3,0,0,0.14073,0,0,0,2,-0.370581651727359,-0.664549865501208,-0.138194395918011,-0.522866365034133
"sub-159",1,0,0,0.03131,0,0,0,2,-0.434967270353809,-0.927114416396728,0.0294592832991232,-0.552771014673635
"sub-159",9,0,1,0.15539,0,0,0,2,-0.741420156070186,-0.138490103668085,-0.048041303777912,-0.658487351378426
"sub-159",3,0,0,0.49497,0,0,0,2,0.249473687028512,0.896371480931217,0.174387912731618,-0.199388190568425
"sub-159",4,0,0,0.10048,0,0,0,2,0.792012550906899,0.358767165923146,0.207511964098861,-0.675135397072882
"sub-159",4,0,0,0.02335,0,0,0,2,0.633850894945984,-0.553511419230037,-0.572016534899982,-1.45320115275681
"sub-159",5,0,0,0.0287599999999999,0,0,0,2,-0.186115874748793,-0.208236858352191,-0.331498049432412,-0.309267365862615
"sub-159",4,0,0,0.0180899999999999,0,0,0,2,-0.529180759059576,1.10629153720759,0.443144684201494,1.14354258123785
"sub-159",9,0,1,0.21259,1,1,1,2,-0.30863187314632,-0.497539137076173,-0.884362230349022,-0.752852360383258
"sub-159",7,0,1,0.4352,1,1,1,2,-0.87853341565157,-0.728298140293056,-1.2946346020326,-1.26461841594428
"sub-159",10,0,1,0.02511,1,1,1,2,0.471341838439306,-0.843420827485345,-0.0074531475911499,-0.0743202670942992
"sub-159",7,0,1,0.0307200000000001,1,1,1,2,0.659615385656556,0.336183510686236,0.772788155047844,0.323979778960347
"sub-159",9,0,1,0.0215700000000001,1,1,1,2,0.320168083844086,0.371586757263652,0.585855066077784,0.951110314857215
"sub-159",2,0,0,0.02736,1,1,1,2,-0.16346518532373,-0.462741477276992,0.91047955925266,0.299584128614515
"sub-159",9,0,1,0.10044,1,1,1,2,-0.584942875429988,-0.931047095089323,0.302252425579354,-0.107840715441853
"sub-159",5,0,0,0.08958,1,1,1,2,-0.42143263341859,-0.835838969796896,-0.302357046787317,-0.0451855391263962
"sub-159",2,0,0,0.01902,1,0,1,2,0.104935721474855,0.422732342559525,-0.694675374465684,-0.0517728018574417
"sub-159",5,0,0,0.02542,1,0,1,2,0.469067147312065,1.41788317023397,-0.543531084394393,-0.268333657179028
"sub-159",7,0,1,0.43261,1,0,1,2,0.66453284653835,-0.158673873623937,-0.273092321889029,-1.55861737867817
"sub-159",10,0,1,0.13796,1,0,1,2,-0.29773537121946,-0.613338290127339,0.0722066974752427,-1.83996818843298
"sub-159",8,0,1,0.0607500000000001,1,0,1,2,-0.434966896815846,-0.39095044715537,-0.1599406140546,-1.1309462916106
"sub-159",8,0,1,0.09979,1,0,1,2,0.0533723581271867,0.908942975241829,-0.147624320835651,0.748451191326603
"sub-159",7,0,1,0.0226200000000001,1,0,1,2,0.0613814624181638,0.66774742015534,0.0552110467494155,0.644196707382798
"sub-159",7,0,1,0.02806,1,0,1,2,-0.551291104173288,-0.15866815302245,0.323864057456376,0.780722816474736
"sub-159",2,0,0,0.02366,0,0,0,2,0.0964500861979711,0.0448572226817271,-0.516520286755015,-0.157938130199909
"sub-159",3,0,0,0.0300499999999999,0,0,0,2,-0.0305110195962091,-0.330502042891803,-0.169341357036804,-0.150731039326638
"sub-159",3,0,0,0.0361,0,0,0,2,-0.197732381056994,-0.176420084994148,0.048391249278211,-0.111747529614061
"sub-159",1,0,0,0.2925,0,0,0,2,-0.389819371108994,0.525254034437239,0.208764310460538,0.2417988948524
"sub-159",1,0,0,0.0324899999999999,0,0,0,2,-0.497197950491682,0.67395080662229,0.404656205190501,-0.00735695898765698
"sub-159",10,0,1,0.13856,0,0,0,2,0.12123542354675,-0.0593614340479555,-0.166351893863369,-0.375661814073101
"sub-159",5,0,0,0.37818,0,0,0,2,0.712216155952774,-0.318950455946227,-0.51058528952611,-0.394445813447237
"sub-159",2,0,0,0.0336099999999999,0,0,0,2,-0.0280122839709899,-0.966979077536423,-0.451814264291897,-0.639664005860686
"sub-159",2,0,0,0.38059,1,1,0,2,0.130241013190243,0.417920862011939,-0.106878955984333,-0.473755254037678
"sub-159",6,0,0,0.0190699999999999,1,1,0,2,0.668147807067726,0.368141329260888,0.527242379883925,0.58786361515522
"sub-159",1,0,0,0.02658,1,1,0,2,0.925369815590481,-0.391184524667484,0.417704117794832,-0.571186216035858
"sub-159",4,0,0,0.33318,1,1,0,2,0.333377100255651,-0.621327506290982,0.155114901252091,-1.39285190850496
"sub-159",1,0,0,0.02166,1,1,0,2,-0.868216932108529,-0.73288476617179,0.200215599009728,-1.62605803757906
"sub-159",9,0,1,0.09426,1,1,0,2,-1.05199500569142,-1.59918753728615,-0.464937072028988,-1.79300802052021
"sub-159",4,0,0,0.03481,1,1,0,2,-0.553106642813267,-1.31944883476805,-1.24964621694138,-0.873589391820133
"sub-159",4,0,0,0.0238,1,1,0,2,-0.576318625477143,-0.675173323416082,-0.207522336393595,0.0168143531307578
"sub-159",5,0,0,0.36965,0,0,1,2,0.0988546414009761,0.449127170602205,0.137042821811823,-0.193335521686822
"sub-159",10,0,1,0.14283,0,0,1,2,0.139900475507602,-0.134179800265917,0.141799613755817,-0.428640579711646
"sub-159",7,0,1,0.24974,0,0,1,2,-0.407645455406358,-0.262479811872321,0.0797267870123809,0.207441728236154
"sub-159",9,0,1,0.02308,0,0,1,2,-0.276016519831804,0.739516426981599,0.6534391506187,0.604688682407141
"sub-159",8,0,1,0.22976,0,0,1,2,0.25036142867369,0.946871884098208,0.492553444113582,1.06974076926708
"sub-159",7,0,1,0.3021,0,0,1,2,-0.121150160285955,0.603146878479661,0.00195907769375481,1.22669743325096
"sub-159",3,0,0,0.39153,0,0,1,2,-0.358484212231512,0.687004440584806,-0.163020407489967,1.01859737006016
"sub-159",8,0,1,0.13168,0,0,1,2,0.419485346499035,0.179663916101196,-0.122584691969678,0.392357684613671
"sub-159",3,0,0,0.0285,1,1,0,2,0.382932990789413,0.523150437226933,-0.46526347832211,0.0922168704215437
"sub-159",4,0,1,0.01776,1,1,0,2,0.2233358300291,-0.21887909291588,-0.173558025974974,-0.213919475860894
"sub-159",6,0,1,0.02633,1,1,0,2,0.609698874255021,-0.377567914004127,-0.225781219700972,0.0391168087720871
"sub-159",3,0,0,0.13239,1,1,0,2,0.439675784514596,-0.308713453856331,-0.437691367793983,0.152206226531416
"sub-159",4,0,0,0.5053,1,1,0,2,0.0587271664019985,-1.23180192962496,-0.556512400895978,-0.51992186116986
"sub-159",4,0,0,0.41115,1,1,0,2,-0.138028367383716,-0.347784356110626,-0.282226450042799,-1.40461345091462
"sub-159",4,0,1,0.68411,1,1,0,2,0.0757605802791659,-0.00648801408156201,0.341935771536858,-0.773888563015498
"sub-159",7,0,1,0.25593,1,1,0,2,-0.134976661298424,0.00805092243374222,0.636607976339292,-0.220997724495828
